Han-Latin	⺀	yòu
Han-Latin	⺁	chǎng
Han-Latin	⺂	yǐ
Han-Latin	⺃	yǐn
Han-Latin	⺄	yǐ
Han-Latin	⺅	rén
Han-Latin	⺆	jiōng
Han-Latin	⺈	dāo
Han-Latin	⺉	dāo
Han-Latin	⺊	bo
Han-Latin	⺋	jié
Han-Latin	⺌	xiǎo
Han-Latin	⺍	xiǎo
Han-Latin	⺎	wù
Han-Latin	⺏	wāng
Han-Latin	⺐	wāng
Han-Latin	⺑	wù
Han-Latin	⺒	sì
Han-Latin	⺓	yāo
Han-Latin	⺔	jì
Han-Latin	⺕	jì
Han-Latin	⺖	xīn
Han-Latin	⺗	xīn
Han-Latin	⺘	shǒu
Han-Latin	⺙	pū
Han-Latin	⺛	rì
Han-Latin	⺜	rì
Han-Latin	⺝	yuè
Han-Latin	⺞	dǎi
Han-Latin	⺠	mín
Han-Latin	⺡	shuǐ
Han-Latin	⺢	shuǐ
Han-Latin	⺣	biāo
Han-Latin	⺤	zhǎo
Han-Latin	⺥	zhǎo
Han-Latin	⺦	qiáng
Han-Latin	⺧	niú
Han-Latin	⺨	quǎn
Han-Latin	⺫	mù
Han-Latin	⺬	shì
Han-Latin	⺭	shì
Han-Latin	⺮	shì
Han-Latin	⺯	sī
Han-Latin	⺰	sī
Han-Latin	⺱	gāng
Han-Latin	⺲	wǎng
Han-Latin	⺴	wǎng
Han-Latin	⺶	rèn
Han-Latin	⺷	rèn
Han-Latin	⺹	lǎo
Han-Latin	⺺	yù
Han-Latin	⺻	yù
Han-Latin	⺼	ròu
Han-Latin	⺽	jú
Han-Latin	⺾	cǎo
Han-Latin	⺿	cǎo
Han-Latin	⻀	cǎo
Han-Latin	⻁	hǔ
Han-Latin	⻂	yī
Han-Latin	⻃	xī
Han-Latin	⻄	xī
Han-Latin	⻅	jiàn
Han-Latin	⻈	yán
Han-Latin	⻉	bèi
Han-Latin	⻋	chē
Han-Latin	⻌	chuò
Han-Latin	⻍	chuò
Han-Latin	⻎	chuò
Han-Latin	⻏	fù
Han-Latin	⻐	jīn
Han-Latin	⻑	cháng
Han-Latin	⻒	cháng
Han-Latin	⻓	zhǎng
Han-Latin	⻔	mén
Han-Latin	⻖	fù
Han-Latin	⻗	yǔ
Han-Latin	⻘	qīng
Han-Latin	⻙	wéi
Han-Latin	⻚	yè
Han-Latin	⻛	fēng
Han-Latin	⻜	fēi
Han-Latin	⻝	shí
Han-Latin	⻟	shí
Han-Latin	⻠	shí
Han-Latin	⻢	mǎ
Han-Latin	⻣	gǔ
Han-Latin	⻤	guǐ
Han-Latin	⻥	yú
Han-Latin	⻦	niǎo
Han-Latin	⻧	lǔ
Han-Latin	⻨	mài
Han-Latin	⻩	huáng
Han-Latin	⻪	mǐn
Han-Latin	⻫	qí
Han-Latin	⻬	qí
Han-Latin	⻭	chǐ
Han-Latin	⻮	chǐ
Han-Latin	⻯	lóng
Han-Latin	⻰	lóng
Han-Latin	⻱	guī
Han-Latin	⻲	guī
Han-Latin	〇	líng
Han-Latin	㐀	qiū
Han-Latin	㐁	tiàn
Han-Latin	㐄	kuà
Han-Latin	㐅	wǔ
Han-Latin	㐆	yǐn
Han-Latin	㐌	yí
Han-Latin	㐖	xié
Han-Latin	㐜	chóu
Han-Latin	㐡	nuò
Han-Latin	㐤	dān
Han-Latin	㐨	xù
Han-Latin	㐩	xíng
Han-Latin	㐫	xiōng
Han-Latin	㐬	liú
Han-Latin	㐭	lǐn
Han-Latin	㐮	xiāng
Han-Latin	㐯	yōng
Han-Latin	㐰	xìn
Han-Latin	㐱	zhěn
Han-Latin	㐲	dài
Han-Latin	㐳	wù
Han-Latin	㐴	pān
Han-Latin	㐵	rú
Han-Latin	㐷	mǎ
Han-Latin	㐸	qiàn
Han-Latin	㐹	yì
Han-Latin	㐺	yín
Han-Latin	㐻	nèi
Han-Latin	㐼	chèng
Han-Latin	㐽	fēng
Han-Latin	㑁	zhuō
Han-Latin	㑂	fǎng
Han-Latin	㑃	ǎo
Han-Latin	㑄	wǔ
Han-Latin	㑅	zuò
Han-Latin	㑇	zhòu
Han-Latin	㑈	dòng
Han-Latin	㑉	sù
Han-Latin	㑊	yì
Han-Latin	㑋	qióng
Han-Latin	㑌	kuāng
Han-Latin	㑍	lèi
Han-Latin	㑎	nǎo
Han-Latin	㑏	zhù
Han-Latin	㑐	shū
Han-Latin	㑔	xǔ
Han-Latin	㑗	shēn
Han-Latin	㑘	jiè
Han-Latin	㑙	dié
Han-Latin	㑚	nuó
Han-Latin	㑛	sù
Han-Latin	㑜	yì
Han-Latin	㑝	lòng
Han-Latin	㑞	yìng
Han-Latin	㑟	běng
Han-Latin	㑣	lán
Han-Latin	㑤	miáo
Han-Latin	㑥	yì
Han-Latin	㑦	lì
Han-Latin	㑧	jì
Han-Latin	㑨	yǔ
Han-Latin	㑩	luó
Han-Latin	㑪	chái
Han-Latin	㑮	hún
Han-Latin	㑯	xǔ
Han-Latin	㑰	huì
Han-Latin	㑱	rǎo
Han-Latin	㑳	zhòu
Han-Latin	㑵	hàn
Han-Latin	㑶	xì
Han-Latin	㑷	tài
Han-Latin	㑸	yáo
Han-Latin	㑹	huì
Han-Latin	㑺	jùn
Han-Latin	㑻	mà
Han-Latin	㑼	lüè
Han-Latin	㑽	táng
Han-Latin	㑾	yáo
Han-Latin	㑿	zhào
Han-Latin	㒀	zhāi
Han-Latin	㒁	yǔ
Han-Latin	㒂	zhuó
Han-Latin	㒃	èr
Han-Latin	㒄	rǎn
Han-Latin	㒅	qǐ
Han-Latin	㒆	chì
Han-Latin	㒇	wǔ
Han-Latin	㒈	hàn
Han-Latin	㒉	tǎng
Han-Latin	㒊	sè
Han-Latin	㒋	sī
Han-Latin	㒌	qióng
Han-Latin	㒍	léi
Han-Latin	㒎	sà
Han-Latin	㒑	kuǐ
Han-Latin	㒒	pú
Han-Latin	㒓	tà
Han-Latin	㒔	shú
Han-Latin	㒕	yāng
Han-Latin	㒖	ǒu
Han-Latin	㒗	tái
Han-Latin	㒙	mián
Han-Latin	㒚	yìn
Han-Latin	㒛	diào
Han-Latin	㒜	yǔ
Han-Latin	㒝	miè
Han-Latin	㒞	jùn
Han-Latin	㒟	niǎo
Han-Latin	㒠	xiè
Han-Latin	㒡	yóu
Han-Latin	㒤	chè
Han-Latin	㒥	fēng
Han-Latin	㒦	lěi
Han-Latin	㒧	lì
Han-Latin	㒩	luǒ
Han-Latin	㒫	jì
Han-Latin	㒰	quán
Han-Latin	㒲	cái
Han-Latin	㒳	liǎng
Han-Latin	㒴	gǔ
Han-Latin	㒵	mào
Han-Latin	㒷	guǎ
Han-Latin	㒸	suì
Han-Latin	㒻	mào
Han-Latin	㒼	mán
Han-Latin	㒽	quān
Han-Latin	㒾	shì
Han-Latin	㒿	lí
Han-Latin	㓁	wǎng
Han-Latin	㓂	kòu
Han-Latin	㓃	dù
Han-Latin	㓄	zhèn
Han-Latin	㓅	tīng
Han-Latin	㓈	bìng
Han-Latin	㓉	huò
Han-Latin	㓊	dòng
Han-Latin	㓋	gòng
Han-Latin	㓌	chēng
Han-Latin	㓎	qīn
Han-Latin	㓏	jiǒng
Han-Latin	㓐	lù
Han-Latin	㓑	xìng
Han-Latin	㓓	nán
Han-Latin	㓔	xiè
Han-Latin	㓖	bì
Han-Latin	㓗	jié
Han-Latin	㓘	sù
Han-Latin	㓚	gōng
Han-Latin	㓜	yòu
Han-Latin	㓝	xíng
Han-Latin	㓞	qià
Han-Latin	㓟	pí
Han-Latin	㓠	diàn
Han-Latin	㓡	fǔ
Han-Latin	㓢	luò
Han-Latin	㓣	qià
Han-Latin	㓤	qià
Han-Latin	㓥	tāng
Han-Latin	㓦	bāi
Han-Latin	㓧	gān
Han-Latin	㓨	cí
Han-Latin	㓩	xuān
Han-Latin	㓪	lǎng
Han-Latin	㓭	shé
Han-Latin	㓮	diāo
Han-Latin	㓯	lí
Han-Latin	㓰	huà
Han-Latin	㓱	tóu
Han-Latin	㓲	piān
Han-Latin	㓳	dī
Han-Latin	㓴	ruǎn
Han-Latin	㓵	è
Han-Latin	㓶	qiè
Han-Latin	㓷	yì
Han-Latin	㓸	zhuō
Han-Latin	㓹	ruì
Han-Latin	㓺	jiān
Han-Latin	㓼	chì
Han-Latin	㓽	chóng
Han-Latin	㓾	xī
Han-Latin	㔀	lüè
Han-Latin	㔁	dēng
Han-Latin	㔂	lín
Han-Latin	㔃	jué
Han-Latin	㔄	sù
Han-Latin	㔅	xiào
Han-Latin	㔆	zàn
Han-Latin	㔉	zhǔ
Han-Latin	㔊	zhǎn
Han-Latin	㔋	jiān
Han-Latin	㔌	zòu
Han-Latin	㔍	chuā
Han-Latin	㔎	xiè
Han-Latin	㔏	lì
Han-Latin	㔑	chì
Han-Latin	㔒	xí
Han-Latin	㔓	jiǎn
Han-Latin	㔕	jí
Han-Latin	㔗	fèi
Han-Latin	㔘	chù
Han-Latin	㔙	bēng
Han-Latin	㔚	jié
Han-Latin	㔜	bá
Han-Latin	㔝	liǎng
Han-Latin	㔞	kuài
Han-Latin	㔠	xiā
Han-Latin	㔡	biē
Han-Latin	㔢	jué
Han-Latin	㔣	léi
Han-Latin	㔤	xìn
Han-Latin	㔥	bài
Han-Latin	㔦	yǎng
Han-Latin	㔧	lǜ
Han-Latin	㔨	bèi
Han-Latin	㔩	è
Han-Latin	㔪	lǔ
Han-Latin	㔭	chè
Han-Latin	㔮	nuó
Han-Latin	㔯	xuán
Han-Latin	㔰	héng
Han-Latin	㔱	yǔ
Han-Latin	㔳	guǐ
Han-Latin	㔴	yì
Han-Latin	㔵	xuǎn
Han-Latin	㔶	gòng
Han-Latin	㔷	lòu
Han-Latin	㔸	tī
Han-Latin	㔹	lè
Han-Latin	㔺	shì
Han-Latin	㔼	sǔn
Han-Latin	㔽	yào
Han-Latin	㔾	xiān
Han-Latin	㔿	zòu
Han-Latin	㕁	què
Han-Latin	㕂	yín
Han-Latin	㕃	xī
Han-Latin	㕄	zhǐ
Han-Latin	㕅	jiá
Han-Latin	㕆	hù
Han-Latin	㕇	lā
Han-Latin	㕈	yǐ
Han-Latin	㕉	kè
Han-Latin	㕊	fū
Han-Latin	㕋	qín
Han-Latin	㕌	ài
Han-Latin	㕎	kè
Han-Latin	㕏	chú
Han-Latin	㕐	xiě
Han-Latin	㕑	chú
Han-Latin	㕒	wēi
Han-Latin	㕕	huàn
Han-Latin	㕖	sù
Han-Latin	㕗	yòu
Han-Latin	㕙	jùn
Han-Latin	㕚	zhǎo
Han-Latin	㕛	xù
Han-Latin	㕜	shǐ
Han-Latin	㕞	shuā
Han-Latin	㕟	kuì
Han-Latin	㕠	shuāng
Han-Latin	㕡	hé
Han-Latin	㕢	gài
Han-Latin	㕣	yǎn
Han-Latin	㕤	qiú
Han-Latin	㕥	shēn
Han-Latin	㕦	huà
Han-Latin	㕧	xī
Han-Latin	㕨	fàn
Han-Latin	㕩	pàng
Han-Latin	㕪	dǎn
Han-Latin	㕫	fǎng
Han-Latin	㕬	gōng
Han-Latin	㕭	āo
Han-Latin	㕮	fǔ
Han-Latin	㕯	nè
Han-Latin	㕰	xuè
Han-Latin	㕱	yóu
Han-Latin	㕲	huá
Han-Latin	㕴	chén
Han-Latin	㕵	guó
Han-Latin	㕶	ň
Han-Latin	㕷	huà
Han-Latin	㕸	lì
Han-Latin	㕹	fá
Han-Latin	㕺	xiāo
Han-Latin	㕻	pǒu
Han-Latin	㕽	sì
Han-Latin	㖀	lè
Han-Latin	㖁	lìn
Han-Latin	㖂	yì
Han-Latin	㖃	hǒu
Han-Latin	㖅	xù
Han-Latin	㖆	qú
Han-Latin	㖇	ér
Han-Latin	㖊	xún
Han-Latin	㖏	niè
Han-Latin	㖐	wěi
Han-Latin	㖑	xiè
Han-Latin	㖒	tí
Han-Latin	㖓	hóng
Han-Latin	㖔	tǔn
Han-Latin	㖕	niè
Han-Latin	㖖	niè
Han-Latin	㖗	yín
Han-Latin	㖘	zhēn
Han-Latin	㖞	wāi
Han-Latin	㖟	shòu
Han-Latin	㖠	nuò
Han-Latin	㖡	yè
Han-Latin	㖢	qí
Han-Latin	㖣	tòu
Han-Latin	㖤	hán
Han-Latin	㖥	jùn
Han-Latin	㖦	dǒng
Han-Latin	㖧	hūn
Han-Latin	㖨	lù
Han-Latin	㖩	jū
Han-Latin	㖪	huò
Han-Latin	㖫	líng
Han-Latin	㖭	tiǎn
Han-Latin	㖮	lún
Han-Latin	㖵	gé
Han-Latin	㖶	yān
Han-Latin	㖷	shí
Han-Latin	㖸	xué
Han-Latin	㖹	pēn
Han-Latin	㖺	chǔn
Han-Latin	㖻	niú
Han-Latin	㖼	duǒ
Han-Latin	㖽	zé
Han-Latin	㖾	è
Han-Latin	㖿	xié
Han-Latin	㗀	yōu
Han-Latin	㗁	è
Han-Latin	㗂	shěng
Han-Latin	㗃	wěn
Han-Latin	㗄	kū
Han-Latin	㗅	hú
Han-Latin	㗆	gé
Han-Latin	㗇	xiá
Han-Latin	㗈	màn
Han-Latin	㗉	lüè
Han-Latin	㗊	jí
Han-Latin	㗋	hóu
Han-Latin	㗌	zhì
Han-Latin	㗏	wāi
Han-Latin	㗑	bai
Han-Latin	㗒	ài
Han-Latin	㗓	zhuī
Han-Latin	㗔	qiān
Han-Latin	㗕	gòu
Han-Latin	㗖	dàn
Han-Latin	㗗	bēi
Han-Latin	㗘	bó
Han-Latin	㗙	chū
Han-Latin	㗚	lì
Han-Latin	㗛	xiào
Han-Latin	㗜	xiù
Han-Latin	㗢	hóng
Han-Latin	㗣	tì
Han-Latin	㗤	cù
Han-Latin	㗥	kuò
Han-Latin	㗦	láo
Han-Latin	㗧	zhì
Han-Latin	㗨	xiē
Han-Latin	㗩	xī
Han-Latin	㗫	qiè
Han-Latin	㗬	zhā
Han-Latin	㗭	xī
Han-Latin	㗰	cóng
Han-Latin	㗱	jí
Han-Latin	㗲	huò
Han-Latin	㗳	tǎ
Han-Latin	㗴	yán
Han-Latin	㗵	xù
Han-Latin	㗶	pō
Han-Latin	㗷	sǎi
Han-Latin	㗻	guō
Han-Latin	㗼	yè
Han-Latin	㗽	xiǎng
Han-Latin	㗾	xuē
Han-Latin	㗿	hé
Han-Latin	㘀	zuò
Han-Latin	㘁	yì
Han-Latin	㘂	cí
Han-Latin	㘄	lēng
Han-Latin	㘅	xián
Han-Latin	㘆	tǎi
Han-Latin	㘇	róng
Han-Latin	㘈	yì
Han-Latin	㘉	zhì
Han-Latin	㘊	xī
Han-Latin	㘋	xián
Han-Latin	㘌	jù
Han-Latin	㘍	jí
Han-Latin	㘎	hǎn
Han-Latin	㘐	pào
Han-Latin	㘑	lì
Han-Latin	㘓	lán
Han-Latin	㘔	sǎi
Han-Latin	㘕	hǎn
Han-Latin	㘖	yán
Han-Latin	㘗	qū
Han-Latin	㘙	yán
Han-Latin	㘚	hǎn
Han-Latin	㘛	kān
Han-Latin	㘜	chǐ
Han-Latin	㘝	niè
Han-Latin	㘞	huò
Han-Latin	㘠	bì
Han-Latin	㘡	xiá
Han-Latin	㘢	wěng
Han-Latin	㘣	xuán
Han-Latin	㘤	wān
Han-Latin	㘥	yóu
Han-Latin	㘦	qín
Han-Latin	㘧	xù
Han-Latin	㘨	niè
Han-Latin	㘩	bì
Han-Latin	㘪	hào
Han-Latin	㘫	jǐng
Han-Latin	㘬	ào
Han-Latin	㘭	ào
Han-Latin	㘰	zhēn
Han-Latin	㘱	tān
Han-Latin	㘲	jú
Han-Latin	㘴	zuò
Han-Latin	㘵	bù
Han-Latin	㘶	jié
Han-Latin	㘷	ài
Han-Latin	㘸	zàng
Han-Latin	㘹	cí
Han-Latin	㘺	fá
Han-Latin	㘿	niè
Han-Latin	㙀	liù
Han-Latin	㙁	méi
Han-Latin	㙂	duì
Han-Latin	㙃	bāng
Han-Latin	㙄	bì
Han-Latin	㙅	bǎo
Han-Latin	㙇	chù
Han-Latin	㙈	xià
Han-Latin	㙉	tiǎn
Han-Latin	㙊	cháng
Han-Latin	㙍	duō
Han-Latin	㙎	wēi
Han-Latin	㙏	fù
Han-Latin	㙐	duǒ
Han-Latin	㙑	yǔ
Han-Latin	㙒	yě
Han-Latin	㙓	kuí
Han-Latin	㙔	wěi
Han-Latin	㙕	kuài
Han-Latin	㙗	wēi
Han-Latin	㙘	yāo
Han-Latin	㙙	lǒng
Han-Latin	㙚	xīng
Han-Latin	㙛	bǔ
Han-Latin	㙜	chí
Han-Latin	㙝	xié
Han-Latin	㙞	niè
Han-Latin	㙟	lǎng
Han-Latin	㙠	yī
Han-Latin	㙡	zōng
Han-Latin	㙢	mán
Han-Latin	㙣	zhàng
Han-Latin	㙤	xià
Han-Latin	㙥	gùn
Han-Latin	㙦	xié
Han-Latin	㙨	jì
Han-Latin	㙩	liáo
Han-Latin	㙪	yì
Han-Latin	㙫	jí
Han-Latin	㙬	yín
Han-Latin	㙮	dā
Han-Latin	㙯	yì
Han-Latin	㙰	xiè
Han-Latin	㙱	hào
Han-Latin	㙲	yǒng
Han-Latin	㙳	kǎn
Han-Latin	㙴	chàn
Han-Latin	㙵	tái
Han-Latin	㙶	táng
Han-Latin	㙷	zhí
Han-Latin	㙸	bào
Han-Latin	㙹	méng
Han-Latin	㙺	kuí
Han-Latin	㙻	chán
Han-Latin	㙼	lěi
Han-Latin	㙾	xì
Han-Latin	㚀	xī
Han-Latin	㚁	qiào
Han-Latin	㚂	nàng
Han-Latin	㚃	yūn
Han-Latin	㚅	lóng
Han-Latin	㚆	fù
Han-Latin	㚇	zōng
Han-Latin	㚉	gǔ
Han-Latin	㚊	kāi
Han-Latin	㚋	diāo
Han-Latin	㚌	huà
Han-Latin	㚍	kuǐ
Han-Latin	㚏	gǎo
Han-Latin	㚐	tào
Han-Latin	㚒	shǎn
Han-Latin	㚓	lǎi
Han-Latin	㚔	niè
Han-Latin	㚕	fú
Han-Latin	㚖	gǎo
Han-Latin	㚗	qié
Han-Latin	㚘	bàn
Han-Latin	㚙	jiā
Han-Latin	㚚	kōng
Han-Latin	㚛	xì
Han-Latin	㚜	yù
Han-Latin	㚝	zhuī
Han-Latin	㚞	shěn
Han-Latin	㚟	chuò
Han-Latin	㚠	xiāo
Han-Latin	㚡	jǐ
Han-Latin	㚢	nú
Han-Latin	㚣	xiáo
Han-Latin	㚤	yì
Han-Latin	㚥	yú
Han-Latin	㚦	yí
Han-Latin	㚧	yǎn
Han-Latin	㚨	shěn
Han-Latin	㚩	rǎn
Han-Latin	㚪	hào
Han-Latin	㚫	sà
Han-Latin	㚬	jūn
Han-Latin	㚭	yóu
Han-Latin	㚯	xín
Han-Latin	㚰	pēi
Han-Latin	㚱	qiū
Han-Latin	㚲	chān
Han-Latin	㚴	bù
Han-Latin	㚵	dōng
Han-Latin	㚶	sì
Han-Latin	㚷	ěr
Han-Latin	㚹	mǎo
Han-Latin	㚺	yùn
Han-Latin	㚻	jī
Han-Latin	㚽	qiǎo
Han-Latin	㚾	xiōng
Han-Latin	㚿	páo
Han-Latin	㛀	chú
Han-Latin	㛁	pēng
Han-Latin	㛂	nuǒ
Han-Latin	㛃	jié
Han-Latin	㛄	yī
Han-Latin	㛅	èr
Han-Latin	㛆	duò
Han-Latin	㛊	duǒ
Han-Latin	㛍	qiè
Han-Latin	㛎	lǚ
Han-Latin	㛏	qiú
Han-Latin	㛐	sǒu
Han-Latin	㛑	càn
Han-Latin	㛒	dòu
Han-Latin	㛓	xī
Han-Latin	㛔	fēng
Han-Latin	㛕	yì
Han-Latin	㛖	suō
Han-Latin	㛗	qiē
Han-Latin	㛘	pò
Han-Latin	㛙	xīn
Han-Latin	㛚	tǒng
Han-Latin	㛛	xìn
Han-Latin	㛜	yóu
Han-Latin	㛝	bèi
Han-Latin	㛞	lòng
Han-Latin	㛣	yún
Han-Latin	㛤	lí
Han-Latin	㛥	tà
Han-Latin	㛦	lǎn
Han-Latin	㛧	mǎn
Han-Latin	㛨	qiǎng
Han-Latin	㛩	zhóu
Han-Latin	㛪	yàn
Han-Latin	㛫	xī
Han-Latin	㛬	lù
Han-Latin	㛭	xī
Han-Latin	㛮	sǎo
Han-Latin	㛯	fàn
Han-Latin	㛱	wěi
Han-Latin	㛲	fà
Han-Latin	㛳	yì
Han-Latin	㛴	nǎo
Han-Latin	㛵	chēng
Han-Latin	㛶	tàn
Han-Latin	㛷	jī
Han-Latin	㛸	shù
Han-Latin	㛹	pián
Han-Latin	㛺	ān
Han-Latin	㛻	kuā
Han-Latin	㛼	chā
Han-Latin	㛾	xián
Han-Latin	㛿	zhì
Han-Latin	㜂	fēng
Han-Latin	㜃	liàn
Han-Latin	㜄	xún
Han-Latin	㜅	xù
Han-Latin	㜆	mì
Han-Latin	㜇	huì
Han-Latin	㜈	mù
Han-Latin	㜉	yōng
Han-Latin	㜊	zhǎn
Han-Latin	㜋	yì
Han-Latin	㜌	nǒu
Han-Latin	㜍	táng
Han-Latin	㜎	xī
Han-Latin	㜏	yún
Han-Latin	㜐	shù
Han-Latin	㜑	fú
Han-Latin	㜒	yì
Han-Latin	㜓	dá
Han-Latin	㜕	lián
Han-Latin	㜖	cáo
Han-Latin	㜗	cān
Han-Latin	㜘	jù
Han-Latin	㜙	lù
Han-Latin	㜚	sù
Han-Latin	㜛	nèn
Han-Latin	㜜	ào
Han-Latin	㜝	ǎn
Han-Latin	㜞	qiàn
Han-Latin	㜠	cuī
Han-Latin	㜡	cōng
Han-Latin	㜣	rán
Han-Latin	㜤	niǎn
Han-Latin	㜥	mái
Han-Latin	㜦	xín
Han-Latin	㜧	yuè
Han-Latin	㜨	nái
Han-Latin	㜩	ào
Han-Latin	㜪	shēn
Han-Latin	㜫	mà
Han-Latin	㜮	làn
Han-Latin	㜯	xī
Han-Latin	㜰	yuè
Han-Latin	㜱	zhì
Han-Latin	㜲	wěng
Han-Latin	㜳	huái
Han-Latin	㜴	mèng
Han-Latin	㜵	niǎo
Han-Latin	㜶	wǎn
Han-Latin	㜷	mí
Han-Latin	㜸	niè
Han-Latin	㜹	qú
Han-Latin	㜺	zàn
Han-Latin	㜻	liàn
Han-Latin	㜼	zhí
Han-Latin	㜽	zǐ
Han-Latin	㜾	hái
Han-Latin	㜿	xù
Han-Latin	㝀	hào
Han-Latin	㝁	xuān
Han-Latin	㝂	zhì
Han-Latin	㝃	miǎn
Han-Latin	㝄	chún
Han-Latin	㝅	gòu
Han-Latin	㝇	chún
Han-Latin	㝈	luán
Han-Latin	㝉	zhù
Han-Latin	㝊	shǒu
Han-Latin	㝋	liǎo
Han-Latin	㝌	jiù
Han-Latin	㝍	xiě
Han-Latin	㝎	dìng
Han-Latin	㝏	jiè
Han-Latin	㝐	róng
Han-Latin	㝑	máng
Han-Latin	㝓	kè
Han-Latin	㝔	yǎo
Han-Latin	㝕	níng
Han-Latin	㝖	yí
Han-Latin	㝗	láng
Han-Latin	㝘	yóng
Han-Latin	㝙	yín
Han-Latin	㝚	yán
Han-Latin	㝛	sù
Han-Latin	㝝	lín
Han-Latin	㝞	yā
Han-Latin	㝟	máo
Han-Latin	㝠	míng
Han-Latin	㝡	zuì
Han-Latin	㝢	yǔ
Han-Latin	㝣	yì
Han-Latin	㝤	gòu
Han-Latin	㝥	mǐ
Han-Latin	㝦	jùn
Han-Latin	㝧	wěn
Han-Latin	㝩	kāng
Han-Latin	㝪	diàn
Han-Latin	㝫	lóng
Han-Latin	㝭	xǐng
Han-Latin	㝮	cuì
Han-Latin	㝯	qiáo
Han-Latin	㝰	mián
Han-Latin	㝱	mèng
Han-Latin	㝲	qǐn
Han-Latin	㝴	wán
Han-Latin	㝵	dé
Han-Latin	㝶	ài
Han-Latin	㝸	biàn
Han-Latin	㝹	nóu
Han-Latin	㝺	lián
Han-Latin	㝻	jǐn
Han-Latin	㝼	yū
Han-Latin	㝽	chuí
Han-Latin	㝾	zuǒ
Han-Latin	㝿	bǒ
Han-Latin	㞀	huī
Han-Latin	㞁	yào
Han-Latin	㞂	tuǐ
Han-Latin	㞃	jì
Han-Latin	㞄	ān
Han-Latin	㞅	luò
Han-Latin	㞆	jǐ
Han-Latin	㞇	wěi
Han-Latin	㞈	bō
Han-Latin	㞉	zā
Han-Latin	㞊	xù
Han-Latin	㞋	niǎn
Han-Latin	㞌	yùn
Han-Latin	㞎	bǎ
Han-Latin	㞏	zhé
Han-Latin	㞐	jū
Han-Latin	㞑	wěi
Han-Latin	㞒	xiè
Han-Latin	㞓	qì
Han-Latin	㞔	yí
Han-Latin	㞕	xiè
Han-Latin	㞖	cí
Han-Latin	㞗	qiú
Han-Latin	㞘	dū
Han-Latin	㞙	niào
Han-Latin	㞚	qì
Han-Latin	㞛	jǐ
Han-Latin	㞜	tuī
Han-Latin	㞞	sóng
Han-Latin	㞟	diàn
Han-Latin	㞠	láo
Han-Latin	㞡	zhǎn
Han-Latin	㞤	yín
Han-Latin	㞥	cén
Han-Latin	㞦	jǐ
Han-Latin	㞧	huì
Han-Latin	㞨	zǐ
Han-Latin	㞩	lán
Han-Latin	㞪	náo
Han-Latin	㞫	jù
Han-Latin	㞬	qìn
Han-Latin	㞭	dài
Han-Latin	㞯	jié
Han-Latin	㞰	xǔ
Han-Latin	㞱	cōng
Han-Latin	㞲	yòng
Han-Latin	㞳	dǒu
Han-Latin	㞴	chí
Han-Latin	㞶	mǐn
Han-Latin	㞷	huáng
Han-Latin	㞸	suì
Han-Latin	㞹	kě
Han-Latin	㞺	zú
Han-Latin	㞻	hào
Han-Latin	㞼	chéng
Han-Latin	㞽	xuè
Han-Latin	㞾	ní
Han-Latin	㞿	chì
Han-Latin	㟀	lián
Han-Latin	㟁	àn
Han-Latin	㟂	mǔ
Han-Latin	㟃	sī
Han-Latin	㟄	xiáng
Han-Latin	㟅	yáng
Han-Latin	㟆	huá
Han-Latin	㟇	cuò
Han-Latin	㟈	qiú
Han-Latin	㟉	láo
Han-Latin	㟊	fú
Han-Latin	㟋	duì
Han-Latin	㟌	máng
Han-Latin	㟍	láng
Han-Latin	㟎	tuǒ
Han-Latin	㟏	hán
Han-Latin	㟐	mǎng
Han-Latin	㟑	bó
Han-Latin	㟒	qūn
Han-Latin	㟓	qí
Han-Latin	㟔	hán
Han-Latin	㟖	lòng
Han-Latin	㟗	bīn
Han-Latin	㟘	tiáo
Han-Latin	㟙	zé
Han-Latin	㟚	qí
Han-Latin	㟛	zàn
Han-Latin	㟜	mí
Han-Latin	㟝	péi
Han-Latin	㟞	zhàn
Han-Latin	㟟	xiàng
Han-Latin	㟠	gǎng
Han-Latin	㟢	qí
Han-Latin	㟤	lù
Han-Latin	㟥	cēn
Han-Latin	㟦	yùn
Han-Latin	㟧	è
Han-Latin	㟨	duān
Han-Latin	㟩	mín
Han-Latin	㟪	wēi
Han-Latin	㟫	quán
Han-Latin	㟬	sǒu
Han-Latin	㟭	mín
Han-Latin	㟮	tū
Han-Latin	㟰	mǐng
Han-Latin	㟱	yǎo
Han-Latin	㟲	jué
Han-Latin	㟳	lì
Han-Latin	㟴	kuài
Han-Latin	㟵	gǎng
Han-Latin	㟶	yuán
Han-Latin	㟷	da
Han-Latin	㟹	láo
Han-Latin	㟺	lóu
Han-Latin	㟻	qiàn
Han-Latin	㟼	áo
Han-Latin	㟽	biǎo
Han-Latin	㟾	yōng
Han-Latin	㟿	mǎng
Han-Latin	㠀	dǎo
Han-Latin	㠂	áo
Han-Latin	㠄	xí
Han-Latin	㠅	fú
Han-Latin	㠆	dān
Han-Latin	㠇	jiù
Han-Latin	㠈	rùn
Han-Latin	㠉	tóng
Han-Latin	㠊	qū
Han-Latin	㠋	è
Han-Latin	㠌	qī
Han-Latin	㠍	jí
Han-Latin	㠎	jí
Han-Latin	㠏	huá
Han-Latin	㠐	jiào
Han-Latin	㠑	zuì
Han-Latin	㠒	biǎo
Han-Latin	㠓	méng
Han-Latin	㠔	bài
Han-Latin	㠕	wěi
Han-Latin	㠖	yǐ
Han-Latin	㠗	ào
Han-Latin	㠘	yǔ
Han-Latin	㠙	háo
Han-Latin	㠚	duì
Han-Latin	㠛	wò
Han-Latin	㠜	nì
Han-Latin	㠝	cuán
Han-Latin	㠟	lí
Han-Latin	㠠	lú
Han-Latin	㠡	niǎo
Han-Latin	㠢	huái
Han-Latin	㠣	lì
Han-Latin	㠥	lǜ
Han-Latin	㠦	fēng
Han-Latin	㠧	mǐ
Han-Latin	㠨	yù
Han-Latin	㠪	jù
Han-Latin	㠭	zhǎn
Han-Latin	㠮	pēng
Han-Latin	㠯	yǐ
Han-Latin	㠱	jì
Han-Latin	㠲	bǐ
Han-Latin	㠴	rèn
Han-Latin	㠵	huāng
Han-Latin	㠶	fán
Han-Latin	㠷	gé
Han-Latin	㠸	kù
Han-Latin	㠹	jiè
Han-Latin	㠺	shā
Han-Latin	㠼	sī
Han-Latin	㠽	tóng
Han-Latin	㠾	yuān
Han-Latin	㠿	zī
Han-Latin	㡀	bì
Han-Latin	㡁	kuǎ
Han-Latin	㡂	lì
Han-Latin	㡃	huāng
Han-Latin	㡄	xún
Han-Latin	㡅	nuǒ
Han-Latin	㡇	zhé
Han-Latin	㡈	wèn
Han-Latin	㡉	xián
Han-Latin	㡊	qià
Han-Latin	㡋	yé
Han-Latin	㡌	mào
Han-Latin	㡎	shān
Han-Latin	㡏	shù
Han-Latin	㡑	qiāo
Han-Latin	㡒	zhūn
Han-Latin	㡓	kūn
Han-Latin	㡔	wù
Han-Latin	㡕	yīng
Han-Latin	㡖	chuáng
Han-Latin	㡗	tí
Han-Latin	㡘	lián
Han-Latin	㡙	bī
Han-Latin	㡚	gōu
Han-Latin	㡛	máng
Han-Latin	㡜	xiè
Han-Latin	㡝	fèng
Han-Latin	㡞	lóu
Han-Latin	㡟	zāo
Han-Latin	㡠	zhèng
Han-Latin	㡡	chú
Han-Latin	㡢	màn
Han-Latin	㡣	lóng
Han-Latin	㡥	yìn
Han-Latin	㡦	pīn
Han-Latin	㡧	zhèng
Han-Latin	㡨	jiān
Han-Latin	㡩	luán
Han-Latin	㡪	nié
Han-Latin	㡫	yì
Han-Latin	㡭	jì
Han-Latin	㡮	jí
Han-Latin	㡯	zhái
Han-Latin	㡰	yǔ
Han-Latin	㡱	jiǔ
Han-Latin	㡲	huán
Han-Latin	㡳	zhǐ
Han-Latin	㡴	lā
Han-Latin	㡵	líng
Han-Latin	㡶	zhǐ
Han-Latin	㡷	běn
Han-Latin	㡸	zhà
Han-Latin	㡹	jū
Han-Latin	㡺	dàn
Han-Latin	㡻	liào
Han-Latin	㡼	yì
Han-Latin	㡽	zhào
Han-Latin	㡾	xiàn
Han-Latin	㡿	chì
Han-Latin	㢀	cì
Han-Latin	㢁	chǐ
Han-Latin	㢂	yǎn
Han-Latin	㢃	láng
Han-Latin	㢄	dòu
Han-Latin	㢅	lòng
Han-Latin	㢆	chán
Han-Latin	㢈	tuí
Han-Latin	㢉	chá
Han-Latin	㢊	ǎi
Han-Latin	㢋	chǐ
Han-Latin	㢍	yǐng
Han-Latin	㢎	zhé
Han-Latin	㢏	tóu
Han-Latin	㢑	tuí
Han-Latin	㢒	chá
Han-Latin	㢓	yǎo
Han-Latin	㢔	zǒng
Han-Latin	㢖	pān
Han-Latin	㢗	qiào
Han-Latin	㢘	lián
Han-Latin	㢙	qín
Han-Latin	㢚	lǔ
Han-Latin	㢛	yàn
Han-Latin	㢜	kàng
Han-Latin	㢝	sū
Han-Latin	㢞	yì
Han-Latin	㢟	chān
Han-Latin	㢠	jiǒng
Han-Latin	㢡	jiǎng
Han-Latin	㢣	jìng
Han-Latin	㢥	dòng
Han-Latin	㢧	juàn
Han-Latin	㢨	hàn
Han-Latin	㢩	dì
Han-Latin	㢬	hóng
Han-Latin	㢮	chí
Han-Latin	㢯	diāo
Han-Latin	㢰	bì
Han-Latin	㢲	xùn
Han-Latin	㢳	lú
Han-Latin	㢵	xié
Han-Latin	㢶	bì
Han-Latin	㢸	bì
Han-Latin	㢺	xián
Han-Latin	㢻	ruì
Han-Latin	㢼	biè
Han-Latin	㢽	ěr
Han-Latin	㢾	juàn
Han-Latin	㣀	zhèn
Han-Latin	㣁	bèi
Han-Latin	㣂	è
Han-Latin	㣃	yǔ
Han-Latin	㣄	qú
Han-Latin	㣅	zàn
Han-Latin	㣆	mí
Han-Latin	㣇	yì
Han-Latin	㣈	sì
Han-Latin	㣌	shàn
Han-Latin	㣍	tái
Han-Latin	㣎	mù
Han-Latin	㣏	jìng
Han-Latin	㣐	biàn
Han-Latin	㣑	róng
Han-Latin	㣒	cèng
Han-Latin	㣓	càn
Han-Latin	㣔	dīng
Han-Latin	㣙	dí
Han-Latin	㣚	tǒng
Han-Latin	㣛	tà
Han-Latin	㣜	xíng
Han-Latin	㣝	sōng
Han-Latin	㣞	duó
Han-Latin	㣟	xì
Han-Latin	㣠	tāo
Han-Latin	㣢	tí
Han-Latin	㣣	shàn
Han-Latin	㣤	jiàn
Han-Latin	㣥	zhì
Han-Latin	㣦	wēi
Han-Latin	㣧	yìn
Han-Latin	㣪	huǎn
Han-Latin	㣫	zhǒng
Han-Latin	㣬	qì
Han-Latin	㣭	zōng
Han-Latin	㣯	xiè
Han-Latin	㣰	xiè
Han-Latin	㣱	zé
Han-Latin	㣲	wéi
Han-Latin	㣵	tà
Han-Latin	㣶	zhān
Han-Latin	㣷	nìng
Han-Latin	㣺	xīn
Han-Latin	㣻	yì
Han-Latin	㣼	rěn
Han-Latin	㣽	shù
Han-Latin	㣾	chà
Han-Latin	㣿	zhuó
Han-Latin	㤁	miǎn
Han-Latin	㤂	jí
Han-Latin	㤃	fáng
Han-Latin	㤄	pèi
Han-Latin	㤅	ài
Han-Latin	㤆	fàn
Han-Latin	㤇	ǎo
Han-Latin	㤈	qìn
Han-Latin	㤉	qiā
Han-Latin	㤊	xiào
Han-Latin	㤋	fēn
Han-Latin	㤌	gān
Han-Latin	㤍	qiāo
Han-Latin	㤎	gē
Han-Latin	㤏	tóng
Han-Latin	㤐	chān
Han-Latin	㤑	yòu
Han-Latin	㤒	gāo
Han-Latin	㤓	bèn
Han-Latin	㤔	fù
Han-Latin	㤕	chù
Han-Latin	㤖	zhù
Han-Latin	㤘	zhòu
Han-Latin	㤚	háng
Han-Latin	㤛	nín
Han-Latin	㤜	jué
Han-Latin	㤝	chōng
Han-Latin	㤞	chà
Han-Latin	㤟	kǒng
Han-Latin	㤠	liè
Han-Latin	㤡	lì
Han-Latin	㤢	yù
Han-Latin	㤤	yú
Han-Latin	㤥	hài
Han-Latin	㤦	lì
Han-Latin	㤧	hóu
Han-Latin	㤨	gǒng
Han-Latin	㤩	kè
Han-Latin	㤪	yuàn
Han-Latin	㤫	dé
Han-Latin	㤬	huì
Han-Latin	㤭	jiāo
Han-Latin	㤮	guàng
Han-Latin	㤯	jiǒng
Han-Latin	㤰	zuò
Han-Latin	㤱	fù
Han-Latin	㤲	qiè
Han-Latin	㤳	běi
Han-Latin	㤴	chè
Han-Latin	㤵	cí
Han-Latin	㤶	máng
Han-Latin	㤷	hān
Han-Latin	㤸	xì
Han-Latin	㤹	qiú
Han-Latin	㤺	huǎng
Han-Latin	㤽	chóu
Han-Latin	㤾	sàn
Han-Latin	㤿	yān
Han-Latin	㥀	zhí
Han-Latin	㥁	dé
Han-Latin	㥂	tè
Han-Latin	㥃	mèn
Han-Latin	㥄	líng
Han-Latin	㥅	shòu
Han-Latin	㥆	tuì
Han-Latin	㥇	cán
Han-Latin	㥈	dié
Han-Latin	㥉	chè
Han-Latin	㥊	péng
Han-Latin	㥋	yī
Han-Latin	㥌	jú
Han-Latin	㥍	jì
Han-Latin	㥎	lái
Han-Latin	㥏	tiǎn
Han-Latin	㥐	yuàn
Han-Latin	㥒	cǎi
Han-Latin	㥓	qī
Han-Latin	㥔	yù
Han-Latin	㥕	lián
Han-Latin	㥖	cōng
Han-Latin	㥚	yú
Han-Latin	㥛	jí
Han-Latin	㥜	wèi
Han-Latin	㥝	mǐ
Han-Latin	㥞	suì
Han-Latin	㥟	xié
Han-Latin	㥠	xū
Han-Latin	㥡	chì
Han-Latin	㥢	qiú
Han-Latin	㥣	huì
Han-Latin	㥥	yú
Han-Latin	㥦	qiè
Han-Latin	㥧	shùn
Han-Latin	㥨	shuì
Han-Latin	㥩	duǒ
Han-Latin	㥪	lóu
Han-Latin	㥬	páng
Han-Latin	㥭	tài
Han-Latin	㥮	zhòu
Han-Latin	㥯	yǐn
Han-Latin	㥰	sāo
Han-Latin	㥱	fěi
Han-Latin	㥲	chēn
Han-Latin	㥳	yuán
Han-Latin	㥴	yí
Han-Latin	㥵	hùn
Han-Latin	㥶	sè
Han-Latin	㥷	yè
Han-Latin	㥸	mǐn
Han-Latin	㥹	fěn
Han-Latin	㥺	hé
Han-Latin	㥼	yìn
Han-Latin	㥽	cè
Han-Latin	㥾	nì
Han-Latin	㥿	ào
Han-Latin	㦀	féng
Han-Latin	㦁	lián
Han-Latin	㦂	cháng
Han-Latin	㦃	chǎn
Han-Latin	㦄	má
Han-Latin	㦅	diē
Han-Latin	㦆	hū
Han-Latin	㦇	lù
Han-Latin	㦈	ài
Han-Latin	㦉	yì
Han-Latin	㦊	huá
Han-Latin	㦋	zhā
Han-Latin	㦌	hū
Han-Latin	㦍	è
Han-Latin	㦎	huò
Han-Latin	㦏	sǔn
Han-Latin	㦐	nì
Han-Latin	㦑	xiàn
Han-Latin	㦒	lí
Han-Latin	㦓	xiàn
Han-Latin	㦔	yàn
Han-Latin	㦕	lóng
Han-Latin	㦖	mèn
Han-Latin	㦗	jīn
Han-Latin	㦘	jī
Han-Latin	㦚	biǎn
Han-Latin	㦛	yǔ
Han-Latin	㦜	huò
Han-Latin	㦝	miǎo
Han-Latin	㦞	chóu
Han-Latin	㦟	mái
Han-Latin	㦡	lè
Han-Latin	㦢	jié
Han-Latin	㦣	wèi
Han-Latin	㦤	yì
Han-Latin	㦥	xuān
Han-Latin	㦦	xì
Han-Latin	㦧	cǎn
Han-Latin	㦨	lán
Han-Latin	㦩	yǐn
Han-Latin	㦪	xiè
Han-Latin	㦫	zā
Han-Latin	㦬	luǒ
Han-Latin	㦭	líng
Han-Latin	㦮	qián
Han-Latin	㦯	huò
Han-Latin	㦰	jiān
Han-Latin	㦱	wǒ
Han-Latin	㦴	gé
Han-Latin	㦵	zhū
Han-Latin	㦶	dié
Han-Latin	㦷	yǒng
Han-Latin	㦸	jǐ
Han-Latin	㦹	yáng
Han-Latin	㦺	rù
Han-Latin	㦻	xí
Han-Latin	㦼	shuàng
Han-Latin	㦽	yù
Han-Latin	㦾	yí
Han-Latin	㦿	qiǎn
Han-Latin	㧀	jí
Han-Latin	㧁	qù
Han-Latin	㧂	tián
Han-Latin	㧃	shōu
Han-Latin	㧄	qiǎn
Han-Latin	㧅	mù
Han-Latin	㧆	jīn
Han-Latin	㧇	mǎo
Han-Latin	㧈	yǐn
Han-Latin	㧉	gài
Han-Latin	㧊	pō
Han-Latin	㧋	xuǎn
Han-Latin	㧌	mào
Han-Latin	㧍	fǎng
Han-Latin	㧎	yá
Han-Latin	㧏	gāng
Han-Latin	㧐	sǒng
Han-Latin	㧑	huī
Han-Latin	㧒	yù
Han-Latin	㧓	guā
Han-Latin	㧔	guài
Han-Latin	㧕	liǔ
Han-Latin	㧖	è
Han-Latin	㧗	zǐ
Han-Latin	㧘	zì
Han-Latin	㧙	bì
Han-Latin	㧚	wǎ
Han-Latin	㧛	lǎn
Han-Latin	㧜	liè
Han-Latin	㧟	kuǎi
Han-Latin	㧡	hài
Han-Latin	㧢	yīn
Han-Latin	㧣	zhū
Han-Latin	㧤	chòng
Han-Latin	㧥	xiǎn
Han-Latin	㧦	xuàn
Han-Latin	㧨	qiú
Han-Latin	㧩	pèi
Han-Latin	㧪	guǐ
Han-Latin	㧫	ér
Han-Latin	㧬	gǒng
Han-Latin	㧭	qióng
Han-Latin	㧮	hū
Han-Latin	㧯	lǎo
Han-Latin	㧰	lì
Han-Latin	㧱	chèn
Han-Latin	㧲	sǎn
Han-Latin	㧳	zhuò
Han-Latin	㧴	wǒ
Han-Latin	㧵	póu
Han-Latin	㧶	kēng
Han-Latin	㧷	tùn
Han-Latin	㧸	pēng
Han-Latin	㧹	tè
Han-Latin	㧺	tà
Han-Latin	㧻	zhuó
Han-Latin	㧼	biào
Han-Latin	㧽	gù
Han-Latin	㧾	hū
Han-Latin	㨀	bǐng
Han-Latin	㨁	zhì
Han-Latin	㨂	dǒng
Han-Latin	㨃	duǐ
Han-Latin	㨄	zhōu
Han-Latin	㨅	nèi
Han-Latin	㨆	lǐn
Han-Latin	㨇	pó
Han-Latin	㨈	jǐ
Han-Latin	㨉	mín
Han-Latin	㨊	wěi
Han-Latin	㨋	chě
Han-Latin	㨌	gòu
Han-Latin	㨍	bāng
Han-Latin	㨎	rú
Han-Latin	㨏	tān
Han-Latin	㨐	bǔ
Han-Latin	㨑	zōng
Han-Latin	㨒	kuī
Han-Latin	㨓	láo
Han-Latin	㨔	hàn
Han-Latin	㨕	yíng
Han-Latin	㨖	zhì
Han-Latin	㨗	jié
Han-Latin	㨘	xǐng
Han-Latin	㨙	xié
Han-Latin	㨚	xún
Han-Latin	㨛	shǎn
Han-Latin	㨜	qián
Han-Latin	㨝	xiē
Han-Latin	㨞	sù
Han-Latin	㨟	hāi
Han-Latin	㨠	mì
Han-Latin	㨡	hún
Han-Latin	㨢	pī
Han-Latin	㨤	huì
Han-Latin	㨥	nà
Han-Latin	㨦	sǒng
Han-Latin	㨧	bèn
Han-Latin	㨨	chōu
Han-Latin	㨩	jié
Han-Latin	㨪	huàng
Han-Latin	㨫	lǎn
Han-Latin	㨭	hù
Han-Latin	㨮	dōu
Han-Latin	㨯	huò
Han-Latin	㨰	gǔn
Han-Latin	㨱	yáo
Han-Latin	㨲	cè
Han-Latin	㨳	guǐ
Han-Latin	㨴	jiàn
Han-Latin	㨵	jiǎn
Han-Latin	㨶	dǎo
Han-Latin	㨷	jìn
Han-Latin	㨸	mà
Han-Latin	㨹	huì
Han-Latin	㨺	miǎn
Han-Latin	㨻	cán
Han-Latin	㨼	lüè
Han-Latin	㨽	pì
Han-Latin	㨾	yàng
Han-Latin	㨿	jù
Han-Latin	㩀	jù
Han-Latin	㩁	què
Han-Latin	㩃	qiān
Han-Latin	㩄	shāi
Han-Latin	㩆	jiù
Han-Latin	㩇	huò
Han-Latin	㩈	yǔn
Han-Latin	㩉	dá
Han-Latin	㩊	xuān
Han-Latin	㩋	xiāo
Han-Latin	㩌	fèi
Han-Latin	㩍	cè
Han-Latin	㩎	yè
Han-Latin	㩐	dèn
Han-Latin	㩒	qín
Han-Latin	㩓	huǐ
Han-Latin	㩔	tún
Han-Latin	㩖	qiáng
Han-Latin	㩗	xí
Han-Latin	㩘	nǐ
Han-Latin	㩙	sāi
Han-Latin	㩚	méng
Han-Latin	㩛	tuán
Han-Latin	㩜	lǎn
Han-Latin	㩝	háo
Han-Latin	㩞	cì
Han-Latin	㩟	zhài
Han-Latin	㩠	āo
Han-Latin	㩡	luǒ
Han-Latin	㩢	miè
Han-Latin	㩤	fū
Han-Latin	㩦	xié
Han-Latin	㩧	bó
Han-Latin	㩨	huì
Han-Latin	㩩	qǐng
Han-Latin	㩪	xié
Han-Latin	㩭	bó
Han-Latin	㩮	qián
Han-Latin	㩯	pó
Han-Latin	㩰	jiǎo
Han-Latin	㩱	jué
Han-Latin	㩲	kǔn
Han-Latin	㩳	sǒng
Han-Latin	㩴	jú
Han-Latin	㩵	è
Han-Latin	㩶	niè
Han-Latin	㩷	qiān
Han-Latin	㩸	dié
Han-Latin	㩹	dié
Han-Latin	㩻	qī
Han-Latin	㩼	zhī
Han-Latin	㩽	qí
Han-Latin	㩾	zhuì
Han-Latin	㩿	kū
Han-Latin	㪀	yú
Han-Latin	㪁	qín
Han-Latin	㪂	kū
Han-Latin	㪃	hé
Han-Latin	㪄	fú
Han-Latin	㪅	gèng
Han-Latin	㪆	dǐ
Han-Latin	㪇	xiàn
Han-Latin	㪈	guì
Han-Latin	㪉	hé
Han-Latin	㪊	qún
Han-Latin	㪋	hàn
Han-Latin	㪌	tǒng
Han-Latin	㪍	bó
Han-Latin	㪎	shǎn
Han-Latin	㪏	bǐ
Han-Latin	㪐	lù
Han-Latin	㪑	yè
Han-Latin	㪒	ní
Han-Latin	㪓	chuái
Han-Latin	㪔	sàn
Han-Latin	㪕	diào
Han-Latin	㪖	lù
Han-Latin	㪗	tǒu
Han-Latin	㪘	liǎn
Han-Latin	㪙	kě
Han-Latin	㪚	sàn
Han-Latin	㪛	zhěn
Han-Latin	㪜	chuǎi
Han-Latin	㪝	liàn
Han-Latin	㪞	mào
Han-Latin	㪠	qiān
Han-Latin	㪡	kài
Han-Latin	㪢	shǎo
Han-Latin	㪣	xiāo
Han-Latin	㪤	bì
Han-Latin	㪥	zhā
Han-Latin	㪦	yìn
Han-Latin	㪧	xī
Han-Latin	㪨	shàn
Han-Latin	㪩	sù
Han-Latin	㪪	sà
Han-Latin	㪫	ruì
Han-Latin	㪬	chuō
Han-Latin	㪭	lú
Han-Latin	㪮	líng
Han-Latin	㪯	chá
Han-Latin	㪱	huàn
Han-Latin	㪴	jiá
Han-Latin	㪵	bàn
Han-Latin	㪶	hú
Han-Latin	㪷	dǒu
Han-Latin	㪹	lǒu
Han-Latin	㪺	jū
Han-Latin	㪻	juàn
Han-Latin	㪼	kě
Han-Latin	㪽	suǒ
Han-Latin	㪾	luò
Han-Latin	㪿	zhé
Han-Latin	㫀	dǐng
Han-Latin	㫁	duàn
Han-Latin	㫂	zhù
Han-Latin	㫃	yǎn
Han-Latin	㫄	páng
Han-Latin	㫅	chá
Han-Latin	㫊	yǐ
Han-Latin	㫍	yóu
Han-Latin	㫎	huī
Han-Latin	㫏	yǎo
Han-Latin	㫐	yǎo
Han-Latin	㫑	zhǐ
Han-Latin	㫒	gǒng
Han-Latin	㫓	qǐ
Han-Latin	㫔	gèn
Han-Latin	㫗	hòu
Han-Latin	㫘	mì
Han-Latin	㫙	fú
Han-Latin	㫚	hū
Han-Latin	㫛	guàng
Han-Latin	㫜	tǎn
Han-Latin	㫝	dī
Han-Latin	㫟	yán
Han-Latin	㫢	qù
Han-Latin	㫤	chǎng
Han-Latin	㫥	mǐng
Han-Latin	㫦	tāo
Han-Latin	㫧	bào
Han-Latin	㫨	ān
Han-Latin	㫫	xiǎn
Han-Latin	㫯	mào
Han-Latin	㫰	làng
Han-Latin	㫱	nǎn
Han-Latin	㫲	bèi
Han-Latin	㫳	chén
Han-Latin	㫵	fēi
Han-Latin	㫶	zhǒu
Han-Latin	㫷	jī
Han-Latin	㫸	jiē
Han-Latin	㫹	shù
Han-Latin	㫻	kùn
Han-Latin	㫼	dié
Han-Latin	㫽	lù
Han-Latin	㬂	yú
Han-Latin	㬃	tái
Han-Latin	㬄	chàn
Han-Latin	㬅	màn
Han-Latin	㬆	mǐn
Han-Latin	㬇	huàn
Han-Latin	㬈	wēn
Han-Latin	㬉	nuǎn
Han-Latin	㬊	huǎn
Han-Latin	㬋	hóu
Han-Latin	㬌	jìng
Han-Latin	㬍	bó
Han-Latin	㬎	xiǎn
Han-Latin	㬏	lì
Han-Latin	㬐	jìn
Han-Latin	㬒	mǎng
Han-Latin	㬓	piào
Han-Latin	㬔	háo
Han-Latin	㬕	yáng
Han-Latin	㬗	xiàn
Han-Latin	㬘	sù
Han-Latin	㬙	wěi
Han-Latin	㬚	chè
Han-Latin	㬛	xī
Han-Latin	㬜	jìn
Han-Latin	㬝	céng
Han-Latin	㬞	hè
Han-Latin	㬟	fēn
Han-Latin	㬠	shài
Han-Latin	㬡	líng
Han-Latin	㬣	duì
Han-Latin	㬤	qī
Han-Latin	㬥	pù
Han-Latin	㬦	yuè
Han-Latin	㬧	bó
Han-Latin	㬩	huì
Han-Latin	㬪	dié
Han-Latin	㬫	yàn
Han-Latin	㬬	jù
Han-Latin	㬭	jiào
Han-Latin	㬮	nàn
Han-Latin	㬯	liè
Han-Latin	㬰	yú
Han-Latin	㬱	tì
Han-Latin	㬲	tiān
Han-Latin	㬳	wǔ
Han-Latin	㬴	hǒng
Han-Latin	㬵	xiáo
Han-Latin	㬶	hào
Han-Latin	㬸	tiāo
Han-Latin	㬹	zhēng
Han-Latin	㬻	huāng
Han-Latin	㬼	fù
Han-Latin	㬿	tūn
Han-Latin	㭁	réng
Han-Latin	㭂	jiǎo
Han-Latin	㭄	xìn
Han-Latin	㭇	yuàn
Han-Latin	㭈	jué
Han-Latin	㭉	huá
Han-Latin	㭋	bàng
Han-Latin	㭌	móu
Han-Latin	㭎	gāng
Han-Latin	㭏	wěi
Han-Latin	㭑	mèi
Han-Latin	㭒	sì
Han-Latin	㭓	biàn
Han-Latin	㭔	lú
Han-Latin	㭕	qū
Han-Latin	㭘	gé
Han-Latin	㭙	zhé
Han-Latin	㭚	lǚ
Han-Latin	㭛	pài
Han-Latin	㭜	róng
Han-Latin	㭝	qiú
Han-Latin	㭞	liè
Han-Latin	㭟	gǒng
Han-Latin	㭠	xiǎn
Han-Latin	㭡	xì
Han-Latin	㭢	xīn
Han-Latin	㭤	niǎo
Han-Latin	㭨	xié
Han-Latin	㭩	liè
Han-Latin	㭪	fū
Han-Latin	㭫	cuó
Han-Latin	㭬	zhuó
Han-Latin	㭭	bā
Han-Latin	㭮	zuò
Han-Latin	㭯	zhé
Han-Latin	㭰	zuī
Han-Latin	㭱	hé
Han-Latin	㭲	jí
Han-Latin	㭴	jiān
Han-Latin	㭸	tú
Han-Latin	㭹	xián
Han-Latin	㭺	yǎn
Han-Latin	㭻	táng
Han-Latin	㭼	tà
Han-Latin	㭽	dǐ
Han-Latin	㭾	jué
Han-Latin	㭿	áng
Han-Latin	㮀	hán
Han-Latin	㮁	xiáo
Han-Latin	㮂	jú
Han-Latin	㮃	wēi
Han-Latin	㮄	bǎng
Han-Latin	㮅	zhuī
Han-Latin	㮆	niè
Han-Latin	㮇	tiàn
Han-Latin	㮈	nài
Han-Latin	㮋	yǒu
Han-Latin	㮌	mián
Han-Latin	㮏	nài
Han-Latin	㮐	shěng
Han-Latin	㮑	chā
Han-Latin	㮒	yān
Han-Latin	㮓	gèn
Han-Latin	㮔	chòng
Han-Latin	㮕	ruǎn
Han-Latin	㮖	jiá
Han-Latin	㮗	qín
Han-Latin	㮘	máo
Han-Latin	㮙	è
Han-Latin	㮚	lì
Han-Latin	㮛	chí
Han-Latin	㮜	zāng
Han-Latin	㮝	hé
Han-Latin	㮞	jié
Han-Latin	㮟	niǎn
Han-Latin	㮡	guàn
Han-Latin	㮢	hóu
Han-Latin	㮣	gài
Han-Latin	㮥	bèn
Han-Latin	㮦	suǒ
Han-Latin	㮧	wū
Han-Latin	㮨	jì
Han-Latin	㮩	xī
Han-Latin	㮪	qióng
Han-Latin	㮫	hé
Han-Latin	㮬	wēng
Han-Latin	㮭	xián
Han-Latin	㮮	jié
Han-Latin	㮯	hún
Han-Latin	㮰	pí
Han-Latin	㮱	shēn
Han-Latin	㮲	chōu
Han-Latin	㮳	zhèn
Han-Latin	㮵	zhān
Han-Latin	㮶	shuò
Han-Latin	㮷	jī
Han-Latin	㮸	sòng
Han-Latin	㮹	zhǐ
Han-Latin	㮺	běn
Han-Latin	㮾	lǎng
Han-Latin	㮿	bì
Han-Latin	㯀	xuàn
Han-Latin	㯁	péi
Han-Latin	㯂	dài
Han-Latin	㯃	qī
Han-Latin	㯄	zhī
Han-Latin	㯅	pí
Han-Latin	㯆	chǎn
Han-Latin	㯇	bì
Han-Latin	㯈	sù
Han-Latin	㯉	huò
Han-Latin	㯊	hén
Han-Latin	㯋	jiǒng
Han-Latin	㯌	chuán
Han-Latin	㯍	jiǎng
Han-Latin	㯎	nèn
Han-Latin	㯏	gǔ
Han-Latin	㯐	fǎng
Han-Latin	㯓	tà
Han-Latin	㯔	cuì
Han-Latin	㯕	xī
Han-Latin	㯖	dé
Han-Latin	㯗	xián
Han-Latin	㯘	kuǎn
Han-Latin	㯙	zhé
Han-Latin	㯚	tā
Han-Latin	㯛	hú
Han-Latin	㯜	cuì
Han-Latin	㯝	lù
Han-Latin	㯞	juàn
Han-Latin	㯟	lù
Han-Latin	㯠	qiàn
Han-Latin	㯡	pào
Han-Latin	㯢	zhèn
Han-Latin	㯤	lì
Han-Latin	㯥	cáo
Han-Latin	㯦	qí
Han-Latin	㯩	tì
Han-Latin	㯪	líng
Han-Latin	㯫	qú
Han-Latin	㯬	liǎn
Han-Latin	㯭	lǔ
Han-Latin	㯮	shú
Han-Latin	㯯	gòng
Han-Latin	㯰	zhé
Han-Latin	㯱	pāo
Han-Latin	㯲	jìn
Han-Latin	㯳	qíng
Han-Latin	㯶	zōng
Han-Latin	㯷	pú
Han-Latin	㯸	jǐn
Han-Latin	㯹	biǎo
Han-Latin	㯺	jiàn
Han-Latin	㯻	gǔn
Han-Latin	㯽	bīn
Han-Latin	㯾	zāo
Han-Latin	㯿	liè
Han-Latin	㰀	lí
Han-Latin	㰁	luǒ
Han-Latin	㰂	shěn
Han-Latin	㰃	mián
Han-Latin	㰄	jiàn
Han-Latin	㰅	dí
Han-Latin	㰆	bèi
Han-Latin	㰈	liǎn
Han-Latin	㰊	xián
Han-Latin	㰋	pín
Han-Latin	㰌	què
Han-Latin	㰍	lóng
Han-Latin	㰎	zuì
Han-Latin	㰐	jué
Han-Latin	㰑	shān
Han-Latin	㰒	xué
Han-Latin	㰔	xiè
Han-Latin	㰖	lǎn
Han-Latin	㰗	qí
Han-Latin	㰘	yí
Han-Latin	㰙	nuó
Han-Latin	㰚	lí
Han-Latin	㰛	yuè
Han-Latin	㰝	yǐ
Han-Latin	㰞	chī
Han-Latin	㰟	jì
Han-Latin	㰠	hāng
Han-Latin	㰡	xiè
Han-Latin	㰢	kēng
Han-Latin	㰣	zī
Han-Latin	㰤	hē
Han-Latin	㰥	xì
Han-Latin	㰦	qù
Han-Latin	㰧	hāi
Han-Latin	㰨	xiā
Han-Latin	㰩	hāi
Han-Latin	㰪	guī
Han-Latin	㰫	chān
Han-Latin	㰬	xún
Han-Latin	㰭	xū
Han-Latin	㰮	shèn
Han-Latin	㰯	kòu
Han-Latin	㰰	xiā
Han-Latin	㰱	shà
Han-Latin	㰲	yū
Han-Latin	㰳	yà
Han-Latin	㰴	pǒu
Han-Latin	㰵	zú
Han-Latin	㰶	yǒu
Han-Latin	㰷	zì
Han-Latin	㰸	liǎn
Han-Latin	㰹	xiān
Han-Latin	㰺	xià
Han-Latin	㰻	yǐ
Han-Latin	㰼	shà
Han-Latin	㰽	yàn
Han-Latin	㰾	jiào
Han-Latin	㰿	xī
Han-Latin	㱀	chǐ
Han-Latin	㱁	shì
Han-Latin	㱂	kāng
Han-Latin	㱃	yǐn
Han-Latin	㱄	hēi
Han-Latin	㱅	yì
Han-Latin	㱆	xī
Han-Latin	㱇	sè
Han-Latin	㱈	jìn
Han-Latin	㱉	yè
Han-Latin	㱊	yōu
Han-Latin	㱋	què
Han-Latin	㱌	yé
Han-Latin	㱍	luán
Han-Latin	㱎	kūn
Han-Latin	㱏	zhèng
Han-Latin	㱔	xiē
Han-Latin	㱖	cuì
Han-Latin	㱗	xiū
Han-Latin	㱘	àn
Han-Latin	㱙	xiǔ
Han-Latin	㱚	cán
Han-Latin	㱛	chuǎn
Han-Latin	㱜	zhá
Han-Latin	㱞	yì
Han-Latin	㱟	pī
Han-Latin	㱠	kū
Han-Latin	㱡	shēng
Han-Latin	㱢	láng
Han-Latin	㱣	tuǐ
Han-Latin	㱤	xī
Han-Latin	㱥	líng
Han-Latin	㱦	qī
Han-Latin	㱧	wò
Han-Latin	㱨	liàn
Han-Latin	㱩	dú
Han-Latin	㱪	mèn
Han-Latin	㱫	làn
Han-Latin	㱬	wěi
Han-Latin	㱭	duàn
Han-Latin	㱮	kuài
Han-Latin	㱯	ái
Han-Latin	㱰	zǎi
Han-Latin	㱱	huì
Han-Latin	㱲	yì
Han-Latin	㱳	mò
Han-Latin	㱴	zì
Han-Latin	㱵	fèn
Han-Latin	㱶	péng
Han-Latin	㱸	bì
Han-Latin	㱹	lì
Han-Latin	㱺	lú
Han-Latin	㱻	luò
Han-Latin	㱼	hāi
Han-Latin	㱽	zhěn
Han-Latin	㱾	gāi
Han-Latin	㱿	què
Han-Latin	㲀	zhēn
Han-Latin	㲁	kōng
Han-Latin	㲂	chéng
Han-Latin	㲃	jiù
Han-Latin	㲄	jué
Han-Latin	㲅	jì
Han-Latin	㲆	líng
Han-Latin	㲈	sháo
Han-Latin	㲉	què
Han-Latin	㲊	ruì
Han-Latin	㲋	chuò
Han-Latin	㲌	nèng
Han-Latin	㲍	zhī
Han-Latin	㲎	lóu
Han-Latin	㲏	pāo
Han-Latin	㲒	bào
Han-Latin	㲓	róng
Han-Latin	㲔	xiān
Han-Latin	㲕	lèi
Han-Latin	㲖	xiāo
Han-Latin	㲗	fū
Han-Latin	㲘	qú
Han-Latin	㲚	shā
Han-Latin	㲛	zhǐ
Han-Latin	㲜	tán
Han-Latin	㲝	rǒng
Han-Latin	㲞	sū
Han-Latin	㲟	yǐng
Han-Latin	㲠	máo
Han-Latin	㲡	nài
Han-Latin	㲢	biàn
Han-Latin	㲤	shuāi
Han-Latin	㲥	táng
Han-Latin	㲦	hàn
Han-Latin	㲧	sào
Han-Latin	㲨	róng
Han-Latin	㲪	dēng
Han-Latin	㲫	pú
Han-Latin	㲬	jiāo
Han-Latin	㲭	tǎn
Han-Latin	㲯	rán
Han-Latin	㲰	níng
Han-Latin	㲱	liè
Han-Latin	㲲	dié
Han-Latin	㲳	dié
Han-Latin	㲴	zhòng
Han-Latin	㲶	lǜ
Han-Latin	㲷	dàn
Han-Latin	㲸	xī
Han-Latin	㲹	guǐ
Han-Latin	㲺	jí
Han-Latin	㲻	nì
Han-Latin	㲼	yì
Han-Latin	㲽	niàn
Han-Latin	㲾	yǔ
Han-Latin	㲿	wǎng
Han-Latin	㳀	guò
Han-Latin	㳁	zè
Han-Latin	㳂	yán
Han-Latin	㳃	cuì
Han-Latin	㳄	xián
Han-Latin	㳅	jiǎo
Han-Latin	㳆	tǒu
Han-Latin	㳇	fù
Han-Latin	㳈	pèi
Han-Latin	㳊	yōu
Han-Latin	㳋	qiū
Han-Latin	㳌	yā
Han-Latin	㳍	bù
Han-Latin	㳎	biàn
Han-Latin	㳏	shì
Han-Latin	㳐	zhá
Han-Latin	㳑	yì
Han-Latin	㳒	biàn
Han-Latin	㳔	duì
Han-Latin	㳕	lán
Han-Latin	㳖	yī
Han-Latin	㳗	chài
Han-Latin	㳘	chōng
Han-Latin	㳙	xuàn
Han-Latin	㳚	xù
Han-Latin	㳛	yú
Han-Latin	㳜	xiū
Han-Latin	㳠	tà
Han-Latin	㳡	guō
Han-Latin	㳥	lòng
Han-Latin	㳦	xiè
Han-Latin	㳧	chè
Han-Latin	㳨	jiǎn
Han-Latin	㳩	tān
Han-Latin	㳪	pì
Han-Latin	㳫	zǎn
Han-Latin	㳬	xuán
Han-Latin	㳭	xián
Han-Latin	㳮	niào
Han-Latin	㳴	mì
Han-Latin	㳵	jì
Han-Latin	㳶	nǒu
Han-Latin	㳷	hū
Han-Latin	㳸	huā
Han-Latin	㳹	wǎng
Han-Latin	㳺	yóu
Han-Latin	㳻	zé
Han-Latin	㳼	bì
Han-Latin	㳽	mǐ
Han-Latin	㳾	qiāng
Han-Latin	㳿	xiè
Han-Latin	㴀	fàn
Han-Latin	㴁	yì
Han-Latin	㴂	tān
Han-Latin	㴃	lèi
Han-Latin	㴄	yǒng
Han-Latin	㴆	jìn
Han-Latin	㴇	shè
Han-Latin	㴈	yìn
Han-Latin	㴉	jǐ
Han-Latin	㴋	sù
Han-Latin	㴎	nài
Han-Latin	㴏	wǎng
Han-Latin	㴐	miàn
Han-Latin	㴑	sù
Han-Latin	㴒	yì
Han-Latin	㴓	shāi
Han-Latin	㴔	jí
Han-Latin	㴕	jí
Han-Latin	㴖	luò
Han-Latin	㴗	yōu
Han-Latin	㴘	mào
Han-Latin	㴙	zhǎ
Han-Latin	㴚	suì
Han-Latin	㴛	zhì
Han-Latin	㴜	biàn
Han-Latin	㴝	lí
Han-Latin	㴥	qiào
Han-Latin	㴦	guàn
Han-Latin	㴧	xī
Han-Latin	㴨	zhèn
Han-Latin	㴩	yōng
Han-Latin	㴪	niè
Han-Latin	㴫	jùn
Han-Latin	㴬	xiè
Han-Latin	㴭	yǎo
Han-Latin	㴮	xiè
Han-Latin	㴯	zhī
Han-Latin	㴰	néng
Han-Latin	㴲	sī
Han-Latin	㴳	lǒng
Han-Latin	㴴	chén
Han-Latin	㴵	mì
Han-Latin	㴶	què
Han-Latin	㴷	dān
Han-Latin	㴸	shǎn
Han-Latin	㴼	sù
Han-Latin	㴽	xiè
Han-Latin	㴾	bó
Han-Latin	㴿	dǐng
Han-Latin	㵀	zú
Han-Latin	㵂	shù
Han-Latin	㵃	shé
Han-Latin	㵄	hàn
Han-Latin	㵅	tān
Han-Latin	㵆	gǎo
Han-Latin	㵊	nà
Han-Latin	㵋	mì
Han-Latin	㵌	xún
Han-Latin	㵍	mèn
Han-Latin	㵎	jiàn
Han-Latin	㵏	cuǐ
Han-Latin	㵐	jué
Han-Latin	㵑	hè
Han-Latin	㵒	fèi
Han-Latin	㵓	shí
Han-Latin	㵔	chě
Han-Latin	㵕	shèn
Han-Latin	㵖	nǜ
Han-Latin	㵗	píng
Han-Latin	㵘	màn
Han-Latin	㵝	yì
Han-Latin	㵞	chóu
Han-Latin	㵠	kū
Han-Latin	㵡	báo
Han-Latin	㵢	léi
Han-Latin	㵣	kě
Han-Latin	㵤	shà
Han-Latin	㵥	mì
Han-Latin	㵦	suí
Han-Latin	㵧	gé
Han-Latin	㵨	pì
Han-Latin	㵩	yì
Han-Latin	㵪	xián
Han-Latin	㵫	nì
Han-Latin	㵬	yíng
Han-Latin	㵭	zhǔ
Han-Latin	㵮	chún
Han-Latin	㵯	féng
Han-Latin	㵰	xù
Han-Latin	㵱	piǎo
Han-Latin	㵲	wǔ
Han-Latin	㵳	liáo
Han-Latin	㵴	cáng
Han-Latin	㵵	zòu
Han-Latin	㵶	zuō
Han-Latin	㵷	biàn
Han-Latin	㵸	yào
Han-Latin	㵹	huán
Han-Latin	㵺	pài
Han-Latin	㵻	xiū
Han-Latin	㵽	lěi
Han-Latin	㵾	qìng
Han-Latin	㵿	xiào
Han-Latin	㶀	jiāo
Han-Latin	㶁	guó
Han-Latin	㶄	yán
Han-Latin	㶅	xué
Han-Latin	㶆	zhū
Han-Latin	㶇	héng
Han-Latin	㶈	yíng
Han-Latin	㶉	xī
Han-Latin	㶌	lián
Han-Latin	㶍	xiǎn
Han-Latin	㶎	huán
Han-Latin	㶏	yīn
Han-Latin	㶑	liàn
Han-Latin	㶒	shǎn
Han-Latin	㶓	cáng
Han-Latin	㶔	bèi
Han-Latin	㶕	jiǎn
Han-Latin	㶖	shù
Han-Latin	㶗	fàn
Han-Latin	㶘	diàn
Han-Latin	㶚	bà
Han-Latin	㶛	yú
Han-Latin	㶞	nǎng
Han-Latin	㶟	lěi
Han-Latin	㶠	yì
Han-Latin	㶡	dài
Han-Latin	㶣	chán
Han-Latin	㶤	chǎo
Han-Latin	㶥	gān
Han-Latin	㶦	jìn
Han-Latin	㶧	nèn
Han-Latin	㶫	liǎo
Han-Latin	㶬	mò
Han-Latin	㶭	yǒu
Han-Latin	㶯	liù
Han-Latin	㶰	hán
Han-Latin	㶲	yòng
Han-Latin	㶳	jìn
Han-Latin	㶴	chǐ
Han-Latin	㶵	rèn
Han-Latin	㶶	nóng
Han-Latin	㶹	hòng
Han-Latin	㶺	tiàn
Han-Latin	㶼	āi
Han-Latin	㶽	guā
Han-Latin	㶾	biāo
Han-Latin	㶿	bó
Han-Latin	㷀	qióng
Han-Latin	㷂	shù
Han-Latin	㷃	chuǐ
Han-Latin	㷄	huǐ
Han-Latin	㷅	chǎo
Han-Latin	㷆	fù
Han-Latin	㷇	huī
Han-Latin	㷈	è
Han-Latin	㷉	wèi
Han-Latin	㷊	fén
Han-Latin	㷋	tán
Han-Latin	㷍	lún
Han-Latin	㷎	hè
Han-Latin	㷏	yǒng
Han-Latin	㷐	huǐ
Han-Latin	㷒	yú
Han-Latin	㷓	zǒng
Han-Latin	㷔	yàn
Han-Latin	㷕	qiú
Han-Latin	㷖	zhào
Han-Latin	㷗	jiǒng
Han-Latin	㷘	tái
Han-Latin	㷟	tuì
Han-Latin	㷠	lín
Han-Latin	㷡	jiǒng
Han-Latin	㷢	zhǎ
Han-Latin	㷣	xīng
Han-Latin	㷤	hù
Han-Latin	㷦	xù
Han-Latin	㷪	cuì
Han-Latin	㷫	qǐng
Han-Latin	㷬	mò
Han-Latin	㷮	zāo
Han-Latin	㷯	bèng
Han-Latin	㷰	chī
Han-Latin	㷳	yàn
Han-Latin	㷴	gé
Han-Latin	㷵	mò
Han-Latin	㷶	bèi
Han-Latin	㷷	juǎn
Han-Latin	㷸	dié
Han-Latin	㷹	zhào
Han-Latin	㷻	wú
Han-Latin	㷼	yàn
Han-Latin	㷾	jué
Han-Latin	㷿	xiān
Han-Latin	㸀	tái
Han-Latin	㸁	hǎn
Han-Latin	㸃	diǎn
Han-Latin	㸄	jì
Han-Latin	㸅	jié
Han-Latin	㸆	kào
Han-Latin	㸇	zuǎn
Han-Latin	㸉	xiè
Han-Latin	㸊	lài
Han-Latin	㸋	fán
Han-Latin	㸌	huò
Han-Latin	㸍	xì
Han-Latin	㸎	niè
Han-Latin	㸏	mí
Han-Latin	㸐	rán
Han-Latin	㸑	cuàn
Han-Latin	㸒	yín
Han-Latin	㸓	mì
Han-Latin	㸕	jué
Han-Latin	㸖	qū
Han-Latin	㸗	tóng
Han-Latin	㸘	wàn
Han-Latin	㸙	zhē
Han-Latin	㸚	lǐ
Han-Latin	㸛	sháo
Han-Latin	㸜	kòng
Han-Latin	㸝	xiān
Han-Latin	㸞	zhé
Han-Latin	㸟	zhī
Han-Latin	㸠	tiǎo
Han-Latin	㸡	shū
Han-Latin	㸢	bèi
Han-Latin	㸣	yè
Han-Latin	㸤	piàn
Han-Latin	㸥	chàn
Han-Latin	㸦	hù
Han-Latin	㸧	kèn
Han-Latin	㸨	jiū
Han-Latin	㸩	ān
Han-Latin	㸪	chún
Han-Latin	㸫	qián
Han-Latin	㸬	bèi
Han-Latin	㸭	bā
Han-Latin	㸮	fén
Han-Latin	㸯	kē
Han-Latin	㸰	tuó
Han-Latin	㸱	tuó
Han-Latin	㸲	zuó
Han-Latin	㸳	líng
Han-Latin	㸵	guǐ
Han-Latin	㸶	yān
Han-Latin	㸷	shì
Han-Latin	㸸	hǒu
Han-Latin	㸹	liè
Han-Latin	㸺	shā
Han-Latin	㸻	sì
Han-Latin	㸽	bèi
Han-Latin	㸾	rèn
Han-Latin	㸿	dú
Han-Latin	㹀	bó
Han-Latin	㹁	liáng
Han-Latin	㹂	qiǎn
Han-Latin	㹃	fèi
Han-Latin	㹄	jì
Han-Latin	㹅	zǒng
Han-Latin	㹆	huī
Han-Latin	㹇	hé
Han-Latin	㹈	lí
Han-Latin	㹉	yuán
Han-Latin	㹊	yuè
Han-Latin	㹋	xiū
Han-Latin	㹌	chǎn
Han-Latin	㹍	dí
Han-Latin	㹎	léi
Han-Latin	㹏	jǐn
Han-Latin	㹐	chóng
Han-Latin	㹑	sì
Han-Latin	㹒	pǔ
Han-Latin	㹓	yǎo
Han-Latin	㹔	jiāng
Han-Latin	㹕	huān
Han-Latin	㹖	huàn
Han-Latin	㹗	tāo
Han-Latin	㹘	rù
Han-Latin	㹙	wěng
Han-Latin	㹚	yíng
Han-Latin	㹛	ráo
Han-Latin	㹜	yín
Han-Latin	㹝	shì
Han-Latin	㹞	yín
Han-Latin	㹟	jué
Han-Latin	㹠	tún
Han-Latin	㹡	xuán
Han-Latin	㹢	jiā
Han-Latin	㹣	zhōng
Han-Latin	㹤	qiè
Han-Latin	㹥	zhù
Han-Latin	㹦	diāo
Han-Latin	㹨	yòu
Han-Latin	㹫	yí
Han-Latin	㹬	shǐ
Han-Latin	㹭	yì
Han-Latin	㹮	mò
Han-Latin	㹱	què
Han-Latin	㹲	xiāo
Han-Latin	㹳	wú
Han-Latin	㹴	gēng
Han-Latin	㹵	yǐng
Han-Latin	㹶	tíng
Han-Latin	㹷	shǐ
Han-Latin	㹸	ní
Han-Latin	㹹	gēng
Han-Latin	㹺	tà
Han-Latin	㹻	wō
Han-Latin	㹼	jú
Han-Latin	㹽	chǎn
Han-Latin	㹾	piǎo
Han-Latin	㹿	zhuó
Han-Latin	㺀	hū
Han-Latin	㺁	nǎo
Han-Latin	㺂	yán
Han-Latin	㺃	gǒu
Han-Latin	㺄	yǔ
Han-Latin	㺅	hóu
Han-Latin	㺇	sī
Han-Latin	㺈	chī
Han-Latin	㺉	hù
Han-Latin	㺊	yàng
Han-Latin	㺋	wēng
Han-Latin	㺌	xiàn
Han-Latin	㺍	pín
Han-Latin	㺎	róng
Han-Latin	㺏	lóu
Han-Latin	㺐	lǎo
Han-Latin	㺑	shān
Han-Latin	㺒	xiāo
Han-Latin	㺓	zé
Han-Latin	㺔	hài
Han-Latin	㺕	fán
Han-Latin	㺖	hǎn
Han-Latin	㺗	chān
Han-Latin	㺘	zhàn
Han-Latin	㺚	tǎ
Han-Latin	㺛	zhù
Han-Latin	㺜	nóng
Han-Latin	㺝	hàn
Han-Latin	㺞	yú
Han-Latin	㺟	zhuó
Han-Latin	㺠	yòu
Han-Latin	㺡	lì
Han-Latin	㺢	huò
Han-Latin	㺣	xī
Han-Latin	㺤	xiān
Han-Latin	㺥	chán
Han-Latin	㺦	lián
Han-Latin	㺨	sī
Han-Latin	㺩	jiù
Han-Latin	㺪	pú
Han-Latin	㺫	qiú
Han-Latin	㺬	gǒng
Han-Latin	㺭	zǐ
Han-Latin	㺮	yú
Han-Latin	㺱	réng
Han-Latin	㺲	niǔ
Han-Latin	㺳	méi
Han-Latin	㺴	bā
Han-Latin	㺵	jiú
Han-Latin	㺷	xù
Han-Latin	㺸	píng
Han-Latin	㺹	biàn
Han-Latin	㺺	mào
Han-Latin	㺿	yí
Han-Latin	㻀	yú
Han-Latin	㻂	píng
Han-Latin	㻃	qū
Han-Latin	㻄	bǎo
Han-Latin	㻅	huì
Han-Latin	㻉	bù
Han-Latin	㻊	máng
Han-Latin	㻋	là
Han-Latin	㻌	tú
Han-Latin	㻍	wú
Han-Latin	㻎	lì
Han-Latin	㻏	líng
Han-Latin	㻑	jì
Han-Latin	㻒	jùn
Han-Latin	㻓	zōu
Han-Latin	㻔	duǒ
Han-Latin	㻕	jué
Han-Latin	㻖	dài
Han-Latin	㻗	bèi
Han-Latin	㻝	là
Han-Latin	㻞	bīn
Han-Latin	㻟	suí
Han-Latin	㻠	tú
Han-Latin	㻡	xuē
Han-Latin	㻧	duò
Han-Latin	㻪	suì
Han-Latin	㻫	bì
Han-Latin	㻬	tū
Han-Latin	㻭	sè
Han-Latin	㻮	càn
Han-Latin	㻯	tú
Han-Latin	㻰	miǎn
Han-Latin	㻱	jīn
Han-Latin	㻲	lǚ
Han-Latin	㻵	zhàn
Han-Latin	㻶	bǐ
Han-Latin	㻷	jí
Han-Latin	㻸	zēn
Han-Latin	㻹	xuān
Han-Latin	㻺	lì
Han-Latin	㻽	suì
Han-Latin	㻾	yōng
Han-Latin	㻿	shǔ
Han-Latin	㼂	é
Han-Latin	㼆	yíng
Han-Latin	㼇	qióng
Han-Latin	㼈	luó
Han-Latin	㼉	zhèn
Han-Latin	㼊	tún
Han-Latin	㼋	gū
Han-Latin	㼌	yǔ
Han-Latin	㼍	lěi
Han-Latin	㼎	bó
Han-Latin	㼏	něi
Han-Latin	㼐	pián
Han-Latin	㼑	liàn
Han-Latin	㼒	tǎng
Han-Latin	㼓	lián
Han-Latin	㼔	wēn
Han-Latin	㼕	dāng
Han-Latin	㼖	lì
Han-Latin	㼗	tíng
Han-Latin	㼘	wǎ
Han-Latin	㼙	zhòu
Han-Latin	㼚	gāng
Han-Latin	㼛	xíng
Han-Latin	㼜	àng
Han-Latin	㼝	fàn
Han-Latin	㼞	pèng
Han-Latin	㼟	bó
Han-Latin	㼠	tuó
Han-Latin	㼡	shū
Han-Latin	㼢	yí
Han-Latin	㼣	bó
Han-Latin	㼤	qiè
Han-Latin	㼥	tǒu
Han-Latin	㼦	gǒng
Han-Latin	㼧	tóng
Han-Latin	㼨	hán
Han-Latin	㼩	chéng
Han-Latin	㼪	jié
Han-Latin	㼫	huàn
Han-Latin	㼬	xìng
Han-Latin	㼭	diàn
Han-Latin	㼮	chāi
Han-Latin	㼯	dòng
Han-Latin	㼰	pí
Han-Latin	㼱	ruǎn
Han-Latin	㼲	liè
Han-Latin	㼳	shěng
Han-Latin	㼴	ǒu
Han-Latin	㼵	dì
Han-Latin	㼶	yú
Han-Latin	㼷	chuán
Han-Latin	㼸	róng
Han-Latin	㼹	kāng
Han-Latin	㼺	táng
Han-Latin	㼻	cóng
Han-Latin	㼼	piáo
Han-Latin	㼽	chuǎng
Han-Latin	㼾	lù
Han-Latin	㼿	tóng
Han-Latin	㽀	zhèng
Han-Latin	㽁	lì
Han-Latin	㽂	sà
Han-Latin	㽃	pān
Han-Latin	㽄	sī
Han-Latin	㽆	dāng
Han-Latin	㽇	hú
Han-Latin	㽈	yì
Han-Latin	㽉	xiàn
Han-Latin	㽊	xiè
Han-Latin	㽋	luó
Han-Latin	㽌	liù
Han-Latin	㽎	tán
Han-Latin	㽏	gàn
Han-Latin	㽑	tán
Han-Latin	㽕	yóu
Han-Latin	㽖	nán
Han-Latin	㽘	gǎng
Han-Latin	㽙	jùn
Han-Latin	㽚	chì
Han-Latin	㽛	gōu
Han-Latin	㽜	wǎn
Han-Latin	㽝	lì
Han-Latin	㽞	liú
Han-Latin	㽟	liè
Han-Latin	㽠	xiá
Han-Latin	㽡	bēi
Han-Latin	㽢	ǎn
Han-Latin	㽣	yù
Han-Latin	㽤	jú
Han-Latin	㽥	róu
Han-Latin	㽦	xún
Han-Latin	㽧	zī
Han-Latin	㽨	cuó
Han-Latin	㽩	càn
Han-Latin	㽪	zěng
Han-Latin	㽫	yōng
Han-Latin	㽬	fù
Han-Latin	㽭	ruǎn
Han-Latin	㽯	xí
Han-Latin	㽰	shù
Han-Latin	㽱	jiǎo
Han-Latin	㽲	jiǎo
Han-Latin	㽳	xū
Han-Latin	㽴	zhàng
Han-Latin	㽷	shuì
Han-Latin	㽸	chén
Han-Latin	㽹	fǎn
Han-Latin	㽺	jí
Han-Latin	㽻	zhī
Han-Latin	㽽	gù
Han-Latin	㽾	wù
Han-Latin	㾀	qiè
Han-Latin	㾁	shù
Han-Latin	㾂	hāi
Han-Latin	㾃	tuó
Han-Latin	㾄	dú
Han-Latin	㾅	zǐ
Han-Latin	㾆	rán
Han-Latin	㾇	mù
Han-Latin	㾈	fù
Han-Latin	㾉	líng
Han-Latin	㾊	jí
Han-Latin	㾋	xiū
Han-Latin	㾌	xuǎn
Han-Latin	㾍	nái
Han-Latin	㾎	yā
Han-Latin	㾏	jiè
Han-Latin	㾐	lì
Han-Latin	㾑	dá
Han-Latin	㾒	rú
Han-Latin	㾓	yuān
Han-Latin	㾔	lǚ
Han-Latin	㾕	shěn
Han-Latin	㾖	lǐ
Han-Latin	㾗	liàng
Han-Latin	㾘	gěng
Han-Latin	㾙	xìn
Han-Latin	㾚	xiē
Han-Latin	㾛	qǐn
Han-Latin	㾜	qiè
Han-Latin	㾝	chè
Han-Latin	㾞	yóu
Han-Latin	㾟	bù
Han-Latin	㾠	kuáng
Han-Latin	㾡	què
Han-Latin	㾢	ài
Han-Latin	㾣	qīn
Han-Latin	㾤	qiāng
Han-Latin	㾥	chù
Han-Latin	㾦	pèi
Han-Latin	㾧	kuò
Han-Latin	㾨	yī
Han-Latin	㾩	guāi
Han-Latin	㾪	shěng
Han-Latin	㾫	piān
Han-Latin	㾭	zhòu
Han-Latin	㾮	huáng
Han-Latin	㾯	huī
Han-Latin	㾰	hú
Han-Latin	㾱	bèi
Han-Latin	㾴	zhā
Han-Latin	㾵	jì
Han-Latin	㾶	gǔ
Han-Latin	㾷	xī
Han-Latin	㾸	gǎo
Han-Latin	㾹	chái
Han-Latin	㾺	mà
Han-Latin	㾻	zhù
Han-Latin	㾼	tuǐ
Han-Latin	㾽	zhuì
Han-Latin	㾾	xiān
Han-Latin	㾿	láng
Han-Latin	㿃	zhì
Han-Latin	㿄	ài
Han-Latin	㿅	xiǎn
Han-Latin	㿆	guō
Han-Latin	㿇	xí
Han-Latin	㿉	tuǐ
Han-Latin	㿊	cǎn
Han-Latin	㿋	sào
Han-Latin	㿌	xiān
Han-Latin	㿍	jiè
Han-Latin	㿎	fèn
Han-Latin	㿏	qún
Han-Latin	㿑	yào
Han-Latin	㿒	dǎo
Han-Latin	㿓	jiá
Han-Latin	㿔	lěi
Han-Latin	㿕	yán
Han-Latin	㿖	lú
Han-Latin	㿗	tuí
Han-Latin	㿘	yíng
Han-Latin	㿙	pì
Han-Latin	㿚	luò
Han-Latin	㿛	lì
Han-Latin	㿜	biě
Han-Latin	㿞	mào
Han-Latin	㿟	bái
Han-Latin	㿠	huàng
Han-Latin	㿢	yào
Han-Latin	㿣	hē
Han-Latin	㿤	chǔn
Han-Latin	㿥	hé
Han-Latin	㿦	nìng
Han-Latin	㿧	chóu
Han-Latin	㿨	lì
Han-Latin	㿩	tǎng
Han-Latin	㿪	huán
Han-Latin	㿫	bì
Han-Latin	㿬	bā
Han-Latin	㿭	chè
Han-Latin	㿮	yàng
Han-Latin	㿯	dá
Han-Latin	㿰	áo
Han-Latin	㿱	xué
Han-Latin	㿳	zī
Han-Latin	㿴	dā
Han-Latin	㿵	rǎn
Han-Latin	㿶	bāng
Han-Latin	㿷	cuó
Han-Latin	㿸	wǎn
Han-Latin	㿹	tà
Han-Latin	㿺	báo
Han-Latin	㿻	gān
Han-Latin	㿼	yán
Han-Latin	㿽	xī
Han-Latin	㿾	zhù
Han-Latin	㿿	yǎ
Han-Latin	䀀	fàn
Han-Latin	䀁	yòu
Han-Latin	䀂	ān
Han-Latin	䀃	tuí
Han-Latin	䀄	méng
Han-Latin	䀅	shè
Han-Latin	䀆	jìn
Han-Latin	䀇	gǔ
Han-Latin	䀈	jì
Han-Latin	䀉	qiáo
Han-Latin	䀊	jiǎo
Han-Latin	䀋	yán
Han-Latin	䀌	xì
Han-Latin	䀍	kàn
Han-Latin	䀎	miǎn
Han-Latin	䀏	xuàn
Han-Latin	䀐	shān
Han-Latin	䀑	wò
Han-Latin	䀒	qiān
Han-Latin	䀓	huàn
Han-Latin	䀔	rèn
Han-Latin	䀕	zhèn
Han-Latin	䀖	tiān
Han-Latin	䀗	jué
Han-Latin	䀘	xié
Han-Latin	䀙	qì
Han-Latin	䀚	áng
Han-Latin	䀛	mèi
Han-Latin	䀜	gǔ
Han-Latin	䀞	tāo
Han-Latin	䀟	fán
Han-Latin	䀠	jù
Han-Latin	䀡	chàn
Han-Latin	䀢	shùn
Han-Latin	䀣	bì
Han-Latin	䀤	mào
Han-Latin	䀥	shuò
Han-Latin	䀦	gǔ
Han-Latin	䀧	hǒng
Han-Latin	䀨	huà
Han-Latin	䀩	luò
Han-Latin	䀪	háng
Han-Latin	䀫	jiá
Han-Latin	䀬	quán
Han-Latin	䀭	gāi
Han-Latin	䀮	huāng
Han-Latin	䀯	bǔ
Han-Latin	䀰	gǔ
Han-Latin	䀱	fēng
Han-Latin	䀲	mù
Han-Latin	䀳	ài
Han-Latin	䀴	yǐng
Han-Latin	䀵	shùn
Han-Latin	䀶	liàng
Han-Latin	䀷	jié
Han-Latin	䀸	chì
Han-Latin	䀹	jié
Han-Latin	䀺	chōu
Han-Latin	䀻	pìng
Han-Latin	䀼	chēn
Han-Latin	䀽	yán
Han-Latin	䀾	dǔ
Han-Latin	䀿	dì
Han-Latin	䁁	liàng
Han-Latin	䁂	xiàn
Han-Latin	䁃	biāo
Han-Latin	䁄	xìng
Han-Latin	䁅	měng
Han-Latin	䁆	yè
Han-Latin	䁇	mì
Han-Latin	䁈	qì
Han-Latin	䁉	qì
Han-Latin	䁊	wò
Han-Latin	䁋	xiè
Han-Latin	䁌	yù
Han-Latin	䁍	qià
Han-Latin	䁎	chéng
Han-Latin	䁏	yǎo
Han-Latin	䁐	yīng
Han-Latin	䁑	yáng
Han-Latin	䁒	jí
Han-Latin	䁓	zōng
Han-Latin	䁔	xuān
Han-Latin	䁕	mín
Han-Latin	䁖	lōu
Han-Latin	䁗	kǎi
Han-Latin	䁘	yǎo
Han-Latin	䁙	yǎn
Han-Latin	䁚	sǔn
Han-Latin	䁛	guì
Han-Latin	䁜	huàng
Han-Latin	䁝	yíng
Han-Latin	䁞	shěng
Han-Latin	䁟	chá
Han-Latin	䁠	lián
Han-Latin	䁢	xuán
Han-Latin	䁣	chuán
Han-Latin	䁤	chè
Han-Latin	䁥	nì
Han-Latin	䁦	qù
Han-Latin	䁧	miáo
Han-Latin	䁨	huò
Han-Latin	䁩	yú
Han-Latin	䁪	zhǎn
Han-Latin	䁫	hú
Han-Latin	䁬	céng
Han-Latin	䁭	biāo
Han-Latin	䁮	qián
Han-Latin	䁯	xī
Han-Latin	䁰	jiǎng
Han-Latin	䁱	kōu
Han-Latin	䁲	mái
Han-Latin	䁳	mǎng
Han-Latin	䁴	zhǎn
Han-Latin	䁵	biǎn
Han-Latin	䁶	jī
Han-Latin	䁷	jué
Han-Latin	䁸	náng
Han-Latin	䁹	bì
Han-Latin	䁺	shì
Han-Latin	䁻	shuò
Han-Latin	䁼	mò
Han-Latin	䁽	liè
Han-Latin	䁾	miè
Han-Latin	䁿	mò
Han-Latin	䂀	xī
Han-Latin	䂁	chán
Han-Latin	䂂	qú
Han-Latin	䂃	jiào
Han-Latin	䂄	huò
Han-Latin	䂅	xiān
Han-Latin	䂆	xù
Han-Latin	䂇	niǔ
Han-Latin	䂈	tóng
Han-Latin	䂉	hóu
Han-Latin	䂊	yù
Han-Latin	䂌	chōng
Han-Latin	䂍	bó
Han-Latin	䂎	zuǎn
Han-Latin	䂏	diāo
Han-Latin	䂐	zhuō
Han-Latin	䂑	jī
Han-Latin	䂒	qià
Han-Latin	䂔	xìng
Han-Latin	䂕	huì
Han-Latin	䂖	shí
Han-Latin	䂗	kū
Han-Latin	䂙	duī
Han-Latin	䂚	yáo
Han-Latin	䂛	yú
Han-Latin	䂜	bàng
Han-Latin	䂝	jié
Han-Latin	䂞	zhè
Han-Latin	䂟	jiā
Han-Latin	䂠	shǐ
Han-Latin	䂡	dǐ
Han-Latin	䂢	dǒng
Han-Latin	䂣	cí
Han-Latin	䂤	fù
Han-Latin	䂥	mín
Han-Latin	䂦	zhēn
Han-Latin	䂧	zhěn
Han-Latin	䂩	yàn
Han-Latin	䂪	qiǎo
Han-Latin	䂫	hāng
Han-Latin	䂬	gǒng
Han-Latin	䂭	qiāo
Han-Latin	䂮	lüè
Han-Latin	䂯	guài
Han-Latin	䂰	là
Han-Latin	䂱	ruì
Han-Latin	䂲	fǎ
Han-Latin	䂳	cuǒ
Han-Latin	䂴	yán
Han-Latin	䂵	gōng
Han-Latin	䂶	jié
Han-Latin	䂷	guāi
Han-Latin	䂸	guó
Han-Latin	䂹	suǒ
Han-Latin	䂺	wǒ
Han-Latin	䂻	zhèng
Han-Latin	䂼	niè
Han-Latin	䂽	diào
Han-Latin	䂾	lǎi
Han-Latin	䂿	tà
Han-Latin	䃀	cuì
Han-Latin	䃁	yā
Han-Latin	䃂	gǔn
Han-Latin	䃅	dī
Han-Latin	䃇	mián
Han-Latin	䃈	jiē
Han-Latin	䃉	mín
Han-Latin	䃊	jǔ
Han-Latin	䃋	yú
Han-Latin	䃌	zhēn
Han-Latin	䃍	zhào
Han-Latin	䃎	zhà
Han-Latin	䃏	xīng
Han-Latin	䃑	bān
Han-Latin	䃒	hé
Han-Latin	䃓	gòu
Han-Latin	䃔	hóng
Han-Latin	䃕	láo
Han-Latin	䃖	wù
Han-Latin	䃗	bō
Han-Latin	䃘	kēng
Han-Latin	䃙	lù
Han-Latin	䃚	cù
Han-Latin	䃛	lián
Han-Latin	䃜	yī
Han-Latin	䃝	qiào
Han-Latin	䃞	shú
Han-Latin	䃠	xuàn
Han-Latin	䃡	jīn
Han-Latin	䃢	qīn
Han-Latin	䃣	huǐ
Han-Latin	䃤	sù
Han-Latin	䃥	chuáng
Han-Latin	䃦	dūn
Han-Latin	䃧	lóng
Han-Latin	䃩	náo
Han-Latin	䃪	tán
Han-Latin	䃫	dǎn
Han-Latin	䃬	wěi
Han-Latin	䃭	gǎn
Han-Latin	䃮	dá
Han-Latin	䃯	lì
Han-Latin	䃰	cā
Han-Latin	䃱	xiàn
Han-Latin	䃲	pán
Han-Latin	䃳	là
Han-Latin	䃴	zhū
Han-Latin	䃵	niǎo
Han-Latin	䃶	huái
Han-Latin	䃷	yíng
Han-Latin	䃸	xiàn
Han-Latin	䃹	làn
Han-Latin	䃺	mó
Han-Latin	䃻	bà
Han-Latin	䃽	guǐ
Han-Latin	䃾	bǐ
Han-Latin	䃿	fū
Han-Latin	䄀	huò
Han-Latin	䄁	yì
Han-Latin	䄂	liù
Han-Latin	䄃	yāng
Han-Latin	䄄	yīn
Han-Latin	䄅	juàn
Han-Latin	䄆	huó
Han-Latin	䄇	chéng
Han-Latin	䄈	dòu
Han-Latin	䄉	é
Han-Latin	䄋	yǎn
Han-Latin	䄌	zhuì
Han-Latin	䄍	zhà
Han-Latin	䄎	qǐ
Han-Latin	䄏	yú
Han-Latin	䄐	quàn
Han-Latin	䄑	huó
Han-Latin	䄒	niè
Han-Latin	䄓	huáng
Han-Latin	䄔	jǔ
Han-Latin	䄕	shè
Han-Latin	䄘	péng
Han-Latin	䄙	míng
Han-Latin	䄚	cáo
Han-Latin	䄛	lóu
Han-Latin	䄜	lí
Han-Latin	䄝	chuāng
Han-Latin	䄟	cuī
Han-Latin	䄠	shàn
Han-Latin	䄡	dān
Han-Latin	䄢	qí
Han-Latin	䄤	lài
Han-Latin	䄥	líng
Han-Latin	䄦	liǎo
Han-Latin	䄧	réng
Han-Latin	䄨	yú
Han-Latin	䄩	yì
Han-Latin	䄪	diǎo
Han-Latin	䄫	qǐ
Han-Latin	䄬	yí
Han-Latin	䄭	nián
Han-Latin	䄮	fū
Han-Latin	䄯	jiǎn
Han-Latin	䄰	yá
Han-Latin	䄱	fāng
Han-Latin	䄲	ruì
Han-Latin	䄳	xiān
Han-Latin	䄶	bì
Han-Latin	䄷	shí
Han-Latin	䄸	pò
Han-Latin	䄹	nián
Han-Latin	䄺	zhì
Han-Latin	䄻	táo
Han-Latin	䄼	tiǎn
Han-Latin	䄽	tiǎn
Han-Latin	䄾	rù
Han-Latin	䄿	yì
Han-Latin	䅀	liè
Han-Latin	䅁	àn
Han-Latin	䅂	hé
Han-Latin	䅃	qióng
Han-Latin	䅄	lì
Han-Latin	䅅	guī
Han-Latin	䅆	zì
Han-Latin	䅇	sù
Han-Latin	䅈	yuàn
Han-Latin	䅉	yà
Han-Latin	䅊	chá
Han-Latin	䅋	wǎn
Han-Latin	䅌	juān
Han-Latin	䅍	tǐng
Han-Latin	䅎	yǒu
Han-Latin	䅏	huì
Han-Latin	䅐	jiǎn
Han-Latin	䅑	ruí
Han-Latin	䅒	máng
Han-Latin	䅓	jǔ
Han-Latin	䅔	zī
Han-Latin	䅕	jū
Han-Latin	䅖	ān
Han-Latin	䅗	suì
Han-Latin	䅘	lái
Han-Latin	䅙	hùn
Han-Latin	䅚	quǎn
Han-Latin	䅛	chāng
Han-Latin	䅜	duò
Han-Latin	䅝	kōng
Han-Latin	䅞	nè
Han-Latin	䅟	cǎn
Han-Latin	䅠	tí
Han-Latin	䅡	xǔ
Han-Latin	䅢	jiù
Han-Latin	䅣	huáng
Han-Latin	䅤	qì
Han-Latin	䅥	jié
Han-Latin	䅦	máo
Han-Latin	䅧	yān
Han-Latin	䅩	zhǐ
Han-Latin	䅪	tuí
Han-Latin	䅬	ài
Han-Latin	䅭	páng
Han-Latin	䅮	càng
Han-Latin	䅯	táng
Han-Latin	䅰	ěn
Han-Latin	䅱	hùn
Han-Latin	䅲	qí
Han-Latin	䅳	chú
Han-Latin	䅴	suǒ
Han-Latin	䅵	zhuó
Han-Latin	䅶	nòu
Han-Latin	䅷	tú
Han-Latin	䅸	shēn
Han-Latin	䅹	lǒu
Han-Latin	䅺	biāo
Han-Latin	䅻	lí
Han-Latin	䅼	mán
Han-Latin	䅽	xīn
Han-Latin	䅾	cén
Han-Latin	䅿	huáng
Han-Latin	䆀	měi
Han-Latin	䆁	gāo
Han-Latin	䆂	lián
Han-Latin	䆃	dào
Han-Latin	䆄	zhǎn
Han-Latin	䆅	zī
Han-Latin	䆈	zhì
Han-Latin	䆉	bà
Han-Latin	䆊	cuì
Han-Latin	䆋	qiū
Han-Latin	䆍	lóng
Han-Latin	䆎	xiān
Han-Latin	䆏	fèi
Han-Latin	䆐	guó
Han-Latin	䆑	chéng
Han-Latin	䆒	jiù
Han-Latin	䆓	è
Han-Latin	䆔	chōng
Han-Latin	䆕	yuè
Han-Latin	䆖	hóng
Han-Latin	䆗	yǎo
Han-Latin	䆘	yā
Han-Latin	䆙	yáo
Han-Latin	䆚	tóng
Han-Latin	䆛	zhà
Han-Latin	䆜	yòu
Han-Latin	䆝	xuè
Han-Latin	䆞	yǎo
Han-Latin	䆟	kè
Han-Latin	䆠	huàn
Han-Latin	䆡	láng
Han-Latin	䆢	yuè
Han-Latin	䆣	chén
Han-Latin	䆦	shèn
Han-Latin	䆨	níng
Han-Latin	䆩	míng
Han-Latin	䆪	hōng
Han-Latin	䆫	chuāng
Han-Latin	䆬	yǔn
Han-Latin	䆭	xuān
Han-Latin	䆮	jìn
Han-Latin	䆯	zhuó
Han-Latin	䆰	yū
Han-Latin	䆱	tān
Han-Latin	䆲	kāng
Han-Latin	䆳	qióng
Han-Latin	䆵	chéng
Han-Latin	䆶	jiū
Han-Latin	䆷	xuè
Han-Latin	䆸	zhēng
Han-Latin	䆹	chōng
Han-Latin	䆺	pān
Han-Latin	䆻	qiào
Han-Latin	䆽	qú
Han-Latin	䆾	lán
Han-Latin	䆿	yì
Han-Latin	䇀	róng
Han-Latin	䇁	sī
Han-Latin	䇂	qiān
Han-Latin	䇃	sì
Han-Latin	䇅	fá
Han-Latin	䇇	méng
Han-Latin	䇈	huà
Han-Latin	䇋	hài
Han-Latin	䇌	qiào
Han-Latin	䇍	chù
Han-Latin	䇎	què
Han-Latin	䇏	duì
Han-Latin	䇐	lì
Han-Latin	䇑	bà
Han-Latin	䇒	jiè
Han-Latin	䇓	xū
Han-Latin	䇔	luò
Han-Latin	䇖	yǔn
Han-Latin	䇗	zhōng
Han-Latin	䇘	hù
Han-Latin	䇙	yǐn
Han-Latin	䇚	pū
Han-Latin	䇛	zhǐ
Han-Latin	䇜	qiǎn
Han-Latin	䇞	gān
Han-Latin	䇟	jiàn
Han-Latin	䇠	zhù
Han-Latin	䇡	zhù
Han-Latin	䇢	kǔ
Han-Latin	䇣	niè
Han-Latin	䇤	ruì
Han-Latin	䇥	zé
Han-Latin	䇦	ǎng
Han-Latin	䇧	zhì
Han-Latin	䇨	gòng
Han-Latin	䇩	yì
Han-Latin	䇪	chī
Han-Latin	䇫	jī
Han-Latin	䇬	zhū
Han-Latin	䇭	lǎo
Han-Latin	䇮	rèn
Han-Latin	䇯	róng
Han-Latin	䇰	zhēng
Han-Latin	䇱	nà
Han-Latin	䇲	cè
Han-Latin	䇵	yí
Han-Latin	䇶	jué
Han-Latin	䇷	bié
Han-Latin	䇸	chéng
Han-Latin	䇹	jùn
Han-Latin	䇺	dòu
Han-Latin	䇻	wěi
Han-Latin	䇼	yì
Han-Latin	䇽	zhé
Han-Latin	䇾	yán
Han-Latin	䈀	sān
Han-Latin	䈁	lún
Han-Latin	䈂	píng
Han-Latin	䈃	zhǎo
Han-Latin	䈄	hán
Han-Latin	䈅	yù
Han-Latin	䈆	dài
Han-Latin	䈇	zhào
Han-Latin	䈈	féi
Han-Latin	䈉	shà
Han-Latin	䈊	líng
Han-Latin	䈋	tà
Han-Latin	䈌	qū
Han-Latin	䈍	máng
Han-Latin	䈎	yè
Han-Latin	䈏	báo
Han-Latin	䈐	guì
Han-Latin	䈑	guǎ
Han-Latin	䈒	nǎn
Han-Latin	䈓	gé
Han-Latin	䈕	shí
Han-Latin	䈖	kē
Han-Latin	䈗	suǒ
Han-Latin	䈘	cí
Han-Latin	䈙	zhòu
Han-Latin	䈚	tái
Han-Latin	䈛	kuài
Han-Latin	䈜	qìn
Han-Latin	䈝	xū
Han-Latin	䈞	dǔ
Han-Latin	䈟	cè
Han-Latin	䈠	huǎn
Han-Latin	䈡	cōng
Han-Latin	䈢	sǎi
Han-Latin	䈣	zhèng
Han-Latin	䈤	qián
Han-Latin	䈥	jīn
Han-Latin	䈦	zōng
Han-Latin	䈧	wěi
Han-Latin	䈪	xì
Han-Latin	䈫	nà
Han-Latin	䈬	pú
Han-Latin	䈭	sōu
Han-Latin	䈮	jù
Han-Latin	䈯	zhēn
Han-Latin	䈰	shāo
Han-Latin	䈱	tāo
Han-Latin	䈲	bān
Han-Latin	䈳	tà
Han-Latin	䈴	qiàn
Han-Latin	䈵	wēng
Han-Latin	䈶	róng
Han-Latin	䈷	luò
Han-Latin	䈸	hú
Han-Latin	䈹	sǒu
Han-Latin	䈺	zhōng
Han-Latin	䈻	pú
Han-Latin	䈼	miè
Han-Latin	䈽	jīn
Han-Latin	䈾	shāo
Han-Latin	䈿	mì
Han-Latin	䉀	shù
Han-Latin	䉁	líng
Han-Latin	䉂	lěi
Han-Latin	䉃	jiǎng
Han-Latin	䉄	léng
Han-Latin	䉅	zhì
Han-Latin	䉆	diǎo
Han-Latin	䉈	sǎn
Han-Latin	䉉	gū
Han-Latin	䉊	fàn
Han-Latin	䉋	mèi
Han-Latin	䉌	suì
Han-Latin	䉍	jiǎn
Han-Latin	䉎	táng
Han-Latin	䉏	xiè
Han-Latin	䉐	kū
Han-Latin	䉑	wú
Han-Latin	䉒	fán
Han-Latin	䉓	luò
Han-Latin	䉔	cān
Han-Latin	䉕	céng
Han-Latin	䉖	líng
Han-Latin	䉗	yī
Han-Latin	䉘	cóng
Han-Latin	䉙	yún
Han-Latin	䉚	méng
Han-Latin	䉛	yù
Han-Latin	䉜	zhì
Han-Latin	䉝	yǐ
Han-Latin	䉞	dǎn
Han-Latin	䉟	huò
Han-Latin	䉠	wéi
Han-Latin	䉡	tán
Han-Latin	䉢	sè
Han-Latin	䉣	xiè
Han-Latin	䉤	sǒu
Han-Latin	䉥	sǒng
Han-Latin	䉦	qiān
Han-Latin	䉧	liú
Han-Latin	䉨	yì
Han-Latin	䉪	lèi
Han-Latin	䉫	lí
Han-Latin	䉬	fèi
Han-Latin	䉭	liè
Han-Latin	䉮	lìn
Han-Latin	䉯	xiàn
Han-Latin	䉰	xiào
Han-Latin	䉱	ōu
Han-Latin	䉲	mí
Han-Latin	䉳	xiān
Han-Latin	䉴	ráng
Han-Latin	䉵	zhuàn
Han-Latin	䉶	shuāng
Han-Latin	䉷	yán
Han-Latin	䉸	biàn
Han-Latin	䉹	líng
Han-Latin	䉺	hóng
Han-Latin	䉻	qí
Han-Latin	䉼	liào
Han-Latin	䉽	bǎn
Han-Latin	䉾	bì
Han-Latin	䉿	hú
Han-Latin	䊀	hú
Han-Latin	䊂	cè
Han-Latin	䊃	pèi
Han-Latin	䊄	qióng
Han-Latin	䊅	míng
Han-Latin	䊆	jiù
Han-Latin	䊇	bù
Han-Latin	䊈	méi
Han-Latin	䊉	sǎn
Han-Latin	䊊	wèi
Han-Latin	䊍	lí
Han-Latin	䊎	quǎn
Han-Latin	䊐	hún
Han-Latin	䊑	xiǎng
Han-Latin	䊓	shì
Han-Latin	䊔	yíng
Han-Latin	䊖	nǎn
Han-Latin	䊗	huáng
Han-Latin	䊘	jiù
Han-Latin	䊙	yān
Han-Latin	䊛	sà
Han-Latin	䊜	tuán
Han-Latin	䊝	xiè
Han-Latin	䊞	zhé
Han-Latin	䊟	mén
Han-Latin	䊠	xì
Han-Latin	䊡	mán
Han-Latin	䊣	huáng
Han-Latin	䊤	tán
Han-Latin	䊥	xiào
Han-Latin	䊦	yè
Han-Latin	䊧	bì
Han-Latin	䊨	luó
Han-Latin	䊩	fán
Han-Latin	䊪	lì
Han-Latin	䊫	cuǐ
Han-Latin	䊬	chuā
Han-Latin	䊭	dào
Han-Latin	䊮	dí
Han-Latin	䊯	kuàng
Han-Latin	䊰	chú
Han-Latin	䊱	xiān
Han-Latin	䊲	chàn
Han-Latin	䊳	mí
Han-Latin	䊴	qiàn
Han-Latin	䊵	qiú
Han-Latin	䊶	zhèn
Han-Latin	䊺	hù
Han-Latin	䊻	gān
Han-Latin	䊼	chǐ
Han-Latin	䊽	guài
Han-Latin	䊾	mù
Han-Latin	䊿	bó
Han-Latin	䋀	huà
Han-Latin	䋁	gěng
Han-Latin	䋂	yáo
Han-Latin	䋃	mào
Han-Latin	䋄	wǎng
Han-Latin	䋈	rú
Han-Latin	䋉	xué
Han-Latin	䋊	zhēng
Han-Latin	䋋	mín
Han-Latin	䋌	jiǎng
Han-Latin	䋎	zhàn
Han-Latin	䋏	zuó
Han-Latin	䋐	yuè
Han-Latin	䋑	liè
Han-Latin	䋓	zhòu
Han-Latin	䋔	bì
Han-Latin	䋕	rèn
Han-Latin	䋖	yù
Han-Latin	䋘	chuò
Han-Latin	䋙	ěr
Han-Latin	䋚	yì
Han-Latin	䋛	mǐ
Han-Latin	䋜	qìng
Han-Latin	䋞	wǎng
Han-Latin	䋟	jì
Han-Latin	䋠	bǔ
Han-Latin	䋢	biē
Han-Latin	䋣	fán
Han-Latin	䋤	yuè
Han-Latin	䋥	lí
Han-Latin	䋦	fán
Han-Latin	䋧	qú
Han-Latin	䋨	fǔ
Han-Latin	䋩	ér
Han-Latin	䋪	ē
Han-Latin	䋫	zhēng
Han-Latin	䋬	tiān
Han-Latin	䋭	yù
Han-Latin	䋮	jìn
Han-Latin	䋯	qǐ
Han-Latin	䋰	jú
Han-Latin	䋱	lái
Han-Latin	䋲	chě
Han-Latin	䋳	bèi
Han-Latin	䋴	niù
Han-Latin	䋵	yì
Han-Latin	䋶	xǔ
Han-Latin	䋷	móu
Han-Latin	䋸	xún
Han-Latin	䋹	fú
Han-Latin	䋻	nín
Han-Latin	䋼	tīng
Han-Latin	䋽	běng
Han-Latin	䋾	zhǎ
Han-Latin	䋿	wēi
Han-Latin	䌀	kē
Han-Latin	䌁	yāo
Han-Latin	䌂	òu
Han-Latin	䌃	xiāo
Han-Latin	䌄	gěng
Han-Latin	䌅	táng
Han-Latin	䌆	guì
Han-Latin	䌇	huì
Han-Latin	䌈	tā
Han-Latin	䌊	yáo
Han-Latin	䌋	dā
Han-Latin	䌌	qì
Han-Latin	䌍	jǐn
Han-Latin	䌎	lüè
Han-Latin	䌏	mì
Han-Latin	䌐	mì
Han-Latin	䌑	jiān
Han-Latin	䌒	lù
Han-Latin	䌓	fán
Han-Latin	䌔	ōu
Han-Latin	䌕	mí
Han-Latin	䌖	jié
Han-Latin	䌗	fǔ
Han-Latin	䌘	biè
Han-Latin	䌙	huàng
Han-Latin	䌚	sū
Han-Latin	䌛	yáo
Han-Latin	䌜	niè
Han-Latin	䌝	jīn
Han-Latin	䌞	liǎn
Han-Latin	䌟	bó
Han-Latin	䌠	jiān
Han-Latin	䌡	tǐ
Han-Latin	䌢	líng
Han-Latin	䌣	zuǎn
Han-Latin	䌤	shī
Han-Latin	䌥	yǐn
Han-Latin	䌦	dào
Han-Latin	䌧	chóu
Han-Latin	䌨	cā
Han-Latin	䌩	miè
Han-Latin	䌪	yǎn
Han-Latin	䌫	lǎn
Han-Latin	䌬	chóng
Han-Latin	䌭	jiāo
Han-Latin	䌮	shuāng
Han-Latin	䌯	quān
Han-Latin	䌰	niè
Han-Latin	䌱	luò
Han-Latin	䌳	shī
Han-Latin	䌴	luò
Han-Latin	䌵	zhú
Han-Latin	䌷	chōu
Han-Latin	䌸	juàn
Han-Latin	䌹	jiǒng
Han-Latin	䌺	ěr
Han-Latin	䌻	yì
Han-Latin	䌼	ruì
Han-Latin	䌽	cǎi
Han-Latin	䌾	rén
Han-Latin	䌿	fú
Han-Latin	䍀	lán
Han-Latin	䍁	suì
Han-Latin	䍂	yú
Han-Latin	䍃	yóu
Han-Latin	䍄	diǎn
Han-Latin	䍅	líng
Han-Latin	䍆	zhù
Han-Latin	䍇	tà
Han-Latin	䍈	píng
Han-Latin	䍉	zhǎi
Han-Latin	䍊	jiāo
Han-Latin	䍋	chuí
Han-Latin	䍌	bù
Han-Latin	䍍	kòu
Han-Latin	䍎	cùn
Han-Latin	䍐	hǎn
Han-Latin	䍑	hǎn
Han-Latin	䍒	mǒu
Han-Latin	䍓	hù
Han-Latin	䍔	gōng
Han-Latin	䍕	dī
Han-Latin	䍖	fú
Han-Latin	䍗	xuàn
Han-Latin	䍘	mí
Han-Latin	䍙	méi
Han-Latin	䍚	làng
Han-Latin	䍛	gù
Han-Latin	䍜	zhào
Han-Latin	䍝	tà
Han-Latin	䍞	yù
Han-Latin	䍟	zòng
Han-Latin	䍠	lí
Han-Latin	䍡	lù
Han-Latin	䍢	wú
Han-Latin	䍣	léi
Han-Latin	䍤	jǐ
Han-Latin	䍥	lì
Han-Latin	䍦	lí
Han-Latin	䍨	pō
Han-Latin	䍩	yǎng
Han-Latin	䍪	wà
Han-Latin	䍫	tuó
Han-Latin	䍬	pēng
Han-Latin	䍮	zhào
Han-Latin	䍯	guǐ
Han-Latin	䍱	xú
Han-Latin	䍲	nái
Han-Latin	䍳	què
Han-Latin	䍴	wěi
Han-Latin	䍵	zhēng
Han-Latin	䍶	dōng
Han-Latin	䍷	wěi
Han-Latin	䍸	bó
Han-Latin	䍺	huàn
Han-Latin	䍻	xuàn
Han-Latin	䍼	zān
Han-Latin	䍽	lì
Han-Latin	䍾	yǎn
Han-Latin	䍿	huáng
Han-Latin	䎀	xuè
Han-Latin	䎁	hú
Han-Latin	䎂	bǎo
Han-Latin	䎃	rǎn
Han-Latin	䎄	xiāo
Han-Latin	䎅	pò
Han-Latin	䎆	liào
Han-Latin	䎇	zhōu
Han-Latin	䎈	yì
Han-Latin	䎉	xù
Han-Latin	䎊	luò
Han-Latin	䎋	kào
Han-Latin	䎌	chù
Han-Latin	䎎	nà
Han-Latin	䎏	hán
Han-Latin	䎐	chǎo
Han-Latin	䎑	lù
Han-Latin	䎒	zhǎn
Han-Latin	䎓	tà
Han-Latin	䎔	fū
Han-Latin	䎕	hōng
Han-Latin	䎖	zēng
Han-Latin	䎗	qiáo
Han-Latin	䎘	sù
Han-Latin	䎙	pīn
Han-Latin	䎚	guàn
Han-Latin	䎜	hūn
Han-Latin	䎝	chú
Han-Latin	䎟	ér
Han-Latin	䎠	ér
Han-Latin	䎡	ruǎn
Han-Latin	䎢	qǐ
Han-Latin	䎣	sì
Han-Latin	䎤	jú
Han-Latin	䎦	yǎn
Han-Latin	䎧	bàng
Han-Latin	䎨	yè
Han-Latin	䎩	zī
Han-Latin	䎪	nè
Han-Latin	䎫	chuàng
Han-Latin	䎬	bà
Han-Latin	䎭	cāo
Han-Latin	䎮	tì
Han-Latin	䎯	hàn
Han-Latin	䎰	zuó
Han-Latin	䎱	bà
Han-Latin	䎲	yì
Han-Latin	䎳	wà
Han-Latin	䎴	gēng
Han-Latin	䎵	bì
Han-Latin	䎶	èr
Han-Latin	䎷	zhù
Han-Latin	䎸	wù
Han-Latin	䎹	wén
Han-Latin	䎺	zhì
Han-Latin	䎻	zhòu
Han-Latin	䎼	lù
Han-Latin	䎽	wén
Han-Latin	䎾	gǔn
Han-Latin	䎿	qiú
Han-Latin	䏀	là
Han-Latin	䏁	zǎi
Han-Latin	䏂	sǒu
Han-Latin	䏃	mián
Han-Latin	䏄	dǐ
Han-Latin	䏅	qì
Han-Latin	䏆	cáo
Han-Latin	䏇	piào
Han-Latin	䏈	lián
Han-Latin	䏉	shī
Han-Latin	䏊	lóng
Han-Latin	䏋	sù
Han-Latin	䏌	qì
Han-Latin	䏍	yuàn
Han-Latin	䏎	féng
Han-Latin	䏏	xū
Han-Latin	䏐	jué
Han-Latin	䏑	dì
Han-Latin	䏒	piàn
Han-Latin	䏓	guǎn
Han-Latin	䏔	niǔ
Han-Latin	䏕	rèn
Han-Latin	䏖	zhèn
Han-Latin	䏗	gài
Han-Latin	䏘	pì
Han-Latin	䏙	tǎn
Han-Latin	䏚	chǎo
Han-Latin	䏛	chǔn
Han-Latin	䏜	hē
Han-Latin	䏝	zhuān
Han-Latin	䏞	mò
Han-Latin	䏟	bié
Han-Latin	䏠	qì
Han-Latin	䏡	shì
Han-Latin	䏢	bǐ
Han-Latin	䏣	jué
Han-Latin	䏤	sì
Han-Latin	䏦	guā
Han-Latin	䏧	nà
Han-Latin	䏨	huǐ
Han-Latin	䏩	xī
Han-Latin	䏪	èr
Han-Latin	䏫	xiū
Han-Latin	䏬	móu
Han-Latin	䏮	xí
Han-Latin	䏯	zhì
Han-Latin	䏰	rùn
Han-Latin	䏱	jú
Han-Latin	䏲	tī
Han-Latin	䏳	zhè
Han-Latin	䏴	shào
Han-Latin	䏵	měng
Han-Latin	䏶	bì
Han-Latin	䏷	hàn
Han-Latin	䏸	yú
Han-Latin	䏹	xiàn
Han-Latin	䏺	pāng
Han-Latin	䏻	néng
Han-Latin	䏼	cán
Han-Latin	䏽	bù
Han-Latin	䏿	qǐ
Han-Latin	䐀	jì
Han-Latin	䐁	zhuó
Han-Latin	䐂	lù
Han-Latin	䐃	jùn
Han-Latin	䐄	xiàn
Han-Latin	䐅	xī
Han-Latin	䐆	cǎi
Han-Latin	䐇	wěn
Han-Latin	䐈	zhí
Han-Latin	䐉	zì
Han-Latin	䐊	kūn
Han-Latin	䐋	cōng
Han-Latin	䐌	tiǎn
Han-Latin	䐍	chù
Han-Latin	䐎	dī
Han-Latin	䐏	chǔn
Han-Latin	䐐	qiū
Han-Latin	䐑	zhé
Han-Latin	䐒	zhā
Han-Latin	䐓	róu
Han-Latin	䐔	bǐn
Han-Latin	䐕	jí
Han-Latin	䐖	xī
Han-Latin	䐗	zhū
Han-Latin	䐘	jué
Han-Latin	䐙	gé
Han-Latin	䐚	jī
Han-Latin	䐛	dā
Han-Latin	䐜	chēn
Han-Latin	䐝	suò
Han-Latin	䐞	ruò
Han-Latin	䐟	xiǎng
Han-Latin	䐠	huǎng
Han-Latin	䐡	qí
Han-Latin	䐢	zhù
Han-Latin	䐣	sǔn
Han-Latin	䐤	chāi
Han-Latin	䐥	wěng
Han-Latin	䐦	kē
Han-Latin	䐧	kào
Han-Latin	䐨	gǔ
Han-Latin	䐩	gāi
Han-Latin	䐪	fàn
Han-Latin	䐫	cōng
Han-Latin	䐬	cáo
Han-Latin	䐭	zhì
Han-Latin	䐮	chǎn
Han-Latin	䐯	léi
Han-Latin	䐰	xiū
Han-Latin	䐱	zhài
Han-Latin	䐲	zhé
Han-Latin	䐳	yú
Han-Latin	䐴	guì
Han-Latin	䐵	gōng
Han-Latin	䐶	zān
Han-Latin	䐷	dān
Han-Latin	䐸	huò
Han-Latin	䐹	sōu
Han-Latin	䐺	tàn
Han-Latin	䐻	gū
Han-Latin	䐼	xì
Han-Latin	䐽	mán
Han-Latin	䐾	duó
Han-Latin	䐿	ào
Han-Latin	䑀	pì
Han-Latin	䑁	wù
Han-Latin	䑂	ǎi
Han-Latin	䑃	méng
Han-Latin	䑄	pì
Han-Latin	䑅	méng
Han-Latin	䑆	yǎng
Han-Latin	䑇	zhì
Han-Latin	䑈	bó
Han-Latin	䑉	yíng
Han-Latin	䑊	wéi
Han-Latin	䑋	rǎng
Han-Latin	䑌	lán
Han-Latin	䑍	yān
Han-Latin	䑎	chǎn
Han-Latin	䑏	quán
Han-Latin	䑐	zhěn
Han-Latin	䑑	pú
Han-Latin	䑓	tái
Han-Latin	䑔	fèi
Han-Latin	䑕	shǔ
Han-Latin	䑗	dàng
Han-Latin	䑘	cuó
Han-Latin	䑙	tān
Han-Latin	䑚	tián
Han-Latin	䑛	chǐ
Han-Latin	䑜	tà
Han-Latin	䑝	jiǎ
Han-Latin	䑞	shùn
Han-Latin	䑟	huáng
Han-Latin	䑠	liǎo
Han-Latin	䑣	chēn
Han-Latin	䑤	jìn
Han-Latin	䑥	è
Han-Latin	䑦	gōu
Han-Latin	䑧	fú
Han-Latin	䑨	duò
Han-Latin	䑪	è
Han-Latin	䑫	bēng
Han-Latin	䑬	tāo
Han-Latin	䑭	dì
Han-Latin	䑯	dì
Han-Latin	䑰	bù
Han-Latin	䑱	wǎn
Han-Latin	䑲	zhào
Han-Latin	䑳	lún
Han-Latin	䑴	qí
Han-Latin	䑵	mù
Han-Latin	䑶	qiàn
Han-Latin	䑸	zōng
Han-Latin	䑹	sōu
Han-Latin	䑻	yóu
Han-Latin	䑼	zhōu
Han-Latin	䑽	tà
Han-Latin	䑿	sù
Han-Latin	䒀	bù
Han-Latin	䒁	xí
Han-Latin	䒂	jiǎng
Han-Latin	䒃	cào
Han-Latin	䒄	fù
Han-Latin	䒅	téng
Han-Latin	䒆	chè
Han-Latin	䒇	fù
Han-Latin	䒈	fèi
Han-Latin	䒉	wǔ
Han-Latin	䒊	xī
Han-Latin	䒋	yǎng
Han-Latin	䒌	mìng
Han-Latin	䒍	pǎng
Han-Latin	䒎	mǎng
Han-Latin	䒏	sēng
Han-Latin	䒐	méng
Han-Latin	䒑	cǎo
Han-Latin	䒒	tiáo
Han-Latin	䒓	kǎi
Han-Latin	䒔	bài
Han-Latin	䒕	xiǎo
Han-Latin	䒖	xìn
Han-Latin	䒗	qì
Han-Latin	䒚	shǎo
Han-Latin	䒛	huàn
Han-Latin	䒜	niú
Han-Latin	䒝	xiáo
Han-Latin	䒞	chén
Han-Latin	䒟	dān
Han-Latin	䒠	fēng
Han-Latin	䒡	yǐn
Han-Latin	䒢	áng
Han-Latin	䒣	rǎn
Han-Latin	䒤	rì
Han-Latin	䒥	mán
Han-Latin	䒦	fàn
Han-Latin	䒧	qū
Han-Latin	䒨	shǐ
Han-Latin	䒩	hé
Han-Latin	䒪	biàn
Han-Latin	䒫	dài
Han-Latin	䒬	mò
Han-Latin	䒭	děng
Han-Latin	䒰	kuāng
Han-Latin	䒲	chà
Han-Latin	䒳	duǒ
Han-Latin	䒴	yǒu
Han-Latin	䒵	hào
Han-Latin	䒷	guā
Han-Latin	䒸	xuè
Han-Latin	䒹	lèi
Han-Latin	䒺	jǐn
Han-Latin	䒻	qǐ
Han-Latin	䒼	qū
Han-Latin	䒽	wǎng
Han-Latin	䒾	yī
Han-Latin	䒿	liáo
Han-Latin	䓂	yán
Han-Latin	䓃	yì
Han-Latin	䓄	yín
Han-Latin	䓅	qí
Han-Latin	䓆	zhé
Han-Latin	䓇	xì
Han-Latin	䓈	yì
Han-Latin	䓉	yé
Han-Latin	䓊	wú
Han-Latin	䓋	zhī
Han-Latin	䓌	zhì
Han-Latin	䓍	hǎn
Han-Latin	䓎	chuò
Han-Latin	䓏	fū
Han-Latin	䓐	chún
Han-Latin	䓑	píng
Han-Latin	䓒	kuǎi
Han-Latin	䓓	chóu
Han-Latin	䓕	tuǒ
Han-Latin	䓖	qióng
Han-Latin	䓗	cōng
Han-Latin	䓘	gāo
Han-Latin	䓙	kuā
Han-Latin	䓚	qū
Han-Latin	䓛	qū
Han-Latin	䓜	zhī
Han-Latin	䓝	mèng
Han-Latin	䓞	lì
Han-Latin	䓟	zhōu
Han-Latin	䓠	tà
Han-Latin	䓡	zhī
Han-Latin	䓢	gù
Han-Latin	䓣	liǎng
Han-Latin	䓤	hū
Han-Latin	䓥	là
Han-Latin	䓦	diǎn
Han-Latin	䓧	cì
Han-Latin	䓨	yīng
Han-Latin	䓫	qí
Han-Latin	䓬	zhuó
Han-Latin	䓭	chà
Han-Latin	䓮	mào
Han-Latin	䓯	dú
Han-Latin	䓰	yīn
Han-Latin	䓱	chái
Han-Latin	䓲	ruì
Han-Latin	䓳	hěn
Han-Latin	䓴	ruǎn
Han-Latin	䓵	fū
Han-Latin	䓶	lài
Han-Latin	䓷	xìng
Han-Latin	䓸	jiān
Han-Latin	䓹	yì
Han-Latin	䓺	měi
Han-Latin	䓼	máng
Han-Latin	䓽	jì
Han-Latin	䓾	suō
Han-Latin	䓿	hàn
Han-Latin	䔁	lì
Han-Latin	䔂	zǐ
Han-Latin	䔃	zǔ
Han-Latin	䔄	yáo
Han-Latin	䔅	gē
Han-Latin	䔆	lí
Han-Latin	䔇	qǐ
Han-Latin	䔈	gòng
Han-Latin	䔉	lì
Han-Latin	䔊	bīng
Han-Latin	䔋	suō
Han-Latin	䔎	sù
Han-Latin	䔏	chòu
Han-Latin	䔐	jiān
Han-Latin	䔑	xié
Han-Latin	䔒	bèi
Han-Latin	䔓	xǔ
Han-Latin	䔔	jìng
Han-Latin	䔕	pú
Han-Latin	䔖	líng
Han-Latin	䔗	xiáng
Han-Latin	䔘	zuò
Han-Latin	䔙	diào
Han-Latin	䔚	chún
Han-Latin	䔛	qǐng
Han-Latin	䔜	nán
Han-Latin	䔝	zhāi
Han-Latin	䔞	lǜ
Han-Latin	䔟	yí
Han-Latin	䔠	shǎo
Han-Latin	䔡	yú
Han-Latin	䔢	huá
Han-Latin	䔣	lí
Han-Latin	䔤	pā
Han-Latin	䔧	lí
Han-Latin	䔪	shuǎng
Han-Latin	䔬	yì
Han-Latin	䔭	nìng
Han-Latin	䔮	sī
Han-Latin	䔯	kù
Han-Latin	䔰	fù
Han-Latin	䔱	yī
Han-Latin	䔲	dēng
Han-Latin	䔳	rán
Han-Latin	䔴	cè
Han-Latin	䔶	tí
Han-Latin	䔷	qín
Han-Latin	䔸	biǎo
Han-Latin	䔹	suì
Han-Latin	䔺	wéi
Han-Latin	䔻	dūn
Han-Latin	䔼	sè
Han-Latin	䔽	ài
Han-Latin	䔾	qì
Han-Latin	䔿	zǔn
Han-Latin	䕀	kuǎn
Han-Latin	䕁	fěi
Han-Latin	䕃	yìn
Han-Latin	䕅	sǎo
Han-Latin	䕆	dòu
Han-Latin	䕇	huì
Han-Latin	䕈	xiè
Han-Latin	䕉	zé
Han-Latin	䕊	tán
Han-Latin	䕋	táng
Han-Latin	䕌	zhì
Han-Latin	䕍	yì
Han-Latin	䕎	fú
Han-Latin	䕏	é
Han-Latin	䕑	jùn
Han-Latin	䕒	jiā
Han-Latin	䕓	chá
Han-Latin	䕔	xián
Han-Latin	䕕	màn
Han-Latin	䕗	bì
Han-Latin	䕘	líng
Han-Latin	䕙	jié
Han-Latin	䕚	kuì
Han-Latin	䕛	jiá
Han-Latin	䕝	chēng
Han-Latin	䕞	làng
Han-Latin	䕟	xīng
Han-Latin	䕠	fèi
Han-Latin	䕡	lǘ
Han-Latin	䕢	zhǎ
Han-Latin	䕣	hé
Han-Latin	䕤	jī
Han-Latin	䕥	nǐ
Han-Latin	䕦	yíng
Han-Latin	䕧	xiào
Han-Latin	䕨	téng
Han-Latin	䕩	lǎo
Han-Latin	䕪	zé
Han-Latin	䕫	kuí
Han-Latin	䕭	qián
Han-Latin	䕮	jú
Han-Latin	䕯	piáo
Han-Latin	䕰	fán
Han-Latin	䕱	tóu
Han-Latin	䕲	lǐn
Han-Latin	䕳	mí
Han-Latin	䕴	zhuó
Han-Latin	䕵	xié
Han-Latin	䕶	hù
Han-Latin	䕷	mí
Han-Latin	䕸	jiē
Han-Latin	䕹	zá
Han-Latin	䕺	cóng
Han-Latin	䕻	lì
Han-Latin	䕼	rán
Han-Latin	䕽	zhú
Han-Latin	䕾	yín
Han-Latin	䕿	hàn
Han-Latin	䖁	yì
Han-Latin	䖂	luán
Han-Latin	䖃	yuè
Han-Latin	䖄	rán
Han-Latin	䖅	líng
Han-Latin	䖆	niàng
Han-Latin	䖇	yù
Han-Latin	䖈	nüè
Han-Latin	䖊	yì
Han-Latin	䖋	nüè
Han-Latin	䖌	yì
Han-Latin	䖍	qián
Han-Latin	䖎	xiá
Han-Latin	䖏	chǔ
Han-Latin	䖐	yín
Han-Latin	䖑	mì
Han-Latin	䖒	xī
Han-Latin	䖓	nà
Han-Latin	䖔	kǎn
Han-Latin	䖕	zǔ
Han-Latin	䖖	xiá
Han-Latin	䖗	yán
Han-Latin	䖘	tú
Han-Latin	䖙	tī
Han-Latin	䖚	wū
Han-Latin	䖛	suǒ
Han-Latin	䖜	yín
Han-Latin	䖝	chóng
Han-Latin	䖞	zhǒu
Han-Latin	䖟	mǎng
Han-Latin	䖠	yuán
Han-Latin	䖡	nǜ
Han-Latin	䖢	miáo
Han-Latin	䖣	zǎo
Han-Latin	䖤	wǎn
Han-Latin	䖥	lí
Han-Latin	䖦	qū
Han-Latin	䖧	nà
Han-Latin	䖨	shí
Han-Latin	䖩	bì
Han-Latin	䖪	zī
Han-Latin	䖫	bàng
Han-Latin	䖭	juàn
Han-Latin	䖮	xiǎng
Han-Latin	䖯	kuí
Han-Latin	䖰	pài
Han-Latin	䖱	kuāng
Han-Latin	䖲	xún
Han-Latin	䖳	zhà
Han-Latin	䖴	yáo
Han-Latin	䖵	kūn
Han-Latin	䖶	huī
Han-Latin	䖷	xī
Han-Latin	䖸	é
Han-Latin	䖹	yáng
Han-Latin	䖺	tiáo
Han-Latin	䖻	yóu
Han-Latin	䖼	jué
Han-Latin	䖽	lí
Han-Latin	䖿	lí
Han-Latin	䗀	chēng
Han-Latin	䗁	jì
Han-Latin	䗂	hǔ
Han-Latin	䗃	zhàn
Han-Latin	䗄	fǔ
Han-Latin	䗅	cháng
Han-Latin	䗆	guǎn
Han-Latin	䗇	jú
Han-Latin	䗈	méng
Han-Latin	䗉	chāng
Han-Latin	䗊	tàn
Han-Latin	䗋	móu
Han-Latin	䗌	xīng
Han-Latin	䗍	lǐ
Han-Latin	䗎	yān
Han-Latin	䗏	sōu
Han-Latin	䗐	shī
Han-Latin	䗑	yì
Han-Latin	䗒	bìng
Han-Latin	䗓	cōng
Han-Latin	䗔	hóu
Han-Latin	䗕	wǎn
Han-Latin	䗖	dì
Han-Latin	䗗	jī
Han-Latin	䗘	gé
Han-Latin	䗙	hán
Han-Latin	䗚	bó
Han-Latin	䗛	xiū
Han-Latin	䗜	liú
Han-Latin	䗝	cán
Han-Latin	䗞	cán
Han-Latin	䗟	yì
Han-Latin	䗠	xuán
Han-Latin	䗡	yán
Han-Latin	䗢	zǎo
Han-Latin	䗣	hàn
Han-Latin	䗤	yóng
Han-Latin	䗥	zōng
Han-Latin	䗧	kāng
Han-Latin	䗨	yú
Han-Latin	䗩	qī
Han-Latin	䗪	zhè
Han-Latin	䗫	má
Han-Latin	䗮	shuǎng
Han-Latin	䗯	jìn
Han-Latin	䗰	guàn
Han-Latin	䗱	pú
Han-Latin	䗲	lìn
Han-Latin	䗴	tíng
Han-Latin	䗵	jiāng
Han-Latin	䗶	là
Han-Latin	䗷	yì
Han-Latin	䗸	yōng
Han-Latin	䗹	cì
Han-Latin	䗺	yǎn
Han-Latin	䗻	jié
Han-Latin	䗼	xūn
Han-Latin	䗽	wèi
Han-Latin	䗾	xiǎn
Han-Latin	䗿	níng
Han-Latin	䘀	fù
Han-Latin	䘁	gé
Han-Latin	䘃	mò
Han-Latin	䘄	zhù
Han-Latin	䘅	nái
Han-Latin	䘆	xiǎn
Han-Latin	䘇	wén
Han-Latin	䘈	lì
Han-Latin	䘉	cán
Han-Latin	䘊	miè
Han-Latin	䘋	jiān
Han-Latin	䘌	nì
Han-Latin	䘍	chài
Han-Latin	䘎	wān
Han-Latin	䘏	xù
Han-Latin	䘐	nǜ
Han-Latin	䘑	mài
Han-Latin	䘒	zuī
Han-Latin	䘓	kàn
Han-Latin	䘔	kā
Han-Latin	䘕	háng
Han-Latin	䘘	yù
Han-Latin	䘙	wèi
Han-Latin	䘚	zhú
Han-Latin	䘝	yì
Han-Latin	䘟	diāo
Han-Latin	䘠	fú
Han-Latin	䘡	bǐ
Han-Latin	䘢	zhǔ
Han-Latin	䘣	zǐ
Han-Latin	䘤	shù
Han-Latin	䘥	xiá
Han-Latin	䘦	ní
Han-Latin	䘨	jiǎo
Han-Latin	䘩	xún
Han-Latin	䘪	chōng
Han-Latin	䘫	nòu
Han-Latin	䘬	róng
Han-Latin	䘭	zhì
Han-Latin	䘮	sāng
Han-Latin	䘰	shān
Han-Latin	䘱	yù
Han-Latin	䘳	jīn
Han-Latin	䘵	lù
Han-Latin	䘶	hān
Han-Latin	䘷	biē
Han-Latin	䘸	yì
Han-Latin	䘹	zuì
Han-Latin	䘺	zhàn
Han-Latin	䘻	yù
Han-Latin	䘼	wǎn
Han-Latin	䘽	ní
Han-Latin	䘾	guǎn
Han-Latin	䘿	jué
Han-Latin	䙀	běng
Han-Latin	䙁	cán
Han-Latin	䙃	duò
Han-Latin	䙄	qì
Han-Latin	䙅	yāo
Han-Latin	䙆	kuì
Han-Latin	䙇	ruán
Han-Latin	䙈	hóu
Han-Latin	䙉	xún
Han-Latin	䙊	xiè
Han-Latin	䙌	kuì
Han-Latin	䙎	xié
Han-Latin	䙏	bó
Han-Latin	䙐	kè
Han-Latin	䙑	cuī
Han-Latin	䙒	xù
Han-Latin	䙓	bǎi
Han-Latin	䙔	ōu
Han-Latin	䙕	zǒng
Han-Latin	䙗	tì
Han-Latin	䙘	chǔ
Han-Latin	䙙	chí
Han-Latin	䙚	niǎo
Han-Latin	䙛	guàn
Han-Latin	䙜	féng
Han-Latin	䙝	xiè
Han-Latin	䙞	dēng
Han-Latin	䙟	wéi
Han-Latin	䙠	jué
Han-Latin	䙡	kuì
Han-Latin	䙢	zèng
Han-Latin	䙣	sà
Han-Latin	䙤	duǒ
Han-Latin	䙥	líng
Han-Latin	䙦	méng
Han-Latin	䙨	guǒ
Han-Latin	䙩	méng
Han-Latin	䙪	lóng
Han-Latin	䙬	yìng
Han-Latin	䙮	guàn
Han-Latin	䙯	cù
Han-Latin	䙰	lí
Han-Latin	䙱	dú
Han-Latin	䙳	biāo
Han-Latin	䙴	qiān
Han-Latin	䙵	xī
Han-Latin	䙷	dé
Han-Latin	䙸	dé
Han-Latin	䙹	xiàn
Han-Latin	䙺	lián
Han-Latin	䙼	shào
Han-Latin	䙽	xié
Han-Latin	䙾	shī
Han-Latin	䙿	wèi
Han-Latin	䚀	chēn
Han-Latin	䚂	hè
Han-Latin	䚃	yóu
Han-Latin	䚄	lù
Han-Latin	䚅	lài
Han-Latin	䚆	yǐng
Han-Latin	䚇	shěng
Han-Latin	䚈	juàn
Han-Latin	䚉	qì
Han-Latin	䚊	jiǎn
Han-Latin	䚋	yùn
Han-Latin	䚍	qì
Han-Latin	䚏	lìn
Han-Latin	䚐	jí
Han-Latin	䚑	mái
Han-Latin	䚒	chuáng
Han-Latin	䚓	niǎn
Han-Latin	䚔	bīn
Han-Latin	䚕	lì
Han-Latin	䚖	líng
Han-Latin	䚗	gāng
Han-Latin	䚘	chéng
Han-Latin	䚙	xuān
Han-Latin	䚚	xiǎn
Han-Latin	䚛	hú
Han-Latin	䚜	bī
Han-Latin	䚝	zú
Han-Latin	䚞	dǎi
Han-Latin	䚟	dǎi
Han-Latin	䚠	hùn
Han-Latin	䚡	sāi
Han-Latin	䚢	chè
Han-Latin	䚣	tí
Han-Latin	䚥	nuò
Han-Latin	䚦	zhì
Han-Latin	䚧	liú
Han-Latin	䚨	fèi
Han-Latin	䚩	jiǎo
Han-Latin	䚪	guān
Han-Latin	䚫	xí
Han-Latin	䚬	lín
Han-Latin	䚭	xuān
Han-Latin	䚮	réng
Han-Latin	䚯	tǎo
Han-Latin	䚰	pǐ
Han-Latin	䚱	xìn
Han-Latin	䚲	shàn
Han-Latin	䚳	zhì
Han-Latin	䚴	wà
Han-Latin	䚵	tǒu
Han-Latin	䚶	tiān
Han-Latin	䚷	yī
Han-Latin	䚸	xiè
Han-Latin	䚹	pǐ
Han-Latin	䚺	yáo
Han-Latin	䚻	yáo
Han-Latin	䚼	nǜ
Han-Latin	䚽	hào
Han-Latin	䚾	nín
Han-Latin	䚿	yìn
Han-Latin	䛀	fǎn
Han-Latin	䛁	nán
Han-Latin	䛂	yāo
Han-Latin	䛃	wàn
Han-Latin	䛄	yuǎn
Han-Latin	䛅	xiá
Han-Latin	䛆	zhòu
Han-Latin	䛇	yuǎn
Han-Latin	䛈	shì
Han-Latin	䛉	miàn
Han-Latin	䛊	xī
Han-Latin	䛋	jì
Han-Latin	䛌	táo
Han-Latin	䛍	fèi
Han-Latin	䛎	xuè
Han-Latin	䛏	ní
Han-Latin	䛐	cí
Han-Latin	䛑	mì
Han-Latin	䛒	biàn
Han-Latin	䛓	jiān
Han-Latin	䛔	ná
Han-Latin	䛕	yù
Han-Latin	䛖	è
Han-Latin	䛗	zhǐ
Han-Latin	䛘	rén
Han-Latin	䛙	xù
Han-Latin	䛚	lüè
Han-Latin	䛛	huì
Han-Latin	䛜	xùn
Han-Latin	䛝	náo
Han-Latin	䛞	hàn
Han-Latin	䛟	jiá
Han-Latin	䛠	dòu
Han-Latin	䛡	huà
Han-Latin	䛢	tū
Han-Latin	䛣	pīng
Han-Latin	䛤	cù
Han-Latin	䛥	xī
Han-Latin	䛦	sòng
Han-Latin	䛧	mí
Han-Latin	䛨	xìn
Han-Latin	䛩	wù
Han-Latin	䛪	qióng
Han-Latin	䛫	zhāng
Han-Latin	䛬	táo
Han-Latin	䛭	xìng
Han-Latin	䛮	jiù
Han-Latin	䛯	jù
Han-Latin	䛰	hùn
Han-Latin	䛱	tí
Han-Latin	䛲	mán
Han-Latin	䛳	yàn
Han-Latin	䛴	jī
Han-Latin	䛵	shòu
Han-Latin	䛶	lěi
Han-Latin	䛷	wǎn
Han-Latin	䛸	chè
Han-Latin	䛹	càn
Han-Latin	䛺	jiè
Han-Latin	䛻	yòu
Han-Latin	䛼	huǐ
Han-Latin	䛽	zhǎ
Han-Latin	䛾	sù
Han-Latin	䛿	gé
Han-Latin	䜀	nǎo
Han-Latin	䜁	xì
Han-Latin	䜃	duī
Han-Latin	䜄	chí
Han-Latin	䜅	wéi
Han-Latin	䜆	zhé
Han-Latin	䜇	gǔn
Han-Latin	䜈	chāo
Han-Latin	䜉	chī
Han-Latin	䜊	zāo
Han-Latin	䜋	huì
Han-Latin	䜌	luán
Han-Latin	䜍	liáo
Han-Latin	䜎	láo
Han-Latin	䜏	tuō
Han-Latin	䜐	huī
Han-Latin	䜑	wù
Han-Latin	䜒	ào
Han-Latin	䜓	shè
Han-Latin	䜔	suí
Han-Latin	䜕	mài
Han-Latin	䜖	tàn
Han-Latin	䜗	xìn
Han-Latin	䜘	jǐng
Han-Latin	䜙	án
Han-Latin	䜚	tà
Han-Latin	䜛	chán
Han-Latin	䜜	wèi
Han-Latin	䜝	tuǎn
Han-Latin	䜞	jì
Han-Latin	䜟	chén
Han-Latin	䜠	chè
Han-Latin	䜡	yù
Han-Latin	䜢	xiǎn
Han-Latin	䜣	xīn
Han-Latin	䜧	nǎo
Han-Latin	䜩	yàn
Han-Latin	䜪	qiú
Han-Latin	䜫	jiāng
Han-Latin	䜬	sǒng
Han-Latin	䜭	jùn
Han-Latin	䜮	liáo
Han-Latin	䜯	jú
Han-Latin	䜱	mǎn
Han-Latin	䜲	liè
Han-Latin	䜴	chù
Han-Latin	䜵	chǐ
Han-Latin	䜶	xiáng
Han-Latin	䜷	qīn
Han-Latin	䜸	měi
Han-Latin	䜹	shù
Han-Latin	䜺	chǎi
Han-Latin	䜻	chǐ
Han-Latin	䜼	gú
Han-Latin	䜽	yú
Han-Latin	䜾	yīn
Han-Latin	䝀	liú
Han-Latin	䝁	láo
Han-Latin	䝂	shù
Han-Latin	䝃	zhé
Han-Latin	䝄	shuāng
Han-Latin	䝅	huī
Han-Latin	䝈	è
Han-Latin	䝊	shà
Han-Latin	䝋	zòng
Han-Latin	䝌	jué
Han-Latin	䝍	jùn
Han-Latin	䝎	tuān
Han-Latin	䝏	lóu
Han-Latin	䝐	wéi
Han-Latin	䝑	chōng
Han-Latin	䝒	zhù
Han-Latin	䝓	liè
Han-Latin	䝕	zhé
Han-Latin	䝖	zhǎo
Han-Latin	䝘	yì
Han-Latin	䝙	chū
Han-Latin	䝚	ní
Han-Latin	䝛	bō
Han-Latin	䝜	suān
Han-Latin	䝝	yǐ
Han-Latin	䝞	hào
Han-Latin	䝟	yà
Han-Latin	䝠	huán
Han-Latin	䝡	màn
Han-Latin	䝢	màn
Han-Latin	䝣	qú
Han-Latin	䝤	lǎo
Han-Latin	䝥	háo
Han-Latin	䝦	zhōng
Han-Latin	䝧	mín
Han-Latin	䝨	xián
Han-Latin	䝩	zhèn
Han-Latin	䝪	shǔ
Han-Latin	䝫	zuó
Han-Latin	䝬	zhù
Han-Latin	䝭	gòu
Han-Latin	䝮	xuàn
Han-Latin	䝯	yì
Han-Latin	䝰	zhì
Han-Latin	䝱	xié
Han-Latin	䝲	jìn
Han-Latin	䝳	cán
Han-Latin	䝵	bù
Han-Latin	䝶	liáng
Han-Latin	䝷	zhī
Han-Latin	䝸	jì
Han-Latin	䝹	wǎn
Han-Latin	䝺	guàn
Han-Latin	䝻	jū
Han-Latin	䝼	jìng
Han-Latin	䝽	ài
Han-Latin	䝾	fù
Han-Latin	䝿	guì
Han-Latin	䞀	hòu
Han-Latin	䞁	yàn
Han-Latin	䞂	ruǎn
Han-Latin	䞃	zhì
Han-Latin	䞄	biào
Han-Latin	䞅	yí
Han-Latin	䞆	suǒ
Han-Latin	䞇	dié
Han-Latin	䞈	guì
Han-Latin	䞉	shèng
Han-Latin	䞊	xùn
Han-Latin	䞋	chèn
Han-Latin	䞌	shé
Han-Latin	䞍	qíng
Han-Latin	䞐	chǔn
Han-Latin	䞑	hóng
Han-Latin	䞒	dòng
Han-Latin	䞓	chēng
Han-Latin	䞔	wěi
Han-Latin	䞕	rú
Han-Latin	䞖	shǔ
Han-Latin	䞗	cāi
Han-Latin	䞘	jí
Han-Latin	䞙	zá
Han-Latin	䞚	qí
Han-Latin	䞛	yān
Han-Latin	䞜	fù
Han-Latin	䞝	yù
Han-Latin	䞞	fú
Han-Latin	䞟	pò
Han-Latin	䞠	zhī
Han-Latin	䞡	tǎn
Han-Latin	䞢	zuó
Han-Latin	䞣	chě
Han-Latin	䞤	qú
Han-Latin	䞥	yòu
Han-Latin	䞦	hé
Han-Latin	䞧	hòu
Han-Latin	䞨	guǐ
Han-Latin	䞩	è
Han-Latin	䞪	jiàng
Han-Latin	䞫	yǔn
Han-Latin	䞬	tòu
Han-Latin	䞭	cūn
Han-Latin	䞮	tū
Han-Latin	䞯	fù
Han-Latin	䞰	zuó
Han-Latin	䞱	hú
Han-Latin	䞳	bó
Han-Latin	䞴	zhāo
Han-Latin	䞵	juě
Han-Latin	䞶	tāng
Han-Latin	䞷	jué
Han-Latin	䞸	fù
Han-Latin	䞹	huáng
Han-Latin	䞺	chūn
Han-Latin	䞻	yǒng
Han-Latin	䞼	chuǐ
Han-Latin	䞽	suǒ
Han-Latin	䞾	chí
Han-Latin	䞿	qiān
Han-Latin	䟀	cāi
Han-Latin	䟁	xiáo
Han-Latin	䟂	mán
Han-Latin	䟃	cān
Han-Latin	䟄	qì
Han-Latin	䟅	jiàn
Han-Latin	䟆	bì
Han-Latin	䟇	jī
Han-Latin	䟈	zhí
Han-Latin	䟉	zhú
Han-Latin	䟊	qú
Han-Latin	䟋	zhǎn
Han-Latin	䟌	jí
Han-Latin	䟍	biān
Han-Latin	䟏	lì
Han-Latin	䟐	lì
Han-Latin	䟑	yuè
Han-Latin	䟒	quán
Han-Latin	䟓	chēng
Han-Latin	䟔	fù
Han-Latin	䟕	chà
Han-Latin	䟖	tàng
Han-Latin	䟗	shì
Han-Latin	䟘	hàng
Han-Latin	䟙	qiè
Han-Latin	䟚	qí
Han-Latin	䟛	bó
Han-Latin	䟜	nà
Han-Latin	䟝	tòu
Han-Latin	䟞	chú
Han-Latin	䟟	cù
Han-Latin	䟠	yuè
Han-Latin	䟡	zhī
Han-Latin	䟢	chén
Han-Latin	䟣	chù
Han-Latin	䟤	bì
Han-Latin	䟥	méng
Han-Latin	䟦	bá
Han-Latin	䟧	tián
Han-Latin	䟨	mín
Han-Latin	䟩	liě
Han-Latin	䟪	fěng
Han-Latin	䟫	chēng
Han-Latin	䟬	qiù
Han-Latin	䟭	tiáo
Han-Latin	䟮	fú
Han-Latin	䟯	kuò
Han-Latin	䟰	jiǎn
Han-Latin	䟴	zhèn
Han-Latin	䟵	qiú
Han-Latin	䟶	zuò
Han-Latin	䟷	chì
Han-Latin	䟸	kuí
Han-Latin	䟹	liè
Han-Latin	䟺	bèi
Han-Latin	䟻	dù
Han-Latin	䟼	wǔ
Han-Latin	䟾	zhuó
Han-Latin	䟿	lù
Han-Latin	䠀	tāng
Han-Latin	䠂	chú
Han-Latin	䠃	liǎng
Han-Latin	䠄	tiǎn
Han-Latin	䠅	kǔn
Han-Latin	䠆	cháng
Han-Latin	䠇	jué
Han-Latin	䠈	tú
Han-Latin	䠉	huàn
Han-Latin	䠊	fèi
Han-Latin	䠋	bì
Han-Latin	䠍	xiā
Han-Latin	䠎	wò
Han-Latin	䠏	jì
Han-Latin	䠐	qù
Han-Latin	䠑	kuǐ
Han-Latin	䠒	hú
Han-Latin	䠓	qiū
Han-Latin	䠔	suì
Han-Latin	䠕	cāi
Han-Latin	䠗	qiù
Han-Latin	䠘	pì
Han-Latin	䠙	páng
Han-Latin	䠚	wà
Han-Latin	䠛	yáo
Han-Latin	䠜	róng
Han-Latin	䠝	xūn
Han-Latin	䠞	cù
Han-Latin	䠟	dié
Han-Latin	䠠	chì
Han-Latin	䠡	cuó
Han-Latin	䠢	mèng
Han-Latin	䠣	xuǎn
Han-Latin	䠤	duǒ
Han-Latin	䠥	bié
Han-Latin	䠦	zhè
Han-Latin	䠧	chú
Han-Latin	䠨	chàn
Han-Latin	䠩	guì
Han-Latin	䠪	duàn
Han-Latin	䠫	zòu
Han-Latin	䠬	dèng
Han-Latin	䠭	lái
Han-Latin	䠮	téng
Han-Latin	䠯	yuè
Han-Latin	䠰	quán
Han-Latin	䠱	zhú
Han-Latin	䠲	líng
Han-Latin	䠳	chēn
Han-Latin	䠴	zhěn
Han-Latin	䠵	fù
Han-Latin	䠶	shè
Han-Latin	䠷	tiǎo
Han-Latin	䠸	kuā
Han-Latin	䠹	ái
Han-Latin	䠻	qióng
Han-Latin	䠼	shù
Han-Latin	䠽	hái
Han-Latin	䠾	shǎn
Han-Latin	䠿	wài
Han-Latin	䡀	zhǎn
Han-Latin	䡁	lǒng
Han-Latin	䡂	jiū
Han-Latin	䡃	lì
Han-Latin	䡅	chūn
Han-Latin	䡆	róng
Han-Latin	䡇	yuè
Han-Latin	䡈	jué
Han-Latin	䡉	kǎng
Han-Latin	䡊	fǎn
Han-Latin	䡋	qí
Han-Latin	䡌	hóng
Han-Latin	䡍	fú
Han-Latin	䡎	lú
Han-Latin	䡏	hóng
Han-Latin	䡐	tuó
Han-Latin	䡑	mín
Han-Latin	䡒	tián
Han-Latin	䡓	juàn
Han-Latin	䡔	qǐ
Han-Latin	䡕	zhěng
Han-Latin	䡖	qìng
Han-Latin	䡗	gǒng
Han-Latin	䡘	tián
Han-Latin	䡙	láng
Han-Latin	䡚	mào
Han-Latin	䡛	yìn
Han-Latin	䡜	lù
Han-Latin	䡝	yuān
Han-Latin	䡞	jú
Han-Latin	䡟	pì
Han-Latin	䡡	xié
Han-Latin	䡢	biàn
Han-Latin	䡣	hūn
Han-Latin	䡤	zhū
Han-Latin	䡥	róng
Han-Latin	䡦	sǎng
Han-Latin	䡧	wū
Han-Latin	䡨	chà
Han-Latin	䡩	kēng
Han-Latin	䡪	shàn
Han-Latin	䡫	péng
Han-Latin	䡬	màn
Han-Latin	䡭	xiū
Han-Latin	䡯	cōng
Han-Latin	䡰	kēng
Han-Latin	䡱	zhuǎn
Han-Latin	䡲	chán
Han-Latin	䡳	sī
Han-Latin	䡴	chōng
Han-Latin	䡵	suì
Han-Latin	䡶	pì
Han-Latin	䡷	kài
Han-Latin	䡹	zhì
Han-Latin	䡺	wèi
Han-Latin	䡻	mín
Han-Latin	䡼	líng
Han-Latin	䡽	zuān
Han-Latin	䡾	niè
Han-Latin	䡿	líng
Han-Latin	䢀	qì
Han-Latin	䢁	yuè
Han-Latin	䢃	yì
Han-Latin	䢄	xǐ
Han-Latin	䢅	chén
Han-Latin	䢇	rǒng
Han-Latin	䢈	chén
Han-Latin	䢉	nóng
Han-Latin	䢊	yóu
Han-Latin	䢋	jì
Han-Latin	䢌	bó
Han-Latin	䢍	fǎng
Han-Latin	䢐	cú
Han-Latin	䢑	dǐ
Han-Latin	䢒	jiāo
Han-Latin	䢓	yú
Han-Latin	䢔	hé
Han-Latin	䢕	xù
Han-Latin	䢖	yù
Han-Latin	䢗	qū
Han-Latin	䢙	bài
Han-Latin	䢚	gēng
Han-Latin	䢛	jiǒng
Han-Latin	䢝	yà
Han-Latin	䢞	shù
Han-Latin	䢟	yóu
Han-Latin	䢠	sòng
Han-Latin	䢡	yè
Han-Latin	䢢	càng
Han-Latin	䢣	yáo
Han-Latin	䢤	shù
Han-Latin	䢥	yán
Han-Latin	䢦	shuài
Han-Latin	䢧	liào
Han-Latin	䢨	cōng
Han-Latin	䢩	yù
Han-Latin	䢪	bó
Han-Latin	䢫	suí
Han-Latin	䢭	yàn
Han-Latin	䢮	lèi
Han-Latin	䢯	lín
Han-Latin	䢰	tī
Han-Latin	䢱	dú
Han-Latin	䢲	yuè
Han-Latin	䢳	jǐ
Han-Latin	䢵	yún
Han-Latin	䢸	jū
Han-Latin	䢹	jǔ
Han-Latin	䢺	chū
Han-Latin	䢻	chén
Han-Latin	䢼	gōng
Han-Latin	䢽	xiàng
Han-Latin	䢾	xiǎn
Han-Latin	䢿	ān
Han-Latin	䣀	guǐ
Han-Latin	䣁	yǔ
Han-Latin	䣂	lěi
Han-Latin	䣄	tú
Han-Latin	䣅	chén
Han-Latin	䣆	xíng
Han-Latin	䣇	qiú
Han-Latin	䣈	hàng
Han-Latin	䣊	dǎng
Han-Latin	䣋	cǎi
Han-Latin	䣌	dǐ
Han-Latin	䣍	yǎn
Han-Latin	䣎	zī
Han-Latin	䣐	yīng
Han-Latin	䣑	chán
Han-Latin	䣓	lí
Han-Latin	䣔	suǒ
Han-Latin	䣕	mǎ
Han-Latin	䣖	mǎ
Han-Latin	䣘	táng
Han-Latin	䣙	péi
Han-Latin	䣚	lóu
Han-Latin	䣛	qī
Han-Latin	䣜	cuó
Han-Latin	䣝	tú
Han-Latin	䣞	è
Han-Latin	䣟	cán
Han-Latin	䣠	jié
Han-Latin	䣡	yí
Han-Latin	䣢	jí
Han-Latin	䣣	dǎng
Han-Latin	䣤	jué
Han-Latin	䣥	bǐ
Han-Latin	䣦	lèi
Han-Latin	䣧	yì
Han-Latin	䣨	chún
Han-Latin	䣩	chún
Han-Latin	䣪	pò
Han-Latin	䣫	lí
Han-Latin	䣬	zǎi
Han-Latin	䣭	tài
Han-Latin	䣮	pò
Han-Latin	䣯	cú
Han-Latin	䣰	jù
Han-Latin	䣱	xù
Han-Latin	䣲	fàn
Han-Latin	䣴	xù
Han-Latin	䣵	èr
Han-Latin	䣶	huó
Han-Latin	䣷	zhū
Han-Latin	䣸	rǎn
Han-Latin	䣹	fá
Han-Latin	䣺	juān
Han-Latin	䣻	hān
Han-Latin	䣼	liáng
Han-Latin	䣽	zhī
Han-Latin	䣾	mì
Han-Latin	䣿	yū
Han-Latin	䤁	cén
Han-Latin	䤂	méi
Han-Latin	䤃	yīn
Han-Latin	䤄	miǎn
Han-Latin	䤅	tú
Han-Latin	䤆	kuí
Han-Latin	䤉	mì
Han-Latin	䤊	róng
Han-Latin	䤋	yù
Han-Latin	䤌	qiāng
Han-Latin	䤍	mí
Han-Latin	䤎	jú
Han-Latin	䤏	pǐ
Han-Latin	䤐	jǐn
Han-Latin	䤑	wàng
Han-Latin	䤒	jì
Han-Latin	䤓	méng
Han-Latin	䤔	jiàn
Han-Latin	䤕	xuè
Han-Latin	䤖	bào
Han-Latin	䤗	gǎn
Han-Latin	䤘	chǎn
Han-Latin	䤙	lì
Han-Latin	䤚	lǐ
Han-Latin	䤛	qiú
Han-Latin	䤜	dùn
Han-Latin	䤝	yìng
Han-Latin	䤞	yǔn
Han-Latin	䤟	chén
Han-Latin	䤠	zhǐ
Han-Latin	䤡	rǎn
Han-Latin	䤣	lüè
Han-Latin	䤤	kāi
Han-Latin	䤥	guǐ
Han-Latin	䤦	yuè
Han-Latin	䤧	huì
Han-Latin	䤨	pì
Han-Latin	䤩	chá
Han-Latin	䤪	duǒ
Han-Latin	䤫	chán
Han-Latin	䤬	shā
Han-Latin	䤭	shì
Han-Latin	䤮	shè
Han-Latin	䤯	xíng
Han-Latin	䤰	yíng
Han-Latin	䤱	shì
Han-Latin	䤲	chì
Han-Latin	䤳	yè
Han-Latin	䤴	hán
Han-Latin	䤵	fèi
Han-Latin	䤶	yè
Han-Latin	䤷	yǎn
Han-Latin	䤸	zuàn
Han-Latin	䤹	sōu
Han-Latin	䤺	jīn
Han-Latin	䤻	duò
Han-Latin	䤼	xiàn
Han-Latin	䤽	guān
Han-Latin	䤾	tāo
Han-Latin	䤿	qiè
Han-Latin	䥀	chǎn
Han-Latin	䥁	hán
Han-Latin	䥂	mèng
Han-Latin	䥃	yuè
Han-Latin	䥄	cù
Han-Latin	䥅	qiàn
Han-Latin	䥆	jǐn
Han-Latin	䥇	shàn
Han-Latin	䥈	mǔ
Han-Latin	䥉	yuān
Han-Latin	䥋	pēng
Han-Latin	䥌	zhèng
Han-Latin	䥍	zhì
Han-Latin	䥎	chún
Han-Latin	䥏	yǔ
Han-Latin	䥐	móu
Han-Latin	䥑	mài
Han-Latin	䥒	jiàng
Han-Latin	䥓	qī
Han-Latin	䥔	sù
Han-Latin	䥕	piě
Han-Latin	䥖	tián
Han-Latin	䥗	kuǎn
Han-Latin	䥘	cù
Han-Latin	䥙	suì
Han-Latin	䥛	jiē
Han-Latin	䥜	jiàn
Han-Latin	䥝	áo
Han-Latin	䥞	jiǎo
Han-Latin	䥟	yè
Han-Latin	䥡	yè
Han-Latin	䥢	lóng
Han-Latin	䥣	záo
Han-Latin	䥤	báo
Han-Latin	䥥	lián
Han-Latin	䥧	huán
Han-Latin	䥨	lǜ
Han-Latin	䥩	wéi
Han-Latin	䥪	xiǎn
Han-Latin	䥫	tiě
Han-Latin	䥬	bó
Han-Latin	䥭	zhèng
Han-Latin	䥮	zhú
Han-Latin	䥯	bēi
Han-Latin	䥰	méng
Han-Latin	䥱	xiě
Han-Latin	䥲	ōu
Han-Latin	䥳	yōu
Han-Latin	䥵	xiǎo
Han-Latin	䥶	lì
Han-Latin	䥷	zhá
Han-Latin	䥸	mí
Han-Latin	䥺	yé
Han-Latin	䥽	pō
Han-Latin	䥾	xiě
Han-Latin	䦂	shàn
Han-Latin	䦃	zhuō
Han-Latin	䦅	shàn
Han-Latin	䦆	jué
Han-Latin	䦇	jì
Han-Latin	䦈	jiē
Han-Latin	䦊	niǎo
Han-Latin	䦋	áo
Han-Latin	䦌	chù
Han-Latin	䦍	wù
Han-Latin	䦎	guǎn
Han-Latin	䦏	xiè
Han-Latin	䦐	tǐng
Han-Latin	䦑	xuè
Han-Latin	䦒	dàng
Han-Latin	䦓	zhān
Han-Latin	䦔	tǎn
Han-Latin	䦕	pēng
Han-Latin	䦖	xié
Han-Latin	䦗	xù
Han-Latin	䦘	xiàn
Han-Latin	䦙	sì
Han-Latin	䦚	kuà
Han-Latin	䦛	zhèng
Han-Latin	䦜	wú
Han-Latin	䦝	huō
Han-Latin	䦞	rùn
Han-Latin	䦟	chuài
Han-Latin	䦠	dū
Han-Latin	䦡	huán
Han-Latin	䦢	kuò
Han-Latin	䦣	fù
Han-Latin	䦤	chuài
Han-Latin	䦥	xián
Han-Latin	䦦	qín
Han-Latin	䦧	qié
Han-Latin	䦨	lán
Han-Latin	䦪	yà
Han-Latin	䦫	yīng
Han-Latin	䦬	què
Han-Latin	䦭	hāng
Han-Latin	䦮	chǔn
Han-Latin	䦯	zhì
Han-Latin	䦱	wěi
Han-Latin	䦲	yán
Han-Latin	䦳	xiàng
Han-Latin	䦴	yì
Han-Latin	䦵	nǐ
Han-Latin	䦶	zhèng
Han-Latin	䦷	chuài
Han-Latin	䦹	shí
Han-Latin	䦺	dīng
Han-Latin	䦻	zǐ
Han-Latin	䦼	jué
Han-Latin	䦽	xù
Han-Latin	䦾	yuán
Han-Latin	䧁	xǔ
Han-Latin	䧂	dào
Han-Latin	䧃	tián
Han-Latin	䧄	gè
Han-Latin	䧅	yí
Han-Latin	䧆	hóng
Han-Latin	䧇	yī
Han-Latin	䧉	lǐ
Han-Latin	䧊	kū
Han-Latin	䧋	xiǎn
Han-Latin	䧌	suī
Han-Latin	䧍	xì
Han-Latin	䧎	xuàn
Han-Latin	䧑	dī
Han-Latin	䧒	lái
Han-Latin	䧓	zhōu
Han-Latin	䧔	niàn
Han-Latin	䧕	chéng
Han-Latin	䧖	jiàn
Han-Latin	䧗	bì
Han-Latin	䧘	zhuàn
Han-Latin	䧙	líng
Han-Latin	䧚	hào
Han-Latin	䧛	bàng
Han-Latin	䧜	táng
Han-Latin	䧝	chī
Han-Latin	䧞	mà
Han-Latin	䧟	xiàn
Han-Latin	䧠	shuàn
Han-Latin	䧡	yōng
Han-Latin	䧢	qū
Han-Latin	䧤	pú
Han-Latin	䧥	huì
Han-Latin	䧦	wéi
Han-Latin	䧧	yǐ
Han-Latin	䧨	yè
Han-Latin	䧪	chè
Han-Latin	䧫	háo
Han-Latin	䧬	bīn
Han-Latin	䧮	xiàn
Han-Latin	䧯	chán
Han-Latin	䧰	hùn
Han-Latin	䧲	hàn
Han-Latin	䧳	cí
Han-Latin	䧴	zhī
Han-Latin	䧵	qí
Han-Latin	䧶	kuí
Han-Latin	䧷	róu
Han-Latin	䧹	yīng
Han-Latin	䧺	xióng
Han-Latin	䧼	hú
Han-Latin	䧽	cuǐ
Han-Latin	䧿	què
Han-Latin	䨀	dí
Han-Latin	䨁	wù
Han-Latin	䨂	qiū
Han-Latin	䨄	yàn
Han-Latin	䨅	liáo
Han-Latin	䨆	bì
Han-Latin	䨈	bīn
Han-Latin	䨊	yuān
Han-Latin	䨋	nüè
Han-Latin	䨌	báo
Han-Latin	䨍	yǐng
Han-Latin	䨎	hóng
Han-Latin	䨏	cí
Han-Latin	䨐	qià
Han-Latin	䨑	tí
Han-Latin	䨒	yù
Han-Latin	䨓	léi
Han-Latin	䨔	báo
Han-Latin	䨖	jì
Han-Latin	䨗	fú
Han-Latin	䨘	xiàn
Han-Latin	䨙	cén
Han-Latin	䨚	hū
Han-Latin	䨛	sè
Han-Latin	䨜	bēng
Han-Latin	䨝	qīng
Han-Latin	䨞	yǔ
Han-Latin	䨟	wā
Han-Latin	䨠	ǎi
Han-Latin	䨡	hán
Han-Latin	䨢	dàn
Han-Latin	䨣	gé
Han-Latin	䨤	dí
Han-Latin	䨥	huò
Han-Latin	䨦	pāng
Han-Latin	䨨	zhuī
Han-Latin	䨩	líng
Han-Latin	䨪	mái
Han-Latin	䨫	mài
Han-Latin	䨬	lián
Han-Latin	䨭	xiāo
Han-Latin	䨮	xuě
Han-Latin	䨯	zhèn
Han-Latin	䨰	pò
Han-Latin	䨱	fù
Han-Latin	䨲	nóu
Han-Latin	䨳	xì
Han-Latin	䨴	duì
Han-Latin	䨵	dàn
Han-Latin	䨶	yǔn
Han-Latin	䨷	xiàn
Han-Latin	䨸	yǐn
Han-Latin	䨹	shū
Han-Latin	䨺	duì
Han-Latin	䨻	bèng
Han-Latin	䨼	hù
Han-Latin	䨽	fěi
Han-Latin	䨾	fèi
Han-Latin	䨿	zá
Han-Latin	䩀	bèi
Han-Latin	䩁	fēi
Han-Latin	䩂	xiān
Han-Latin	䩃	shì
Han-Latin	䩄	miǎn
Han-Latin	䩅	zhǎn
Han-Latin	䩆	zhǎn
Han-Latin	䩇	zhān
Han-Latin	䩈	huì
Han-Latin	䩉	fǔ
Han-Latin	䩊	wǎn
Han-Latin	䩋	mǒ
Han-Latin	䩌	qiáo
Han-Latin	䩍	liǎo
Han-Latin	䩏	miè
Han-Latin	䩐	hū
Han-Latin	䩑	hóng
Han-Latin	䩒	yú
Han-Latin	䩓	qí
Han-Latin	䩔	duò
Han-Latin	䩕	áng
Han-Latin	䩗	bà
Han-Latin	䩘	dì
Han-Latin	䩙	xuàn
Han-Latin	䩚	dì
Han-Latin	䩛	bì
Han-Latin	䩜	zhòu
Han-Latin	䩝	páo
Han-Latin	䩞	tié
Han-Latin	䩟	yí
Han-Latin	䩡	jiá
Han-Latin	䩢	zhì
Han-Latin	䩣	tú
Han-Latin	䩤	xié
Han-Latin	䩥	dàn
Han-Latin	䩦	tiáo
Han-Latin	䩧	xiè
Han-Latin	䩨	chàng
Han-Latin	䩩	yuǎn
Han-Latin	䩪	guǎn
Han-Latin	䩫	liǎng
Han-Latin	䩬	běng
Han-Latin	䩮	lù
Han-Latin	䩯	jí
Han-Latin	䩰	xuàn
Han-Latin	䩱	shù
Han-Latin	䩲	dū
Han-Latin	䩳	sōu
Han-Latin	䩴	hú
Han-Latin	䩵	yùn
Han-Latin	䩶	chǎn
Han-Latin	䩷	bāng
Han-Latin	䩸	róng
Han-Latin	䩹	é
Han-Latin	䩺	wēng
Han-Latin	䩻	bà
Han-Latin	䩼	féng
Han-Latin	䩽	yū
Han-Latin	䩾	zhè
Han-Latin	䩿	fén
Han-Latin	䪀	guǎn
Han-Latin	䪁	bǔ
Han-Latin	䪂	gé
Han-Latin	䪃	dūn
Han-Latin	䪄	huáng
Han-Latin	䪅	dú
Han-Latin	䪆	tǐ
Han-Latin	䪇	bó
Han-Latin	䪈	qiàn
Han-Latin	䪉	liè
Han-Latin	䪊	lóng
Han-Latin	䪋	wèi
Han-Latin	䪌	zhàn
Han-Latin	䪍	lán
Han-Latin	䪎	suī
Han-Latin	䪏	nà
Han-Latin	䪐	bì
Han-Latin	䪑	tuó
Han-Latin	䪒	zhù
Han-Latin	䪓	diē
Han-Latin	䪔	bǔ
Han-Latin	䪕	jú
Han-Latin	䪖	pò
Han-Latin	䪗	xiá
Han-Latin	䪘	wěi
Han-Latin	䪙	pò
Han-Latin	䪚	dā
Han-Latin	䪛	fān
Han-Latin	䪜	chān
Han-Latin	䪝	hù
Han-Latin	䪞	zá
Han-Latin	䪤	fán
Han-Latin	䪥	xiè
Han-Latin	䪦	hóng
Han-Latin	䪧	chí
Han-Latin	䪨	báo
Han-Latin	䪩	yín
Han-Latin	䪫	jīng
Han-Latin	䪬	bó
Han-Latin	䪭	ruǎn
Han-Latin	䪮	chǒu
Han-Latin	䪯	yīng
Han-Latin	䪰	yī
Han-Latin	䪱	gǎi
Han-Latin	䪲	kūn
Han-Latin	䪳	yǔn
Han-Latin	䪴	zhěn
Han-Latin	䪵	yǎ
Han-Latin	䪶	jū
Han-Latin	䪷	hòu
Han-Latin	䪸	mín
Han-Latin	䪹	bāi
Han-Latin	䪺	gé
Han-Latin	䪻	biàn
Han-Latin	䪼	zhuō
Han-Latin	䪽	hào
Han-Latin	䪾	zhěn
Han-Latin	䪿	shěng
Han-Latin	䫀	gěn
Han-Latin	䫁	bì
Han-Latin	䫂	duǒ
Han-Latin	䫃	chún
Han-Latin	䫄	chuà
Han-Latin	䫅	sàn
Han-Latin	䫆	chéng
Han-Latin	䫇	rán
Han-Latin	䫈	chěn
Han-Latin	䫉	mào
Han-Latin	䫊	péi
Han-Latin	䫋	wēi
Han-Latin	䫌	pǐ
Han-Latin	䫍	fǔ
Han-Latin	䫎	zhuō
Han-Latin	䫏	qī
Han-Latin	䫐	lín
Han-Latin	䫑	yī
Han-Latin	䫒	mén
Han-Latin	䫓	wú
Han-Latin	䫔	qì
Han-Latin	䫕	dié
Han-Latin	䫖	chěn
Han-Latin	䫗	xiá
Han-Latin	䫘	hé
Han-Latin	䫙	sǎng
Han-Latin	䫚	guā
Han-Latin	䫛	hóu
Han-Latin	䫜	āo
Han-Latin	䫝	fǔ
Han-Latin	䫞	qiāo
Han-Latin	䫟	hùn
Han-Latin	䫠	pī
Han-Latin	䫡	yán
Han-Latin	䫢	sī
Han-Latin	䫣	xí
Han-Latin	䫤	míng
Han-Latin	䫥	kuǐ
Han-Latin	䫦	gé
Han-Latin	䫨	ào
Han-Latin	䫩	sǎn
Han-Latin	䫪	shuǎng
Han-Latin	䫫	lóu
Han-Latin	䫬	zhěn
Han-Latin	䫭	huì
Han-Latin	䫮	chán
Han-Latin	䫰	lìn
Han-Latin	䫱	ná
Han-Latin	䫲	hàn
Han-Latin	䫳	dú
Han-Latin	䫴	jìn
Han-Latin	䫵	mián
Han-Latin	䫶	fán
Han-Latin	䫷	è
Han-Latin	䫸	chāo
Han-Latin	䫹	hóng
Han-Latin	䫺	hóng
Han-Latin	䫻	yù
Han-Latin	䫼	xuè
Han-Latin	䫽	pāo
Han-Latin	䫾	bī
Han-Latin	䫿	chāo
Han-Latin	䬀	yǒu
Han-Latin	䬁	yí
Han-Latin	䬂	xuè
Han-Latin	䬃	sà
Han-Latin	䬄	xù
Han-Latin	䬅	lì
Han-Latin	䬆	lì
Han-Latin	䬇	yuàn
Han-Latin	䬈	duì
Han-Latin	䬉	huò
Han-Latin	䬊	shà
Han-Latin	䬋	léng
Han-Latin	䬌	pōu
Han-Latin	䬍	hū
Han-Latin	䬎	guó
Han-Latin	䬏	bù
Han-Latin	䬐	ruí
Han-Latin	䬑	wèi
Han-Latin	䬒	sōu
Han-Latin	䬓	àn
Han-Latin	䬔	yú
Han-Latin	䬕	xiāng
Han-Latin	䬖	héng
Han-Latin	䬗	yáng
Han-Latin	䬘	xiāo
Han-Latin	䬙	yáo
Han-Latin	䬛	bì
Han-Latin	䬝	héng
Han-Latin	䬞	táo
Han-Latin	䬟	liú
Han-Latin	䬡	zhù
Han-Latin	䬣	xì
Han-Latin	䬤	zàn
Han-Latin	䬥	yì
Han-Latin	䬦	dòu
Han-Latin	䬧	yuán
Han-Latin	䬨	jiù
Han-Latin	䬪	bó
Han-Latin	䬫	tí
Han-Latin	䬬	yǐng
Han-Latin	䬮	yí
Han-Latin	䬯	nián
Han-Latin	䬰	shào
Han-Latin	䬱	bèn
Han-Latin	䬲	gōu
Han-Latin	䬳	bǎn
Han-Latin	䬴	mò
Han-Latin	䬵	gāi
Han-Latin	䬶	èn
Han-Latin	䬷	shě
Han-Latin	䬹	zhì
Han-Latin	䬺	yàng
Han-Latin	䬻	jiàn
Han-Latin	䬼	yuàn
Han-Latin	䬽	shuì
Han-Latin	䬾	tí
Han-Latin	䬿	wěi
Han-Latin	䭀	xùn
Han-Latin	䭁	zhì
Han-Latin	䭂	yì
Han-Latin	䭃	rěn
Han-Latin	䭄	shì
Han-Latin	䭅	hú
Han-Latin	䭆	nè
Han-Latin	䭇	yē
Han-Latin	䭈	jiàn
Han-Latin	䭉	suǐ
Han-Latin	䭊	yǐng
Han-Latin	䭋	bǎo
Han-Latin	䭌	hú
Han-Latin	䭍	hú
Han-Latin	䭎	yè
Han-Latin	䭐	yàng
Han-Latin	䭑	lián
Han-Latin	䭒	xī
Han-Latin	䭓	èn
Han-Latin	䭔	duī
Han-Latin	䭕	zǎn
Han-Latin	䭖	zhù
Han-Latin	䭗	yǐng
Han-Latin	䭘	yǐng
Han-Latin	䭙	jǐn
Han-Latin	䭚	chuáng
Han-Latin	䭛	dàn
Han-Latin	䭝	kuài
Han-Latin	䭞	yì
Han-Latin	䭟	yè
Han-Latin	䭠	jiǎn
Han-Latin	䭡	èn
Han-Latin	䭢	níng
Han-Latin	䭣	cí
Han-Latin	䭤	qiǎn
Han-Latin	䭥	xuè
Han-Latin	䭦	bō
Han-Latin	䭧	mǐ
Han-Latin	䭨	shuì
Han-Latin	䭩	mó
Han-Latin	䭪	liáng
Han-Latin	䭫	qǐ
Han-Latin	䭬	qǐ
Han-Latin	䭭	shǒu
Han-Latin	䭮	fú
Han-Latin	䭯	bó
Han-Latin	䭰	bèng
Han-Latin	䭱	bié
Han-Latin	䭲	yǐ
Han-Latin	䭳	wèi
Han-Latin	䭴	huán
Han-Latin	䭵	fán
Han-Latin	䭶	qí
Han-Latin	䭷	máo
Han-Latin	䭸	fù
Han-Latin	䭹	áng
Han-Latin	䭺	ǎng
Han-Latin	䭻	fù
Han-Latin	䭼	qí
Han-Latin	䭽	qún
Han-Latin	䭾	tuó
Han-Latin	䭿	yì
Han-Latin	䮀	bó
Han-Latin	䮁	pián
Han-Latin	䮂	bá
Han-Latin	䮄	xuán
Han-Latin	䮇	yù
Han-Latin	䮈	chí
Han-Latin	䮉	lú
Han-Latin	䮊	yí
Han-Latin	䮋	lì
Han-Latin	䮍	niǎo
Han-Latin	䮎	xì
Han-Latin	䮏	wú
Han-Latin	䮑	lèi
Han-Latin	䮒	pū
Han-Latin	䮓	zhuō
Han-Latin	䮔	zuī
Han-Latin	䮕	zhuó
Han-Latin	䮖	chāng
Han-Latin	䮗	àn
Han-Latin	䮘	ér
Han-Latin	䮙	yù
Han-Latin	䮚	lèng
Han-Latin	䮛	fù
Han-Latin	䮜	zhá
Han-Latin	䮝	hún
Han-Latin	䮞	chǔn
Han-Latin	䮟	sōu
Han-Latin	䮠	bī
Han-Latin	䮡	bì
Han-Latin	䮢	zhá
Han-Latin	䮤	hé
Han-Latin	䮥	lì
Han-Latin	䮧	hàn
Han-Latin	䮨	zǎi
Han-Latin	䮩	gú
Han-Latin	䮪	chéng
Han-Latin	䮫	lóu
Han-Latin	䮬	mò
Han-Latin	䮭	mì
Han-Latin	䮮	mài
Han-Latin	䮯	ào
Han-Latin	䮰	zhé
Han-Latin	䮱	zhú
Han-Latin	䮲	huáng
Han-Latin	䮳	fán
Han-Latin	䮴	dèng
Han-Latin	䮵	tóng
Han-Latin	䮷	dú
Han-Latin	䮸	wò
Han-Latin	䮹	wèi
Han-Latin	䮺	jì
Han-Latin	䮻	chì
Han-Latin	䮼	lín
Han-Latin	䮽	biāo
Han-Latin	䮾	lóng
Han-Latin	䮿	jiǎn
Han-Latin	䯀	niè
Han-Latin	䯁	luó
Han-Latin	䯂	shēn
Han-Latin	䯄	guā
Han-Latin	䯅	niè
Han-Latin	䯆	yì
Han-Latin	䯇	kū
Han-Latin	䯈	wán
Han-Latin	䯉	wā
Han-Latin	䯊	qià
Han-Latin	䯋	bó
Han-Latin	䯌	kāo
Han-Latin	䯍	líng
Han-Latin	䯎	gàn
Han-Latin	䯏	guā
Han-Latin	䯐	hái
Han-Latin	䯑	kuāng
Han-Latin	䯒	héng
Han-Latin	䯓	kuī
Han-Latin	䯔	zé
Han-Latin	䯕	tīng
Han-Latin	䯖	láng
Han-Latin	䯗	bì
Han-Latin	䯘	huàn
Han-Latin	䯙	pò
Han-Latin	䯚	yǎo
Han-Latin	䯛	wàn
Han-Latin	䯜	tì
Han-Latin	䯝	suǐ
Han-Latin	䯞	kuā
Han-Latin	䯟	duì
Han-Latin	䯠	ǎo
Han-Latin	䯡	jiàn
Han-Latin	䯢	mó
Han-Latin	䯣	kuì
Han-Latin	䯤	kuài
Han-Latin	䯥	àn
Han-Latin	䯦	mà
Han-Latin	䯧	qǐng
Han-Latin	䯨	qiāo
Han-Latin	䯪	kǎo
Han-Latin	䯫	hào
Han-Latin	䯬	duǒ
Han-Latin	䯭	xiān
Han-Latin	䯮	nái
Han-Latin	䯯	suō
Han-Latin	䯰	jiè
Han-Latin	䯱	pī
Han-Latin	䯲	pā
Han-Latin	䯳	sōng
Han-Latin	䯴	cháng
Han-Latin	䯵	niè
Han-Latin	䯶	mán
Han-Latin	䯷	sōng
Han-Latin	䯸	cì
Han-Latin	䯹	xiān
Han-Latin	䯺	kuò
Han-Latin	䯼	dí
Han-Latin	䯽	póu
Han-Latin	䯾	tiáo
Han-Latin	䯿	zú
Han-Latin	䰀	wǒ
Han-Latin	䰁	fèi
Han-Latin	䰂	cài
Han-Latin	䰃	péng
Han-Latin	䰄	sāi
Han-Latin	䰆	róu
Han-Latin	䰇	qí
Han-Latin	䰈	cuó
Han-Latin	䰉	pán
Han-Latin	䰊	bó
Han-Latin	䰋	mán
Han-Latin	䰌	zǒng
Han-Latin	䰍	cì
Han-Latin	䰎	kuì
Han-Latin	䰏	jì
Han-Latin	䰐	lán
Han-Latin	䰒	méng
Han-Latin	䰓	mián
Han-Latin	䰔	pán
Han-Latin	䰕	lú
Han-Latin	䰖	zuǎn
Han-Latin	䰗	jiū
Han-Latin	䰘	liú
Han-Latin	䰙	yǐ
Han-Latin	䰚	wén
Han-Latin	䰛	lì
Han-Latin	䰜	lì
Han-Latin	䰝	zèng
Han-Latin	䰞	zhǔ
Han-Latin	䰟	hún
Han-Latin	䰠	shén
Han-Latin	䰡	chì
Han-Latin	䰢	xìng
Han-Latin	䰣	wǎng
Han-Latin	䰤	dōng
Han-Latin	䰥	huò
Han-Latin	䰦	pǐ
Han-Latin	䰧	hū
Han-Latin	䰨	mèi
Han-Latin	䰩	chě
Han-Latin	䰪	mèi
Han-Latin	䰫	chāo
Han-Latin	䰬	jú
Han-Latin	䰭	nòu
Han-Latin	䰯	yì
Han-Latin	䰰	rú
Han-Latin	䰱	líng
Han-Latin	䰲	yà
Han-Latin	䰴	qì
Han-Latin	䰵	zī
Han-Latin	䰷	bàng
Han-Latin	䰸	gōng
Han-Latin	䰹	zé
Han-Latin	䰺	jiè
Han-Latin	䰻	yú
Han-Latin	䰼	qín
Han-Latin	䰽	bèi
Han-Latin	䰾	bā
Han-Latin	䰿	tuó
Han-Latin	䱀	yāng
Han-Latin	䱁	qiáo
Han-Latin	䱂	yǒu
Han-Latin	䱃	zhì
Han-Latin	䱄	jiè
Han-Latin	䱅	mò
Han-Latin	䱆	shéng
Han-Latin	䱇	shàn
Han-Latin	䱈	qí
Han-Latin	䱉	shàn
Han-Latin	䱊	mǐ
Han-Latin	䱋	gǒng
Han-Latin	䱌	yí
Han-Latin	䱍	gèng
Han-Latin	䱎	gèng
Han-Latin	䱏	tǒu
Han-Latin	䱐	fū
Han-Latin	䱑	xué
Han-Latin	䱒	yè
Han-Latin	䱓	tíng
Han-Latin	䱔	tiáo
Han-Latin	䱕	móu
Han-Latin	䱖	liú
Han-Latin	䱗	cān
Han-Latin	䱘	lí
Han-Latin	䱙	shū
Han-Latin	䱚	lù
Han-Latin	䱛	huò
Han-Latin	䱜	cuò
Han-Latin	䱝	pái
Han-Latin	䱞	liú
Han-Latin	䱟	jù
Han-Latin	䱠	zhàn
Han-Latin	䱡	jú
Han-Latin	䱢	zhēng
Han-Latin	䱣	zú
Han-Latin	䱤	xiàn
Han-Latin	䱥	zhì
Han-Latin	䱨	là
Han-Latin	䱫	là
Han-Latin	䱬	xū
Han-Latin	䱭	gèng
Han-Latin	䱮	é
Han-Latin	䱯	mú
Han-Latin	䱰	zhòng
Han-Latin	䱱	tí
Han-Latin	䱲	yuán
Han-Latin	䱳	zhān
Han-Latin	䱴	gèng
Han-Latin	䱵	wēng
Han-Latin	䱶	láng
Han-Latin	䱷	yú
Han-Latin	䱸	sōu
Han-Latin	䱹	zhǎ
Han-Latin	䱺	hái
Han-Latin	䱻	huá
Han-Latin	䱼	zhǎn
Han-Latin	䱽	chāng
Han-Latin	䱾	lóu
Han-Latin	䱿	chàn
Han-Latin	䲀	zhì
Han-Latin	䲁	wèi
Han-Latin	䲂	xuán
Han-Latin	䲃	zǎo
Han-Latin	䲄	mín
Han-Latin	䲅	guī
Han-Latin	䲆	sū
Han-Latin	䲉	sī
Han-Latin	䲊	duò
Han-Latin	䲋	cén
Han-Latin	䲌	kuǎn
Han-Latin	䲍	téng
Han-Latin	䲎	něi
Han-Latin	䲏	láo
Han-Latin	䲐	lǔ
Han-Latin	䲑	yí
Han-Latin	䲒	xiè
Han-Latin	䲓	yǎn
Han-Latin	䲔	qíng
Han-Latin	䲕	pū
Han-Latin	䲖	chóu
Han-Latin	䲗	xián
Han-Latin	䲘	guǎn
Han-Latin	䲙	jié
Han-Latin	䲚	lài
Han-Latin	䲛	méng
Han-Latin	䲜	yè
Han-Latin	䲝	chāng
Han-Latin	䲞	lì
Han-Latin	䲟	yìn
Han-Latin	䲠	chūn
Han-Latin	䲡	qiū
Han-Latin	䲢	téng
Han-Latin	䲣	yú
Han-Latin	䲦	dài
Han-Latin	䲧	dù
Han-Latin	䲨	hóng
Han-Latin	䲪	xì
Han-Latin	䲬	qí
Han-Latin	䲮	yuán
Han-Latin	䲯	jí
Han-Latin	䲰	yùn
Han-Latin	䲱	fǎng
Han-Latin	䲲	gōng
Han-Latin	䲳	háng
Han-Latin	䲴	zhèn
Han-Latin	䲵	què
Han-Latin	䲸	jiè
Han-Latin	䲹	pí
Han-Latin	䲺	gàn
Han-Latin	䲻	xuán
Han-Latin	䲼	shēng
Han-Latin	䲽	shí
Han-Latin	䲾	qiǎo
Han-Latin	䲿	cí
Han-Latin	䳀	dié
Han-Latin	䳁	bó
Han-Latin	䳂	diāo
Han-Latin	䳃	wǎn
Han-Latin	䳄	cí
Han-Latin	䳅	zhǐ
Han-Latin	䳆	bái
Han-Latin	䳇	wǔ
Han-Latin	䳈	bǎo
Han-Latin	䳉	dàn
Han-Latin	䳊	bá
Han-Latin	䳋	tóng
Han-Latin	䳍	gōng
Han-Latin	䳎	jiù
Han-Latin	䳏	guì
Han-Latin	䳐	cì
Han-Latin	䳑	yǒu
Han-Latin	䳒	yuán
Han-Latin	䳓	lǎo
Han-Latin	䳔	jú
Han-Latin	䳕	fú
Han-Latin	䳖	niè
Han-Latin	䳗	é
Han-Latin	䳘	é
Han-Latin	䳙	xǐng
Han-Latin	䳚	kàn
Han-Latin	䳛	yàn
Han-Latin	䳜	tú
Han-Latin	䳝	pǒu
Han-Latin	䳞	běng
Han-Latin	䳟	míng
Han-Latin	䳠	shuì
Han-Latin	䳡	yàn
Han-Latin	䳢	qí
Han-Latin	䳣	yuán
Han-Latin	䳤	biē
Han-Latin	䳦	xuān
Han-Latin	䳧	hóu
Han-Latin	䳨	huáng
Han-Latin	䳩	yāo
Han-Latin	䳪	juàn
Han-Latin	䳫	kuí
Han-Latin	䳬	è
Han-Latin	䳭	jí
Han-Latin	䳮	mò
Han-Latin	䳯	chóng
Han-Latin	䳰	bǎo
Han-Latin	䳱	wù
Han-Latin	䳲	zhèn
Han-Latin	䳳	xù
Han-Latin	䳴	tà
Han-Latin	䳵	chì
Han-Latin	䳶	xī
Han-Latin	䳷	cóng
Han-Latin	䳸	má
Han-Latin	䳹	kòu
Han-Latin	䳺	yàn
Han-Latin	䳻	cán
Han-Latin	䳽	hè
Han-Latin	䳾	dēng
Han-Latin	䳿	rán
Han-Latin	䴀	tóng
Han-Latin	䴁	yù
Han-Latin	䴂	xiàng
Han-Latin	䴃	náo
Han-Latin	䴄	shùn
Han-Latin	䴅	fén
Han-Latin	䴆	pú
Han-Latin	䴇	líng
Han-Latin	䴈	ǎo
Han-Latin	䴉	huán
Han-Latin	䴊	yí
Han-Latin	䴋	huán
Han-Latin	䴌	méng
Han-Latin	䴍	yīng
Han-Latin	䴎	lěi
Han-Latin	䴏	yàn
Han-Latin	䴐	bǎo
Han-Latin	䴑	dié
Han-Latin	䴒	líng
Han-Latin	䴓	shī
Han-Latin	䴔	jiāo
Han-Latin	䴕	liè
Han-Latin	䴖	jīng
Han-Latin	䴗	jú
Han-Latin	䴘	tī
Han-Latin	䴙	pì
Han-Latin	䴚	gǎng
Han-Latin	䴛	xiāo
Han-Latin	䴜	wāi
Han-Latin	䴝	chuài
Han-Latin	䴞	dí
Han-Latin	䴟	huán
Han-Latin	䴠	yǎo
Han-Latin	䴡	lì
Han-Latin	䴢	mí
Han-Latin	䴣	hū
Han-Latin	䴤	shēng
Han-Latin	䴥	jiā
Han-Latin	䴦	yín
Han-Latin	䴧	wēi
Han-Latin	䴩	piáo
Han-Latin	䴪	lù
Han-Latin	䴫	líng
Han-Latin	䴬	yì
Han-Latin	䴭	cái
Han-Latin	䴮	shàn
Han-Latin	䴯	hū
Han-Latin	䴰	shú
Han-Latin	䴱	tuō
Han-Latin	䴲	mò
Han-Latin	䴳	huá
Han-Latin	䴴	tiè
Han-Latin	䴵	bǐng
Han-Latin	䴶	péng
Han-Latin	䴷	hún
Han-Latin	䴸	fū
Han-Latin	䴹	guǒ
Han-Latin	䴺	bù
Han-Latin	䴻	lí
Han-Latin	䴼	chàn
Han-Latin	䴽	pí
Han-Latin	䴾	cuó
Han-Latin	䴿	méng
Han-Latin	䵀	suǒ
Han-Latin	䵁	qiàng
Han-Latin	䵂	zhí
Han-Latin	䵃	kuàng
Han-Latin	䵄	fēng
Han-Latin	䵅	áo
Han-Latin	䵆	méng
Han-Latin	䵇	xiàn
Han-Latin	䵈	kù
Han-Latin	䵉	tóu
Han-Latin	䵊	tuān
Han-Latin	䵋	wěi
Han-Latin	䵌	xiān
Han-Latin	䵎	tuān
Han-Latin	䵏	lǎo
Han-Latin	䵐	chǎn
Han-Latin	䵑	nì
Han-Latin	䵒	nì
Han-Latin	䵓	lí
Han-Latin	䵔	dǒng
Han-Latin	䵕	jù
Han-Latin	䵖	qiàn
Han-Latin	䵗	bó
Han-Latin	䵘	shài
Han-Latin	䵙	zhā
Han-Latin	䵚	tǎo
Han-Latin	䵛	qiàn
Han-Latin	䵜	nǒng
Han-Latin	䵝	yì
Han-Latin	䵞	jìng
Han-Latin	䵟	gǎn
Han-Latin	䵠	dí
Han-Latin	䵡	jiǎn
Han-Latin	䵢	mèi
Han-Latin	䵣	dá
Han-Latin	䵤	jiǎn
Han-Latin	䵥	yù
Han-Latin	䵦	xiè
Han-Latin	䵧	zài
Han-Latin	䵨	máng
Han-Latin	䵩	lí
Han-Latin	䵪	gùn
Han-Latin	䵫	xūn
Han-Latin	䵬	tà
Han-Latin	䵭	zhè
Han-Latin	䵮	yàng
Han-Latin	䵯	tuǎn
Han-Latin	䵰	shāng
Han-Latin	䵱	xì
Han-Latin	䵲	qiāo
Han-Latin	䵳	wèi
Han-Latin	䵴	yìng
Han-Latin	䵵	chuā
Han-Latin	䵶	qú
Han-Latin	䵷	wā
Han-Latin	䵹	zhī
Han-Latin	䵺	tǐng
Han-Latin	䵻	gǔ
Han-Latin	䵼	shāng
Han-Latin	䵽	cà
Han-Latin	䵾	fú
Han-Latin	䵿	tiè
Han-Latin	䶀	tà
Han-Latin	䶁	tà
Han-Latin	䶂	zhuó
Han-Latin	䶃	hán
Han-Latin	䶄	píng
Han-Latin	䶅	hé
Han-Latin	䶆	zhuī
Han-Latin	䶇	zhòu
Han-Latin	䶈	bó
Han-Latin	䶉	liú
Han-Latin	䶊	nǜ
Han-Latin	䶋	xī
Han-Latin	䶌	pào
Han-Latin	䶍	dì
Han-Latin	䶎	hē
Han-Latin	䶏	tì
Han-Latin	䶐	wài
Han-Latin	䶑	tì
Han-Latin	䶒	qí
Han-Latin	䶓	jì
Han-Latin	䶔	chí
Han-Latin	䶕	bà
Han-Latin	䶖	jìn
Han-Latin	䶗	kè
Han-Latin	䶘	lì
Han-Latin	䶙	jù
Han-Latin	䶚	qǔ
Han-Latin	䶛	là
Han-Latin	䶜	gǔ
Han-Latin	䶝	qià
Han-Latin	䶞	qí
Han-Latin	䶟	xiàn
Han-Latin	䶠	jiǎn
Han-Latin	䶡	shí
Han-Latin	䶢	jiān
Han-Latin	䶣	ái
Han-Latin	䶤	huá
Han-Latin	䶥	zhā
Han-Latin	䶦	zé
Han-Latin	䶧	yǎo
Han-Latin	䶨	zhān
Han-Latin	䶩	jì
Han-Latin	䶪	chà
Han-Latin	䶫	yàn
Han-Latin	䶬	jiān
Han-Latin	䶮	yǎn
Han-Latin	䶰	jiāo
Han-Latin	䶱	tóng
Han-Latin	䶲	nán
Han-Latin	䶳	yuè
Han-Latin	䶵	chí
Han-Latin	䶷	jiào
Han-Latin	䶸	yāo
Han-Latin	䶹	zuǒ
Han-Latin	一	yī
Han-Latin	丁	dīng
Han-Latin	丂	kǎo
Han-Latin	七	qī
Han-Latin	丄	shàng
Han-Latin	丅	xià
Han-Latin	丆	hǎn
Han-Latin	万	wàn
Han-Latin	丈	zhàng
Han-Latin	三	sān
Han-Latin	上	shàng
Han-Latin	下	xià
Han-Latin	丌	jī
Han-Latin	不	bù
Han-Latin	与	yǔ
Han-Latin	丏	miǎn
Han-Latin	丐	gài
Han-Latin	丑	chǒu
Han-Latin	丒	chǒu
Han-Latin	专	zhuān
Han-Latin	且	qiě
Han-Latin	丕	pī
Han-Latin	世	shì
Han-Latin	丗	shì
Han-Latin	丘	qiū
Han-Latin	丙	bǐng
Han-Latin	业	yè
Han-Latin	丛	cóng
Han-Latin	东	dōng
Han-Latin	丝	sī
Han-Latin	丞	chéng
Han-Latin	丟	diū
Han-Latin	丠	qiū
Han-Latin	両	liǎng
Han-Latin	丢	diū
Han-Latin	丣	yǒu
Han-Latin	两	liǎng
Han-Latin	严	yán
Han-Latin	並	bìng
Han-Latin	丧	sàng
Han-Latin	丨	gǔn
Han-Latin	丩	jiū
Han-Latin	个	gè
Han-Latin	丫	yā
Han-Latin	丬	qiáng
Han-Latin	中	zhōng
Han-Latin	丮	jǐ
Han-Latin	丯	jiè
Han-Latin	丰	fēng
Han-Latin	丱	guàn
Han-Latin	串	chuàn
Han-Latin	丳	chǎn
Han-Latin	临	lín
Han-Latin	丵	zhuó
Han-Latin	丶	zhǔ
Han-Latin	丷	bā
Han-Latin	丸	wán
Han-Latin	丹	dān
Han-Latin	为	wèi
Han-Latin	主	zhǔ
Han-Latin	丼	jǐng
Han-Latin	丽	lì
Han-Latin	举	jǔ
Han-Latin	丿	piě
Han-Latin	乀	fú
Han-Latin	乁	yí
Han-Latin	乂	yì
Han-Latin	乃	nǎi
Han-Latin	乄	wǔ
Han-Latin	久	jiǔ
Han-Latin	乆	jiǔ
Han-Latin	乇	tuō
Han-Latin	么	me
Han-Latin	义	yì
Han-Latin	乊	yī
Han-Latin	之	zhī
Han-Latin	乌	wū
Han-Latin	乍	zhà
Han-Latin	乎	hū
Han-Latin	乏	fá
Han-Latin	乐	lè
Han-Latin	乑	yín
Han-Latin	乒	pīng
Han-Latin	乓	pāng
Han-Latin	乔	qiáo
Han-Latin	乕	hǔ
Han-Latin	乖	guāi
Han-Latin	乗	chéng
Han-Latin	乘	chéng
Han-Latin	乙	yǐ
Han-Latin	乚	yǐn
Han-Latin	乛	yǐ
Han-Latin	乜	miē
Han-Latin	九	jiǔ
Han-Latin	乞	qǐ
Han-Latin	也	yě
Han-Latin	习	xí
Han-Latin	乡	xiāng
Han-Latin	乢	gài
Han-Latin	乣	jiǔ
Han-Latin	乤	xià
Han-Latin	乥	hù
Han-Latin	书	shū
Han-Latin	乧	dǒu
Han-Latin	乨	shǐ
Han-Latin	乩	jī
Han-Latin	乪	náng
Han-Latin	乫	jiā
Han-Latin	乬	jù
Han-Latin	乭	shí
Han-Latin	乮	mǎo
Han-Latin	乯	hū
Han-Latin	买	mǎi
Han-Latin	乱	luàn
Han-Latin	乲	zī
Han-Latin	乳	rǔ
Han-Latin	乴	xué
Han-Latin	乵	yǎn
Han-Latin	乶	fǔ
Han-Latin	乷	shā
Han-Latin	乸	nǎ
Han-Latin	乹	gān
Han-Latin	乺	suǒ
Han-Latin	乻	yú
Han-Latin	乼	zhù
Han-Latin	乽	zhě
Han-Latin	乾	qián
Han-Latin	乿	zhì
Han-Latin	亀	guī
Han-Latin	亁	gān
Han-Latin	亂	luàn
Han-Latin	亃	lǐn
Han-Latin	亄	yì
Han-Latin	亅	jué
Han-Latin	了	le
Han-Latin	亇	gè
Han-Latin	予	yǔ
Han-Latin	争	zhēng
Han-Latin	亊	shì
Han-Latin	事	shì
Han-Latin	二	èr
Han-Latin	亍	chù
Han-Latin	于	yú
Han-Latin	亏	kuī
Han-Latin	亐	yú
Han-Latin	云	yún
Han-Latin	互	hù
Han-Latin	亓	qí
Han-Latin	五	wǔ
Han-Latin	井	jǐng
Han-Latin	亖	sì
Han-Latin	亗	suì
Han-Latin	亘	gèn
Han-Latin	亙	gèn
Han-Latin	亚	yà
Han-Latin	些	xiē
Han-Latin	亜	yà
Han-Latin	亝	qí
Han-Latin	亞	yà
Han-Latin	亟	jí
Han-Latin	亠	tóu
Han-Latin	亡	wáng
Han-Latin	亢	kàng
Han-Latin	亣	dà
Han-Latin	交	jiāo
Han-Latin	亥	hài
Han-Latin	亦	yì
Han-Latin	产	chǎn
Han-Latin	亨	hēng
Han-Latin	亩	mǔ
Han-Latin	亪	ye
Han-Latin	享	xiǎng
Han-Latin	京	jīng
Han-Latin	亭	tíng
Han-Latin	亮	liàng
Han-Latin	亯	xiǎng
Han-Latin	亰	jīng
Han-Latin	亱	yè
Han-Latin	亲	qīn
Han-Latin	亳	bó
Han-Latin	亴	yòu
Han-Latin	亵	xiè
Han-Latin	亶	dǎn
Han-Latin	亷	lián
Han-Latin	亸	duǒ
Han-Latin	亹	wěi
Han-Latin	人	rén
Han-Latin	亻	rén
Han-Latin	亼	jí
Han-Latin	亽	jí
Han-Latin	亾	wáng
Han-Latin	亿	yì
Han-Latin	什	shén
Han-Latin	仁	rén
Han-Latin	仂	lè
Han-Latin	仃	dīng
Han-Latin	仄	zè
Han-Latin	仅	jǐn
Han-Latin	仆	pū
Han-Latin	仇	chóu
Han-Latin	仈	bā
Han-Latin	仉	zhǎng
Han-Latin	今	jīn
Han-Latin	介	jiè
Han-Latin	仌	bīng
Han-Latin	仍	réng
Han-Latin	从	cóng
Han-Latin	仏	fó
Han-Latin	仐	sǎn
Han-Latin	仑	lún
Han-Latin	仒	bīng
Han-Latin	仓	cāng
Han-Latin	仔	zǐ
Han-Latin	仕	shì
Han-Latin	他	tā
Han-Latin	仗	zhàng
Han-Latin	付	fù
Han-Latin	仙	xiān
Han-Latin	仚	xiān
Han-Latin	仛	tuō
Han-Latin	仜	hóng
Han-Latin	仝	tóng
Han-Latin	仞	rèn
Han-Latin	仟	qiān
Han-Latin	仠	gǎn
Han-Latin	仡	gē
Han-Latin	仢	bó
Han-Latin	代	dài
Han-Latin	令	lìng
Han-Latin	以	yǐ
Han-Latin	仦	chào
Han-Latin	仧	cháng
Han-Latin	仨	sā
Han-Latin	仩	cháng
Han-Latin	仪	yí
Han-Latin	仫	mù
Han-Latin	们	men
Han-Latin	仭	rèn
Han-Latin	仮	fǎn
Han-Latin	仯	chào
Han-Latin	仰	yǎng
Han-Latin	仱	qián
Han-Latin	仲	zhòng
Han-Latin	仳	pǐ
Han-Latin	仴	wò
Han-Latin	仵	wǔ
Han-Latin	件	jiàn
Han-Latin	价	jià
Han-Latin	仸	yǎo
Han-Latin	仹	fēng
Han-Latin	仺	cāng
Han-Latin	任	rèn
Han-Latin	仼	wáng
Han-Latin	份	fèn
Han-Latin	仾	dī
Han-Latin	仿	fǎng
Han-Latin	伀	zhōng
Han-Latin	企	qǐ
Han-Latin	伂	pèi
Han-Latin	伃	yú
Han-Latin	伄	diào
Han-Latin	伅	dùn
Han-Latin	伆	wù
Han-Latin	伇	yì
Han-Latin	伈	xǐn
Han-Latin	伉	kàng
Han-Latin	伊	yī
Han-Latin	伋	jí
Han-Latin	伌	ài
Han-Latin	伍	wǔ
Han-Latin	伎	jì
Han-Latin	伏	fú
Han-Latin	伐	fá
Han-Latin	休	xiū
Han-Latin	伒	jìn
Han-Latin	伓	pī
Han-Latin	伔	dǎn
Han-Latin	伕	fū
Han-Latin	伖	tǎng
Han-Latin	众	zhòng
Han-Latin	优	yōu
Han-Latin	伙	huǒ
Han-Latin	会	huì
Han-Latin	伛	yǔ
Han-Latin	伜	cuì
Han-Latin	伝	yún
Han-Latin	伞	sǎn
Han-Latin	伟	wěi
Han-Latin	传	chuán
Han-Latin	伡	chē
Han-Latin	伢	yá
Han-Latin	伣	qiàn
Han-Latin	伤	shāng
Han-Latin	伥	chāng
Han-Latin	伦	lún
Han-Latin	伧	cāng
Han-Latin	伨	xùn
Han-Latin	伩	xìn
Han-Latin	伪	wěi
Han-Latin	伫	zhù
Han-Latin	伬	chǐ
Han-Latin	伭	xián
Han-Latin	伮	nǔ
Han-Latin	伯	bó
Han-Latin	估	gū
Han-Latin	伱	nǐ
Han-Latin	伲	ní
Han-Latin	伳	xiè
Han-Latin	伴	bàn
Han-Latin	伵	xù
Han-Latin	伶	líng
Han-Latin	伷	zhòu
Han-Latin	伸	shēn
Han-Latin	伹	qū
Han-Latin	伺	cì
Han-Latin	伻	bēng
Han-Latin	似	sì
Han-Latin	伽	jiā
Han-Latin	伾	pī
Han-Latin	伿	yì
Han-Latin	佀	sì
Han-Latin	佁	yǐ
Han-Latin	佂	zhēng
Han-Latin	佃	diàn
Han-Latin	佄	hān
Han-Latin	佅	mài
Han-Latin	但	dàn
Han-Latin	佇	zhù
Han-Latin	佈	bù
Han-Latin	佉	qū
Han-Latin	佊	bǐ
Han-Latin	佋	zhāo
Han-Latin	佌	cǐ
Han-Latin	位	wèi
Han-Latin	低	dī
Han-Latin	住	zhù
Han-Latin	佐	zuǒ
Han-Latin	佑	yòu
Han-Latin	佒	yǎng
Han-Latin	体	tǐ
Han-Latin	佔	zhàn
Han-Latin	何	hé
Han-Latin	佖	bì
Han-Latin	佗	tuó
Han-Latin	佘	shé
Han-Latin	余	yú
Han-Latin	佚	yì
Han-Latin	佛	fú
Han-Latin	作	zuò
Han-Latin	佝	gōu
Han-Latin	佞	nìng
Han-Latin	佟	tóng
Han-Latin	你	nǐ
Han-Latin	佡	xiān
Han-Latin	佢	qú
Han-Latin	佣	yōng
Han-Latin	佤	wǎ
Han-Latin	佥	qiān
Han-Latin	佦	yòu
Han-Latin	佧	kǎ
Han-Latin	佨	bāo
Han-Latin	佩	pèi
Han-Latin	佪	huí
Han-Latin	佫	hè
Han-Latin	佬	lǎo
Han-Latin	佭	xiáng
Han-Latin	佮	gé
Han-Latin	佯	yáng
Han-Latin	佰	bǎi
Han-Latin	佱	fǎ
Han-Latin	佲	mǐng
Han-Latin	佳	jiā
Han-Latin	佴	nài
Han-Latin	併	bìng
Han-Latin	佶	jí
Han-Latin	佷	hěn
Han-Latin	佸	huó
Han-Latin	佹	guǐ
Han-Latin	佺	quán
Han-Latin	佻	tiāo
Han-Latin	佼	jiǎo
Han-Latin	佽	cì
Han-Latin	佾	yì
Han-Latin	使	shǐ
Han-Latin	侀	xíng
Han-Latin	侁	shēn
Han-Latin	侂	tuō
Han-Latin	侃	kǎn
Han-Latin	侄	zhí
Han-Latin	侅	gāi
Han-Latin	來	lái
Han-Latin	侇	yí
Han-Latin	侈	chǐ
Han-Latin	侉	kuǎ
Han-Latin	侊	guāng
Han-Latin	例	lì
Han-Latin	侌	yīn
Han-Latin	侍	shì
Han-Latin	侎	mǐ
Han-Latin	侏	zhū
Han-Latin	侐	xù
Han-Latin	侑	yòu
Han-Latin	侒	ān
Han-Latin	侓	lù
Han-Latin	侔	móu
Han-Latin	侕	ér
Han-Latin	侖	lún
Han-Latin	侗	dòng
Han-Latin	侘	chà
Han-Latin	侙	chī
Han-Latin	侚	xùn
Han-Latin	供	gōng
Han-Latin	侜	zhōu
Han-Latin	依	yī
Han-Latin	侞	rú
Han-Latin	侟	cún
Han-Latin	侠	xiá
Han-Latin	価	sì
Han-Latin	侢	dài
Han-Latin	侣	lǚ
Han-Latin	侤	ta
Han-Latin	侥	jiǎo
Han-Latin	侦	zhēn
Han-Latin	侧	cè
Han-Latin	侨	qiáo
Han-Latin	侩	kuài
Han-Latin	侪	chái
Han-Latin	侫	nìng
Han-Latin	侬	nóng
Han-Latin	侭	jǐn
Han-Latin	侮	wǔ
Han-Latin	侯	hóu
Han-Latin	侰	jiǒng
Han-Latin	侱	chěng
Han-Latin	侲	zhèn
Han-Latin	侳	zuò
Han-Latin	侴	chǒu
Han-Latin	侵	qīn
Han-Latin	侶	lǚ
Han-Latin	侷	jú
Han-Latin	侸	shù
Han-Latin	侹	tǐng
Han-Latin	侺	shèn
Han-Latin	侻	tuì
Han-Latin	侼	bó
Han-Latin	侽	nán
Han-Latin	侾	xiāo
Han-Latin	便	biàn
Han-Latin	俀	tuǐ
Han-Latin	俁	yǔ
Han-Latin	係	xì
Han-Latin	促	cù
Han-Latin	俄	é
Han-Latin	俅	qiú
Han-Latin	俆	xú
Han-Latin	俇	guàng
Han-Latin	俈	kù
Han-Latin	俉	wǔ
Han-Latin	俊	jùn
Han-Latin	俋	yì
Han-Latin	俌	fǔ
Han-Latin	俍	liáng
Han-Latin	俎	zǔ
Han-Latin	俏	qiào
Han-Latin	俐	lì
Han-Latin	俑	yǒng
Han-Latin	俒	hùn
Han-Latin	俓	jìng
Han-Latin	俔	qiàn
Han-Latin	俕	sàn
Han-Latin	俖	pěi
Han-Latin	俗	sú
Han-Latin	俘	fú
Han-Latin	俙	xī
Han-Latin	俚	lǐ
Han-Latin	俛	fǔ
Han-Latin	俜	pīng
Han-Latin	保	bǎo
Han-Latin	俞	yú
Han-Latin	俟	qí
Han-Latin	俠	xiá
Han-Latin	信	xìn
Han-Latin	俢	xiū
Han-Latin	俣	yǔ
Han-Latin	俤	dì
Han-Latin	俥	chē
Han-Latin	俦	chóu
Han-Latin	俧	zhì
Han-Latin	俨	yǎn
Han-Latin	俩	liǎ
Han-Latin	俪	lì
Han-Latin	俫	lái
Han-Latin	俬	sī
Han-Latin	俭	jiǎn
Han-Latin	修	xiū
Han-Latin	俯	fǔ
Han-Latin	俰	huò
Han-Latin	俱	jù
Han-Latin	俲	xiào
Han-Latin	俳	pái
Han-Latin	俴	jiàn
Han-Latin	俵	biào
Han-Latin	俶	chù
Han-Latin	俷	fèi
Han-Latin	俸	fèng
Han-Latin	俹	yà
Han-Latin	俺	ǎn
Han-Latin	俻	bèi
Han-Latin	俼	yù
Han-Latin	俽	xīn
Han-Latin	俾	bǐ
Han-Latin	俿	hǔ
Han-Latin	倀	chāng
Han-Latin	倁	zhī
Han-Latin	倂	bìng
Han-Latin	倃	jiù
Han-Latin	倄	yáo
Han-Latin	倅	cuì
Han-Latin	倆	liǎ
Han-Latin	倇	wǎn
Han-Latin	倈	lái
Han-Latin	倉	cāng
Han-Latin	倊	zòng
Han-Latin	個	gè
Han-Latin	倌	guān
Han-Latin	倍	bèi
Han-Latin	倎	tiǎn
Han-Latin	倏	shū
Han-Latin	倐	shū
Han-Latin	們	mén
Han-Latin	倒	dào
Han-Latin	倓	tán
Han-Latin	倔	jué
Han-Latin	倕	chuí
Han-Latin	倖	xìng
Han-Latin	倗	péng
Han-Latin	倘	tǎng
Han-Latin	候	hòu
Han-Latin	倚	yǐ
Han-Latin	倛	qī
Han-Latin	倜	tì
Han-Latin	倝	gàn
Han-Latin	倞	jìng
Han-Latin	借	jiè
Han-Latin	倠	suī
Han-Latin	倡	chàng
Han-Latin	倢	jié
Han-Latin	倣	fǎng
Han-Latin	値	zhí
Han-Latin	倥	kǒng
Han-Latin	倦	juàn
Han-Latin	倧	zōng
Han-Latin	倨	jù
Han-Latin	倩	qiàn
Han-Latin	倪	ní
Han-Latin	倫	lún
Han-Latin	倬	zhuō
Han-Latin	倭	wō
Han-Latin	倮	luǒ
Han-Latin	倯	sōng
Han-Latin	倰	lèng
Han-Latin	倱	hùn
Han-Latin	倲	dōng
Han-Latin	倳	zì
Han-Latin	倴	bèn
Han-Latin	倵	wǔ
Han-Latin	倶	jù
Han-Latin	倷	nǎi
Han-Latin	倸	cǎi
Han-Latin	倹	jiǎn
Han-Latin	债	zhài
Han-Latin	倻	yē
Han-Latin	值	zhí
Han-Latin	倽	shà
Han-Latin	倾	qīng
Han-Latin	倿	nìng
Han-Latin	偀	yīng
Han-Latin	偁	chēng
Han-Latin	偂	qián
Han-Latin	偃	yǎn
Han-Latin	偄	ruǎn
Han-Latin	偅	zhòng
Han-Latin	偆	chǔn
Han-Latin	假	jiǎ
Han-Latin	偈	jì
Han-Latin	偉	wěi
Han-Latin	偊	yǔ
Han-Latin	偋	bìng
Han-Latin	偌	ruò
Han-Latin	偍	tí
Han-Latin	偎	wēi
Han-Latin	偏	piān
Han-Latin	偐	yàn
Han-Latin	偑	fēng
Han-Latin	偒	tǎng
Han-Latin	偓	wò
Han-Latin	偔	è
Han-Latin	偕	xié
Han-Latin	偖	chě
Han-Latin	偗	shěng
Han-Latin	偘	kǎn
Han-Latin	偙	dì
Han-Latin	做	zuò
Han-Latin	偛	chā
Han-Latin	停	tíng
Han-Latin	偝	bèi
Han-Latin	偞	xiè
Han-Latin	偟	huáng
Han-Latin	偠	yǎo
Han-Latin	偡	zhàn
Han-Latin	偢	chǒu
Han-Latin	偣	yān
Han-Latin	偤	yóu
Han-Latin	健	jiàn
Han-Latin	偦	xǔ
Han-Latin	偧	zhā
Han-Latin	偨	cī
Han-Latin	偩	fù
Han-Latin	偪	bī
Han-Latin	偫	zhì
Han-Latin	偬	zǒng
Han-Latin	偭	miǎn
Han-Latin	偮	jí
Han-Latin	偯	yǐ
Han-Latin	偰	xiè
Han-Latin	偱	xún
Han-Latin	偲	cāi
Han-Latin	偳	duān
Han-Latin	側	cè
Han-Latin	偵	zhēn
Han-Latin	偶	ǒu
Han-Latin	偷	tōu
Han-Latin	偸	tōu
Han-Latin	偹	bèi
Han-Latin	偺	zá
Han-Latin	偻	lóu
Han-Latin	偼	jié
Han-Latin	偽	wěi
Han-Latin	偾	fèn
Han-Latin	偿	cháng
Han-Latin	傀	kuǐ
Han-Latin	傁	sǒu
Han-Latin	傂	zhì
Han-Latin	傃	sù
Han-Latin	傄	xiā
Han-Latin	傅	fù
Han-Latin	傆	yuàn
Han-Latin	傇	rǒng
Han-Latin	傈	lì
Han-Latin	傉	nù
Han-Latin	傊	yùn
Han-Latin	傋	jiǎng
Han-Latin	傌	mà
Han-Latin	傍	bàng
Han-Latin	傎	diān
Han-Latin	傏	táng
Han-Latin	傐	hào
Han-Latin	傑	jié
Han-Latin	傒	xī
Han-Latin	傓	shàn
Han-Latin	傔	qiàn
Han-Latin	傕	jué
Han-Latin	傖	cāng
Han-Latin	傗	chù
Han-Latin	傘	sǎn
Han-Latin	備	bèi
Han-Latin	傚	xiào
Han-Latin	傛	yǒng
Han-Latin	傜	yáo
Han-Latin	傝	tàn
Han-Latin	傞	suō
Han-Latin	傟	yǎng
Han-Latin	傠	fá
Han-Latin	傡	bìng
Han-Latin	傢	jiā
Han-Latin	傣	dǎi
Han-Latin	傤	zài
Han-Latin	傥	tǎng
Han-Latin	傦	gǔ
Han-Latin	傧	bīn
Han-Latin	储	chǔ
Han-Latin	傩	nuó
Han-Latin	傪	cān
Han-Latin	傫	lěi
Han-Latin	催	cuī
Han-Latin	傭	yōng
Han-Latin	傮	zāo
Han-Latin	傯	zǒng
Han-Latin	傰	bēng
Han-Latin	傱	sǒng
Han-Latin	傲	ào
Han-Latin	傳	chuán
Han-Latin	傴	yǔ
Han-Latin	債	zhài
Han-Latin	傶	zú
Han-Latin	傷	shāng
Han-Latin	傸	chuǎng
Han-Latin	傹	jìng
Han-Latin	傺	chì
Han-Latin	傻	shǎ
Han-Latin	傼	hàn
Han-Latin	傽	zhāng
Han-Latin	傾	qīng
Han-Latin	傿	yàn
Han-Latin	僀	dì
Han-Latin	僁	xiè
Han-Latin	僂	lóu
Han-Latin	僃	bèi
Han-Latin	僄	piào
Han-Latin	僅	jǐn
Han-Latin	僆	liàn
Han-Latin	僇	lù
Han-Latin	僈	mán
Han-Latin	僉	qiān
Han-Latin	僊	xiān
Han-Latin	僋	tàn
Han-Latin	僌	yíng
Han-Latin	働	dòng
Han-Latin	僎	zhuàn
Han-Latin	像	xiàng
Han-Latin	僐	shàn
Han-Latin	僑	qiáo
Han-Latin	僒	jiǒng
Han-Latin	僓	tuǐ
Han-Latin	僔	zǔn
Han-Latin	僕	pú
Han-Latin	僖	xī
Han-Latin	僗	láo
Han-Latin	僘	chǎng
Han-Latin	僙	guāng
Han-Latin	僚	liáo
Han-Latin	僛	qī
Han-Latin	僜	chēng
Han-Latin	僝	chán
Han-Latin	僞	wěi
Han-Latin	僟	jī
Han-Latin	僠	bō
Han-Latin	僡	huì
Han-Latin	僢	chuǎn
Han-Latin	僣	tiě
Han-Latin	僤	dàn
Han-Latin	僥	jiǎo
Han-Latin	僦	jiù
Han-Latin	僧	sēng
Han-Latin	僨	fèn
Han-Latin	僩	xiàn
Han-Latin	僪	jú
Han-Latin	僫	è
Han-Latin	僬	jiāo
Han-Latin	僭	jiàn
Han-Latin	僮	tóng
Han-Latin	僯	lìn
Han-Latin	僰	bó
Han-Latin	僱	gù
Han-Latin	僲	xiān
Han-Latin	僳	sù
Han-Latin	僴	xiàn
Han-Latin	僵	jiāng
Han-Latin	僶	mǐn
Han-Latin	僷	yè
Han-Latin	僸	jìn
Han-Latin	價	jià
Han-Latin	僺	qiào
Han-Latin	僻	pì
Han-Latin	僼	fēng
Han-Latin	僽	zhòu
Han-Latin	僾	ài
Han-Latin	僿	sài
Han-Latin	儀	yí
Han-Latin	儁	jùn
Han-Latin	儂	nóng
Han-Latin	儃	chán
Han-Latin	億	yì
Han-Latin	儅	dàng
Han-Latin	儆	jǐng
Han-Latin	儇	xuān
Han-Latin	儈	kuài
Han-Latin	儉	jiǎn
Han-Latin	儊	chù
Han-Latin	儋	dān
Han-Latin	儌	jiǎo
Han-Latin	儍	shǎ
Han-Latin	儎	zài
Han-Latin	儏	càn
Han-Latin	儐	bīn
Han-Latin	儑	án
Han-Latin	儒	rú
Han-Latin	儓	tái
Han-Latin	儔	chóu
Han-Latin	儕	chái
Han-Latin	儖	lán
Han-Latin	儗	nǐ
Han-Latin	儘	jǐn
Han-Latin	儙	qiàn
Han-Latin	儚	méng
Han-Latin	儛	wǔ
Han-Latin	儜	níng
Han-Latin	儝	qióng
Han-Latin	儞	nǐ
Han-Latin	償	cháng
Han-Latin	儠	liè
Han-Latin	儡	lěi
Han-Latin	儢	lǚ
Han-Latin	儣	kuǎng
Han-Latin	儤	bào
Han-Latin	儥	yù
Han-Latin	儦	biāo
Han-Latin	儧	zǎn
Han-Latin	儨	zhì
Han-Latin	儩	sì
Han-Latin	優	yōu
Han-Latin	儫	háo
Han-Latin	儬	qìng
Han-Latin	儭	chèn
Han-Latin	儮	lì
Han-Latin	儯	téng
Han-Latin	儰	wěi
Han-Latin	儱	lǒng
Han-Latin	儲	chǔ
Han-Latin	儳	chán
Han-Latin	儴	ráng
Han-Latin	儵	shū
Han-Latin	儶	huì
Han-Latin	儷	lì
Han-Latin	儸	luó
Han-Latin	儹	zǎn
Han-Latin	儺	nuó
Han-Latin	儻	tǎng
Han-Latin	儼	yǎn
Han-Latin	儽	léi
Han-Latin	儾	nàng
Han-Latin	儿	ér
Han-Latin	兀	wù
Han-Latin	允	yǔn
Han-Latin	兂	zān
Han-Latin	元	yuán
Han-Latin	兄	xiōng
Han-Latin	充	chōng
Han-Latin	兆	zhào
Han-Latin	兇	xiōng
Han-Latin	先	xiān
Han-Latin	光	guāng
Han-Latin	兊	duì
Han-Latin	克	kè
Han-Latin	兌	duì
Han-Latin	免	miǎn
Han-Latin	兎	tù
Han-Latin	兏	cháng
Han-Latin	児	ér
Han-Latin	兑	duì
Han-Latin	兒	ér
Han-Latin	兓	jīn
Han-Latin	兔	tù
Han-Latin	兕	sì
Han-Latin	兖	yǎn
Han-Latin	兗	yǎn
Han-Latin	兘	shǐ
Han-Latin	党	dǎng
Han-Latin	兛	qiān
Han-Latin	兜	dōu
Han-Latin	兝	fēn
Han-Latin	兞	máo
Han-Latin	兟	shēn
Han-Latin	兠	dōu
Han-Latin	兢	jīng
Han-Latin	兣	lǐ
Han-Latin	兤	huǎng
Han-Latin	入	rù
Han-Latin	兦	wáng
Han-Latin	內	nèi
Han-Latin	全	quán
Han-Latin	兩	liǎng
Han-Latin	兪	yú
Han-Latin	八	bā
Han-Latin	公	gōng
Han-Latin	六	liù
Han-Latin	兮	xī
Han-Latin	兯	han
Han-Latin	兰	lán
Han-Latin	共	gòng
Han-Latin	兲	tiān
Han-Latin	关	guān
Han-Latin	兴	xìng
Han-Latin	兵	bīng
Han-Latin	其	qí
Han-Latin	具	jù
Han-Latin	典	diǎn
Han-Latin	兹	zī
Han-Latin	兺	fēn
Han-Latin	养	yǎng
Han-Latin	兼	jiān
Han-Latin	兽	shòu
Han-Latin	兾	jì
Han-Latin	兿	yì
Han-Latin	冀	jì
Han-Latin	冁	chǎn
Han-Latin	冂	jiōng
Han-Latin	冃	mào
Han-Latin	冄	rǎn
Han-Latin	内	nèi
Han-Latin	円	yuán
Han-Latin	冇	mǎo
Han-Latin	冈	gāng
Han-Latin	冉	rǎn
Han-Latin	冊	cè
Han-Latin	冋	jiōng
Han-Latin	册	cè
Han-Latin	再	zài
Han-Latin	冎	guǎ
Han-Latin	冏	jiǒng
Han-Latin	冐	mào
Han-Latin	冑	zhòu
Han-Latin	冒	mào
Han-Latin	冓	gòu
Han-Latin	冔	xǔ
Han-Latin	冕	miǎn
Han-Latin	冖	mì
Han-Latin	冗	rǒng
Han-Latin	冘	yín
Han-Latin	写	xiě
Han-Latin	冚	kǎn
Han-Latin	军	jūn
Han-Latin	农	nóng
Han-Latin	冝	yí
Han-Latin	冞	mí
Han-Latin	冟	shì
Han-Latin	冠	guān
Han-Latin	冡	méng
Han-Latin	冢	zhǒng
Han-Latin	冣	jù
Han-Latin	冤	yuān
Han-Latin	冥	míng
Han-Latin	冦	kòu
Han-Latin	冧	lín
Han-Latin	冨	fù
Han-Latin	冩	xiě
Han-Latin	冪	mì
Han-Latin	冫	bīng
Han-Latin	冬	dōng
Han-Latin	冭	tài
Han-Latin	冮	gāng
Han-Latin	冯	féng
Han-Latin	冰	bīng
Han-Latin	冱	hù
Han-Latin	冲	chōng
Han-Latin	决	jué
Han-Latin	冴	hù
Han-Latin	况	kuàng
Han-Latin	冶	yě
Han-Latin	冷	lěng
Han-Latin	冸	pàn
Han-Latin	冹	fú
Han-Latin	冺	mǐn
Han-Latin	冻	dòng
Han-Latin	冼	xiǎn
Han-Latin	冽	liè
Han-Latin	冾	qià
Han-Latin	冿	jiān
Han-Latin	净	jìng
Han-Latin	凁	sōu
Han-Latin	凂	měi
Han-Latin	凃	tú
Han-Latin	凄	qī
Han-Latin	凅	gù
Han-Latin	准	zhǔn
Han-Latin	凇	sōng
Han-Latin	凈	jìng
Han-Latin	凉	liáng
Han-Latin	凊	qìng
Han-Latin	凋	diāo
Han-Latin	凌	líng
Han-Latin	凍	dòng
Han-Latin	凎	gàn
Han-Latin	减	jiǎn
Han-Latin	凐	yīn
Han-Latin	凑	còu
Han-Latin	凒	ái
Han-Latin	凓	lì
Han-Latin	凔	chuàng
Han-Latin	凕	mǐng
Han-Latin	凖	zhǔn
Han-Latin	凗	cuī
Han-Latin	凘	sī
Han-Latin	凙	duó
Han-Latin	凚	jìn
Han-Latin	凛	lǐn
Han-Latin	凜	lǐn
Han-Latin	凝	níng
Han-Latin	凞	xī
Han-Latin	凟	dú
Han-Latin	几	jǐ
Han-Latin	凡	fán
Han-Latin	凢	fán
Han-Latin	凣	fán
Han-Latin	凤	fèng
Han-Latin	凥	jū
Han-Latin	処	chǔ
Han-Latin	凧	zhēng
Han-Latin	凨	fēng
Han-Latin	凩	mù
Han-Latin	凪	zhǐ
Han-Latin	凫	fú
Han-Latin	凬	fēng
Han-Latin	凭	píng
Han-Latin	凮	fēng
Han-Latin	凯	kǎi
Han-Latin	凰	huáng
Han-Latin	凱	kǎi
Han-Latin	凲	gān
Han-Latin	凳	dèng
Han-Latin	凴	píng
Han-Latin	凵	qiǎn
Han-Latin	凶	xiōng
Han-Latin	凷	kuài
Han-Latin	凸	tū
Han-Latin	凹	āo
Han-Latin	出	chū
Han-Latin	击	jī
Han-Latin	凼	dàng
Han-Latin	函	hán
Han-Latin	凾	hán
Han-Latin	凿	záo
Han-Latin	刀	dāo
Han-Latin	刁	diāo
Han-Latin	刂	dāo
Han-Latin	刃	rèn
Han-Latin	刄	rèn
Han-Latin	刅	chuāng
Han-Latin	分	fēn
Han-Latin	切	qiè
Han-Latin	刈	yì
Han-Latin	刉	jī
Han-Latin	刊	kān
Han-Latin	刋	qiàn
Han-Latin	刌	cǔn
Han-Latin	刍	chú
Han-Latin	刎	wěn
Han-Latin	刏	jī
Han-Latin	刐	dǎn
Han-Latin	刑	xíng
Han-Latin	划	huà
Han-Latin	刓	wán
Han-Latin	刔	jué
Han-Latin	刕	lí
Han-Latin	刖	yuè
Han-Latin	列	liè
Han-Latin	刘	liú
Han-Latin	则	zé
Han-Latin	刚	gāng
Han-Latin	创	chuàng
Han-Latin	刜	fú
Han-Latin	初	chū
Han-Latin	刞	qù
Han-Latin	刟	diāo
Han-Latin	删	shān
Han-Latin	刡	mǐn
Han-Latin	刢	líng
Han-Latin	刣	zhōng
Han-Latin	判	pàn
Han-Latin	別	bié
Han-Latin	刦	jié
Han-Latin	刧	jié
Han-Latin	刨	páo
Han-Latin	利	lì
Han-Latin	刪	shān
Han-Latin	别	bié
Han-Latin	刬	chàn
Han-Latin	刭	jǐng
Han-Latin	刮	guā
Han-Latin	刯	gēng
Han-Latin	到	dào
Han-Latin	刱	chuàng
Han-Latin	刲	kuī
Han-Latin	刳	kū
Han-Latin	刴	duò
Han-Latin	刵	èr
Han-Latin	制	zhì
Han-Latin	刷	shuā
Han-Latin	券	quàn
Han-Latin	刹	shā
Han-Latin	刺	cì
Han-Latin	刻	kè
Han-Latin	刼	jié
Han-Latin	刽	guì
Han-Latin	刾	cì
Han-Latin	刿	guì
Han-Latin	剀	kǎi
Han-Latin	剁	duò
Han-Latin	剂	jì
Han-Latin	剃	tì
Han-Latin	剄	jǐng
Han-Latin	剅	lóu
Han-Latin	剆	luǒ
Han-Latin	則	zé
Han-Latin	剈	yuān
Han-Latin	剉	cuò
Han-Latin	削	xuē
Han-Latin	剋	kēi
Han-Latin	剌	là
Han-Latin	前	qián
Han-Latin	剎	shā
Han-Latin	剏	chuàng
Han-Latin	剐	guǎ
Han-Latin	剑	jiàn
Han-Latin	剒	cuò
Han-Latin	剓	lí
Han-Latin	剔	tī
Han-Latin	剕	fèi
Han-Latin	剖	pōu
Han-Latin	剗	chǎn
Han-Latin	剘	qí
Han-Latin	剙	chuàng
Han-Latin	剚	zì
Han-Latin	剛	gāng
Han-Latin	剜	wān
Han-Latin	剝	bō
Han-Latin	剞	jī
Han-Latin	剟	duō
Han-Latin	剠	qíng
Han-Latin	剡	shàn
Han-Latin	剢	dū
Han-Latin	剣	jiàn
Han-Latin	剤	jì
Han-Latin	剥	bō
Han-Latin	剦	yān
Han-Latin	剧	jù
Han-Latin	剨	huō
Han-Latin	剩	shèng
Han-Latin	剪	jiǎn
Han-Latin	剫	duó
Han-Latin	剬	duān
Han-Latin	剭	wū
Han-Latin	剮	guǎ
Han-Latin	副	fù
Han-Latin	剰	shèng
Han-Latin	剱	jiàn
Han-Latin	割	gē
Han-Latin	剳	dá
Han-Latin	剴	kǎi
Han-Latin	創	chuàng
Han-Latin	剶	chuān
Han-Latin	剷	chǎn
Han-Latin	剸	tuán
Han-Latin	剹	lù
Han-Latin	剺	lí
Han-Latin	剻	pěng
Han-Latin	剼	shān
Han-Latin	剽	piāo
Han-Latin	剾	kōu
Han-Latin	剿	jiǎo
Han-Latin	劀	guā
Han-Latin	劁	qiāo
Han-Latin	劂	jué
Han-Latin	劃	huà
Han-Latin	劄	zhá
Han-Latin	劅	zhuó
Han-Latin	劆	lián
Han-Latin	劇	jù
Han-Latin	劈	pī
Han-Latin	劉	liú
Han-Latin	劊	guì
Han-Latin	劋	jiǎo
Han-Latin	劌	guì
Han-Latin	劍	jiàn
Han-Latin	劎	jiàn
Han-Latin	劏	tāng
Han-Latin	劐	huō
Han-Latin	劑	jì
Han-Latin	劒	jiàn
Han-Latin	劓	yì
Han-Latin	劔	jiàn
Han-Latin	劕	zhì
Han-Latin	劖	chán
Han-Latin	劗	jiǎn
Han-Latin	劘	mó
Han-Latin	劙	lí
Han-Latin	劚	zhǔ
Han-Latin	力	lì
Han-Latin	劜	yà
Han-Latin	劝	quàn
Han-Latin	办	bàn
Han-Latin	功	gōng
Han-Latin	加	jiā
Han-Latin	务	wù
Han-Latin	劢	mài
Han-Latin	劣	liè
Han-Latin	劤	jìn
Han-Latin	劥	kēng
Han-Latin	劦	xié
Han-Latin	劧	zhǐ
Han-Latin	动	dòng
Han-Latin	助	zhù
Han-Latin	努	nǔ
Han-Latin	劫	jié
Han-Latin	劬	qú
Han-Latin	劭	shào
Han-Latin	劮	yì
Han-Latin	劯	zhū
Han-Latin	劰	mò
Han-Latin	励	lì
Han-Latin	劲	jìn
Han-Latin	劳	láo
Han-Latin	労	láo
Han-Latin	劵	juàn
Han-Latin	劶	kǒu
Han-Latin	劷	yáng
Han-Latin	劸	wā
Han-Latin	効	xiào
Han-Latin	劺	móu
Han-Latin	劻	kuāng
Han-Latin	劼	jié
Han-Latin	劽	liè
Han-Latin	劾	hé
Han-Latin	势	shì
Han-Latin	勀	kè
Han-Latin	勁	jìn
Han-Latin	勂	gào
Han-Latin	勃	bó
Han-Latin	勄	mǐn
Han-Latin	勅	chì
Han-Latin	勆	láng
Han-Latin	勇	yǒng
Han-Latin	勈	yǒng
Han-Latin	勉	miǎn
Han-Latin	勊	kè
Han-Latin	勋	xūn
Han-Latin	勌	juàn
Han-Latin	勍	qíng
Han-Latin	勎	lù
Han-Latin	勏	bù
Han-Latin	勐	měng
Han-Latin	勑	chì
Han-Latin	勒	lēi
Han-Latin	勓	kài
Han-Latin	勔	miǎn
Han-Latin	動	dòng
Han-Latin	勖	xù
Han-Latin	勗	xù
Han-Latin	勘	kān
Han-Latin	務	wù
Han-Latin	勚	yì
Han-Latin	勛	xūn
Han-Latin	勜	wěng
Han-Latin	勝	shèng
Han-Latin	勞	láo
Han-Latin	募	mù
Han-Latin	勠	lù
Han-Latin	勡	piào
Han-Latin	勢	shì
Han-Latin	勣	jī
Han-Latin	勤	qín
Han-Latin	勥	jiàng
Han-Latin	勦	chāo
Han-Latin	勧	quàn
Han-Latin	勨	xiàng
Han-Latin	勩	yì
Han-Latin	勪	jué
Han-Latin	勫	fān
Han-Latin	勬	juān
Han-Latin	勭	tóng
Han-Latin	勮	jù
Han-Latin	勯	dān
Han-Latin	勰	xié
Han-Latin	勱	mài
Han-Latin	勲	xūn
Han-Latin	勳	xūn
Han-Latin	勴	lǜ
Han-Latin	勵	lì
Han-Latin	勶	chè
Han-Latin	勷	ráng
Han-Latin	勸	quàn
Han-Latin	勹	bāo
Han-Latin	勺	sháo
Han-Latin	勻	yún
Han-Latin	勼	jiū
Han-Latin	勽	bào
Han-Latin	勾	gōu
Han-Latin	勿	wù
Han-Latin	匀	yún
Han-Latin	匁	wén
Han-Latin	匂	xiōng
Han-Latin	匃	gài
Han-Latin	匄	gài
Han-Latin	包	bāo
Han-Latin	匆	cōng
Han-Latin	匇	yì
Han-Latin	匈	xiōng
Han-Latin	匉	pēng
Han-Latin	匊	jū
Han-Latin	匋	táo
Han-Latin	匌	gé
Han-Latin	匍	pú
Han-Latin	匎	è
Han-Latin	匏	páo
Han-Latin	匐	fú
Han-Latin	匑	gōng
Han-Latin	匒	dá
Han-Latin	匓	jiù
Han-Latin	匔	gōng
Han-Latin	匕	bǐ
Han-Latin	化	huà
Han-Latin	北	běi
Han-Latin	匘	nǎo
Han-Latin	匙	chí
Han-Latin	匚	fāng
Han-Latin	匛	jiù
Han-Latin	匜	yí
Han-Latin	匝	zā
Han-Latin	匞	jiàng
Han-Latin	匟	kàng
Han-Latin	匠	jiàng
Han-Latin	匡	kuāng
Han-Latin	匢	hū
Han-Latin	匣	xiá
Han-Latin	匤	qū
Han-Latin	匥	fán
Han-Latin	匦	guǐ
Han-Latin	匧	qiè
Han-Latin	匨	zāng
Han-Latin	匩	kuāng
Han-Latin	匪	fěi
Han-Latin	匫	hū
Han-Latin	匬	yǔ
Han-Latin	匭	guǐ
Han-Latin	匮	kuì
Han-Latin	匯	huì
Han-Latin	匰	dān
Han-Latin	匱	guì
Han-Latin	匲	lián
Han-Latin	匳	lián
Han-Latin	匴	suǎn
Han-Latin	匵	dú
Han-Latin	匶	jiù
Han-Latin	匷	jué
Han-Latin	匸	xì
Han-Latin	匹	pǐ
Han-Latin	区	qū
Han-Latin	医	yī
Han-Latin	匼	kē
Han-Latin	匽	yǎn
Han-Latin	匾	biǎn
Han-Latin	匿	nì
Han-Latin	區	qū
Han-Latin	十	shí
Han-Latin	卂	xùn
Han-Latin	千	qiān
Han-Latin	卄	niàn
Han-Latin	卅	sà
Han-Latin	卆	zú
Han-Latin	升	shēng
Han-Latin	午	wǔ
Han-Latin	卉	huì
Han-Latin	半	bàn
Han-Latin	卋	shì
Han-Latin	卌	xì
Han-Latin	卍	wàn
Han-Latin	华	huá
Han-Latin	协	xié
Han-Latin	卐	wàn
Han-Latin	卑	bēi
Han-Latin	卒	zú
Han-Latin	卓	zhuó
Han-Latin	協	xié
Han-Latin	单	dān
Han-Latin	卖	mài
Han-Latin	南	nán
Han-Latin	単	dān
Han-Latin	卙	jí
Han-Latin	博	bó
Han-Latin	卛	shuài
Han-Latin	卜	bo
Han-Latin	卝	kuàng
Han-Latin	卞	biàn
Han-Latin	卟	bǔ
Han-Latin	占	zhàn
Han-Latin	卡	kǎ
Han-Latin	卢	lú
Han-Latin	卣	yǒu
Han-Latin	卤	lǔ
Han-Latin	卥	xī
Han-Latin	卦	guà
Han-Latin	卧	wò
Han-Latin	卨	xiè
Han-Latin	卩	jié
Han-Latin	卪	jié
Han-Latin	卫	wèi
Han-Latin	卬	áng
Han-Latin	卭	qióng
Han-Latin	卮	zhī
Han-Latin	卯	mǎo
Han-Latin	印	yìn
Han-Latin	危	wēi
Han-Latin	卲	shào
Han-Latin	即	jí
Han-Latin	却	què
Han-Latin	卵	luǎn
Han-Latin	卶	chǐ
Han-Latin	卷	juǎn
Han-Latin	卸	xiè
Han-Latin	卹	xù
Han-Latin	卺	jǐn
Han-Latin	卻	què
Han-Latin	卼	wù
Han-Latin	卽	jí
Han-Latin	卾	è
Han-Latin	卿	qīng
Han-Latin	厀	xī
Han-Latin	厁	sān
Han-Latin	厂	chǎng
Han-Latin	厃	wěi
Han-Latin	厄	è
Han-Latin	厅	tīng
Han-Latin	历	lì
Han-Latin	厇	zhé
Han-Latin	厈	hǎn
Han-Latin	厉	lì
Han-Latin	厊	yǎ
Han-Latin	压	yā
Han-Latin	厌	yàn
Han-Latin	厍	shè
Han-Latin	厎	dǐ
Han-Latin	厏	zhǎ
Han-Latin	厐	páng
Han-Latin	厑	yá
Han-Latin	厒	qiè
Han-Latin	厓	yá
Han-Latin	厔	zhì
Han-Latin	厕	cè
Han-Latin	厖	máng
Han-Latin	厗	tí
Han-Latin	厘	lí
Han-Latin	厙	shè
Han-Latin	厚	hòu
Han-Latin	厛	tīng
Han-Latin	厜	zuī
Han-Latin	厝	cuò
Han-Latin	厞	fèi
Han-Latin	原	yuán
Han-Latin	厠	cè
Han-Latin	厡	yuán
Han-Latin	厢	xiāng
Han-Latin	厣	yǎn
Han-Latin	厤	lì
Han-Latin	厥	jué
Han-Latin	厦	shà
Han-Latin	厧	diān
Han-Latin	厨	chú
Han-Latin	厩	jiù
Han-Latin	厪	jǐn
Han-Latin	厫	áo
Han-Latin	厬	guǐ
Han-Latin	厭	yàn
Han-Latin	厮	sī
Han-Latin	厯	lì
Han-Latin	厰	chǎng
Han-Latin	厱	lán
Han-Latin	厲	lì
Han-Latin	厳	yán
Han-Latin	厴	yǎn
Han-Latin	厵	yuán
Han-Latin	厶	sī
Han-Latin	厷	gōng
Han-Latin	厸	lín
Han-Latin	厹	róu
Han-Latin	厺	qù
Han-Latin	去	qù
Han-Latin	厼	ěr
Han-Latin	厽	lěi
Han-Latin	厾	dū
Han-Latin	县	xiàn
Han-Latin	叀	zhuān
Han-Latin	叁	sān
Han-Latin	参	cān
Han-Latin	參	cān
Han-Latin	叄	cān
Han-Latin	叅	cān
Han-Latin	叆	ài
Han-Latin	叇	dài
Han-Latin	又	yòu
Han-Latin	叉	chā
Han-Latin	及	jí
Han-Latin	友	yǒu
Han-Latin	双	shuāng
Han-Latin	反	fǎn
Han-Latin	収	shōu
Han-Latin	叏	guài
Han-Latin	叐	bá
Han-Latin	发	fā
Han-Latin	叒	ruò
Han-Latin	叓	shì
Han-Latin	叔	shū
Han-Latin	叕	zhuó
Han-Latin	取	qǔ
Han-Latin	受	shòu
Han-Latin	变	biàn
Han-Latin	叙	xù
Han-Latin	叚	xiá
Han-Latin	叛	pàn
Han-Latin	叜	sǒu
Han-Latin	叝	jí
Han-Latin	叞	wèi
Han-Latin	叟	sǒu
Han-Latin	叠	dié
Han-Latin	叡	ruì
Han-Latin	叢	cóng
Han-Latin	口	kǒu
Han-Latin	古	gǔ
Han-Latin	句	jù
Han-Latin	另	lìng
Han-Latin	叧	guǎ
Han-Latin	叨	dāo
Han-Latin	叩	kòu
Han-Latin	只	zhǐ
Han-Latin	叫	jiào
Han-Latin	召	zhào
Han-Latin	叭	bā
Han-Latin	叮	dīng
Han-Latin	可	kě
Han-Latin	台	tái
Han-Latin	叱	chì
Han-Latin	史	shǐ
Han-Latin	右	yòu
Han-Latin	叴	qiú
Han-Latin	叵	pǒ
Han-Latin	叶	yè
Han-Latin	号	hào
Han-Latin	司	sī
Han-Latin	叹	tàn
Han-Latin	叺	chǐ
Han-Latin	叻	lè
Han-Latin	叼	diāo
Han-Latin	叽	jī
Han-Latin	叾	liǎo
Han-Latin	叿	hōng
Han-Latin	吀	miē
Han-Latin	吁	xū
Han-Latin	吂	máng
Han-Latin	吃	chī
Han-Latin	各	gè
Han-Latin	吅	xuān
Han-Latin	吆	yāo
Han-Latin	吇	zǐ
Han-Latin	合	hé
Han-Latin	吉	jí
Han-Latin	吊	diào
Han-Latin	吋	cùn
Han-Latin	同	tóng
Han-Latin	名	míng
Han-Latin	后	hòu
Han-Latin	吏	lì
Han-Latin	吐	tǔ
Han-Latin	向	xiàng
Han-Latin	吒	zhā
Han-Latin	吓	xià
Han-Latin	吔	yě
Han-Latin	吕	lǚ
Han-Latin	吖	ā
Han-Latin	吗	ma
Han-Latin	吘	ǒu
Han-Latin	吙	huō
Han-Latin	吚	yī
Han-Latin	君	jūn
Han-Latin	吜	chǒu
Han-Latin	吝	lìn
Han-Latin	吞	tūn
Han-Latin	吟	yín
Han-Latin	吠	fèi
Han-Latin	吡	bǐ
Han-Latin	吢	qìn
Han-Latin	吣	qìn
Han-Latin	吤	jiè
Han-Latin	吥	bù
Han-Latin	否	fǒu
Han-Latin	吧	ba
Han-Latin	吨	dūn
Han-Latin	吩	fēn
Han-Latin	吪	é
Han-Latin	含	hán
Han-Latin	听	tīng
Han-Latin	吭	kēng
Han-Latin	吮	shǔn
Han-Latin	启	qǐ
Han-Latin	吰	hóng
Han-Latin	吱	zhī
Han-Latin	吲	yǐn
Han-Latin	吳	wú
Han-Latin	吴	wú
Han-Latin	吵	chǎo
Han-Latin	吶	nà
Han-Latin	吷	xuè
Han-Latin	吸	xī
Han-Latin	吹	chuī
Han-Latin	吺	dōu
Han-Latin	吻	wěn
Han-Latin	吼	hǒu
Han-Latin	吽	hōng
Han-Latin	吾	wú
Han-Latin	吿	gào
Han-Latin	呀	ya
Han-Latin	呁	jùn
Han-Latin	呂	lǚ
Han-Latin	呃	è
Han-Latin	呄	gé
Han-Latin	呅	méi
Han-Latin	呆	dāi
Han-Latin	呇	mèn
Han-Latin	呈	chéng
Han-Latin	呉	wú
Han-Latin	告	gào
Han-Latin	呋	fū
Han-Latin	呌	jiào
Han-Latin	呍	hōng
Han-Latin	呎	chǐ
Han-Latin	呏	shēng
Han-Latin	呐	nà
Han-Latin	呑	tūn
Han-Latin	呒	fǔ
Han-Latin	呓	yì
Han-Latin	呔	dāi
Han-Latin	呕	ǒu
Han-Latin	呖	lì
Han-Latin	呗	bei
Han-Latin	员	yuán
Han-Latin	呙	guō
Han-Latin	呚	qì
Han-Latin	呛	qiāng
Han-Latin	呜	wū
Han-Latin	呝	è
Han-Latin	呞	shī
Han-Latin	呟	juǎn
Han-Latin	呠	pěn
Han-Latin	呡	wěn
Han-Latin	呢	ne
Han-Latin	呣	ḿ
Han-Latin	呤	lìng
Han-Latin	呥	rán
Han-Latin	呦	yōu
Han-Latin	呧	dǐ
Han-Latin	周	zhōu
Han-Latin	呩	shì
Han-Latin	呪	zhòu
Han-Latin	呫	tiè
Han-Latin	呬	xì
Han-Latin	呭	yì
Han-Latin	呮	qì
Han-Latin	呯	píng
Han-Latin	呰	zǐ
Han-Latin	呱	gū
Han-Latin	呲	cī
Han-Latin	味	wèi
Han-Latin	呴	xǔ
Han-Latin	呵	hē
Han-Latin	呶	náo
Han-Latin	呷	xiā
Han-Latin	呸	pēi
Han-Latin	呹	yì
Han-Latin	呺	xiāo
Han-Latin	呻	shēn
Han-Latin	呼	hū
Han-Latin	命	mìng
Han-Latin	呾	dá
Han-Latin	呿	qù
Han-Latin	咀	jǔ
Han-Latin	咁	hán
Han-Latin	咂	zā
Han-Latin	咃	tuō
Han-Latin	咄	duō
Han-Latin	咅	pǒu
Han-Latin	咆	páo
Han-Latin	咇	bì
Han-Latin	咈	fú
Han-Latin	咉	yāng
Han-Latin	咊	hé
Han-Latin	咋	zǎ
Han-Latin	和	hé
Han-Latin	咍	hāi
Han-Latin	咎	jiù
Han-Latin	咏	yǒng
Han-Latin	咐	fù
Han-Latin	咑	dā
Han-Latin	咒	zhòu
Han-Latin	咓	wǎ
Han-Latin	咔	kā
Han-Latin	咕	gū
Han-Latin	咖	kā
Han-Latin	咗	zuo
Han-Latin	咘	bù
Han-Latin	咙	lóng
Han-Latin	咚	dōng
Han-Latin	咛	níng
Han-Latin	咜	tuō
Han-Latin	咝	sī
Han-Latin	咞	xiàn
Han-Latin	咟	huò
Han-Latin	咠	qì
Han-Latin	咡	èr
Han-Latin	咢	è
Han-Latin	咣	guāng
Han-Latin	咤	zhà
Han-Latin	咥	xì
Han-Latin	咦	yí
Han-Latin	咧	liě
Han-Latin	咨	zī
Han-Latin	咩	miē
Han-Latin	咪	mī
Han-Latin	咫	zhǐ
Han-Latin	咬	yǎo
Han-Latin	咭	jī
Han-Latin	咮	zhòu
Han-Latin	咯	gē
Han-Latin	咰	shù
Han-Latin	咱	zán
Han-Latin	咲	xiào
Han-Latin	咳	hāi
Han-Latin	咴	huī
Han-Latin	咵	kuǎ
Han-Latin	咶	huài
Han-Latin	咷	táo
Han-Latin	咸	xián
Han-Latin	咹	è
Han-Latin	咺	xuǎn
Han-Latin	咻	xiū
Han-Latin	咼	guō
Han-Latin	咽	yàn
Han-Latin	咾	lǎo
Han-Latin	咿	yī
Han-Latin	哀	āi
Han-Latin	品	pǐn
Han-Latin	哂	shěn
Han-Latin	哃	tóng
Han-Latin	哄	hōng
Han-Latin	哅	xiōng
Han-Latin	哆	duō
Han-Latin	哇	wā
Han-Latin	哈	hā
Han-Latin	哉	zāi
Han-Latin	哊	yòu
Han-Latin	哋	diè
Han-Latin	哌	pài
Han-Latin	响	xiǎng
Han-Latin	哎	āi
Han-Latin	哏	gén
Han-Latin	哐	kuāng
Han-Latin	哑	yǎ
Han-Latin	哒	dā
Han-Latin	哓	xiāo
Han-Latin	哔	bì
Han-Latin	哕	huì
Han-Latin	哖	nián
Han-Latin	哗	huā
Han-Latin	哘	xíng
Han-Latin	哙	kuài
Han-Latin	哚	duǒ
Han-Latin	哛	fēn
Han-Latin	哜	jì
Han-Latin	哝	nóng
Han-Latin	哞	mōu
Han-Latin	哟	yō
Han-Latin	哠	hào
Han-Latin	員	yuán
Han-Latin	哢	lòng
Han-Latin	哣	pǒu
Han-Latin	哤	máng
Han-Latin	哥	gē
Han-Latin	哦	ó
Han-Latin	哧	chī
Han-Latin	哨	shào
Han-Latin	哩	lī
Han-Latin	哪	nǎ
Han-Latin	哫	zú
Han-Latin	哬	hé
Han-Latin	哭	kū
Han-Latin	哮	xiào
Han-Latin	哯	xiàn
Han-Latin	哰	láo
Han-Latin	哱	bō
Han-Latin	哲	zhé
Han-Latin	哳	zhā
Han-Latin	哴	liàng
Han-Latin	哵	bā
Han-Latin	哶	miē
Han-Latin	哷	liè
Han-Latin	哸	suī
Han-Latin	哹	fú
Han-Latin	哺	bǔ
Han-Latin	哻	hān
Han-Latin	哼	hēng
Han-Latin	哽	gěng
Han-Latin	哾	shuō
Han-Latin	哿	gě
Han-Latin	唀	yòu
Han-Latin	唁	yàn
Han-Latin	唂	gū
Han-Latin	唃	gǔ
Han-Latin	唄	bei
Han-Latin	唅	hán
Han-Latin	唆	suō
Han-Latin	唇	chún
Han-Latin	唈	yì
Han-Latin	唉	āi
Han-Latin	唊	jiá
Han-Latin	唋	tū
Han-Latin	唌	xián
Han-Latin	唍	wǎn
Han-Latin	唎	lì
Han-Latin	唏	xī
Han-Latin	唐	táng
Han-Latin	唑	zuò
Han-Latin	唒	qiú
Han-Latin	唓	chē
Han-Latin	唔	wú
Han-Latin	唕	zào
Han-Latin	唖	yǎ
Han-Latin	唗	dōu
Han-Latin	唘	qǐ
Han-Latin	唙	dí
Han-Latin	唚	qìn
Han-Latin	唛	mài
Han-Latin	唜	mò
Han-Latin	唝	hǒng
Han-Latin	唞	dǒu
Han-Latin	唟	qù
Han-Latin	唠	láo
Han-Latin	唡	liǎng
Han-Latin	唢	suǒ
Han-Latin	唣	zào
Han-Latin	唤	huàn
Han-Latin	唥	léng
Han-Latin	唦	shā
Han-Latin	唧	jī
Han-Latin	唨	zǔ
Han-Latin	唩	wō
Han-Latin	唪	fěng
Han-Latin	唫	jìn
Han-Latin	唬	hǔ
Han-Latin	唭	qì
Han-Latin	售	shòu
Han-Latin	唯	wéi
Han-Latin	唰	shuā
Han-Latin	唱	chàng
Han-Latin	唲	ér
Han-Latin	唳	lì
Han-Latin	唴	qiàng
Han-Latin	唵	ǎn
Han-Latin	唶	zé
Han-Latin	唷	yō
Han-Latin	唸	niàn
Han-Latin	唹	yū
Han-Latin	唺	tiǎn
Han-Latin	唻	lài
Han-Latin	唼	shà
Han-Latin	唽	xī
Han-Latin	唾	tuò
Han-Latin	唿	hū
Han-Latin	啀	ái
Han-Latin	啁	zhāo
Han-Latin	啂	nǒu
Han-Latin	啃	kěn
Han-Latin	啄	zhuó
Han-Latin	啅	zhuó
Han-Latin	商	shāng
Han-Latin	啇	dì
Han-Latin	啈	hēng
Han-Latin	啉	lín
Han-Latin	啊	ā
Han-Latin	啋	cǎi
Han-Latin	啌	xiāng
Han-Latin	啍	tūn
Han-Latin	啎	wǔ
Han-Latin	問	wèn
Han-Latin	啐	cuì
Han-Latin	啑	shà
Han-Latin	啒	gǔ
Han-Latin	啓	qǐ
Han-Latin	啔	qǐ
Han-Latin	啕	táo
Han-Latin	啖	dàn
Han-Latin	啗	dàn
Han-Latin	啘	yè
Han-Latin	啙	zǐ
Han-Latin	啚	bǐ
Han-Latin	啛	cuì
Han-Latin	啜	chuài
Han-Latin	啝	hé
Han-Latin	啞	yǎ
Han-Latin	啟	qǐ
Han-Latin	啠	zhé
Han-Latin	啡	fēi
Han-Latin	啢	liǎng
Han-Latin	啣	xián
Han-Latin	啤	pí
Han-Latin	啥	shá
Han-Latin	啦	lā
Han-Latin	啧	zé
Han-Latin	啨	yīng
Han-Latin	啩	guà
Han-Latin	啪	pā
Han-Latin	啫	zhě
Han-Latin	啬	sè
Han-Latin	啭	zhuàn
Han-Latin	啮	niè
Han-Latin	啯	guō
Han-Latin	啰	luō
Han-Latin	啱	yán
Han-Latin	啲	dī
Han-Latin	啳	quán
Han-Latin	啴	chǎn
Han-Latin	啵	bo
Han-Latin	啶	dìng
Han-Latin	啷	lāng
Han-Latin	啸	xiào
Han-Latin	啹	jú
Han-Latin	啺	táng
Han-Latin	啻	chì
Han-Latin	啼	tí
Han-Latin	啽	án
Han-Latin	啾	jiū
Han-Latin	啿	dàn
Han-Latin	喀	kā
Han-Latin	喁	yóng
Han-Latin	喂	wèi
Han-Latin	喃	nán
Han-Latin	善	shàn
Han-Latin	喅	yù
Han-Latin	喆	zhé
Han-Latin	喇	lǎ
Han-Latin	喈	jiē
Han-Latin	喉	hóu
Han-Latin	喊	hǎn
Han-Latin	喋	dié
Han-Latin	喌	zhōu
Han-Latin	喍	chái
Han-Latin	喎	wāi
Han-Latin	喏	nuò
Han-Latin	喐	yù
Han-Latin	喑	yīn
Han-Latin	喒	zá
Han-Latin	喓	yāo
Han-Latin	喔	ō
Han-Latin	喕	miǎn
Han-Latin	喖	hú
Han-Latin	喗	yǔn
Han-Latin	喘	chuǎn
Han-Latin	喙	huì
Han-Latin	喚	huàn
Han-Latin	喛	huàn
Han-Latin	喜	xǐ
Han-Latin	喝	hē
Han-Latin	喞	jī
Han-Latin	喟	kuì
Han-Latin	喠	zhǒng
Han-Latin	喡	wéi
Han-Latin	喢	shà
Han-Latin	喣	xù
Han-Latin	喤	huáng
Han-Latin	喥	duó
Han-Latin	喦	niè
Han-Latin	喧	xuān
Han-Latin	喨	liàng
Han-Latin	喩	yù
Han-Latin	喪	sàng
Han-Latin	喫	chī
Han-Latin	喬	qiáo
Han-Latin	喭	yàn
Han-Latin	單	dān
Han-Latin	喯	pèn
Han-Latin	喰	cān
Han-Latin	喱	lí
Han-Latin	喲	yō
Han-Latin	喳	zhā
Han-Latin	喴	wēi
Han-Latin	喵	miāo
Han-Latin	営	yíng
Han-Latin	喷	pēn
Han-Latin	喸	bǔ
Han-Latin	喹	kuí
Han-Latin	喺	xí
Han-Latin	喻	yù
Han-Latin	喼	jiē
Han-Latin	喽	lóu
Han-Latin	喾	kù
Han-Latin	喿	zào
Han-Latin	嗀	hù
Han-Latin	嗁	tí
Han-Latin	嗂	yáo
Han-Latin	嗃	hè
Han-Latin	嗄	shà
Han-Latin	嗅	xiù
Han-Latin	嗆	qiāng
Han-Latin	嗇	sè
Han-Latin	嗈	yōng
Han-Latin	嗉	sù
Han-Latin	嗊	hǒng
Han-Latin	嗋	xié
Han-Latin	嗌	ài
Han-Latin	嗍	suō
Han-Latin	嗎	ma
Han-Latin	嗏	chā
Han-Latin	嗐	hài
Han-Latin	嗑	kē
Han-Latin	嗒	dā
Han-Latin	嗓	sǎng
Han-Latin	嗔	chēn
Han-Latin	嗕	rù
Han-Latin	嗖	sōu
Han-Latin	嗗	wā
Han-Latin	嗘	jī
Han-Latin	嗙	pǎng
Han-Latin	嗚	wū
Han-Latin	嗛	qiǎn
Han-Latin	嗜	shì
Han-Latin	嗝	gé
Han-Latin	嗞	zī
Han-Latin	嗟	jiē
Han-Latin	嗠	lào
Han-Latin	嗡	wēng
Han-Latin	嗢	wà
Han-Latin	嗣	sì
Han-Latin	嗤	chī
Han-Latin	嗥	háo
Han-Latin	嗦	suō
Han-Latin	嗨	hāi
Han-Latin	嗩	suǒ
Han-Latin	嗪	qín
Han-Latin	嗫	niè
Han-Latin	嗬	hē
Han-Latin	嗭	zhí
Han-Latin	嗮	sài
Han-Latin	嗯	ǹg
Han-Latin	嗰	gě
Han-Latin	嗱	ná
Han-Latin	嗲	diǎ
Han-Latin	嗳	ǎi
Han-Latin	嗴	qiāng
Han-Latin	嗵	tōng
Han-Latin	嗶	bì
Han-Latin	嗷	áo
Han-Latin	嗸	áo
Han-Latin	嗹	lián
Han-Latin	嗺	zuī
Han-Latin	嗻	zhē
Han-Latin	嗼	mò
Han-Latin	嗽	sòu
Han-Latin	嗾	sǒu
Han-Latin	嗿	tǎn
Han-Latin	嘀	dí
Han-Latin	嘁	qī
Han-Latin	嘂	jiào
Han-Latin	嘃	chōng
Han-Latin	嘄	jiāo
Han-Latin	嘅	kǎi
Han-Latin	嘆	tàn
Han-Latin	嘇	shān
Han-Latin	嘈	cáo
Han-Latin	嘉	jiā
Han-Latin	嘊	ái
Han-Latin	嘋	xiào
Han-Latin	嘌	piào
Han-Latin	嘍	lóu
Han-Latin	嘎	gā
Han-Latin	嘏	gǔ
Han-Latin	嘐	xiāo
Han-Latin	嘑	hū
Han-Latin	嘒	huì
Han-Latin	嘓	guō
Han-Latin	嘔	ǒu
Han-Latin	嘕	xiān
Han-Latin	嘖	zé
Han-Latin	嘗	cháng
Han-Latin	嘘	xū
Han-Latin	嘙	pó
Han-Latin	嘚	dē
Han-Latin	嘛	ma
Han-Latin	嘜	mà
Han-Latin	嘝	hú
Han-Latin	嘞	lei
Han-Latin	嘟	dū
Han-Latin	嘠	gā
Han-Latin	嘡	tāng
Han-Latin	嘢	yě
Han-Latin	嘣	bēng
Han-Latin	嘤	yīng
Han-Latin	嘥	sāi
Han-Latin	嘦	jiào
Han-Latin	嘧	mì
Han-Latin	嘨	xiào
Han-Latin	嘩	huā
Han-Latin	嘪	mǎi
Han-Latin	嘫	rán
Han-Latin	嘬	zuō
Han-Latin	嘭	pēng
Han-Latin	嘮	láo
Han-Latin	嘯	xiào
Han-Latin	嘰	jī
Han-Latin	嘱	zhǔ
Han-Latin	嘲	cháo
Han-Latin	嘳	kuì
Han-Latin	嘴	zuǐ
Han-Latin	嘵	xiāo
Han-Latin	嘶	sī
Han-Latin	嘷	háo
Han-Latin	嘸	fǔ
Han-Latin	嘹	liáo
Han-Latin	嘺	qiáo
Han-Latin	嘻	xī
Han-Latin	嘼	chù
Han-Latin	嘽	chǎn
Han-Latin	嘾	dàn
Han-Latin	嘿	hēi
Han-Latin	噀	xùn
Han-Latin	噁	ě
Han-Latin	噂	zǔn
Han-Latin	噃	fān
Han-Latin	噄	chī
Han-Latin	噅	huī
Han-Latin	噆	zǎn
Han-Latin	噇	chuáng
Han-Latin	噈	cù
Han-Latin	噉	dàn
Han-Latin	噊	yù
Han-Latin	噋	tūn
Han-Latin	噌	cēng
Han-Latin	噍	jiào
Han-Latin	噎	yē
Han-Latin	噏	xī
Han-Latin	噐	qì
Han-Latin	噑	háo
Han-Latin	噒	lián
Han-Latin	噓	xū
Han-Latin	噔	dēng
Han-Latin	噕	huī
Han-Latin	噖	yín
Han-Latin	噗	pū
Han-Latin	噘	juē
Han-Latin	噙	qín
Han-Latin	噚	xún
Han-Latin	噛	niè
Han-Latin	噜	lū
Han-Latin	噝	sī
Han-Latin	噞	yǎn
Han-Latin	噟	yìng
Han-Latin	噠	dā
Han-Latin	噡	zhān
Han-Latin	噢	ō
Han-Latin	噣	zhòu
Han-Latin	噤	jìn
Han-Latin	噥	nóng
Han-Latin	噦	huì
Han-Latin	噧	xiè
Han-Latin	器	qì
Han-Latin	噩	è
Han-Latin	噪	zào
Han-Latin	噫	yī
Han-Latin	噬	shì
Han-Latin	噭	jiào
Han-Latin	噮	yuàn
Han-Latin	噯	āi
Han-Latin	噰	yōng
Han-Latin	噱	xué
Han-Latin	噲	kuài
Han-Latin	噳	yǔ
Han-Latin	噴	pēn
Han-Latin	噵	dào
Han-Latin	噶	gá
Han-Latin	噷	xīn
Han-Latin	噸	dūn
Han-Latin	噹	dāng
Han-Latin	噺	xīn
Han-Latin	噻	sāi
Han-Latin	噼	pī
Han-Latin	噽	pǐ
Han-Latin	噾	yīn
Han-Latin	噿	zuǐ
Han-Latin	嚀	níng
Han-Latin	嚁	dí
Han-Latin	嚂	làn
Han-Latin	嚃	tā
Han-Latin	嚄	huō
Han-Latin	嚅	rú
Han-Latin	嚆	hāo
Han-Latin	嚇	xià
Han-Latin	嚈	yè
Han-Latin	嚉	duō
Han-Latin	嚊	pì
Han-Latin	嚋	chóu
Han-Latin	嚌	jì
Han-Latin	嚍	jìn
Han-Latin	嚎	háo
Han-Latin	嚏	tì
Han-Latin	嚐	cháng
Han-Latin	嚑	xūn
Han-Latin	嚒	mē
Han-Latin	嚓	cā
Han-Latin	嚔	tì
Han-Latin	嚕	lǔ
Han-Latin	嚖	huì
Han-Latin	嚗	bó
Han-Latin	嚘	yōu
Han-Latin	嚙	niè
Han-Latin	嚚	yín
Han-Latin	嚛	hù
Han-Latin	嚜	me
Han-Latin	嚝	hōng
Han-Latin	嚞	zhé
Han-Latin	嚟	lí
Han-Latin	嚠	liú
Han-Latin	嚡	hái
Han-Latin	嚢	náng
Han-Latin	嚣	xiāo
Han-Latin	嚤	mó
Han-Latin	嚥	yàn
Han-Latin	嚦	lì
Han-Latin	嚧	lú
Han-Latin	嚨	lóng
Han-Latin	嚩	mó
Han-Latin	嚪	dàn
Han-Latin	嚫	chèn
Han-Latin	嚬	pín
Han-Latin	嚭	pǐ
Han-Latin	嚮	xiàng
Han-Latin	嚯	huò
Han-Latin	嚰	mó
Han-Latin	嚱	xì
Han-Latin	嚲	duǒ
Han-Latin	嚳	kù
Han-Latin	嚴	yán
Han-Latin	嚵	chán
Han-Latin	嚶	yīng
Han-Latin	嚷	rǎng
Han-Latin	嚸	diǎn
Han-Latin	嚹	lá
Han-Latin	嚺	tà
Han-Latin	嚻	xiāo
Han-Latin	嚼	jué
Han-Latin	嚽	chuò
Han-Latin	嚾	huān
Han-Latin	嚿	huò
Han-Latin	囀	zhuàn
Han-Latin	囁	niè
Han-Latin	囂	xiāo
Han-Latin	囃	cà
Han-Latin	囄	lí
Han-Latin	囅	chǎn
Han-Latin	囆	chài
Han-Latin	囇	lì
Han-Latin	囈	yì
Han-Latin	囉	luō
Han-Latin	囊	náng
Han-Latin	囋	zá
Han-Latin	囌	sū
Han-Latin	囍	xǐ
Han-Latin	囎	zèng
Han-Latin	囏	jiān
Han-Latin	囐	zá
Han-Latin	囑	zhǔ
Han-Latin	囒	lán
Han-Latin	囓	niè
Han-Latin	囔	nāng
Han-Latin	囕	lǎn
Han-Latin	囖	luō
Han-Latin	囗	wéi
Han-Latin	囘	huí
Han-Latin	囙	yīn
Han-Latin	囚	qiú
Han-Latin	四	sì
Han-Latin	囜	nín
Han-Latin	囝	jiǎn
Han-Latin	回	huí
Han-Latin	囟	xìn
Han-Latin	因	yīn
Han-Latin	囡	nān
Han-Latin	团	tuán
Han-Latin	団	tuán
Han-Latin	囤	dùn
Han-Latin	囥	kàng
Han-Latin	囦	yuān
Han-Latin	囧	jiǒng
Han-Latin	囨	piān
Han-Latin	囩	yún
Han-Latin	囪	cōng
Han-Latin	囫	hú
Han-Latin	囬	huí
Han-Latin	园	yuán
Han-Latin	囮	é
Han-Latin	囯	guó
Han-Latin	困	kùn
Han-Latin	囱	cōng
Han-Latin	囲	tōng
Han-Latin	図	tú
Han-Latin	围	wéi
Han-Latin	囵	lún
Han-Latin	囶	guó
Han-Latin	囷	qūn
Han-Latin	囸	rì
Han-Latin	囹	líng
Han-Latin	固	gù
Han-Latin	囻	guó
Han-Latin	囼	tāi
Han-Latin	国	guó
Han-Latin	图	tú
Han-Latin	囿	yòu
Han-Latin	圀	guó
Han-Latin	圁	yín
Han-Latin	圂	hùn
Han-Latin	圃	pǔ
Han-Latin	圄	yǔ
Han-Latin	圅	hán
Han-Latin	圆	yuán
Han-Latin	圇	lún
Han-Latin	圈	quān
Han-Latin	圉	yǔ
Han-Latin	圊	qīng
Han-Latin	國	guó
Han-Latin	圌	chuí
Han-Latin	圍	wéi
Han-Latin	圎	yuán
Han-Latin	圏	quān
Han-Latin	圐	kū
Han-Latin	圑	pǔ
Han-Latin	園	yuán
Han-Latin	圓	yuán
Han-Latin	圔	yà
Han-Latin	圕	tú
Han-Latin	圖	tú
Han-Latin	圗	tú
Han-Latin	團	tuán
Han-Latin	圙	lüè
Han-Latin	圚	huì
Han-Latin	圛	yì
Han-Latin	圜	huán
Han-Latin	圝	luán
Han-Latin	圞	luán
Han-Latin	土	tǔ
Han-Latin	圠	yà
Han-Latin	圡	tǔ
Han-Latin	圢	tǐng
Han-Latin	圣	shèng
Han-Latin	圤	pú
Han-Latin	圥	lù
Han-Latin	圦	kuài
Han-Latin	圧	yā
Han-Latin	在	zài
Han-Latin	圩	wéi
Han-Latin	圪	gē
Han-Latin	圫	tuō
Han-Latin	圬	wū
Han-Latin	圭	guī
Han-Latin	圮	pǐ
Han-Latin	圯	yí
Han-Latin	地	de
Han-Latin	圱	qiān
Han-Latin	圲	qiān
Han-Latin	圳	zhèn
Han-Latin	圴	zhuó
Han-Latin	圵	dàng
Han-Latin	圶	qià
Han-Latin	圷	xià
Han-Latin	圸	shān
Han-Latin	圹	kuàng
Han-Latin	场	chǎng
Han-Latin	圻	qí
Han-Latin	圼	niè
Han-Latin	圽	mò
Han-Latin	圾	jī
Han-Latin	圿	jiá
Han-Latin	址	zhǐ
Han-Latin	坁	zhǐ
Han-Latin	坂	bǎn
Han-Latin	坃	xūn
Han-Latin	坄	yì
Han-Latin	坅	qǐn
Han-Latin	坆	méi
Han-Latin	均	jūn
Han-Latin	坈	rǒng
Han-Latin	坉	tún
Han-Latin	坊	fāng
Han-Latin	坋	bèn
Han-Latin	坌	bèn
Han-Latin	坍	tān
Han-Latin	坎	kǎn
Han-Latin	坏	huài
Han-Latin	坐	zuò
Han-Latin	坑	kēng
Han-Latin	坒	bì
Han-Latin	坓	jǐng
Han-Latin	坔	dì
Han-Latin	坕	jīng
Han-Latin	坖	jì
Han-Latin	块	kuài
Han-Latin	坘	dǐ
Han-Latin	坙	jīng
Han-Latin	坚	jiān
Han-Latin	坛	tán
Han-Latin	坜	lì
Han-Latin	坝	bà
Han-Latin	坞	wù
Han-Latin	坟	fén
Han-Latin	坠	zhuì
Han-Latin	坡	pō
Han-Latin	坢	bàn
Han-Latin	坣	táng
Han-Latin	坤	kūn
Han-Latin	坥	qū
Han-Latin	坦	tǎn
Han-Latin	坧	zhī
Han-Latin	坨	tuó
Han-Latin	坩	gān
Han-Latin	坪	píng
Han-Latin	坫	diàn
Han-Latin	坬	guà
Han-Latin	坭	ní
Han-Latin	坮	tái
Han-Latin	坯	pī
Han-Latin	坰	jiōng
Han-Latin	坱	yǎng
Han-Latin	坲	fó
Han-Latin	坳	ào
Han-Latin	坴	lù
Han-Latin	坵	qiū
Han-Latin	坶	mǔ
Han-Latin	坷	kě
Han-Latin	坸	gòu
Han-Latin	坹	xuè
Han-Latin	坺	bá
Han-Latin	坻	dǐ
Han-Latin	坼	chè
Han-Latin	坽	líng
Han-Latin	坾	zhù
Han-Latin	坿	fù
Han-Latin	垀	hū
Han-Latin	垁	zhì
Han-Latin	垂	chuí
Han-Latin	垃	lā
Han-Latin	垄	lǒng
Han-Latin	垅	lǒng
Han-Latin	垆	lú
Han-Latin	垇	ào
Han-Latin	垈	dài
Han-Latin	垉	páo
Han-Latin	垊	mín
Han-Latin	型	xíng
Han-Latin	垌	dòng
Han-Latin	垍	jì
Han-Latin	垎	hè
Han-Latin	垏	lǜ
Han-Latin	垐	cí
Han-Latin	垑	chǐ
Han-Latin	垒	lěi
Han-Latin	垓	gāi
Han-Latin	垔	yīn
Han-Latin	垕	hòu
Han-Latin	垖	duī
Han-Latin	垗	zhào
Han-Latin	垘	fú
Han-Latin	垙	guāng
Han-Latin	垚	yáo
Han-Latin	垛	duǒ
Han-Latin	垜	duǒ
Han-Latin	垝	guǐ
Han-Latin	垞	chá
Han-Latin	垟	yáng
Han-Latin	垠	yín
Han-Latin	垡	fá
Han-Latin	垢	gòu
Han-Latin	垣	yuán
Han-Latin	垤	dié
Han-Latin	垥	xié
Han-Latin	垦	kěn
Han-Latin	垧	shǎng
Han-Latin	垨	shǒu
Han-Latin	垩	è
Han-Latin	垪	bìng
Han-Latin	垫	diàn
Han-Latin	垬	hóng
Han-Latin	垭	yā
Han-Latin	垮	kuǎ
Han-Latin	垯	dá
Han-Latin	垰	kǎ
Han-Latin	垱	dàng
Han-Latin	垲	kǎi
Han-Latin	垳	háng
Han-Latin	垴	nǎo
Han-Latin	垵	ān
Han-Latin	垶	xīng
Han-Latin	垷	xiàn
Han-Latin	垸	yuàn
Han-Latin	垹	bāng
Han-Latin	垺	fú
Han-Latin	垻	bà
Han-Latin	垼	yì
Han-Latin	垽	yìn
Han-Latin	垾	hàn
Han-Latin	垿	xù
Han-Latin	埀	chuí
Han-Latin	埁	qín
Han-Latin	埂	gěng
Han-Latin	埃	āi
Han-Latin	埄	běng
Han-Latin	埅	fáng
Han-Latin	埆	què
Han-Latin	埇	yǒng
Han-Latin	埈	jùn
Han-Latin	埉	jiā
Han-Latin	埊	dì
Han-Latin	埋	mái
Han-Latin	埌	làng
Han-Latin	埍	juǎn
Han-Latin	城	chéng
Han-Latin	埏	shān
Han-Latin	埐	jīn
Han-Latin	埑	zhé
Han-Latin	埒	liè
Han-Latin	埓	liè
Han-Latin	埔	bù
Han-Latin	埕	chéng
Han-Latin	埖	huā
Han-Latin	埗	bù
Han-Latin	埘	shí
Han-Latin	埙	xūn
Han-Latin	埚	guō
Han-Latin	埛	jiōng
Han-Latin	埜	yě
Han-Latin	埝	niàn
Han-Latin	埞	dī
Han-Latin	域	yù
Han-Latin	埠	bù
Han-Latin	埡	yā
Han-Latin	埢	quán
Han-Latin	埣	suì
Han-Latin	埤	pí
Han-Latin	埥	qīng
Han-Latin	埦	wǎn
Han-Latin	埧	jù
Han-Latin	埨	lǔn
Han-Latin	埩	zhēng
Han-Latin	埪	kōng
Han-Latin	埫	tǎng
Han-Latin	埬	dōng
Han-Latin	埭	dài
Han-Latin	埮	tàn
Han-Latin	埯	ǎn
Han-Latin	埰	cài
Han-Latin	埱	chù
Han-Latin	埲	běng
Han-Latin	埳	kǎn
Han-Latin	埴	zhí
Han-Latin	埵	duǒ
Han-Latin	埶	yì
Han-Latin	執	zhí
Han-Latin	埸	yì
Han-Latin	培	péi
Han-Latin	基	jī
Han-Latin	埻	zhǔn
Han-Latin	埼	qí
Han-Latin	埽	sào
Han-Latin	埾	jù
Han-Latin	埿	ní
Han-Latin	堀	kū
Han-Latin	堁	kè
Han-Latin	堂	táng
Han-Latin	堃	kūn
Han-Latin	堄	nì
Han-Latin	堅	jiān
Han-Latin	堆	duī
Han-Latin	堇	jǐn
Han-Latin	堈	gāng
Han-Latin	堉	yù
Han-Latin	堊	è
Han-Latin	堋	péng
Han-Latin	堌	gù
Han-Latin	堍	tù
Han-Latin	堎	lèng
Han-Latin	堏	fáng
Han-Latin	堐	yá
Han-Latin	堑	qiàn
Han-Latin	堒	kūn
Han-Latin	堓	àn
Han-Latin	堔	shēn
Han-Latin	堕	duò
Han-Latin	堖	nǎo
Han-Latin	堗	tū
Han-Latin	堘	chéng
Han-Latin	堙	yīn
Han-Latin	堚	hún
Han-Latin	堛	bì
Han-Latin	堜	liàn
Han-Latin	堝	guō
Han-Latin	堞	dié
Han-Latin	堟	zhuàn
Han-Latin	堠	hòu
Han-Latin	堡	bǎo
Han-Latin	堢	bǎo
Han-Latin	堣	yú
Han-Latin	堤	dī
Han-Latin	堥	máo
Han-Latin	堦	jiē
Han-Latin	堧	ruán
Han-Latin	堨	è
Han-Latin	堩	gèng
Han-Latin	堪	kān
Han-Latin	堫	zōng
Han-Latin	堬	yú
Han-Latin	堭	huáng
Han-Latin	堮	è
Han-Latin	堯	yáo
Han-Latin	堰	yàn
Han-Latin	報	bào
Han-Latin	堲	jí
Han-Latin	堳	méi
Han-Latin	場	chǎng
Han-Latin	堵	dǔ
Han-Latin	堶	tuó
Han-Latin	堷	yìn
Han-Latin	堸	féng
Han-Latin	堹	zhòng
Han-Latin	堺	jiè
Han-Latin	堻	jīn
Han-Latin	堼	hèng
Han-Latin	堽	gāng
Han-Latin	堾	chūn
Han-Latin	堿	jiǎn
Han-Latin	塀	píng
Han-Latin	塁	lěi
Han-Latin	塂	xiàng
Han-Latin	塃	huāng
Han-Latin	塄	léng
Han-Latin	塅	duàn
Han-Latin	塆	wān
Han-Latin	塇	xuān
Han-Latin	塈	jì
Han-Latin	塉	jí
Han-Latin	塊	kuài
Han-Latin	塋	yíng
Han-Latin	塌	tā
Han-Latin	塍	chéng
Han-Latin	塎	yǒng
Han-Latin	塏	kǎi
Han-Latin	塐	sù
Han-Latin	塑	sù
Han-Latin	塒	shí
Han-Latin	塓	mì
Han-Latin	塔	tǎ
Han-Latin	塕	wěng
Han-Latin	塖	chéng
Han-Latin	塗	tú
Han-Latin	塘	táng
Han-Latin	塙	què
Han-Latin	塚	zhǒng
Han-Latin	塛	lì
Han-Latin	塜	zhǒng
Han-Latin	塝	bàng
Han-Latin	塞	sāi
Han-Latin	塟	zàng
Han-Latin	塠	duī
Han-Latin	塡	tián
Han-Latin	塢	wù
Han-Latin	塣	zhèng
Han-Latin	塤	xūn
Han-Latin	塥	gé
Han-Latin	塦	zhèn
Han-Latin	塧	ài
Han-Latin	塨	gōng
Han-Latin	塩	yán
Han-Latin	塪	kǎn
Han-Latin	填	tián
Han-Latin	塬	yuán
Han-Latin	塭	wēn
Han-Latin	塮	xiè
Han-Latin	塯	liù
Han-Latin	塰	hǎi
Han-Latin	塱	lǎng
Han-Latin	塲	cháng
Han-Latin	塳	péng
Han-Latin	塴	bèng
Han-Latin	塵	chén
Han-Latin	塶	lù
Han-Latin	塷	lǔ
Han-Latin	塸	ōu
Han-Latin	塹	qiàn
Han-Latin	塺	méi
Han-Latin	塻	mò
Han-Latin	塼	zhuān
Han-Latin	塽	shuǎng
Han-Latin	塾	shú
Han-Latin	塿	lǒu
Han-Latin	墀	chí
Han-Latin	墁	màn
Han-Latin	墂	biāo
Han-Latin	境	jìng
Han-Latin	墄	cè
Han-Latin	墅	shù
Han-Latin	墆	zhì
Han-Latin	墇	zhàng
Han-Latin	墈	kàn
Han-Latin	墉	yōng
Han-Latin	墊	diàn
Han-Latin	墋	chěn
Han-Latin	墌	zhí
Han-Latin	墍	xì
Han-Latin	墎	guō
Han-Latin	墏	qiǎng
Han-Latin	墐	jìn
Han-Latin	墑	dì
Han-Latin	墒	shāng
Han-Latin	墓	mù
Han-Latin	墔	cuī
Han-Latin	墕	yàn
Han-Latin	墖	tǎ
Han-Latin	増	zēng
Han-Latin	墘	qián
Han-Latin	墙	qiáng
Han-Latin	墚	liáng
Han-Latin	墛	wèi
Han-Latin	墜	zhuì
Han-Latin	墝	qiāo
Han-Latin	增	zēng
Han-Latin	墟	xū
Han-Latin	墠	shàn
Han-Latin	墡	shàn
Han-Latin	墢	bá
Han-Latin	墣	pú
Han-Latin	墤	kuài
Han-Latin	墥	dǒng
Han-Latin	墦	fán
Han-Latin	墧	què
Han-Latin	墨	mò
Han-Latin	墩	dūn
Han-Latin	墪	dūn
Han-Latin	墫	zūn
Han-Latin	墬	dì
Han-Latin	墭	shèng
Han-Latin	墮	duò
Han-Latin	墯	duò
Han-Latin	墰	tán
Han-Latin	墱	dèng
Han-Latin	墲	mú
Han-Latin	墳	fén
Han-Latin	墴	huáng
Han-Latin	墵	tán
Han-Latin	墶	dā
Han-Latin	墷	yè
Han-Latin	墸	zhù
Han-Latin	墹	jiàn
Han-Latin	墺	ào
Han-Latin	墻	qiáng
Han-Latin	墼	jī
Han-Latin	墽	qiāo
Han-Latin	墾	kěn
Han-Latin	墿	yì
Han-Latin	壀	pí
Han-Latin	壁	bì
Han-Latin	壂	diàn
Han-Latin	壃	jiāng
Han-Latin	壄	yě
Han-Latin	壅	yōng
Han-Latin	壆	xué
Han-Latin	壇	tán
Han-Latin	壈	lǎn
Han-Latin	壉	jù
Han-Latin	壊	huài
Han-Latin	壋	dàng
Han-Latin	壌	rǎng
Han-Latin	壍	qiàn
Han-Latin	壎	xūn
Han-Latin	壏	xiàn
Han-Latin	壐	xǐ
Han-Latin	壑	hè
Han-Latin	壒	ài
Han-Latin	壓	yā
Han-Latin	壔	dǎo
Han-Latin	壕	háo
Han-Latin	壖	ruán
Han-Latin	壗	jìn
Han-Latin	壘	lěi
Han-Latin	壙	kuàng
Han-Latin	壚	lú
Han-Latin	壛	yán
Han-Latin	壜	tán
Han-Latin	壝	wěi
Han-Latin	壞	huài
Han-Latin	壟	lǒng
Han-Latin	壠	lǒng
Han-Latin	壡	ruì
Han-Latin	壢	lì
Han-Latin	壣	lín
Han-Latin	壤	rǎng
Han-Latin	壥	chán
Han-Latin	壦	xūn
Han-Latin	壧	yán
Han-Latin	壨	léi
Han-Latin	壩	bà
Han-Latin	壪	wān
Han-Latin	士	shì
Han-Latin	壬	rén
Han-Latin	壭	san
Han-Latin	壮	zhuàng
Han-Latin	壯	zhuàng
Han-Latin	声	shēng
Han-Latin	壱	yī
Han-Latin	売	mài
Han-Latin	壳	ké
Han-Latin	壴	zhù
Han-Latin	壵	zhuàng
Han-Latin	壶	hú
Han-Latin	壷	hú
Han-Latin	壸	kǔn
Han-Latin	壹	yī
Han-Latin	壺	hú
Han-Latin	壻	xù
Han-Latin	壼	kǔn
Han-Latin	壽	shòu
Han-Latin	壾	mǎng
Han-Latin	壿	zūn
Han-Latin	夀	shòu
Han-Latin	夁	yī
Han-Latin	夂	zhǐ
Han-Latin	夃	gǔ
Han-Latin	处	chù
Han-Latin	夅	jiàng
Han-Latin	夆	féng
Han-Latin	备	bèi
Han-Latin	夈	zhāi
Han-Latin	変	biàn
Han-Latin	夊	suī
Han-Latin	夋	qūn
Han-Latin	夌	líng
Han-Latin	复	fù
Han-Latin	夎	cuò
Han-Latin	夏	xià
Han-Latin	夐	xiòng
Han-Latin	夑	xiè
Han-Latin	夒	náo
Han-Latin	夓	xià
Han-Latin	夔	kuí
Han-Latin	夕	xī
Han-Latin	外	wài
Han-Latin	夗	yuàn
Han-Latin	夘	mǎo
Han-Latin	夙	sù
Han-Latin	多	duō
Han-Latin	夛	duō
Han-Latin	夜	yè
Han-Latin	夝	qíng
Han-Latin	夞	wài
Han-Latin	够	gòu
Han-Latin	夠	gòu
Han-Latin	夡	qì
Han-Latin	夢	mèng
Han-Latin	夣	mèng
Han-Latin	夤	yín
Han-Latin	夥	huǒ
Han-Latin	夦	chěn
Han-Latin	大	dà
Han-Latin	夨	zè
Han-Latin	天	tiān
Han-Latin	太	tài
Han-Latin	夫	fū
Han-Latin	夬	guài
Han-Latin	夭	yāo
Han-Latin	央	yāng
Han-Latin	夯	hāng
Han-Latin	夰	gǎo
Han-Latin	失	shī
Han-Latin	夲	tāo
Han-Latin	夳	tài
Han-Latin	头	tóu
Han-Latin	夵	yǎn
Han-Latin	夶	bǐ
Han-Latin	夷	yí
Han-Latin	夸	kuā
Han-Latin	夹	jiā
Han-Latin	夺	duó
Han-Latin	夻	huà
Han-Latin	夼	kuǎng
Han-Latin	夽	yǔn
Han-Latin	夾	jiā
Han-Latin	夿	bā
Han-Latin	奀	ēn
Han-Latin	奁	lián
Han-Latin	奂	huàn
Han-Latin	奃	dī
Han-Latin	奄	yǎn
Han-Latin	奅	pào
Han-Latin	奆	juàn
Han-Latin	奇	qí
Han-Latin	奈	nài
Han-Latin	奉	fèng
Han-Latin	奊	xié
Han-Latin	奋	fèn
Han-Latin	奌	diǎn
Han-Latin	奍	quān
Han-Latin	奎	kuí
Han-Latin	奏	zòu
Han-Latin	奐	huàn
Han-Latin	契	qì
Han-Latin	奒	kāi
Han-Latin	奓	zhā
Han-Latin	奔	bēn
Han-Latin	奕	yì
Han-Latin	奖	jiǎng
Han-Latin	套	tào
Han-Latin	奘	zàng
Han-Latin	奙	běn
Han-Latin	奚	xī
Han-Latin	奛	huǎng
Han-Latin	奜	fěi
Han-Latin	奝	diāo
Han-Latin	奞	xùn
Han-Latin	奟	bēng
Han-Latin	奠	diàn
Han-Latin	奡	ào
Han-Latin	奢	shē
Han-Latin	奣	wěng
Han-Latin	奤	hǎ
Han-Latin	奥	ào
Han-Latin	奦	wù
Han-Latin	奧	ào
Han-Latin	奨	jiǎng
Han-Latin	奩	lián
Han-Latin	奪	duó
Han-Latin	奫	yūn
Han-Latin	奬	jiǎng
Han-Latin	奭	shì
Han-Latin	奮	fèn
Han-Latin	奯	huò
Han-Latin	奰	bì
Han-Latin	奱	luán
Han-Latin	奲	duǒ
Han-Latin	女	nǚ
Han-Latin	奴	nú
Han-Latin	奵	dǐng
Han-Latin	奶	nǎi
Han-Latin	奷	qiān
Han-Latin	奸	jiān
Han-Latin	她	tā
Han-Latin	奺	jiǔ
Han-Latin	奻	nuán
Han-Latin	奼	chà
Han-Latin	好	hǎo
Han-Latin	奾	xiān
Han-Latin	奿	fàn
Han-Latin	妀	jǐ
Han-Latin	妁	shuò
Han-Latin	如	rú
Han-Latin	妃	fēi
Han-Latin	妄	wàng
Han-Latin	妅	hóng
Han-Latin	妆	zhuāng
Han-Latin	妇	fù
Han-Latin	妈	mā
Han-Latin	妉	dān
Han-Latin	妊	rèn
Han-Latin	妋	fū
Han-Latin	妌	jìng
Han-Latin	妍	yán
Han-Latin	妎	hài
Han-Latin	妏	wèn
Han-Latin	妐	zhōng
Han-Latin	妑	pā
Han-Latin	妒	dù
Han-Latin	妓	jì
Han-Latin	妔	kēng
Han-Latin	妕	zhòng
Han-Latin	妖	yāo
Han-Latin	妗	jìn
Han-Latin	妘	yún
Han-Latin	妙	miào
Han-Latin	妚	fǒu
Han-Latin	妛	chī
Han-Latin	妜	yuè
Han-Latin	妝	zhuāng
Han-Latin	妞	niū
Han-Latin	妟	yàn
Han-Latin	妠	nà
Han-Latin	妡	xīn
Han-Latin	妢	fén
Han-Latin	妣	bǐ
Han-Latin	妤	yú
Han-Latin	妥	tuǒ
Han-Latin	妦	fēng
Han-Latin	妧	yuán
Han-Latin	妨	fáng
Han-Latin	妩	wǔ
Han-Latin	妪	yù
Han-Latin	妫	guī
Han-Latin	妬	dù
Han-Latin	妭	bá
Han-Latin	妮	nī
Han-Latin	妯	zhóu
Han-Latin	妰	zhuó
Han-Latin	妱	zhāo
Han-Latin	妲	dá
Han-Latin	妳	nǎi
Han-Latin	妴	yuàn
Han-Latin	妵	tǒu
Han-Latin	妶	xián
Han-Latin	妷	zhí
Han-Latin	妸	ē
Han-Latin	妹	mèi
Han-Latin	妺	mò
Han-Latin	妻	qī
Han-Latin	妼	bì
Han-Latin	妽	shēn
Han-Latin	妾	qiè
Han-Latin	妿	ē
Han-Latin	姀	hé
Han-Latin	姁	xǔ
Han-Latin	姂	fá
Han-Latin	姃	zhēng
Han-Latin	姄	mín
Han-Latin	姅	bàn
Han-Latin	姆	mǔ
Han-Latin	姇	fū
Han-Latin	姈	líng
Han-Latin	姉	zǐ
Han-Latin	姊	zǐ
Han-Latin	始	shǐ
Han-Latin	姌	rǎn
Han-Latin	姍	shān
Han-Latin	姎	yāng
Han-Latin	姏	mán
Han-Latin	姐	jiě
Han-Latin	姑	gū
Han-Latin	姒	sì
Han-Latin	姓	xìng
Han-Latin	委	wěi
Han-Latin	姕	zī
Han-Latin	姖	jù
Han-Latin	姗	shān
Han-Latin	姘	pīn
Han-Latin	姙	rèn
Han-Latin	姚	yáo
Han-Latin	姛	dòng
Han-Latin	姜	jiāng
Han-Latin	姝	shū
Han-Latin	姞	jí
Han-Latin	姟	gāi
Han-Latin	姠	xiàng
Han-Latin	姡	huá
Han-Latin	姢	juān
Han-Latin	姣	jiāo
Han-Latin	姤	gòu
Han-Latin	姥	lǎo
Han-Latin	姦	jiān
Han-Latin	姧	jiān
Han-Latin	姨	yí
Han-Latin	姩	niàn
Han-Latin	姪	zhí
Han-Latin	姫	jī
Han-Latin	姬	jī
Han-Latin	姭	xiàn
Han-Latin	姮	héng
Han-Latin	姯	guāng
Han-Latin	姰	jūn
Han-Latin	姱	kuā
Han-Latin	姲	yàn
Han-Latin	姳	mǐng
Han-Latin	姴	liè
Han-Latin	姵	pèi
Han-Latin	姶	è
Han-Latin	姷	yòu
Han-Latin	姸	yán
Han-Latin	姹	chà
Han-Latin	姺	shēn
Han-Latin	姻	yīn
Han-Latin	姼	shí
Han-Latin	姽	guǐ
Han-Latin	姾	quán
Han-Latin	姿	zī
Han-Latin	娀	sōng
Han-Latin	威	wēi
Han-Latin	娂	hóng
Han-Latin	娃	wá
Han-Latin	娄	lóu
Han-Latin	娅	yà
Han-Latin	娆	ráo
Han-Latin	娇	jiāo
Han-Latin	娈	luán
Han-Latin	娉	pīng
Han-Latin	娊	xiàn
Han-Latin	娋	shào
Han-Latin	娌	lǐ
Han-Latin	娍	chéng
Han-Latin	娎	xiè
Han-Latin	娏	máng
Han-Latin	娐	fū
Han-Latin	娑	suō
Han-Latin	娒	méi
Han-Latin	娓	wěi
Han-Latin	娔	kè
Han-Latin	娕	chuò
Han-Latin	娖	chuò
Han-Latin	娗	tǐng
Han-Latin	娘	niáng
Han-Latin	娙	xíng
Han-Latin	娚	nán
Han-Latin	娛	yú
Han-Latin	娜	nà
Han-Latin	娝	pōu
Han-Latin	娞	něi
Han-Latin	娟	juān
Han-Latin	娠	shēn
Han-Latin	娡	zhì
Han-Latin	娢	hán
Han-Latin	娣	dì
Han-Latin	娤	zhuāng
Han-Latin	娥	é
Han-Latin	娦	pín
Han-Latin	娧	tuì
Han-Latin	娨	xiàn
Han-Latin	娩	miǎn
Han-Latin	娪	wú
Han-Latin	娫	yán
Han-Latin	娬	wǔ
Han-Latin	娭	āi
Han-Latin	娮	yán
Han-Latin	娯	yú
Han-Latin	娰	sì
Han-Latin	娱	yú
Han-Latin	娲	wā
Han-Latin	娳	lì
Han-Latin	娴	xián
Han-Latin	娵	jū
Han-Latin	娶	qǔ
Han-Latin	娷	zhuì
Han-Latin	娸	qī
Han-Latin	娹	xián
Han-Latin	娺	zhuó
Han-Latin	娻	dōng
Han-Latin	娼	chāng
Han-Latin	娽	lù
Han-Latin	娾	ǎi
Han-Latin	娿	ē
Han-Latin	婀	ē
Han-Latin	婁	lóu
Han-Latin	婂	mián
Han-Latin	婃	cóng
Han-Latin	婄	pǒu
Han-Latin	婅	jú
Han-Latin	婆	pó
Han-Latin	婇	cǎi
Han-Latin	婈	líng
Han-Latin	婉	wǎn
Han-Latin	婊	biǎo
Han-Latin	婋	xiāo
Han-Latin	婌	shú
Han-Latin	婍	qǐ
Han-Latin	婎	huī
Han-Latin	婏	fàn
Han-Latin	婐	wǒ
Han-Latin	婑	ruí
Han-Latin	婒	tán
Han-Latin	婓	fēi
Han-Latin	婔	fēi
Han-Latin	婕	jié
Han-Latin	婖	tiān
Han-Latin	婗	ní
Han-Latin	婘	quán
Han-Latin	婙	jìng
Han-Latin	婚	hūn
Han-Latin	婛	jīng
Han-Latin	婜	qiān
Han-Latin	婝	diàn
Han-Latin	婞	xìng
Han-Latin	婟	hù
Han-Latin	婠	wān
Han-Latin	婡	lái
Han-Latin	婢	bì
Han-Latin	婣	yīn
Han-Latin	婤	zhōu
Han-Latin	婥	chuò
Han-Latin	婦	fù
Han-Latin	婧	jìng
Han-Latin	婨	lún
Han-Latin	婩	àn
Han-Latin	婪	lán
Han-Latin	婫	kūn
Han-Latin	婬	yín
Han-Latin	婭	yà
Han-Latin	婮	jū
Han-Latin	婯	lì
Han-Latin	婰	diǎn
Han-Latin	婱	xián
Han-Latin	婲	huā
Han-Latin	婳	huà
Han-Latin	婴	yīng
Han-Latin	婵	chán
Han-Latin	婶	shěn
Han-Latin	婷	tíng
Han-Latin	婸	dàng
Han-Latin	婹	yǎo
Han-Latin	婺	wù
Han-Latin	婻	nàn
Han-Latin	婼	ruò
Han-Latin	婽	jiǎ
Han-Latin	婾	tōu
Han-Latin	婿	xù
Han-Latin	媀	yù
Han-Latin	媁	wéi
Han-Latin	媂	dì
Han-Latin	媃	róu
Han-Latin	媄	měi
Han-Latin	媅	dān
Han-Latin	媆	ruǎn
Han-Latin	媇	qīn
Han-Latin	媈	huī
Han-Latin	媉	wò
Han-Latin	媊	qián
Han-Latin	媋	chūn
Han-Latin	媌	miáo
Han-Latin	媍	fù
Han-Latin	媎	jiě
Han-Latin	媏	duān
Han-Latin	媐	yí
Han-Latin	媑	zhòng
Han-Latin	媒	méi
Han-Latin	媓	huáng
Han-Latin	媔	mián
Han-Latin	媕	ān
Han-Latin	媖	yīng
Han-Latin	媗	xuān
Han-Latin	媘	jiē
Han-Latin	媙	wēi
Han-Latin	媚	mèi
Han-Latin	媛	yuàn
Han-Latin	媜	zhēng
Han-Latin	媝	qiū
Han-Latin	媞	shì
Han-Latin	媟	xiè
Han-Latin	媠	tuǒ
Han-Latin	媡	liàn
Han-Latin	媢	mào
Han-Latin	媣	rǎn
Han-Latin	媤	sī
Han-Latin	媥	piān
Han-Latin	媦	wèi
Han-Latin	媧	wā
Han-Latin	媨	cù
Han-Latin	媩	hú
Han-Latin	媪	ǎo
Han-Latin	媫	jié
Han-Latin	媬	bǎo
Han-Latin	媭	xū
Han-Latin	媮	tōu
Han-Latin	媯	guī
Han-Latin	媰	chú
Han-Latin	媱	yáo
Han-Latin	媲	pì
Han-Latin	媳	xí
Han-Latin	媴	yuán
Han-Latin	媵	yìng
Han-Latin	媶	róng
Han-Latin	媷	rù
Han-Latin	媸	chī
Han-Latin	媹	liú
Han-Latin	媺	měi
Han-Latin	媻	pán
Han-Latin	媼	ǎo
Han-Latin	媽	mā
Han-Latin	媾	gòu
Han-Latin	媿	kuì
Han-Latin	嫀	qín
Han-Latin	嫁	jià
Han-Latin	嫂	sǎo
Han-Latin	嫃	zhēn
Han-Latin	嫄	yuán
Han-Latin	嫅	jiē
Han-Latin	嫆	róng
Han-Latin	嫇	míng
Han-Latin	嫈	yīng
Han-Latin	嫉	jí
Han-Latin	嫊	sù
Han-Latin	嫋	niǎo
Han-Latin	嫌	xián
Han-Latin	嫍	tāo
Han-Latin	嫎	páng
Han-Latin	嫏	láng
Han-Latin	嫐	nǎo
Han-Latin	嫑	báo
Han-Latin	嫒	ài
Han-Latin	嫓	pì
Han-Latin	嫔	pín
Han-Latin	嫕	yì
Han-Latin	嫖	piáo
Han-Latin	嫗	yù
Han-Latin	嫘	léi
Han-Latin	嫙	xuán
Han-Latin	嫚	mān
Han-Latin	嫛	yī
Han-Latin	嫜	zhāng
Han-Latin	嫝	kāng
Han-Latin	嫞	yōng
Han-Latin	嫟	nì
Han-Latin	嫠	lí
Han-Latin	嫡	dí
Han-Latin	嫢	guī
Han-Latin	嫣	yān
Han-Latin	嫤	jǐn
Han-Latin	嫥	zhuān
Han-Latin	嫦	cháng
Han-Latin	嫧	zé
Han-Latin	嫨	hān
Han-Latin	嫩	nèn
Han-Latin	嫪	lào
Han-Latin	嫫	mó
Han-Latin	嫬	zhē
Han-Latin	嫭	hù
Han-Latin	嫮	hù
Han-Latin	嫯	ào
Han-Latin	嫰	nèn
Han-Latin	嫱	qiáng
Han-Latin	嫲	mā
Han-Latin	嫳	piè
Han-Latin	嫴	gū
Han-Latin	嫵	wǔ
Han-Latin	嫶	qiáo
Han-Latin	嫷	tuǒ
Han-Latin	嫸	zhǎn
Han-Latin	嫹	miáo
Han-Latin	嫺	xián
Han-Latin	嫻	xián
Han-Latin	嫼	mò
Han-Latin	嫽	liáo
Han-Latin	嫾	lián
Han-Latin	嫿	huà
Han-Latin	嬀	guī
Han-Latin	嬁	dēng
Han-Latin	嬂	zhí
Han-Latin	嬃	xū
Han-Latin	嬄	yī
Han-Latin	嬅	huà
Han-Latin	嬆	xī
Han-Latin	嬇	kuì
Han-Latin	嬈	ráo
Han-Latin	嬉	xī
Han-Latin	嬊	yàn
Han-Latin	嬋	chán
Han-Latin	嬌	jiāo
Han-Latin	嬍	měi
Han-Latin	嬎	fàn
Han-Latin	嬏	fān
Han-Latin	嬐	xiān
Han-Latin	嬑	yì
Han-Latin	嬒	huì
Han-Latin	嬓	jiào
Han-Latin	嬔	fù
Han-Latin	嬕	shì
Han-Latin	嬖	bì
Han-Latin	嬗	shàn
Han-Latin	嬘	suì
Han-Latin	嬙	qiáng
Han-Latin	嬚	liǎn
Han-Latin	嬛	huán
Han-Latin	嬜	xīn
Han-Latin	嬝	niǎo
Han-Latin	嬞	dǒng
Han-Latin	嬟	yì
Han-Latin	嬠	cān
Han-Latin	嬡	ài
Han-Latin	嬢	niáng
Han-Latin	嬣	níng
Han-Latin	嬤	mā
Han-Latin	嬥	tiǎo
Han-Latin	嬦	chóu
Han-Latin	嬧	jìn
Han-Latin	嬨	cí
Han-Latin	嬩	yú
Han-Latin	嬪	pín
Han-Latin	嬫	róng
Han-Latin	嬬	rú
Han-Latin	嬭	nǎi
Han-Latin	嬮	yān
Han-Latin	嬯	tái
Han-Latin	嬰	yīng
Han-Latin	嬱	qiàn
Han-Latin	嬲	niǎo
Han-Latin	嬳	yuè
Han-Latin	嬴	yíng
Han-Latin	嬵	mián
Han-Latin	嬶	bí
Han-Latin	嬷	mó
Han-Latin	嬸	shěn
Han-Latin	嬹	xìng
Han-Latin	嬺	nì
Han-Latin	嬻	dú
Han-Latin	嬼	liǔ
Han-Latin	嬽	yuān
Han-Latin	嬾	lǎn
Han-Latin	嬿	yàn
Han-Latin	孀	shuāng
Han-Latin	孁	líng
Han-Latin	孂	jiǎo
Han-Latin	孃	niáng
Han-Latin	孄	lǎn
Han-Latin	孅	xiān
Han-Latin	孆	yīng
Han-Latin	孇	shuāng
Han-Latin	孈	huì
Han-Latin	孉	quán
Han-Latin	孊	mǐ
Han-Latin	孋	lí
Han-Latin	孌	luán
Han-Latin	孍	yán
Han-Latin	孎	zhú
Han-Latin	孏	lǎn
Han-Latin	子	zǐ
Han-Latin	孑	jié
Han-Latin	孒	jué
Han-Latin	孓	jué
Han-Latin	孔	kǒng
Han-Latin	孕	yùn
Han-Latin	孖	mā
Han-Latin	字	zì
Han-Latin	存	cún
Han-Latin	孙	sūn
Han-Latin	孚	fú
Han-Latin	孛	bèi
Han-Latin	孜	zī
Han-Latin	孝	xiào
Han-Latin	孞	xìn
Han-Latin	孟	mèng
Han-Latin	孠	sì
Han-Latin	孡	tāi
Han-Latin	孢	bāo
Han-Latin	季	jì
Han-Latin	孤	gū
Han-Latin	孥	nú
Han-Latin	学	xué
Han-Latin	孧	yòu
Han-Latin	孨	zhuǎn
Han-Latin	孩	hái
Han-Latin	孪	luán
Han-Latin	孫	sūn
Han-Latin	孬	nāo
Han-Latin	孭	miē
Han-Latin	孮	cóng
Han-Latin	孯	qiān
Han-Latin	孰	shú
Han-Latin	孱	chán
Han-Latin	孲	yā
Han-Latin	孳	zī
Han-Latin	孴	nǐ
Han-Latin	孵	fū
Han-Latin	孶	zī
Han-Latin	孷	lí
Han-Latin	學	xué
Han-Latin	孹	bò
Han-Latin	孺	rú
Han-Latin	孻	nái
Han-Latin	孼	niè
Han-Latin	孽	niè
Han-Latin	孾	yīng
Han-Latin	孿	luán
Han-Latin	宀	mián
Han-Latin	宁	níng
Han-Latin	宂	rǒng
Han-Latin	它	tā
Han-Latin	宄	guǐ
Han-Latin	宅	zhái
Han-Latin	宆	qióng
Han-Latin	宇	yǔ
Han-Latin	守	shǒu
Han-Latin	安	ān
Han-Latin	宊	tū
Han-Latin	宋	sòng
Han-Latin	完	wán
Han-Latin	宍	ròu
Han-Latin	宎	yǎo
Han-Latin	宏	hóng
Han-Latin	宐	yí
Han-Latin	宑	jǐng
Han-Latin	宒	zhūn
Han-Latin	宓	mì
Han-Latin	宔	zhǔ
Han-Latin	宕	dàng
Han-Latin	宖	hóng
Han-Latin	宗	zōng
Han-Latin	官	guān
Han-Latin	宙	zhòu
Han-Latin	定	dìng
Han-Latin	宛	wǎn
Han-Latin	宜	yí
Han-Latin	宝	bǎo
Han-Latin	实	shí
Han-Latin	実	shí
Han-Latin	宠	chǒng
Han-Latin	审	shěn
Han-Latin	客	kè
Han-Latin	宣	xuān
Han-Latin	室	shì
Han-Latin	宥	yòu
Han-Latin	宦	huàn
Han-Latin	宧	yí
Han-Latin	宨	tiǎo
Han-Latin	宩	shǐ
Han-Latin	宪	xiàn
Han-Latin	宫	gōng
Han-Latin	宬	chéng
Han-Latin	宭	qún
Han-Latin	宮	gōng
Han-Latin	宯	xiāo
Han-Latin	宰	zǎi
Han-Latin	宱	zhà
Han-Latin	宲	bǎo
Han-Latin	害	hài
Han-Latin	宴	yàn
Han-Latin	宵	xiāo
Han-Latin	家	jiā
Han-Latin	宷	shěn
Han-Latin	宸	chén
Han-Latin	容	róng
Han-Latin	宺	huǎng
Han-Latin	宻	mì
Han-Latin	宼	kòu
Han-Latin	宽	kuān
Han-Latin	宾	bīn
Han-Latin	宿	sù
Han-Latin	寀	cǎi
Han-Latin	寁	zǎn
Han-Latin	寂	jì
Han-Latin	寃	yuān
Han-Latin	寄	jì
Han-Latin	寅	yín
Han-Latin	密	mì
Han-Latin	寇	kòu
Han-Latin	寈	qīng
Han-Latin	寉	hè
Han-Latin	寊	zhēn
Han-Latin	寋	jiàn
Han-Latin	富	fù
Han-Latin	寍	níng
Han-Latin	寎	bìng
Han-Latin	寏	huán
Han-Latin	寐	mèi
Han-Latin	寑	qǐn
Han-Latin	寒	hán
Han-Latin	寓	yù
Han-Latin	寔	shí
Han-Latin	寕	níng
Han-Latin	寖	jìn
Han-Latin	寗	níng
Han-Latin	寘	zhì
Han-Latin	寙	yǔ
Han-Latin	寚	bǎo
Han-Latin	寛	kuān
Han-Latin	寜	níng
Han-Latin	寝	qǐn
Han-Latin	寞	mò
Han-Latin	察	chá
Han-Latin	寠	jù
Han-Latin	寡	guǎ
Han-Latin	寢	qǐn
Han-Latin	寣	hū
Han-Latin	寤	wù
Han-Latin	寥	liáo
Han-Latin	實	shí
Han-Latin	寧	níng
Han-Latin	寨	zhài
Han-Latin	審	shěn
Han-Latin	寪	wěi
Han-Latin	寫	xiě
Han-Latin	寬	kuān
Han-Latin	寭	huì
Han-Latin	寮	liáo
Han-Latin	寯	jùn
Han-Latin	寰	huán
Han-Latin	寱	yì
Han-Latin	寲	yí
Han-Latin	寳	bǎo
Han-Latin	寴	qīn
Han-Latin	寵	chǒng
Han-Latin	寶	bǎo
Han-Latin	寷	fēng
Han-Latin	寸	cùn
Han-Latin	对	duì
Han-Latin	寺	sì
Han-Latin	寻	xún
Han-Latin	导	dǎo
Han-Latin	寽	lǜ
Han-Latin	対	duì
Han-Latin	寿	shòu
Han-Latin	尀	pǒ
Han-Latin	封	fēng
Han-Latin	専	zhuān
Han-Latin	尃	fū
Han-Latin	射	shè
Han-Latin	尅	kè
Han-Latin	将	jiāng
Han-Latin	將	jiāng
Han-Latin	專	zhuān
Han-Latin	尉	wèi
Han-Latin	尊	zūn
Han-Latin	尋	xún
Han-Latin	尌	shù
Han-Latin	對	duì
Han-Latin	導	dǎo
Han-Latin	小	xiǎo
Han-Latin	尐	jié
Han-Latin	少	shǎo
Han-Latin	尒	ěr
Han-Latin	尓	ěr
Han-Latin	尔	ěr
Han-Latin	尕	gǎ
Han-Latin	尖	jiān
Han-Latin	尗	shū
Han-Latin	尘	chén
Han-Latin	尙	shàng
Han-Latin	尚	shàng
Han-Latin	尛	mó
Han-Latin	尜	gá
Han-Latin	尝	cháng
Han-Latin	尞	liào
Han-Latin	尟	xiǎn
Han-Latin	尠	xiǎn
Han-Latin	尡	kūn
Han-Latin	尢	wāng
Han-Latin	尣	wāng
Han-Latin	尤	yóu
Han-Latin	尥	liào
Han-Latin	尦	liào
Han-Latin	尧	yáo
Han-Latin	尨	máng
Han-Latin	尩	wāng
Han-Latin	尪	wāng
Han-Latin	尫	wāng
Han-Latin	尬	gà
Han-Latin	尭	yáo
Han-Latin	尮	duò
Han-Latin	尯	kuì
Han-Latin	尰	zhǒng
Han-Latin	就	jiù
Han-Latin	尲	gān
Han-Latin	尳	gǔ
Han-Latin	尴	gān
Han-Latin	尵	tuí
Han-Latin	尶	gān
Han-Latin	尷	gān
Han-Latin	尸	shī
Han-Latin	尹	yǐn
Han-Latin	尺	chǐ
Han-Latin	尻	kāo
Han-Latin	尼	ní
Han-Latin	尽	jǐn
Han-Latin	尾	wěi
Han-Latin	尿	niào
Han-Latin	局	jú
Han-Latin	屁	pì
Han-Latin	层	céng
Han-Latin	屃	xì
Han-Latin	屄	bī
Han-Latin	居	jū
Han-Latin	屆	jiè
Han-Latin	屇	tián
Han-Latin	屈	qū
Han-Latin	屉	tì
Han-Latin	届	jiè
Han-Latin	屋	wū
Han-Latin	屌	diǎo
Han-Latin	屍	shī
Han-Latin	屎	shǐ
Han-Latin	屏	píng
Han-Latin	屐	jī
Han-Latin	屑	xiè
Han-Latin	屒	zhěn
Han-Latin	屓	xiè
Han-Latin	屔	ní
Han-Latin	展	zhǎn
Han-Latin	屖	xī
Han-Latin	屗	wěi
Han-Latin	屘	mǎn
Han-Latin	屙	ē
Han-Latin	屚	lòu
Han-Latin	屛	píng
Han-Latin	屜	tì
Han-Latin	屝	fèi
Han-Latin	属	shǔ
Han-Latin	屟	xiè
Han-Latin	屠	tú
Han-Latin	屡	lǚ
Han-Latin	屢	lǚ
Han-Latin	屣	xǐ
Han-Latin	層	céng
Han-Latin	履	lǚ
Han-Latin	屦	jù
Han-Latin	屧	xiè
Han-Latin	屨	jù
Han-Latin	屩	juē
Han-Latin	屪	liáo
Han-Latin	屫	jué
Han-Latin	屬	shǔ
Han-Latin	屭	xì
Han-Latin	屮	chè
Han-Latin	屯	tún
Han-Latin	屰	nì
Han-Latin	山	shān
Han-Latin	屲	wā
Han-Latin	屳	xiān
Han-Latin	屴	lì
Han-Latin	屵	è
Han-Latin	屶	huì
Han-Latin	屷	huì
Han-Latin	屸	lóng
Han-Latin	屹	yì
Han-Latin	屺	qǐ
Han-Latin	屻	rèn
Han-Latin	屼	wù
Han-Latin	屽	hàn
Han-Latin	屾	shēn
Han-Latin	屿	yǔ
Han-Latin	岀	chū
Han-Latin	岁	suì
Han-Latin	岂	qǐ
Han-Latin	岃	rèn
Han-Latin	岄	yuè
Han-Latin	岅	bǎn
Han-Latin	岆	yǎo
Han-Latin	岇	áng
Han-Latin	岈	yá
Han-Latin	岉	wù
Han-Latin	岊	jié
Han-Latin	岋	è
Han-Latin	岌	jí
Han-Latin	岍	qiān
Han-Latin	岎	fén
Han-Latin	岏	wán
Han-Latin	岐	qí
Han-Latin	岑	cén
Han-Latin	岒	qián
Han-Latin	岓	qí
Han-Latin	岔	chà
Han-Latin	岕	jiè
Han-Latin	岖	qū
Han-Latin	岗	gǎng
Han-Latin	岘	xiàn
Han-Latin	岙	ào
Han-Latin	岚	lán
Han-Latin	岛	dǎo
Han-Latin	岜	bā
Han-Latin	岝	zuò
Han-Latin	岞	zuò
Han-Latin	岟	yǎng
Han-Latin	岠	jù
Han-Latin	岡	gāng
Han-Latin	岢	kě
Han-Latin	岣	gǒu
Han-Latin	岤	xué
Han-Latin	岥	pō
Han-Latin	岦	lì
Han-Latin	岧	tiáo
Han-Latin	岨	qū
Han-Latin	岩	yán
Han-Latin	岪	fú
Han-Latin	岫	xiù
Han-Latin	岬	jiǎ
Han-Latin	岭	lǐng
Han-Latin	岮	tuó
Han-Latin	岯	pí
Han-Latin	岰	ào
Han-Latin	岱	dài
Han-Latin	岲	kuàng
Han-Latin	岳	yuè
Han-Latin	岴	qū
Han-Latin	岵	hù
Han-Latin	岶	pò
Han-Latin	岷	mín
Han-Latin	岸	àn
Han-Latin	岹	tiáo
Han-Latin	岺	líng
Han-Latin	岻	chí
Han-Latin	岼	píng
Han-Latin	岽	dōng
Han-Latin	岾	hàn
Han-Latin	岿	kuī
Han-Latin	峀	xiù
Han-Latin	峁	mǎo
Han-Latin	峂	tóng
Han-Latin	峃	xué
Han-Latin	峄	yì
Han-Latin	峅	biàn
Han-Latin	峆	hé
Han-Latin	峇	bā
Han-Latin	峈	luò
Han-Latin	峉	è
Han-Latin	峊	fù
Han-Latin	峋	xún
Han-Latin	峌	dié
Han-Latin	峍	lù
Han-Latin	峎	ěn
Han-Latin	峏	ér
Han-Latin	峐	gāi
Han-Latin	峑	quān
Han-Latin	峒	dòng
Han-Latin	峓	yí
Han-Latin	峔	mǔ
Han-Latin	峕	shí
Han-Latin	峖	ān
Han-Latin	峗	wéi
Han-Latin	峘	huán
Han-Latin	峙	zhì
Han-Latin	峚	mì
Han-Latin	峛	liè
Han-Latin	峜	jì
Han-Latin	峝	tóng
Han-Latin	峞	wéi
Han-Latin	峟	yòu
Han-Latin	峠	qiǎ
Han-Latin	峡	xiá
Han-Latin	峢	lǐ
Han-Latin	峣	yáo
Han-Latin	峤	jiào
Han-Latin	峥	zhēng
Han-Latin	峦	luán
Han-Latin	峧	jiāo
Han-Latin	峨	é
Han-Latin	峩	é
Han-Latin	峪	yù
Han-Latin	峫	xié
Han-Latin	峬	bū
Han-Latin	峭	qiào
Han-Latin	峮	qūn
Han-Latin	峯	fēng
Han-Latin	峰	fēng
Han-Latin	峱	náo
Han-Latin	峲	lǐ
Han-Latin	峳	yóu
Han-Latin	峴	xiàn
Han-Latin	峵	róng
Han-Latin	島	dǎo
Han-Latin	峷	shēn
Han-Latin	峸	chéng
Han-Latin	峹	tú
Han-Latin	峺	gěng
Han-Latin	峻	jùn
Han-Latin	峼	gào
Han-Latin	峽	xiá
Han-Latin	峾	yín
Han-Latin	峿	wú
Han-Latin	崀	làng
Han-Latin	崁	kàn
Han-Latin	崂	láo
Han-Latin	崃	lái
Han-Latin	崄	xiǎn
Han-Latin	崅	què
Han-Latin	崆	kōng
Han-Latin	崇	chóng
Han-Latin	崈	chóng
Han-Latin	崉	tà
Han-Latin	崊	lín
Han-Latin	崋	huà
Han-Latin	崌	jū
Han-Latin	崍	lái
Han-Latin	崎	qí
Han-Latin	崏	mín
Han-Latin	崐	kūn
Han-Latin	崑	kūn
Han-Latin	崒	zú
Han-Latin	崓	gù
Han-Latin	崔	cuī
Han-Latin	崕	yá
Han-Latin	崖	yá
Han-Latin	崗	gǎng
Han-Latin	崘	lún
Han-Latin	崙	lún
Han-Latin	崚	léng
Han-Latin	崛	jué
Han-Latin	崜	duō
Han-Latin	崝	zhēng
Han-Latin	崞	guō
Han-Latin	崟	yín
Han-Latin	崠	dōng
Han-Latin	崡	hán
Han-Latin	崢	zhēng
Han-Latin	崣	wěi
Han-Latin	崤	xiáo
Han-Latin	崥	pí
Han-Latin	崦	yān
Han-Latin	崧	sōng
Han-Latin	崨	jié
Han-Latin	崩	bēng
Han-Latin	崪	zú
Han-Latin	崫	kū
Han-Latin	崬	dōng
Han-Latin	崭	zhǎn
Han-Latin	崮	gù
Han-Latin	崯	yín
Han-Latin	崰	zī
Han-Latin	崱	zè
Han-Latin	崲	huáng
Han-Latin	崳	yú
Han-Latin	崴	wǎi
Han-Latin	崵	yáng
Han-Latin	崶	fēng
Han-Latin	崷	qiú
Han-Latin	崸	yáng
Han-Latin	崹	tí
Han-Latin	崺	yǐ
Han-Latin	崻	zhì
Han-Latin	崼	shì
Han-Latin	崽	zǎi
Han-Latin	崾	yào
Han-Latin	崿	è
Han-Latin	嵀	zhù
Han-Latin	嵁	kān
Han-Latin	嵂	lǜ
Han-Latin	嵃	yǎn
Han-Latin	嵄	měi
Han-Latin	嵅	hán
Han-Latin	嵆	jī
Han-Latin	嵇	jī
Han-Latin	嵈	huàn
Han-Latin	嵉	tíng
Han-Latin	嵊	shèng
Han-Latin	嵋	méi
Han-Latin	嵌	qiàn
Han-Latin	嵍	wù
Han-Latin	嵎	yú
Han-Latin	嵏	zōng
Han-Latin	嵐	lán
Han-Latin	嵑	kě
Han-Latin	嵒	yán
Han-Latin	嵓	yán
Han-Latin	嵔	wěi
Han-Latin	嵕	zōng
Han-Latin	嵖	chá
Han-Latin	嵗	suì
Han-Latin	嵘	róng
Han-Latin	嵙	kē
Han-Latin	嵚	qīn
Han-Latin	嵛	yú
Han-Latin	嵜	qí
Han-Latin	嵝	lǒu
Han-Latin	嵞	tú
Han-Latin	嵟	duī
Han-Latin	嵠	xī
Han-Latin	嵡	wěng
Han-Latin	嵢	cāng
Han-Latin	嵣	dàng
Han-Latin	嵤	róng
Han-Latin	嵥	jié
Han-Latin	嵦	kǎi
Han-Latin	嵧	liú
Han-Latin	嵨	wù
Han-Latin	嵩	sōng
Han-Latin	嵪	qiāo
Han-Latin	嵫	zī
Han-Latin	嵬	wéi
Han-Latin	嵭	bēng
Han-Latin	嵮	diān
Han-Latin	嵯	cuó
Han-Latin	嵰	qiǎn
Han-Latin	嵱	yǒng
Han-Latin	嵲	niè
Han-Latin	嵳	cuó
Han-Latin	嵴	jǐ
Han-Latin	嵵	shí
Han-Latin	嵶	ruò
Han-Latin	嵷	sǒng
Han-Latin	嵸	zōng
Han-Latin	嵹	jiàng
Han-Latin	嵺	liáo
Han-Latin	嵻	kāng
Han-Latin	嵼	chǎn
Han-Latin	嵽	dié
Han-Latin	嵾	cēn
Han-Latin	嵿	dǐng
Han-Latin	嶀	tū
Han-Latin	嶁	lǒu
Han-Latin	嶂	zhàng
Han-Latin	嶃	zhǎn
Han-Latin	嶄	zhǎn
Han-Latin	嶅	áo
Han-Latin	嶆	cáo
Han-Latin	嶇	qū
Han-Latin	嶈	qiāng
Han-Latin	嶉	cuī
Han-Latin	嶊	zuǐ
Han-Latin	嶋	dǎo
Han-Latin	嶌	dǎo
Han-Latin	嶍	xí
Han-Latin	嶎	yù
Han-Latin	嶏	pèi
Han-Latin	嶐	lóng
Han-Latin	嶑	xiàng
Han-Latin	嶒	céng
Han-Latin	嶓	bō
Han-Latin	嶔	qīn
Han-Latin	嶕	jiāo
Han-Latin	嶖	yān
Han-Latin	嶗	láo
Han-Latin	嶘	zhàn
Han-Latin	嶙	lín
Han-Latin	嶚	liáo
Han-Latin	嶛	liáo
Han-Latin	嶜	jīn
Han-Latin	嶝	dèng
Han-Latin	嶞	duò
Han-Latin	嶟	zūn
Han-Latin	嶠	jiào
Han-Latin	嶡	guì
Han-Latin	嶢	yáo
Han-Latin	嶣	jiāo
Han-Latin	嶤	yáo
Han-Latin	嶥	jué
Han-Latin	嶦	shàn
Han-Latin	嶧	yì
Han-Latin	嶨	xué
Han-Latin	嶩	náo
Han-Latin	嶪	yè
Han-Latin	嶫	yè
Han-Latin	嶬	yí
Han-Latin	嶭	niè
Han-Latin	嶮	xiǎn
Han-Latin	嶯	jí
Han-Latin	嶰	xiè
Han-Latin	嶱	kě
Han-Latin	嶲	xī
Han-Latin	嶳	dì
Han-Latin	嶴	ào
Han-Latin	嶵	zuǐ
Han-Latin	嶶	wēi
Han-Latin	嶷	yí
Han-Latin	嶸	róng
Han-Latin	嶹	dǎo
Han-Latin	嶺	lǐng
Han-Latin	嶻	jié
Han-Latin	嶼	yǔ
Han-Latin	嶽	yuè
Han-Latin	嶾	yǐn
Han-Latin	嶿	rū
Han-Latin	巀	jié
Han-Latin	巁	lì
Han-Latin	巂	guī
Han-Latin	巃	lóng
Han-Latin	巄	lóng
Han-Latin	巅	diān
Han-Latin	巆	róng
Han-Latin	巇	xī
Han-Latin	巈	jú
Han-Latin	巉	chán
Han-Latin	巊	yǐng
Han-Latin	巋	kuī
Han-Latin	巌	yán
Han-Latin	巍	wēi
Han-Latin	巎	náo
Han-Latin	巏	quán
Han-Latin	巐	chǎo
Han-Latin	巑	cuán
Han-Latin	巒	luán
Han-Latin	巓	diān
Han-Latin	巔	diān
Han-Latin	巕	niè
Han-Latin	巖	yán
Han-Latin	巗	yán
Han-Latin	巘	yǎn
Han-Latin	巙	kuí
Han-Latin	巚	yǎn
Han-Latin	巛	chuān
Han-Latin	巜	kuài
Han-Latin	川	chuān
Han-Latin	州	zhōu
Han-Latin	巟	huāng
Han-Latin	巠	jīng
Han-Latin	巡	xún
Han-Latin	巢	cháo
Han-Latin	巣	cháo
Han-Latin	巤	liè
Han-Latin	工	gōng
Han-Latin	左	zuǒ
Han-Latin	巧	qiǎo
Han-Latin	巨	jù
Han-Latin	巩	gǒng
Han-Latin	巪	jù
Han-Latin	巫	wū
Han-Latin	巬	gū
Han-Latin	巭	gū
Han-Latin	差	chà
Han-Latin	巯	qiú
Han-Latin	巰	qiú
Han-Latin	己	jǐ
Han-Latin	已	yǐ
Han-Latin	巳	sì
Han-Latin	巴	bā
Han-Latin	巵	zhī
Han-Latin	巶	zhāo
Han-Latin	巷	xiàng
Han-Latin	巸	yí
Han-Latin	巹	jǐn
Han-Latin	巺	xùn
Han-Latin	巻	juàn
Han-Latin	巼	bā
Han-Latin	巽	xùn
Han-Latin	巾	jīn
Han-Latin	巿	fú
Han-Latin	帀	zā
Han-Latin	币	bì
Han-Latin	市	shì
Han-Latin	布	bù
Han-Latin	帄	dīng
Han-Latin	帅	shuài
Han-Latin	帆	fān
Han-Latin	帇	niè
Han-Latin	师	shī
Han-Latin	帉	fēn
Han-Latin	帊	pà
Han-Latin	帋	zhǐ
Han-Latin	希	xī
Han-Latin	帍	hù
Han-Latin	帎	dàn
Han-Latin	帏	wéi
Han-Latin	帐	zhàng
Han-Latin	帑	tǎng
Han-Latin	帒	dài
Han-Latin	帓	mò
Han-Latin	帔	pèi
Han-Latin	帕	pà
Han-Latin	帖	tiē
Han-Latin	帗	bō
Han-Latin	帘	lián
Han-Latin	帙	zhì
Han-Latin	帚	zhǒu
Han-Latin	帛	bó
Han-Latin	帜	zhì
Han-Latin	帝	dì
Han-Latin	帞	mò
Han-Latin	帟	yì
Han-Latin	帠	yì
Han-Latin	帡	píng
Han-Latin	帢	qià
Han-Latin	帣	juǎn
Han-Latin	帤	rú
Han-Latin	帥	shuài
Han-Latin	带	dài
Han-Latin	帧	zhēn
Han-Latin	帨	shuì
Han-Latin	帩	qiào
Han-Latin	帪	zhēn
Han-Latin	師	shī
Han-Latin	帬	qún
Han-Latin	席	xí
Han-Latin	帮	bāng
Han-Latin	帯	dài
Han-Latin	帰	guī
Han-Latin	帱	chóu
Han-Latin	帲	píng
Han-Latin	帳	zhàng
Han-Latin	帴	sàn
Han-Latin	帵	wān
Han-Latin	帶	dài
Han-Latin	帷	wéi
Han-Latin	常	cháng
Han-Latin	帹	shà
Han-Latin	帺	qí
Han-Latin	帻	zé
Han-Latin	帼	guó
Han-Latin	帽	mào
Han-Latin	帾	dǔ
Han-Latin	帿	hóu
Han-Latin	幀	zhèng
Han-Latin	幁	xū
Han-Latin	幂	mì
Han-Latin	幃	wéi
Han-Latin	幄	wò
Han-Latin	幅	fú
Han-Latin	幆	yì
Han-Latin	幇	bāng
Han-Latin	幈	píng
Han-Latin	幉	dié
Han-Latin	幊	gōng
Han-Latin	幋	pán
Han-Latin	幌	huǎng
Han-Latin	幍	tāo
Han-Latin	幎	mì
Han-Latin	幏	jià
Han-Latin	幐	téng
Han-Latin	幑	huī
Han-Latin	幒	zhōng
Han-Latin	幓	shān
Han-Latin	幔	màn
Han-Latin	幕	mù
Han-Latin	幖	biāo
Han-Latin	幗	guó
Han-Latin	幘	zé
Han-Latin	幙	mù
Han-Latin	幚	bāng
Han-Latin	幛	zhàng
Han-Latin	幜	jǐng
Han-Latin	幝	chǎn
Han-Latin	幞	fú
Han-Latin	幟	zhì
Han-Latin	幠	hū
Han-Latin	幡	fān
Han-Latin	幢	chuáng
Han-Latin	幣	bì
Han-Latin	幤	bì
Han-Latin	幥	zhǎng
Han-Latin	幦	mì
Han-Latin	幧	qiāo
Han-Latin	幨	chān
Han-Latin	幩	fén
Han-Latin	幪	méng
Han-Latin	幫	bāng
Han-Latin	幬	chóu
Han-Latin	幭	miè
Han-Latin	幮	chú
Han-Latin	幯	jié
Han-Latin	幰	xiǎn
Han-Latin	幱	lán
Han-Latin	干	gàn
Han-Latin	平	píng
Han-Latin	年	nián
Han-Latin	幵	jiān
Han-Latin	并	bìng
Han-Latin	幷	bìng
Han-Latin	幸	xìng
Han-Latin	幹	gàn
Han-Latin	幺	yāo
Han-Latin	幻	huàn
Han-Latin	幼	yòu
Han-Latin	幽	yōu
Han-Latin	幾	jǐ
Han-Latin	广	guǎng
Han-Latin	庀	pǐ
Han-Latin	庁	tīng
Han-Latin	庂	zè
Han-Latin	広	guǎng
Han-Latin	庄	zhuāng
Han-Latin	庅	mó
Han-Latin	庆	qìng
Han-Latin	庇	bì
Han-Latin	庈	qín
Han-Latin	庉	dùn
Han-Latin	床	chuáng
Han-Latin	庋	guǐ
Han-Latin	庌	yǎ
Han-Latin	庍	bài
Han-Latin	庎	jiè
Han-Latin	序	xù
Han-Latin	庐	lú
Han-Latin	庑	wǔ
Han-Latin	庒	zhuāng
Han-Latin	库	kù
Han-Latin	应	yīng
Han-Latin	底	dǐ
Han-Latin	庖	páo
Han-Latin	店	diàn
Han-Latin	庘	yā
Han-Latin	庙	miào
Han-Latin	庚	gēng
Han-Latin	庛	cì
Han-Latin	府	fǔ
Han-Latin	庝	tóng
Han-Latin	庞	páng
Han-Latin	废	fèi
Han-Latin	庠	xiáng
Han-Latin	庡	yǐ
Han-Latin	庢	zhì
Han-Latin	庣	tiāo
Han-Latin	庤	zhì
Han-Latin	庥	xiū
Han-Latin	度	dù
Han-Latin	座	zuò
Han-Latin	庨	xiāo
Han-Latin	庩	tú
Han-Latin	庪	guǐ
Han-Latin	庫	kù
Han-Latin	庬	máng
Han-Latin	庭	tíng
Han-Latin	庮	yǒu
Han-Latin	庯	bū
Han-Latin	庰	bìng
Han-Latin	庱	chěng
Han-Latin	庲	lái
Han-Latin	庳	bì
Han-Latin	庴	jí
Han-Latin	庵	ān
Han-Latin	庶	shù
Han-Latin	康	kāng
Han-Latin	庸	yōng
Han-Latin	庹	tuǒ
Han-Latin	庺	sōng
Han-Latin	庻	shù
Han-Latin	庼	qǐng
Han-Latin	庽	yù
Han-Latin	庾	yǔ
Han-Latin	庿	miào
Han-Latin	廀	sōu
Han-Latin	廁	cè
Han-Latin	廂	xiāng
Han-Latin	廃	fèi
Han-Latin	廄	jiù
Han-Latin	廅	è
Han-Latin	廆	wěi
Han-Latin	廇	liù
Han-Latin	廈	shà
Han-Latin	廉	lián
Han-Latin	廊	láng
Han-Latin	廋	sōu
Han-Latin	廌	zhì
Han-Latin	廍	bù
Han-Latin	廎	qǐng
Han-Latin	廏	jiù
Han-Latin	廐	jiù
Han-Latin	廑	jǐn
Han-Latin	廒	áo
Han-Latin	廓	kuò
Han-Latin	廔	lóu
Han-Latin	廕	yìn
Han-Latin	廖	liào
Han-Latin	廗	dài
Han-Latin	廘	lù
Han-Latin	廙	yì
Han-Latin	廚	chú
Han-Latin	廛	chán
Han-Latin	廜	tú
Han-Latin	廝	sī
Han-Latin	廞	xīn
Han-Latin	廟	miào
Han-Latin	廠	chǎng
Han-Latin	廡	wǔ
Han-Latin	廢	fèi
Han-Latin	廣	guǎng
Han-Latin	廤	kù
Han-Latin	廥	kuài
Han-Latin	廦	bì
Han-Latin	廧	qiáng
Han-Latin	廨	xiè
Han-Latin	廩	lǐn
Han-Latin	廪	lǐn
Han-Latin	廫	liáo
Han-Latin	廬	lú
Han-Latin	廭	jì
Han-Latin	廮	yǐng
Han-Latin	廯	xiān
Han-Latin	廰	tīng
Han-Latin	廱	yōng
Han-Latin	廲	lí
Han-Latin	廳	tīng
Han-Latin	廴	yǐn
Han-Latin	廵	xún
Han-Latin	延	yán
Han-Latin	廷	tíng
Han-Latin	廸	dí
Han-Latin	廹	pǎi
Han-Latin	建	jiàn
Han-Latin	廻	huí
Han-Latin	廼	nǎi
Han-Latin	廽	huí
Han-Latin	廾	gǒng
Han-Latin	廿	niàn
Han-Latin	开	kāi
Han-Latin	弁	biàn
Han-Latin	异	yì
Han-Latin	弃	qì
Han-Latin	弄	nòng
Han-Latin	弅	fèn
Han-Latin	弆	jǔ
Han-Latin	弇	yǎn
Han-Latin	弈	yì
Han-Latin	弉	zàng
Han-Latin	弊	bì
Han-Latin	弋	yì
Han-Latin	弌	yī
Han-Latin	弍	èr
Han-Latin	弎	sān
Han-Latin	式	shì
Han-Latin	弐	èr
Han-Latin	弑	shì
Han-Latin	弒	shì
Han-Latin	弓	gōng
Han-Latin	弔	diào
Han-Latin	引	yǐn
Han-Latin	弖	hù
Han-Latin	弗	fú
Han-Latin	弘	hóng
Han-Latin	弙	wū
Han-Latin	弚	tuí
Han-Latin	弛	chí
Han-Latin	弜	jiàng
Han-Latin	弝	bà
Han-Latin	弞	shěn
Han-Latin	弟	dì
Han-Latin	张	zhāng
Han-Latin	弡	jué
Han-Latin	弢	tāo
Han-Latin	弣	fǔ
Han-Latin	弤	dǐ
Han-Latin	弥	mí
Han-Latin	弦	xián
Han-Latin	弧	hú
Han-Latin	弨	chāo
Han-Latin	弩	nǔ
Han-Latin	弪	jìng
Han-Latin	弫	zhěn
Han-Latin	弬	yí
Han-Latin	弭	mǐ
Han-Latin	弮	quān
Han-Latin	弯	wān
Han-Latin	弰	shāo
Han-Latin	弱	ruò
Han-Latin	弲	xuān
Han-Latin	弳	jìng
Han-Latin	弴	diāo
Han-Latin	張	zhāng
Han-Latin	弶	jiàng
Han-Latin	強	qiáng
Han-Latin	弸	péng
Han-Latin	弹	dàn
Han-Latin	强	qiáng
Han-Latin	弻	bì
Han-Latin	弼	bì
Han-Latin	弽	shè
Han-Latin	弾	dàn
Han-Latin	弿	jiǎn
Han-Latin	彀	gòu
Han-Latin	彁	gē
Han-Latin	彂	fā
Han-Latin	彃	bì
Han-Latin	彄	kōu
Han-Latin	彅	jiǎn
Han-Latin	彆	biè
Han-Latin	彇	xiāo
Han-Latin	彈	dàn
Han-Latin	彉	guō
Han-Latin	彊	jiàng
Han-Latin	彋	hóng
Han-Latin	彌	mí
Han-Latin	彍	guō
Han-Latin	彎	wān
Han-Latin	彏	jué
Han-Latin	彐	jì
Han-Latin	彑	jì
Han-Latin	归	guī
Han-Latin	当	dāng
Han-Latin	彔	lù
Han-Latin	录	lù
Han-Latin	彖	tuàn
Han-Latin	彗	huì
Han-Latin	彘	zhì
Han-Latin	彙	huì
Han-Latin	彚	huì
Han-Latin	彛	yí
Han-Latin	彜	yí
Han-Latin	彝	yí
Han-Latin	彞	yí
Han-Latin	彟	yuē
Han-Latin	彠	yuē
Han-Latin	彡	shān
Han-Latin	形	xíng
Han-Latin	彣	wén
Han-Latin	彤	tóng
Han-Latin	彥	yàn
Han-Latin	彦	yàn
Han-Latin	彧	yù
Han-Latin	彨	chī
Han-Latin	彩	cǎi
Han-Latin	彪	biāo
Han-Latin	彫	diāo
Han-Latin	彬	bīn
Han-Latin	彭	péng
Han-Latin	彮	yǒng
Han-Latin	彯	piāo
Han-Latin	彰	zhāng
Han-Latin	影	yǐng
Han-Latin	彲	chī
Han-Latin	彳	chì
Han-Latin	彴	zhuó
Han-Latin	彵	tuǒ
Han-Latin	彶	jí
Han-Latin	彷	páng
Han-Latin	彸	zhōng
Han-Latin	役	yì
Han-Latin	彺	wáng
Han-Latin	彻	chè
Han-Latin	彼	bǐ
Han-Latin	彽	dī
Han-Latin	彾	líng
Han-Latin	彿	fú
Han-Latin	往	wǎng
Han-Latin	征	zhēng
Han-Latin	徂	cú
Han-Latin	徃	wǎng
Han-Latin	径	jìng
Han-Latin	待	dài
Han-Latin	徆	xī
Han-Latin	徇	xùn
Han-Latin	很	hěn
Han-Latin	徉	yáng
Han-Latin	徊	huái
Han-Latin	律	lǜ
Han-Latin	後	hòu
Han-Latin	徍	wǎng
Han-Latin	徎	chěng
Han-Latin	徏	zhì
Han-Latin	徐	xú
Han-Latin	徑	jìng
Han-Latin	徒	tú
Han-Latin	従	cóng
Han-Latin	徔	cóng
Han-Latin	徕	lái
Han-Latin	徖	cóng
Han-Latin	得	dé
Han-Latin	徘	pái
Han-Latin	徙	xǐ
Han-Latin	徚	dōng
Han-Latin	徛	jì
Han-Latin	徜	cháng
Han-Latin	徝	zhì
Han-Latin	從	cóng
Han-Latin	徟	zhōu
Han-Latin	徠	lái
Han-Latin	御	yù
Han-Latin	徢	xiè
Han-Latin	徣	jiè
Han-Latin	徤	jiàn
Han-Latin	徥	shì
Han-Latin	徦	jiǎ
Han-Latin	徧	biàn
Han-Latin	徨	huáng
Han-Latin	復	fù
Han-Latin	循	xún
Han-Latin	徫	wěi
Han-Latin	徬	páng
Han-Latin	徭	yáo
Han-Latin	微	wēi
Han-Latin	徯	xī
Han-Latin	徰	zhēng
Han-Latin	徱	piào
Han-Latin	徲	tí
Han-Latin	徳	dé
Han-Latin	徴	zhēng
Han-Latin	徵	zhǐ
Han-Latin	徶	bié
Han-Latin	德	dé
Han-Latin	徸	chōng
Han-Latin	徹	chè
Han-Latin	徺	jiǎo
Han-Latin	徻	huì
Han-Latin	徼	jiào
Han-Latin	徽	huī
Han-Latin	徾	méi
Han-Latin	徿	lòng
Han-Latin	忀	xiāng
Han-Latin	忁	bào
Han-Latin	忂	qú
Han-Latin	心	xīn
Han-Latin	忄	xīn
Han-Latin	必	bì
Han-Latin	忆	yì
Han-Latin	忇	lè
Han-Latin	忈	rén
Han-Latin	忉	dāo
Han-Latin	忊	dìng
Han-Latin	忋	gǎi
Han-Latin	忌	jì
Han-Latin	忍	rěn
Han-Latin	忎	rén
Han-Latin	忏	chàn
Han-Latin	忐	tǎn
Han-Latin	忑	tè
Han-Latin	忒	tè
Han-Latin	忓	gān
Han-Latin	忔	qì
Han-Latin	忕	shì
Han-Latin	忖	cǔn
Han-Latin	志	zhì
Han-Latin	忘	wàng
Han-Latin	忙	máng
Han-Latin	忚	xī
Han-Latin	忛	fān
Han-Latin	応	yīng
Han-Latin	忝	tiǎn
Han-Latin	忞	mín
Han-Latin	忟	wěn
Han-Latin	忠	zhōng
Han-Latin	忡	chōng
Han-Latin	忢	wù
Han-Latin	忣	jí
Han-Latin	忤	wǔ
Han-Latin	忥	xì
Han-Latin	忦	jiá
Han-Latin	忧	yōu
Han-Latin	忨	wàn
Han-Latin	忩	cōng
Han-Latin	忪	sōng
Han-Latin	快	kuài
Han-Latin	忬	yù
Han-Latin	忭	biàn
Han-Latin	忮	zhì
Han-Latin	忯	qí
Han-Latin	忰	cuì
Han-Latin	忱	chén
Han-Latin	忲	tài
Han-Latin	忳	tún
Han-Latin	忴	qián
Han-Latin	念	niàn
Han-Latin	忶	hún
Han-Latin	忷	xiōng
Han-Latin	忸	niǔ
Han-Latin	忹	kuáng
Han-Latin	忺	xiān
Han-Latin	忻	xīn
Han-Latin	忼	kāng
Han-Latin	忽	hū
Han-Latin	忾	kài
Han-Latin	忿	fèn
Han-Latin	怀	huái
Han-Latin	态	tài
Han-Latin	怂	sǒng
Han-Latin	怃	wǔ
Han-Latin	怄	òu
Han-Latin	怅	chàng
Han-Latin	怆	chuàng
Han-Latin	怇	jù
Han-Latin	怈	yì
Han-Latin	怉	bǎo
Han-Latin	怊	chāo
Han-Latin	怋	mín
Han-Latin	怌	pēi
Han-Latin	怍	zuò
Han-Latin	怎	zěn
Han-Latin	怏	yàng
Han-Latin	怐	jù
Han-Latin	怑	bàn
Han-Latin	怒	nù
Han-Latin	怓	náo
Han-Latin	怔	zhēng
Han-Latin	怕	pà
Han-Latin	怖	bù
Han-Latin	怗	tiē
Han-Latin	怘	hù
Han-Latin	怙	hù
Han-Latin	怚	jù
Han-Latin	怛	dá
Han-Latin	怜	lián
Han-Latin	思	sī
Han-Latin	怞	chóu
Han-Latin	怟	dì
Han-Latin	怠	dài
Han-Latin	怡	yí
Han-Latin	怢	tū
Han-Latin	怣	yóu
Han-Latin	怤	fū
Han-Latin	急	jí
Han-Latin	怦	pēng
Han-Latin	性	xìng
Han-Latin	怨	yuàn
Han-Latin	怩	ní
Han-Latin	怪	guài
Han-Latin	怫	fú
Han-Latin	怬	xì
Han-Latin	怭	bì
Han-Latin	怮	yōu
Han-Latin	怯	qiè
Han-Latin	怰	xuàn
Han-Latin	怱	cōng
Han-Latin	怲	bǐng
Han-Latin	怳	huǎng
Han-Latin	怴	xù
Han-Latin	怵	chù
Han-Latin	怶	bì
Han-Latin	怷	shù
Han-Latin	怸	xī
Han-Latin	怹	tān
Han-Latin	怺	yǒng
Han-Latin	总	zǒng
Han-Latin	怼	duì
Han-Latin	怽	mì
Han-Latin	怾	zhǐ
Han-Latin	怿	yì
Han-Latin	恀	shì
Han-Latin	恁	nèn
Han-Latin	恂	xún
Han-Latin	恃	shì
Han-Latin	恄	xì
Han-Latin	恅	lǎo
Han-Latin	恆	héng
Han-Latin	恇	kuāng
Han-Latin	恈	móu
Han-Latin	恉	zhǐ
Han-Latin	恊	xié
Han-Latin	恋	liàn
Han-Latin	恌	tiāo
Han-Latin	恍	huǎng
Han-Latin	恎	dié
Han-Latin	恏	hào
Han-Latin	恐	kǒng
Han-Latin	恑	guǐ
Han-Latin	恒	héng
Han-Latin	恓	xī
Han-Latin	恔	jiǎo
Han-Latin	恕	shù
Han-Latin	恖	sī
Han-Latin	恗	hū
Han-Latin	恘	qiū
Han-Latin	恙	yàng
Han-Latin	恚	huì
Han-Latin	恛	huí
Han-Latin	恜	chì
Han-Latin	恝	jiá
Han-Latin	恞	yí
Han-Latin	恟	xiōng
Han-Latin	恠	guài
Han-Latin	恡	lìn
Han-Latin	恢	huī
Han-Latin	恣	zì
Han-Latin	恤	xù
Han-Latin	恥	chǐ
Han-Latin	恦	shàng
Han-Latin	恧	nǜ
Han-Latin	恨	hèn
Han-Latin	恩	ēn
Han-Latin	恪	kè
Han-Latin	恫	dòng
Han-Latin	恬	tián
Han-Latin	恭	gōng
Han-Latin	恮	quān
Han-Latin	息	xī
Han-Latin	恰	qià
Han-Latin	恱	yuè
Han-Latin	恲	pēng
Han-Latin	恳	kěn
Han-Latin	恴	dé
Han-Latin	恵	huì
Han-Latin	恶	è
Han-Latin	恷	qīu
Han-Latin	恸	tòng
Han-Latin	恹	yān
Han-Latin	恺	kǎi
Han-Latin	恻	cè
Han-Latin	恼	nǎo
Han-Latin	恽	yùn
Han-Latin	恾	máng
Han-Latin	恿	yǒng
Han-Latin	悀	yǒng
Han-Latin	悁	yuān
Han-Latin	悂	pī
Han-Latin	悃	kǔn
Han-Latin	悄	qiāo
Han-Latin	悅	yuè
Han-Latin	悆	yù
Han-Latin	悇	tú
Han-Latin	悈	jiè
Han-Latin	悉	xī
Han-Latin	悊	zhé
Han-Latin	悋	lìn
Han-Latin	悌	tì
Han-Latin	悍	hàn
Han-Latin	悎	hào
Han-Latin	悏	qiè
Han-Latin	悐	tì
Han-Latin	悑	bù
Han-Latin	悒	yì
Han-Latin	悓	qiàn
Han-Latin	悔	huǐ
Han-Latin	悕	xī
Han-Latin	悖	bèi
Han-Latin	悗	mán
Han-Latin	悘	yī
Han-Latin	悙	hēng
Han-Latin	悚	sǒng
Han-Latin	悛	quān
Han-Latin	悜	chěng
Han-Latin	悝	kuī
Han-Latin	悞	wù
Han-Latin	悟	wù
Han-Latin	悠	yōu
Han-Latin	悡	lí
Han-Latin	悢	liàng
Han-Latin	患	huàn
Han-Latin	悤	cōng
Han-Latin	悥	yì
Han-Latin	悦	yuè
Han-Latin	悧	lì
Han-Latin	您	nín
Han-Latin	悩	nǎo
Han-Latin	悪	è
Han-Latin	悫	què
Han-Latin	悬	xuán
Han-Latin	悭	qiān
Han-Latin	悮	wù
Han-Latin	悯	mǐn
Han-Latin	悰	cóng
Han-Latin	悱	fěi
Han-Latin	悲	bēi
Han-Latin	悳	dé
Han-Latin	悴	cuì
Han-Latin	悵	chàng
Han-Latin	悶	mèn
Han-Latin	悷	lì
Han-Latin	悸	jì
Han-Latin	悹	guàn
Han-Latin	悺	guàn
Han-Latin	悻	xìng
Han-Latin	悼	dào
Han-Latin	悽	qī
Han-Latin	悾	kōng
Han-Latin	悿	tiǎn
Han-Latin	惀	lún
Han-Latin	惁	xī
Han-Latin	惂	kǎn
Han-Latin	惃	gǔn
Han-Latin	惄	nì
Han-Latin	情	qíng
Han-Latin	惆	chóu
Han-Latin	惇	dūn
Han-Latin	惈	guǒ
Han-Latin	惉	zhān
Han-Latin	惊	jīng
Han-Latin	惋	wǎn
Han-Latin	惌	yuān
Han-Latin	惍	jīn
Han-Latin	惎	jì
Han-Latin	惏	lán
Han-Latin	惐	yù
Han-Latin	惑	huò
Han-Latin	惒	hé
Han-Latin	惓	quán
Han-Latin	惔	tán
Han-Latin	惕	tì
Han-Latin	惖	tì
Han-Latin	惗	niè
Han-Latin	惘	wǎng
Han-Latin	惙	chuò
Han-Latin	惚	hū
Han-Latin	惛	hūn
Han-Latin	惜	xī
Han-Latin	惝	chǎng
Han-Latin	惞	xīn
Han-Latin	惟	wéi
Han-Latin	惠	huì
Han-Latin	惡	è
Han-Latin	惢	suǒ
Han-Latin	惣	zǒng
Han-Latin	惤	jiān
Han-Latin	惥	yǒng
Han-Latin	惦	diàn
Han-Latin	惧	jù
Han-Latin	惨	cǎn
Han-Latin	惩	chéng
Han-Latin	惪	dé
Han-Latin	惫	bèi
Han-Latin	惬	qiè
Han-Latin	惭	cán
Han-Latin	惮	dàn
Han-Latin	惯	guàn
Han-Latin	惰	duò
Han-Latin	惱	nǎo
Han-Latin	惲	yùn
Han-Latin	想	xiǎng
Han-Latin	惴	zhuì
Han-Latin	惵	dié
Han-Latin	惶	huáng
Han-Latin	惷	chǔn
Han-Latin	惸	qióng
Han-Latin	惹	rě
Han-Latin	惺	xīng
Han-Latin	惻	cè
Han-Latin	惼	biǎn
Han-Latin	惽	mǐn
Han-Latin	惾	zōng
Han-Latin	惿	tí
Han-Latin	愀	qiǎo
Han-Latin	愁	chóu
Han-Latin	愂	bèi
Han-Latin	愃	xuān
Han-Latin	愄	wēi
Han-Latin	愅	gé
Han-Latin	愆	qiān
Han-Latin	愇	wěi
Han-Latin	愈	yù
Han-Latin	愉	yú
Han-Latin	愊	bì
Han-Latin	愋	xuān
Han-Latin	愌	huàn
Han-Latin	愍	mǐn
Han-Latin	愎	bì
Han-Latin	意	yì
Han-Latin	愐	miǎn
Han-Latin	愑	yǒng
Han-Latin	愒	kài
Han-Latin	愓	dàng
Han-Latin	愔	yīn
Han-Latin	愕	è
Han-Latin	愖	chén
Han-Latin	愗	mào
Han-Latin	愘	qià
Han-Latin	愙	kè
Han-Latin	愚	yú
Han-Latin	愛	ài
Han-Latin	愜	qiè
Han-Latin	愝	yǎn
Han-Latin	愞	nuò
Han-Latin	感	gǎn
Han-Latin	愠	yùn
Han-Latin	愡	zǒng
Han-Latin	愢	sāi
Han-Latin	愣	lèng
Han-Latin	愤	fèn
Han-Latin	愥	yīng
Han-Latin	愦	kuì
Han-Latin	愧	kuì
Han-Latin	愨	què
Han-Latin	愩	gōng
Han-Latin	愪	yún
Han-Latin	愫	sù
Han-Latin	愬	sù
Han-Latin	愭	qí
Han-Latin	愮	yáo
Han-Latin	愯	sǒng
Han-Latin	愰	huàng
Han-Latin	愱	jí
Han-Latin	愲	gǔ
Han-Latin	愳	jù
Han-Latin	愴	chuàng
Han-Latin	愵	nì
Han-Latin	愶	xié
Han-Latin	愷	kǎi
Han-Latin	愸	zhěng
Han-Latin	愹	yǒng
Han-Latin	愺	cǎo
Han-Latin	愻	xùn
Han-Latin	愼	shèn
Han-Latin	愽	bó
Han-Latin	愾	kài
Han-Latin	愿	yuàn
Han-Latin	慀	xì
Han-Latin	慁	hùn
Han-Latin	慂	yǒng
Han-Latin	慃	yǎng
Han-Latin	慄	lì
Han-Latin	慅	sāo
Han-Latin	慆	tāo
Han-Latin	慇	yīn
Han-Latin	慈	cí
Han-Latin	慉	xù
Han-Latin	慊	qiàn
Han-Latin	態	tài
Han-Latin	慌	huāng
Han-Latin	慍	yùn
Han-Latin	慎	shèn
Han-Latin	慏	mǐng
Han-Latin	慐	gōng
Han-Latin	慑	shè
Han-Latin	慒	cóng
Han-Latin	慓	piāo
Han-Latin	慔	mù
Han-Latin	慕	mù
Han-Latin	慖	guó
Han-Latin	慗	chì
Han-Latin	慘	cǎn
Han-Latin	慙	cán
Han-Latin	慚	cán
Han-Latin	慛	cuī
Han-Latin	慜	mǐn
Han-Latin	慝	tè
Han-Latin	慞	zhāng
Han-Latin	慟	tòng
Han-Latin	慠	ào
Han-Latin	慡	shuǎng
Han-Latin	慢	màn
Han-Latin	慣	guàn
Han-Latin	慤	què
Han-Latin	慥	zào
Han-Latin	慦	jiù
Han-Latin	慧	huì
Han-Latin	慨	kǎi
Han-Latin	慩	lián
Han-Latin	慪	òu
Han-Latin	慫	sǒng
Han-Latin	慬	qín
Han-Latin	慭	yìn
Han-Latin	慮	lǜ
Han-Latin	慯	shāng
Han-Latin	慰	wèi
Han-Latin	慱	tuán
Han-Latin	慲	mán
Han-Latin	慳	qiān
Han-Latin	慴	shè
Han-Latin	慵	yōng
Han-Latin	慶	qìng
Han-Latin	慷	kāng
Han-Latin	慸	dì
Han-Latin	慹	zhí
Han-Latin	慺	lóu
Han-Latin	慻	juàn
Han-Latin	慼	qī
Han-Latin	慽	qī
Han-Latin	慾	yù
Han-Latin	慿	píng
Han-Latin	憀	liáo
Han-Latin	憁	còng
Han-Latin	憂	yōu
Han-Latin	憃	chōng
Han-Latin	憄	zhì
Han-Latin	憅	tòng
Han-Latin	憆	chēng
Han-Latin	憇	qì
Han-Latin	憈	qū
Han-Latin	憉	péng
Han-Latin	憊	bèi
Han-Latin	憋	biē
Han-Latin	憌	qióng
Han-Latin	憍	jiāo
Han-Latin	憎	zēng
Han-Latin	憏	chì
Han-Latin	憐	lián
Han-Latin	憑	píng
Han-Latin	憒	kuì
Han-Latin	憓	huì
Han-Latin	憔	qiáo
Han-Latin	憕	chéng
Han-Latin	憖	yìn
Han-Latin	憗	yìn
Han-Latin	憘	xǐ
Han-Latin	憙	xǐ
Han-Latin	憚	dàn
Han-Latin	憛	tán
Han-Latin	憜	duò
Han-Latin	憝	duì
Han-Latin	憞	duì
Han-Latin	憟	sù
Han-Latin	憠	jué
Han-Latin	憡	cè
Han-Latin	憢	xiāo
Han-Latin	憣	fān
Han-Latin	憤	fèn
Han-Latin	憥	láo
Han-Latin	憦	lào
Han-Latin	憧	chōng
Han-Latin	憨	hān
Han-Latin	憩	qì
Han-Latin	憪	xián
Han-Latin	憫	mǐn
Han-Latin	憬	jǐng
Han-Latin	憭	liǎo
Han-Latin	憮	wǔ
Han-Latin	憯	cǎn
Han-Latin	憰	jué
Han-Latin	憱	cù
Han-Latin	憲	xiàn
Han-Latin	憳	tǎn
Han-Latin	憴	shéng
Han-Latin	憵	pī
Han-Latin	憶	yì
Han-Latin	憷	chù
Han-Latin	憸	xiān
Han-Latin	憹	náo
Han-Latin	憺	dàn
Han-Latin	憻	tǎn
Han-Latin	憼	jǐng
Han-Latin	憽	sōng
Han-Latin	憾	hàn
Han-Latin	憿	jiǎo
Han-Latin	懀	wèi
Han-Latin	懁	xuān
Han-Latin	懂	dǒng
Han-Latin	懃	qín
Han-Latin	懄	qín
Han-Latin	懅	jù
Han-Latin	懆	cǎo
Han-Latin	懇	kěn
Han-Latin	懈	xiè
Han-Latin	應	yīng
Han-Latin	懊	ào
Han-Latin	懋	mào
Han-Latin	懌	yì
Han-Latin	懍	lǐn
Han-Latin	懎	sè
Han-Latin	懏	jùn
Han-Latin	懐	huái
Han-Latin	懑	mèn
Han-Latin	懒	lǎn
Han-Latin	懓	ài
Han-Latin	懔	lǐn
Han-Latin	懕	yān
Han-Latin	懖	kuò
Han-Latin	懗	xià
Han-Latin	懘	chì
Han-Latin	懙	yǔ
Han-Latin	懚	yìn
Han-Latin	懛	dāi
Han-Latin	懜	měng
Han-Latin	懝	ài
Han-Latin	懞	méng
Han-Latin	懟	duì
Han-Latin	懠	qí
Han-Latin	懡	mǒ
Han-Latin	懢	lán
Han-Latin	懣	mèn
Han-Latin	懤	chóu
Han-Latin	懥	zhì
Han-Latin	懦	nuò
Han-Latin	懧	nuò
Han-Latin	懨	yān
Han-Latin	懩	yǎng
Han-Latin	懪	bó
Han-Latin	懫	zhì
Han-Latin	懬	kuàng
Han-Latin	懭	kuǎng
Han-Latin	懮	yǒu
Han-Latin	懯	fū
Han-Latin	懰	liú
Han-Latin	懱	miè
Han-Latin	懲	chéng
Han-Latin	懳	huì
Han-Latin	懴	chàn
Han-Latin	懵	měng
Han-Latin	懶	lǎn
Han-Latin	懷	huái
Han-Latin	懸	xuán
Han-Latin	懹	ràng
Han-Latin	懺	chàn
Han-Latin	懻	jì
Han-Latin	懼	jù
Han-Latin	懽	huān
Han-Latin	懾	shè
Han-Latin	懿	yì
Han-Latin	戀	liàn
Han-Latin	戁	nǎn
Han-Latin	戂	mí
Han-Latin	戃	tǎng
Han-Latin	戄	jué
Han-Latin	戅	gàng
Han-Latin	戆	gàng
Han-Latin	戇	zhuàng
Han-Latin	戈	gē
Han-Latin	戉	yuè
Han-Latin	戊	wù
Han-Latin	戋	jiān
Han-Latin	戌	xū
Han-Latin	戍	shù
Han-Latin	戎	róng
Han-Latin	戏	xì
Han-Latin	成	chéng
Han-Latin	我	wǒ
Han-Latin	戒	jiè
Han-Latin	戓	gē
Han-Latin	戔	jiān
Han-Latin	戕	qiāng
Han-Latin	或	huò
Han-Latin	戗	qiāng
Han-Latin	战	zhàn
Han-Latin	戙	dòng
Han-Latin	戚	qī
Han-Latin	戛	jiá
Han-Latin	戜	dié
Han-Latin	戝	zéi
Han-Latin	戞	jiá
Han-Latin	戟	jǐ
Han-Latin	戠	zhī
Han-Latin	戡	kān
Han-Latin	戢	jí
Han-Latin	戣	kuí
Han-Latin	戤	gài
Han-Latin	戥	děng
Han-Latin	戦	zhàn
Han-Latin	戧	qiāng
Han-Latin	戨	gē
Han-Latin	戩	jiǎn
Han-Latin	截	jié
Han-Latin	戫	yù
Han-Latin	戬	jiǎn
Han-Latin	戭	yǎn
Han-Latin	戮	lù
Han-Latin	戯	hū
Han-Latin	戰	zhàn
Han-Latin	戱	xì
Han-Latin	戲	xì
Han-Latin	戳	chuō
Han-Latin	戴	dài
Han-Latin	戵	qú
Han-Latin	戶	hù
Han-Latin	户	hù
Han-Latin	戸	hù
Han-Latin	戹	è
Han-Latin	戺	shì
Han-Latin	戻	tì
Han-Latin	戼	mǎo
Han-Latin	戽	hù
Han-Latin	戾	lì
Han-Latin	房	fáng
Han-Latin	所	suǒ
Han-Latin	扁	biǎn
Han-Latin	扂	diàn
Han-Latin	扃	jiōng
Han-Latin	扄	shǎng
Han-Latin	扅	yí
Han-Latin	扆	yǐ
Han-Latin	扇	shàn
Han-Latin	扈	hù
Han-Latin	扉	fēi
Han-Latin	扊	yǎn
Han-Latin	手	shǒu
Han-Latin	扌	shǒu
Han-Latin	才	cái
Han-Latin	扎	zhā
Han-Latin	扏	qiú
Han-Latin	扐	lè
Han-Latin	扑	pū
Han-Latin	扒	bā
Han-Latin	打	dǎ
Han-Latin	扔	rēng
Han-Latin	払	fǎn
Han-Latin	扖	rù
Han-Latin	扗	zài
Han-Latin	托	tuō
Han-Latin	扙	zhàng
Han-Latin	扚	diǎo
Han-Latin	扛	káng
Han-Latin	扜	yū
Han-Latin	扝	kū
Han-Latin	扞	hàn
Han-Latin	扟	shēn
Han-Latin	扠	chā
Han-Latin	扡	tuō
Han-Latin	扢	gǔ
Han-Latin	扣	kòu
Han-Latin	扤	wù
Han-Latin	扥	dèn
Han-Latin	扦	qiān
Han-Latin	执	zhí
Han-Latin	扨	rèn
Han-Latin	扩	kuò
Han-Latin	扪	mén
Han-Latin	扫	sǎo
Han-Latin	扬	yáng
Han-Latin	扭	niǔ
Han-Latin	扮	bàn
Han-Latin	扯	chě
Han-Latin	扰	rǎo
Han-Latin	扱	xī
Han-Latin	扲	qián
Han-Latin	扳	bān
Han-Latin	扴	jiá
Han-Latin	扵	yú
Han-Latin	扶	fú
Han-Latin	扷	ào
Han-Latin	扸	xī
Han-Latin	批	pī
Han-Latin	扺	zhǐ
Han-Latin	扻	zhì
Han-Latin	扼	è
Han-Latin	扽	dèn
Han-Latin	找	zhǎo
Han-Latin	承	chéng
Han-Latin	技	jì
Han-Latin	抁	yǎn
Han-Latin	抂	kuáng
Han-Latin	抃	biàn
Han-Latin	抄	chāo
Han-Latin	抅	jū
Han-Latin	抆	wěn
Han-Latin	抇	hú
Han-Latin	抈	yuè
Han-Latin	抉	jué
Han-Latin	把	bǎ
Han-Latin	抋	qìn
Han-Latin	抌	dǎn
Han-Latin	抍	zhěng
Han-Latin	抎	yǔn
Han-Latin	抏	wán
Han-Latin	抐	nè
Han-Latin	抑	yì
Han-Latin	抒	shū
Han-Latin	抓	zhuā
Han-Latin	抔	póu
Han-Latin	投	tóu
Han-Latin	抖	dǒu
Han-Latin	抗	kàng
Han-Latin	折	zhé
Han-Latin	抙	póu
Han-Latin	抚	fǔ
Han-Latin	抛	pāo
Han-Latin	抜	bá
Han-Latin	抝	ǎo
Han-Latin	択	zé
Han-Latin	抟	tuán
Han-Latin	抠	kōu
Han-Latin	抡	lūn
Han-Latin	抢	qiǎng
Han-Latin	抣	yún
Han-Latin	护	hù
Han-Latin	报	bào
Han-Latin	抦	bǐng
Han-Latin	抧	zhǐ
Han-Latin	抨	pēng
Han-Latin	抩	nán
Han-Latin	抪	bù
Han-Latin	披	pī
Han-Latin	抬	tái
Han-Latin	抭	yǎo
Han-Latin	抮	zhěn
Han-Latin	抯	zhā
Han-Latin	抰	yāng
Han-Latin	抱	bào
Han-Latin	抲	hē
Han-Latin	抳	nǐ
Han-Latin	抴	yè
Han-Latin	抵	dǐ
Han-Latin	抶	chì
Han-Latin	抷	pī
Han-Latin	抸	jiā
Han-Latin	抹	mǒ
Han-Latin	抺	mèi
Han-Latin	抻	chēn
Han-Latin	押	yā
Han-Latin	抽	chōu
Han-Latin	抾	qū
Han-Latin	抿	mǐn
Han-Latin	拀	chù
Han-Latin	拁	jiā
Han-Latin	拂	fú
Han-Latin	拃	zhǎ
Han-Latin	拄	zhǔ
Han-Latin	担	dān
Han-Latin	拆	chāi
Han-Latin	拇	mǔ
Han-Latin	拈	niān
Han-Latin	拉	lā
Han-Latin	拊	fǔ
Han-Latin	拋	pāo
Han-Latin	拌	bàn
Han-Latin	拍	pāi
Han-Latin	拎	līn
Han-Latin	拏	ná
Han-Latin	拐	guǎi
Han-Latin	拑	qián
Han-Latin	拒	jù
Han-Latin	拓	tà
Han-Latin	拔	bá
Han-Latin	拕	tuō
Han-Latin	拖	tuō
Han-Latin	拗	ào
Han-Latin	拘	jū
Han-Latin	拙	zhuō
Han-Latin	拚	pàn
Han-Latin	招	zhāo
Han-Latin	拜	bài
Han-Latin	拝	bài
Han-Latin	拞	dǐ
Han-Latin	拟	nǐ
Han-Latin	拠	jù
Han-Latin	拡	kuò
Han-Latin	拢	lǒng
Han-Latin	拣	jiǎn
Han-Latin	拤	qiá
Han-Latin	拥	yōng
Han-Latin	拦	lán
Han-Latin	拧	níng
Han-Latin	拨	bō
Han-Latin	择	zé
Han-Latin	拪	qiān
Han-Latin	拫	hén
Han-Latin	括	kuò
Han-Latin	拭	shì
Han-Latin	拮	jié
Han-Latin	拯	zhěng
Han-Latin	拰	nǐn
Han-Latin	拱	gǒng
Han-Latin	拲	gǒng
Han-Latin	拳	quán
Han-Latin	拴	shuān
Han-Latin	拵	cún
Han-Latin	拶	zā
Han-Latin	拷	kǎo
Han-Latin	拸	yí
Han-Latin	拹	xié
Han-Latin	拺	cè
Han-Latin	拻	huī
Han-Latin	拼	pīn
Han-Latin	拽	zhuài
Han-Latin	拾	shí
Han-Latin	拿	ná
Han-Latin	挀	bāi
Han-Latin	持	chí
Han-Latin	挂	guà
Han-Latin	挃	zhì
Han-Latin	挄	kuò
Han-Latin	挅	duǒ
Han-Latin	挆	duǒ
Han-Latin	指	zhǐ
Han-Latin	挈	qiè
Han-Latin	按	àn
Han-Latin	挊	nòng
Han-Latin	挋	zhèn
Han-Latin	挌	gé
Han-Latin	挍	jiào
Han-Latin	挎	kuà
Han-Latin	挏	dòng
Han-Latin	挐	ná
Han-Latin	挑	tiāo
Han-Latin	挒	liè
Han-Latin	挓	zhā
Han-Latin	挔	lǚ
Han-Latin	挕	dié
Han-Latin	挖	wā
Han-Latin	挗	jué
Han-Latin	挘	liě
Han-Latin	挙	jǔ
Han-Latin	挚	zhì
Han-Latin	挛	luán
Han-Latin	挜	yà
Han-Latin	挝	wō
Han-Latin	挞	tà
Han-Latin	挟	xié
Han-Latin	挠	náo
Han-Latin	挡	dǎng
Han-Latin	挢	jiǎo
Han-Latin	挣	zhēng
Han-Latin	挤	jǐ
Han-Latin	挥	huī
Han-Latin	挦	xián
Han-Latin	挧	yǔ
Han-Latin	挨	āi
Han-Latin	挩	tuō
Han-Latin	挪	nuó
Han-Latin	挫	cuò
Han-Latin	挬	bó
Han-Latin	挭	gěng
Han-Latin	挮	tǐ
Han-Latin	振	zhèn
Han-Latin	挰	chéng
Han-Latin	挱	sā
Han-Latin	挲	sā
Han-Latin	挳	kēng
Han-Latin	挴	měi
Han-Latin	挵	nòng
Han-Latin	挶	jū
Han-Latin	挷	péng
Han-Latin	挸	jiǎn
Han-Latin	挹	yì
Han-Latin	挺	tǐng
Han-Latin	挻	shān
Han-Latin	挼	ruá
Han-Latin	挽	wǎn
Han-Latin	挾	xié
Han-Latin	挿	chā
Han-Latin	捀	féng
Han-Latin	捁	jiǎo
Han-Latin	捂	wǔ
Han-Latin	捃	jùn
Han-Latin	捄	jiù
Han-Latin	捅	tǒng
Han-Latin	捆	kǔn
Han-Latin	捇	huò
Han-Latin	捈	tú
Han-Latin	捉	zhuō
Han-Latin	捊	póu
Han-Latin	捋	lǚ
Han-Latin	捌	bā
Han-Latin	捍	hàn
Han-Latin	捎	shāo
Han-Latin	捏	niē
Han-Latin	捐	juān
Han-Latin	捑	zè
Han-Latin	捒	shù
Han-Latin	捓	yé
Han-Latin	捔	jué
Han-Latin	捕	bǔ
Han-Latin	捖	wán
Han-Latin	捗	bù
Han-Latin	捘	zùn
Han-Latin	捙	yè
Han-Latin	捚	zhāi
Han-Latin	捛	lǚ
Han-Latin	捜	sōu
Han-Latin	捝	tuō
Han-Latin	捞	lāo
Han-Latin	损	sǔn
Han-Latin	捠	bāng
Han-Latin	捡	jiǎn
Han-Latin	换	huàn
Han-Latin	捣	dǎo
Han-Latin	捤	wěi
Han-Latin	捥	wàn
Han-Latin	捦	qín
Han-Latin	捧	pěng
Han-Latin	捨	shě
Han-Latin	捩	liè
Han-Latin	捪	mín
Han-Latin	捫	mén
Han-Latin	捬	fǔ
Han-Latin	捭	bǎi
Han-Latin	据	jù
Han-Latin	捯	dáo
Han-Latin	捰	wǒ
Han-Latin	捱	ái
Han-Latin	捲	juǎn
Han-Latin	捳	yuè
Han-Latin	捴	zǒng
Han-Latin	捵	chēn
Han-Latin	捶	chuí
Han-Latin	捷	jié
Han-Latin	捸	tū
Han-Latin	捹	bèn
Han-Latin	捺	nà
Han-Latin	捻	niǎn
Han-Latin	捼	ruó
Han-Latin	捽	zuó
Han-Latin	捾	wò
Han-Latin	捿	qī
Han-Latin	掀	xiān
Han-Latin	掁	chéng
Han-Latin	掂	diān
Han-Latin	掃	sǎo
Han-Latin	掄	lūn
Han-Latin	掅	qìng
Han-Latin	掆	gāng
Han-Latin	掇	duō
Han-Latin	授	shòu
Han-Latin	掉	diào
Han-Latin	掊	póu
Han-Latin	掋	dǐ
Han-Latin	掌	zhǎng
Han-Latin	掍	hùn
Han-Latin	掎	jǐ
Han-Latin	掏	tāo
Han-Latin	掐	qiā
Han-Latin	掑	qí
Han-Latin	排	pái
Han-Latin	掓	shū
Han-Latin	掔	qiān
Han-Latin	掕	líng
Han-Latin	掖	yē
Han-Latin	掗	yà
Han-Latin	掘	jué
Han-Latin	掙	zhēng
Han-Latin	掚	liǎng
Han-Latin	掛	guà
Han-Latin	掜	yì
Han-Latin	掝	huò
Han-Latin	掞	yàn
Han-Latin	掟	zhěng
Han-Latin	掠	lüè
Han-Latin	採	cǎi
Han-Latin	探	tàn
Han-Latin	掣	chè
Han-Latin	掤	bīng
Han-Latin	接	jiē
Han-Latin	掦	tì
Han-Latin	控	kòng
Han-Latin	推	tuī
Han-Latin	掩	yǎn
Han-Latin	措	cuò
Han-Latin	掫	zhōu
Han-Latin	掬	jū
Han-Latin	掭	tiàn
Han-Latin	掮	qián
Han-Latin	掯	kèn
Han-Latin	掰	bāi
Han-Latin	掱	pá
Han-Latin	掲	jiē
Han-Latin	掳	lǔ
Han-Latin	掴	guāi
Han-Latin	掵	mìng
Han-Latin	掶	jié
Han-Latin	掷	zhì
Han-Latin	掸	dǎn
Han-Latin	掹	mēng
Han-Latin	掺	chān
Han-Latin	掻	sāo
Han-Latin	掼	guàn
Han-Latin	掽	pèng
Han-Latin	掾	yuàn
Han-Latin	掿	nuò
Han-Latin	揀	jiǎn
Han-Latin	揁	zhēng
Han-Latin	揂	jiū
Han-Latin	揃	jiǎn
Han-Latin	揄	yú
Han-Latin	揅	yán
Han-Latin	揆	kuí
Han-Latin	揇	nǎn
Han-Latin	揈	hōng
Han-Latin	揉	róu
Han-Latin	揊	pì
Han-Latin	揋	wēi
Han-Latin	揌	sāi
Han-Latin	揍	zòu
Han-Latin	揎	xuān
Han-Latin	描	miáo
Han-Latin	提	tí
Han-Latin	揑	niē
Han-Latin	插	chā
Han-Latin	揓	shì
Han-Latin	揔	zǒng
Han-Latin	揕	zhèn
Han-Latin	揖	yī
Han-Latin	揗	xún
Han-Latin	揘	yóng
Han-Latin	揙	biān
Han-Latin	揚	yáng
Han-Latin	換	huàn
Han-Latin	揜	yǎn
Han-Latin	揝	zǎn
Han-Latin	揞	ǎn
Han-Latin	揟	xū
Han-Latin	揠	yà
Han-Latin	握	wò
Han-Latin	揢	ké
Han-Latin	揣	chuāi
Han-Latin	揤	jí
Han-Latin	揥	tì
Han-Latin	揦	lá
Han-Latin	揧	là
Han-Latin	揨	chén
Han-Latin	揩	kāi
Han-Latin	揪	jiū
Han-Latin	揫	jiū
Han-Latin	揬	tú
Han-Latin	揭	jiē
Han-Latin	揮	huī
Han-Latin	揯	gèn
Han-Latin	揰	chòng
Han-Latin	揱	xiāo
Han-Latin	揲	dié
Han-Latin	揳	xiē
Han-Latin	援	yuán
Han-Latin	揵	qián
Han-Latin	揶	yé
Han-Latin	揷	chā
Han-Latin	揸	zhā
Han-Latin	揹	bēi
Han-Latin	揺	yáo
Han-Latin	揻	wēi
Han-Latin	揼	bèng
Han-Latin	揽	lǎn
Han-Latin	揾	wèn
Han-Latin	揿	qìn
Han-Latin	搀	chān
Han-Latin	搁	gē
Han-Latin	搂	lǒu
Han-Latin	搃	zǒng
Han-Latin	搄	gèn
Han-Latin	搅	jiǎo
Han-Latin	搆	gòu
Han-Latin	搇	qìn
Han-Latin	搈	róng
Han-Latin	搉	què
Han-Latin	搊	chōu
Han-Latin	搋	chuāi
Han-Latin	搌	zhǎn
Han-Latin	損	sǔn
Han-Latin	搎	sūn
Han-Latin	搏	bó
Han-Latin	搐	chù
Han-Latin	搑	róng
Han-Latin	搒	bàng
Han-Latin	搓	cuō
Han-Latin	搔	sāo
Han-Latin	搕	kē
Han-Latin	搖	yáo
Han-Latin	搗	dǎo
Han-Latin	搘	zhī
Han-Latin	搙	nù
Han-Latin	搚	lā
Han-Latin	搛	jiān
Han-Latin	搜	sōu
Han-Latin	搝	qiǔ
Han-Latin	搞	gǎo
Han-Latin	搟	xiǎn
Han-Latin	搠	shuò
Han-Latin	搡	sǎng
Han-Latin	搢	jìn
Han-Latin	搣	miè
Han-Latin	搤	è
Han-Latin	搥	chuí
Han-Latin	搦	nuò
Han-Latin	搧	shān
Han-Latin	搨	tà
Han-Latin	搩	zhǎ
Han-Latin	搪	táng
Han-Latin	搫	pán
Han-Latin	搬	bān
Han-Latin	搭	dā
Han-Latin	搮	lì
Han-Latin	搯	tāo
Han-Latin	搰	hú
Han-Latin	搱	zhì
Han-Latin	搲	wā
Han-Latin	搳	huá
Han-Latin	搴	qiān
Han-Latin	搵	wèn
Han-Latin	搶	qiǎng
Han-Latin	搷	tián
Han-Latin	搸	zhēn
Han-Latin	搹	è
Han-Latin	携	xié
Han-Latin	搻	nuò
Han-Latin	搼	quán
Han-Latin	搽	chá
Han-Latin	搾	zhà
Han-Latin	搿	gé
Han-Latin	摀	wǔ
Han-Latin	摁	èn
Han-Latin	摂	shè
Han-Latin	摃	káng
Han-Latin	摄	shè
Han-Latin	摅	shū
Han-Latin	摆	bǎi
Han-Latin	摇	yáo
Han-Latin	摈	bìn
Han-Latin	摉	sōu
Han-Latin	摊	tān
Han-Latin	摋	sà
Han-Latin	摌	chǎn
Han-Latin	摍	suō
Han-Latin	摎	jiū
Han-Latin	摏	chōng
Han-Latin	摐	chuāng
Han-Latin	摑	guāi
Han-Latin	摒	bìng
Han-Latin	摓	féng
Han-Latin	摔	shuāi
Han-Latin	摕	dì
Han-Latin	摖	qì
Han-Latin	摗	sōu
Han-Latin	摘	zhāi
Han-Latin	摙	liǎn
Han-Latin	摚	chēng
Han-Latin	摛	chī
Han-Latin	摜	guàn
Han-Latin	摝	lù
Han-Latin	摞	luò
Han-Latin	摟	lǒu
Han-Latin	摠	zǒng
Han-Latin	摡	gài
Han-Latin	摢	hù
Han-Latin	摣	zhā
Han-Latin	摤	chuǎng
Han-Latin	摥	tàng
Han-Latin	摦	huà
Han-Latin	摧	cuī
Han-Latin	摨	nái
Han-Latin	摩	mó
Han-Latin	摪	jiāng
Han-Latin	摫	guī
Han-Latin	摬	yǐng
Han-Latin	摭	zhí
Han-Latin	摮	áo
Han-Latin	摯	zhì
Han-Latin	摰	niè
Han-Latin	摱	màn
Han-Latin	摲	chàn
Han-Latin	摳	kōu
Han-Latin	摴	chū
Han-Latin	摵	shè
Han-Latin	摶	tuán
Han-Latin	摷	jiǎo
Han-Latin	摸	mō
Han-Latin	摹	mó
Han-Latin	摺	zhé
Han-Latin	摻	càn
Han-Latin	摼	kēng
Han-Latin	摽	biào
Han-Latin	摾	jiàng
Han-Latin	摿	yáo
Han-Latin	撀	gòu
Han-Latin	撁	qiān
Han-Latin	撂	liào
Han-Latin	撃	jī
Han-Latin	撄	yīng
Han-Latin	撅	juē
Han-Latin	撆	piē
Han-Latin	撇	piē
Han-Latin	撈	lāo
Han-Latin	撉	dūn
Han-Latin	撊	xiàn
Han-Latin	撋	ruán
Han-Latin	撌	guì
Han-Latin	撍	zǎn
Han-Latin	撎	yì
Han-Latin	撏	xián
Han-Latin	撐	chēng
Han-Latin	撑	chēng
Han-Latin	撒	sā
Han-Latin	撓	náo
Han-Latin	撔	hòng
Han-Latin	撕	sī
Han-Latin	撖	hàn
Han-Latin	撗	guàng
Han-Latin	撘	dā
Han-Latin	撙	zǔn
Han-Latin	撚	niǎn
Han-Latin	撛	lǐn
Han-Latin	撜	zhěng
Han-Latin	撝	huī
Han-Latin	撞	zhuàng
Han-Latin	撟	jiǎo
Han-Latin	撠	jǐ
Han-Latin	撡	cāo
Han-Latin	撢	dǎn
Han-Latin	撣	dǎn
Han-Latin	撤	chè
Han-Latin	撥	bō
Han-Latin	撦	chě
Han-Latin	撧	juē
Han-Latin	撨	fǔ
Han-Latin	撩	liāo
Han-Latin	撪	bèn
Han-Latin	撫	fǔ
Han-Latin	撬	qiào
Han-Latin	播	bō
Han-Latin	撮	cuō
Han-Latin	撯	zhuó
Han-Latin	撰	zhuàn
Han-Latin	撱	wěi
Han-Latin	撲	pū
Han-Latin	撳	qìn
Han-Latin	撴	dūn
Han-Latin	撵	niǎn
Han-Latin	撶	huá
Han-Latin	撷	xié
Han-Latin	撸	lū
Han-Latin	撹	jiǎo
Han-Latin	撺	cuān
Han-Latin	撻	tà
Han-Latin	撼	hàn
Han-Latin	撽	qiào
Han-Latin	撾	wō
Han-Latin	撿	jiǎn
Han-Latin	擀	gǎn
Han-Latin	擁	yōng
Han-Latin	擂	léi
Han-Latin	擃	nǎng
Han-Latin	擄	lǔ
Han-Latin	擅	shàn
Han-Latin	擆	zhuó
Han-Latin	擇	zé
Han-Latin	擈	pū
Han-Latin	擉	chuò
Han-Latin	擊	jī
Han-Latin	擋	dǎng
Han-Latin	擌	sè
Han-Latin	操	cāo
Han-Latin	擎	qíng
Han-Latin	擏	qíng
Han-Latin	擐	huàn
Han-Latin	擑	jiē
Han-Latin	擒	qín
Han-Latin	擓	kuǎi
Han-Latin	擔	dān
Han-Latin	擕	xié
Han-Latin	擖	kā
Han-Latin	擗	pǐ
Han-Latin	擘	bò
Han-Latin	擙	ào
Han-Latin	據	jù
Han-Latin	擛	yè
Han-Latin	擜	è
Han-Latin	擝	mēng
Han-Latin	擞	sǒu
Han-Latin	擟	mí
Han-Latin	擠	jǐ
Han-Latin	擡	tái
Han-Latin	擢	zhuó
Han-Latin	擣	dǎo
Han-Latin	擤	xǐng
Han-Latin	擥	lǎn
Han-Latin	擦	cā
Han-Latin	擧	jǔ
Han-Latin	擨	yé
Han-Latin	擩	rǔ
Han-Latin	擪	yè
Han-Latin	擫	yè
Han-Latin	擬	nǐ
Han-Latin	擭	wò
Han-Latin	擮	jié
Han-Latin	擯	bìn
Han-Latin	擰	níng
Han-Latin	擱	gē
Han-Latin	擲	zhì
Han-Latin	擳	zhì
Han-Latin	擴	kuò
Han-Latin	擵	mó
Han-Latin	擶	jiàn
Han-Latin	擷	xié
Han-Latin	擸	liè
Han-Latin	擹	tān
Han-Latin	擺	bǎi
Han-Latin	擻	sǒu
Han-Latin	擼	lǔ
Han-Latin	擽	lüè
Han-Latin	擾	rǎo
Han-Latin	擿	tī
Han-Latin	攀	pān
Han-Latin	攁	yǎng
Han-Latin	攂	lèi
Han-Latin	攃	cā
Han-Latin	攄	shū
Han-Latin	攅	zǎn
Han-Latin	攆	niǎn
Han-Latin	攇	xiǎn
Han-Latin	攈	jùn
Han-Latin	攉	huō
Han-Latin	攊	lì
Han-Latin	攋	là
Han-Latin	攌	huǎn
Han-Latin	攍	yíng
Han-Latin	攎	lú
Han-Latin	攏	lǒng
Han-Latin	攐	qiān
Han-Latin	攑	qiān
Han-Latin	攒	zǎn
Han-Latin	攓	qiān
Han-Latin	攔	lán
Han-Latin	攕	xiān
Han-Latin	攖	yīng
Han-Latin	攗	méi
Han-Latin	攘	rǎng
Han-Latin	攙	chān
Han-Latin	攚	wěng
Han-Latin	攛	cuān
Han-Latin	攜	xié
Han-Latin	攝	shè
Han-Latin	攞	luó
Han-Latin	攟	jùn
Han-Latin	攠	mí
Han-Latin	攡	chī
Han-Latin	攢	zǎn
Han-Latin	攣	luán
Han-Latin	攤	tān
Han-Latin	攥	zuàn
Han-Latin	攦	lì
Han-Latin	攧	diān
Han-Latin	攨	wā
Han-Latin	攩	dǎng
Han-Latin	攪	jiǎo
Han-Latin	攫	jué
Han-Latin	攬	lǎn
Han-Latin	攭	lì
Han-Latin	攮	nǎng
Han-Latin	支	zhī
Han-Latin	攰	guì
Han-Latin	攱	guǐ
Han-Latin	攲	qī
Han-Latin	攳	xún
Han-Latin	攴	pū
Han-Latin	攵	pū
Han-Latin	收	shōu
Han-Latin	攷	kǎo
Han-Latin	攸	yōu
Han-Latin	改	gǎi
Han-Latin	攺	yǐ
Han-Latin	攻	gōng
Han-Latin	攼	gān
Han-Latin	攽	bān
Han-Latin	放	fàng
Han-Latin	政	zhèng
Han-Latin	敀	pò
Han-Latin	敁	diān
Han-Latin	敂	kòu
Han-Latin	敃	mǐn
Han-Latin	敄	wù
Han-Latin	故	gù
Han-Latin	敆	hé
Han-Latin	敇	cè
Han-Latin	效	xiào
Han-Latin	敉	mǐ
Han-Latin	敊	chù
Han-Latin	敋	gé
Han-Latin	敌	dí
Han-Latin	敍	xù
Han-Latin	敎	jiào
Han-Latin	敏	mǐn
Han-Latin	敐	chén
Han-Latin	救	jiù
Han-Latin	敒	shēn
Han-Latin	敓	duó
Han-Latin	敔	yǔ
Han-Latin	敕	chì
Han-Latin	敖	áo
Han-Latin	敗	bài
Han-Latin	敘	xù
Han-Latin	教	jiào
Han-Latin	敚	duó
Han-Latin	敛	liǎn
Han-Latin	敜	niè
Han-Latin	敝	bì
Han-Latin	敞	chǎng
Han-Latin	敟	diǎn
Han-Latin	敠	duō
Han-Latin	敡	yì
Han-Latin	敢	gǎn
Han-Latin	散	sàn
Han-Latin	敤	kě
Han-Latin	敥	yàn
Han-Latin	敦	dūn
Han-Latin	敧	jī
Han-Latin	敨	tǒu
Han-Latin	敩	xiào
Han-Latin	敪	duō
Han-Latin	敫	jiǎo
Han-Latin	敬	jìng
Han-Latin	敭	yáng
Han-Latin	敮	xiá
Han-Latin	敯	mǐn
Han-Latin	数	shù
Han-Latin	敱	ái
Han-Latin	敲	qiāo
Han-Latin	敳	ái
Han-Latin	整	zhěng
Han-Latin	敵	dí
Han-Latin	敶	zhèn
Han-Latin	敷	fū
Han-Latin	數	shù
Han-Latin	敹	liáo
Han-Latin	敺	qū
Han-Latin	敻	xiòng
Han-Latin	敼	yǐ
Han-Latin	敽	jiǎo
Han-Latin	敾	shàn
Han-Latin	敿	jiǎo
Han-Latin	斀	zhuó
Han-Latin	斁	yì
Han-Latin	斂	liǎn
Han-Latin	斃	bì
Han-Latin	斄	lí
Han-Latin	斅	xiào
Han-Latin	斆	xiào
Han-Latin	文	wén
Han-Latin	斈	xué
Han-Latin	斉	qí
Han-Latin	斊	qí
Han-Latin	斋	zhāi
Han-Latin	斌	bīn
Han-Latin	斍	jué
Han-Latin	斎	zhāi
Han-Latin	斏	láng
Han-Latin	斐	fěi
Han-Latin	斑	bān
Han-Latin	斒	bān
Han-Latin	斓	lán
Han-Latin	斔	yǔ
Han-Latin	斕	lán
Han-Latin	斖	wěi
Han-Latin	斗	dòu
Han-Latin	斘	shēng
Han-Latin	料	liào
Han-Latin	斚	jiǎ
Han-Latin	斛	hú
Han-Latin	斜	xié
Han-Latin	斝	jiǎ
Han-Latin	斞	yǔ
Han-Latin	斟	zhēn
Han-Latin	斠	jiào
Han-Latin	斡	wò
Han-Latin	斢	tiǎo
Han-Latin	斣	dòu
Han-Latin	斤	jīn
Han-Latin	斥	chì
Han-Latin	斦	yín
Han-Latin	斧	fǔ
Han-Latin	斨	qiāng
Han-Latin	斩	zhǎn
Han-Latin	斪	qú
Han-Latin	斫	zhuó
Han-Latin	斬	zhǎn
Han-Latin	断	duàn
Han-Latin	斮	cuò
Han-Latin	斯	sī
Han-Latin	新	xīn
Han-Latin	斱	zhuó
Han-Latin	斲	zhuó
Han-Latin	斳	qín
Han-Latin	斴	lín
Han-Latin	斵	zhuó
Han-Latin	斶	chù
Han-Latin	斷	duàn
Han-Latin	斸	zhǔ
Han-Latin	方	fāng
Han-Latin	斺	chǎn
Han-Latin	斻	háng
Han-Latin	於	yú
Han-Latin	施	shī
Han-Latin	斾	pèi
Han-Latin	斿	yóu
Han-Latin	旀	mèi
Han-Latin	旁	páng
Han-Latin	旂	qí
Han-Latin	旃	zhān
Han-Latin	旄	máo
Han-Latin	旅	lǚ
Han-Latin	旆	pèi
Han-Latin	旇	pī
Han-Latin	旈	liú
Han-Latin	旉	fū
Han-Latin	旊	fǎng
Han-Latin	旋	xuán
Han-Latin	旌	jīng
Han-Latin	旍	jīng
Han-Latin	旎	nǐ
Han-Latin	族	zú
Han-Latin	旐	zhào
Han-Latin	旑	yǐ
Han-Latin	旒	liú
Han-Latin	旓	shāo
Han-Latin	旔	jiàn
Han-Latin	旕	yú
Han-Latin	旖	yǐ
Han-Latin	旗	qí
Han-Latin	旘	zhì
Han-Latin	旙	fān
Han-Latin	旚	piāo
Han-Latin	旛	fān
Han-Latin	旜	zhān
Han-Latin	旝	kuài
Han-Latin	旞	suì
Han-Latin	旟	yú
Han-Latin	无	wú
Han-Latin	旡	jì
Han-Latin	既	jì
Han-Latin	旣	jì
Han-Latin	旤	huò
Han-Latin	日	rì
Han-Latin	旦	dàn
Han-Latin	旧	jiù
Han-Latin	旨	zhǐ
Han-Latin	早	zǎo
Han-Latin	旪	xié
Han-Latin	旫	tiāo
Han-Latin	旬	xún
Han-Latin	旭	xù
Han-Latin	旮	gā
Han-Latin	旯	lá
Han-Latin	旰	gàn
Han-Latin	旱	hàn
Han-Latin	旲	tái
Han-Latin	旳	dì
Han-Latin	旴	xū
Han-Latin	旵	chǎn
Han-Latin	时	shí
Han-Latin	旷	kuàng
Han-Latin	旸	yáng
Han-Latin	旹	shí
Han-Latin	旺	wàng
Han-Latin	旻	mín
Han-Latin	旼	mín
Han-Latin	旽	tūn
Han-Latin	旾	chūn
Han-Latin	旿	wǔ
Han-Latin	昀	yún
Han-Latin	昁	bèi
Han-Latin	昂	áng
Han-Latin	昃	zè
Han-Latin	昄	bǎn
Han-Latin	昅	jié
Han-Latin	昆	kūn
Han-Latin	昇	shēng
Han-Latin	昈	hù
Han-Latin	昉	fǎng
Han-Latin	昊	hào
Han-Latin	昋	guì
Han-Latin	昌	chāng
Han-Latin	昍	xuān
Han-Latin	明	míng
Han-Latin	昏	hūn
Han-Latin	昐	fēn
Han-Latin	昑	qǐn
Han-Latin	昒	hū
Han-Latin	易	yì
Han-Latin	昔	xī
Han-Latin	昕	xīn
Han-Latin	昖	yán
Han-Latin	昗	zè
Han-Latin	昘	fǎng
Han-Latin	昙	tán
Han-Latin	昚	shèn
Han-Latin	昛	jù
Han-Latin	昜	yáng
Han-Latin	昝	zǎn
Han-Latin	昞	bǐng
Han-Latin	星	xīng
Han-Latin	映	yìng
Han-Latin	昡	xuàn
Han-Latin	昢	pò
Han-Latin	昣	zhěn
Han-Latin	昤	líng
Han-Latin	春	chūn
Han-Latin	昦	hào
Han-Latin	昧	mèi
Han-Latin	昨	zuó
Han-Latin	昩	mò
Han-Latin	昪	biàn
Han-Latin	昫	xù
Han-Latin	昬	hūn
Han-Latin	昭	zhāo
Han-Latin	昮	zòng
Han-Latin	是	shì
Han-Latin	昰	shì
Han-Latin	昱	yù
Han-Latin	昲	fèi
Han-Latin	昳	dié
Han-Latin	昴	mǎo
Han-Latin	昵	nì
Han-Latin	昶	chǎng
Han-Latin	昷	wēn
Han-Latin	昸	dōng
Han-Latin	昹	ǎi
Han-Latin	昺	bǐng
Han-Latin	昻	áng
Han-Latin	昼	zhòu
Han-Latin	昽	lóng
Han-Latin	显	xiǎn
Han-Latin	昿	kuàng
Han-Latin	晀	tiǎo
Han-Latin	晁	cháo
Han-Latin	時	shí
Han-Latin	晃	huǎng
Han-Latin	晄	huǎng
Han-Latin	晅	xuǎn
Han-Latin	晆	kuí
Han-Latin	晇	xū
Han-Latin	晈	jiǎo
Han-Latin	晉	jìn
Han-Latin	晊	zhì
Han-Latin	晋	jìn
Han-Latin	晌	shǎng
Han-Latin	晍	tóng
Han-Latin	晎	hǒng
Han-Latin	晏	yàn
Han-Latin	晐	gāi
Han-Latin	晑	xiǎng
Han-Latin	晒	shài
Han-Latin	晓	xiǎo
Han-Latin	晔	yè
Han-Latin	晕	yūn
Han-Latin	晖	huī
Han-Latin	晗	hán
Han-Latin	晘	hàn
Han-Latin	晙	jùn
Han-Latin	晚	wǎn
Han-Latin	晛	xiàn
Han-Latin	晜	kūn
Han-Latin	晝	zhòu
Han-Latin	晞	xī
Han-Latin	晟	chéng
Han-Latin	晠	shèng
Han-Latin	晡	bū
Han-Latin	晢	zhé
Han-Latin	晣	zhé
Han-Latin	晤	wù
Han-Latin	晥	wǎn
Han-Latin	晦	huì
Han-Latin	晧	hào
Han-Latin	晨	chén
Han-Latin	晩	wǎn
Han-Latin	晪	tiǎn
Han-Latin	晫	zhuó
Han-Latin	晬	zuì
Han-Latin	晭	zhǒu
Han-Latin	普	pǔ
Han-Latin	景	jǐng
Han-Latin	晰	xī
Han-Latin	晱	shǎn
Han-Latin	晲	nǐ
Han-Latin	晳	xī
Han-Latin	晴	qíng
Han-Latin	晵	qǐ
Han-Latin	晶	jīng
Han-Latin	晷	guǐ
Han-Latin	晸	zhěng
Han-Latin	晹	yì
Han-Latin	智	zhì
Han-Latin	晻	àn
Han-Latin	晼	wǎn
Han-Latin	晽	lín
Han-Latin	晾	liàng
Han-Latin	晿	chāng
Han-Latin	暀	wǎng
Han-Latin	暁	xiǎo
Han-Latin	暂	zàn
Han-Latin	暃	fēi
Han-Latin	暄	xuān
Han-Latin	暅	gèng
Han-Latin	暆	yí
Han-Latin	暇	xiá
Han-Latin	暈	yūn
Han-Latin	暉	huī
Han-Latin	暊	xǔ
Han-Latin	暋	mǐn
Han-Latin	暌	kuí
Han-Latin	暍	yē
Han-Latin	暎	yìng
Han-Latin	暏	shǔ
Han-Latin	暐	wěi
Han-Latin	暑	shǔ
Han-Latin	暒	qíng
Han-Latin	暓	mào
Han-Latin	暔	nán
Han-Latin	暕	jiǎn
Han-Latin	暖	nuǎn
Han-Latin	暗	àn
Han-Latin	暘	yáng
Han-Latin	暙	chūn
Han-Latin	暚	yáo
Han-Latin	暛	suǒ
Han-Latin	暜	pǔ
Han-Latin	暝	míng
Han-Latin	暞	jiǎo
Han-Latin	暟	kǎi
Han-Latin	暠	gǎo
Han-Latin	暡	wěng
Han-Latin	暢	chàng
Han-Latin	暣	qì
Han-Latin	暤	hào
Han-Latin	暥	yàn
Han-Latin	暦	lì
Han-Latin	暧	ài
Han-Latin	暨	jì
Han-Latin	暩	jì
Han-Latin	暪	mèn
Han-Latin	暫	zàn
Han-Latin	暬	xiè
Han-Latin	暭	hào
Han-Latin	暮	mù
Han-Latin	暯	mò
Han-Latin	暰	cōng
Han-Latin	暱	nì
Han-Latin	暲	zhāng
Han-Latin	暳	huì
Han-Latin	暴	bào
Han-Latin	暵	hàn
Han-Latin	暶	xuán
Han-Latin	暷	chuán
Han-Latin	暸	liáo
Han-Latin	暹	xiān
Han-Latin	暺	tǎn
Han-Latin	暻	jǐng
Han-Latin	暼	piē
Han-Latin	暽	lín
Han-Latin	暾	tūn
Han-Latin	暿	xī
Han-Latin	曀	yì
Han-Latin	曁	jì
Han-Latin	曂	huàng
Han-Latin	曃	dài
Han-Latin	曄	yè
Han-Latin	曅	yè
Han-Latin	曆	lì
Han-Latin	曇	tán
Han-Latin	曈	tóng
Han-Latin	曉	xiǎo
Han-Latin	曊	fèi
Han-Latin	曋	shěn
Han-Latin	曌	zhào
Han-Latin	曍	hào
Han-Latin	曎	yì
Han-Latin	曏	xiǎng
Han-Latin	曐	xīng
Han-Latin	曑	shēn
Han-Latin	曒	jiǎo
Han-Latin	曓	bào
Han-Latin	曔	jìng
Han-Latin	曕	yàn
Han-Latin	曖	ài
Han-Latin	曗	yè
Han-Latin	曘	rú
Han-Latin	曙	shǔ
Han-Latin	曚	méng
Han-Latin	曛	xūn
Han-Latin	曜	yào
Han-Latin	曝	pù
Han-Latin	曞	lì
Han-Latin	曟	chén
Han-Latin	曠	kuàng
Han-Latin	曡	dié
Han-Latin	曢	liǎo
Han-Latin	曣	yàn
Han-Latin	曤	huò
Han-Latin	曥	lú
Han-Latin	曦	xī
Han-Latin	曧	róng
Han-Latin	曨	lóng
Han-Latin	曩	nǎng
Han-Latin	曪	luǒ
Han-Latin	曫	luán
Han-Latin	曬	shài
Han-Latin	曭	tǎng
Han-Latin	曮	yǎn
Han-Latin	曯	zhú
Han-Latin	曰	yuē
Han-Latin	曱	yuē
Han-Latin	曲	qū
Han-Latin	曳	yè
Han-Latin	更	gèng
Han-Latin	曵	yè
Han-Latin	曶	hū
Han-Latin	曷	hé
Han-Latin	書	shū
Han-Latin	曹	cáo
Han-Latin	曺	cáo
Han-Latin	曻	shēng
Han-Latin	曼	màn
Han-Latin	曽	cēng
Han-Latin	曾	céng
Han-Latin	替	tì
Han-Latin	最	zuì
Han-Latin	朁	cǎn
Han-Latin	朂	xù
Han-Latin	會	huì
Han-Latin	朄	yǐn
Han-Latin	朅	qiè
Han-Latin	朆	fēn
Han-Latin	朇	pí
Han-Latin	月	yuè
Han-Latin	有	yǒu
Han-Latin	朊	ruǎn
Han-Latin	朋	péng
Han-Latin	朌	fén
Han-Latin	服	fú
Han-Latin	朎	líng
Han-Latin	朏	fěi
Han-Latin	朐	qú
Han-Latin	朑	tì
Han-Latin	朒	nǜ
Han-Latin	朓	tiǎo
Han-Latin	朔	shuò
Han-Latin	朕	zhèn
Han-Latin	朖	lǎng
Han-Latin	朗	lǎng
Han-Latin	朘	zuī
Han-Latin	朙	míng
Han-Latin	朚	huāng
Han-Latin	望	wàng
Han-Latin	朜	tūn
Han-Latin	朝	cháo
Han-Latin	朞	jī
Han-Latin	期	qī
Han-Latin	朠	yīng
Han-Latin	朡	zōng
Han-Latin	朢	wàng
Han-Latin	朣	tóng
Han-Latin	朤	lǎng
Han-Latin	朥	láo
Han-Latin	朦	méng
Han-Latin	朧	lóng
Han-Latin	木	mù
Han-Latin	朩	děng
Han-Latin	未	wèi
Han-Latin	末	mò
Han-Latin	本	běn
Han-Latin	札	zhá
Han-Latin	朮	shù
Han-Latin	术	shù
Han-Latin	朰	mù
Han-Latin	朱	zhū
Han-Latin	朲	rén
Han-Latin	朳	bā
Han-Latin	朴	pǔ
Han-Latin	朵	duǒ
Han-Latin	朶	duǒ
Han-Latin	朷	dāo
Han-Latin	朸	lì
Han-Latin	朹	guǐ
Han-Latin	机	jī
Han-Latin	朻	jiū
Han-Latin	朼	bǐ
Han-Latin	朽	xiǔ
Han-Latin	朾	chéng
Han-Latin	朿	cì
Han-Latin	杀	shā
Han-Latin	杁	rù
Han-Latin	杂	zá
Han-Latin	权	quán
Han-Latin	杄	qiān
Han-Latin	杅	yú
Han-Latin	杆	gān
Han-Latin	杇	wū
Han-Latin	杈	chā
Han-Latin	杉	shān
Han-Latin	杊	xún
Han-Latin	杋	fán
Han-Latin	杌	wù
Han-Latin	杍	zǐ
Han-Latin	李	lǐ
Han-Latin	杏	xìng
Han-Latin	材	cái
Han-Latin	村	cūn
Han-Latin	杒	rèn
Han-Latin	杓	biāo
Han-Latin	杔	tuō
Han-Latin	杕	dì
Han-Latin	杖	zhàng
Han-Latin	杗	máng
Han-Latin	杘	chì
Han-Latin	杙	yì
Han-Latin	杚	gài
Han-Latin	杛	gōng
Han-Latin	杜	dù
Han-Latin	杝	lí
Han-Latin	杞	qǐ
Han-Latin	束	shù
Han-Latin	杠	gàng
Han-Latin	条	tiáo
Han-Latin	杢	jié
Han-Latin	杣	mián
Han-Latin	杤	wàn
Han-Latin	来	lái
Han-Latin	杦	jiǔ
Han-Latin	杧	máng
Han-Latin	杨	yáng
Han-Latin	杩	mà
Han-Latin	杪	miǎo
Han-Latin	杫	sì
Han-Latin	杬	yuán
Han-Latin	杭	háng
Han-Latin	杮	fèi
Han-Latin	杯	bēi
Han-Latin	杰	jié
Han-Latin	東	dōng
Han-Latin	杲	gǎo
Han-Latin	杳	yǎo
Han-Latin	杴	xiān
Han-Latin	杵	chǔ
Han-Latin	杶	chūn
Han-Latin	杷	pá
Han-Latin	杸	shū
Han-Latin	杹	huà
Han-Latin	杺	xīn
Han-Latin	杻	chǒu
Han-Latin	杼	zhù
Han-Latin	杽	chǒu
Han-Latin	松	sōng
Han-Latin	板	bǎn
Han-Latin	枀	sōng
Han-Latin	极	jí
Han-Latin	枂	wò
Han-Latin	枃	jìn
Han-Latin	构	gòu
Han-Latin	枅	jī
Han-Latin	枆	máo
Han-Latin	枇	pí
Han-Latin	枈	bì
Han-Latin	枉	wǎng
Han-Latin	枊	àng
Han-Latin	枋	fāng
Han-Latin	枌	fén
Han-Latin	枍	yì
Han-Latin	枎	fú
Han-Latin	枏	nán
Han-Latin	析	xī
Han-Latin	枑	hù
Han-Latin	枒	yā
Han-Latin	枓	dǒu
Han-Latin	枔	xín
Han-Latin	枕	zhěn
Han-Latin	枖	yāo
Han-Latin	林	lín
Han-Latin	枘	ruì
Han-Latin	枙	ě
Han-Latin	枚	méi
Han-Latin	枛	zhào
Han-Latin	果	guǒ
Han-Latin	枝	zhī
Han-Latin	枞	cōng
Han-Latin	枟	yùn
Han-Latin	枠	huà
Han-Latin	枡	shēng
Han-Latin	枢	shū
Han-Latin	枣	zǎo
Han-Latin	枤	dì
Han-Latin	枥	lì
Han-Latin	枦	lú
Han-Latin	枧	jiǎn
Han-Latin	枨	chéng
Han-Latin	枩	sōng
Han-Latin	枪	qiāng
Han-Latin	枫	fēng
Han-Latin	枬	zhān
Han-Latin	枭	xiāo
Han-Latin	枮	xiān
Han-Latin	枯	kū
Han-Latin	枰	píng
Han-Latin	枱	tái
Han-Latin	枲	xǐ
Han-Latin	枳	zhǐ
Han-Latin	枴	guǎi
Han-Latin	枵	xiāo
Han-Latin	架	jià
Han-Latin	枷	jiā
Han-Latin	枸	gǒu
Han-Latin	枹	bāo
Han-Latin	枺	mò
Han-Latin	枻	yì
Han-Latin	枼	yè
Han-Latin	枽	yè
Han-Latin	枾	shì
Han-Latin	枿	niè
Han-Latin	柀	bǐ
Han-Latin	柁	tuó
Han-Latin	柂	yí
Han-Latin	柃	líng
Han-Latin	柄	bǐng
Han-Latin	柅	nǐ
Han-Latin	柆	lā
Han-Latin	柇	hé
Han-Latin	柈	bàn
Han-Latin	柉	fán
Han-Latin	柊	zhōng
Han-Latin	柋	dài
Han-Latin	柌	cí
Han-Latin	柍	yǎng
Han-Latin	柎	fū
Han-Latin	柏	bǎi
Han-Latin	某	mǒu
Han-Latin	柑	gān
Han-Latin	柒	qī
Han-Latin	染	rǎn
Han-Latin	柔	róu
Han-Latin	柕	mào
Han-Latin	柖	sháo
Han-Latin	柗	sōng
Han-Latin	柘	zhè
Han-Latin	柙	xiá
Han-Latin	柚	yòu
Han-Latin	柛	shēn
Han-Latin	柜	guì
Han-Latin	柝	tuò
Han-Latin	柞	zhà
Han-Latin	柟	nán
Han-Latin	柠	níng
Han-Latin	柡	yǒng
Han-Latin	柢	dǐ
Han-Latin	柣	zhì
Han-Latin	柤	zhā
Han-Latin	查	chá
Han-Latin	柦	dàn
Han-Latin	柧	gū
Han-Latin	柨	bù
Han-Latin	柩	jiù
Han-Latin	柪	āo
Han-Latin	柫	fú
Han-Latin	柬	jiǎn
Han-Latin	柭	bā
Han-Latin	柮	duò
Han-Latin	柯	kē
Han-Latin	柰	nài
Han-Latin	柱	zhù
Han-Latin	柲	bì
Han-Latin	柳	liǔ
Han-Latin	柴	chái
Han-Latin	柵	shān
Han-Latin	柶	sì
Han-Latin	柷	zhù
Han-Latin	柸	pēi
Han-Latin	柹	shì
Han-Latin	柺	guǎi
Han-Latin	査	zhā
Han-Latin	柼	yǎo
Han-Latin	柽	chēng
Han-Latin	柾	jiù
Han-Latin	柿	shì
Han-Latin	栀	zhī
Han-Latin	栁	liǔ
Han-Latin	栂	méi
Han-Latin	栃	lì
Han-Latin	栄	róng
Han-Latin	栅	zhà
Han-Latin	栆	zǎo
Han-Latin	标	biāo
Han-Latin	栈	zhàn
Han-Latin	栉	zhì
Han-Latin	栊	lóng
Han-Latin	栋	dòng
Han-Latin	栌	lú
Han-Latin	栍	shēng
Han-Latin	栎	lì
Han-Latin	栏	lán
Han-Latin	栐	yǒng
Han-Latin	树	shù
Han-Latin	栒	xún
Han-Latin	栓	shuān
Han-Latin	栔	qì
Han-Latin	栕	zhēn
Han-Latin	栖	qī
Han-Latin	栗	lì
Han-Latin	栘	yí
Han-Latin	栙	xiáng
Han-Latin	栚	zhèn
Han-Latin	栛	lì
Han-Latin	栜	sè
Han-Latin	栝	guā
Han-Latin	栞	kān
Han-Latin	栟	bēn
Han-Latin	栠	rěn
Han-Latin	校	xiào
Han-Latin	栢	bǎi
Han-Latin	栣	rěn
Han-Latin	栤	bìng
Han-Latin	栥	zī
Han-Latin	栦	chóu
Han-Latin	栧	yì
Han-Latin	栨	cì
Han-Latin	栩	xǔ
Han-Latin	株	zhū
Han-Latin	栫	jiàn
Han-Latin	栬	zuì
Han-Latin	栭	ér
Han-Latin	栮	ěr
Han-Latin	栯	yǒu
Han-Latin	栰	fá
Han-Latin	栱	gǒng
Han-Latin	栲	kǎo
Han-Latin	栳	lǎo
Han-Latin	栴	zhān
Han-Latin	栵	liè
Han-Latin	栶	yīn
Han-Latin	样	yàng
Han-Latin	核	hé
Han-Latin	根	gēn
Han-Latin	栺	yì
Han-Latin	栻	shì
Han-Latin	格	gé
Han-Latin	栽	zāi
Han-Latin	栾	luán
Han-Latin	栿	fú
Han-Latin	桀	jié
Han-Latin	桁	héng
Han-Latin	桂	guì
Han-Latin	桃	táo
Han-Latin	桄	guāng
Han-Latin	桅	wéi
Han-Latin	框	kuàng
Han-Latin	桇	rú
Han-Latin	案	àn
Han-Latin	桉	ān
Han-Latin	桊	juàn
Han-Latin	桋	yí
Han-Latin	桌	zhuō
Han-Latin	桍	kū
Han-Latin	桎	zhì
Han-Latin	桏	qióng
Han-Latin	桐	tóng
Han-Latin	桑	sāng
Han-Latin	桒	sāng
Han-Latin	桓	huán
Han-Latin	桔	jié
Han-Latin	桕	jiù
Han-Latin	桖	xuè
Han-Latin	桗	duò
Han-Latin	桘	zhuì
Han-Latin	桙	yú
Han-Latin	桚	zǎn
Han-Latin	桜	yīng
Han-Latin	桝	jié
Han-Latin	桞	liǔ
Han-Latin	桟	zhàn
Han-Latin	桠	yā
Han-Latin	桡	ráo
Han-Latin	桢	zhēn
Han-Latin	档	dàng
Han-Latin	桤	qī
Han-Latin	桥	qiáo
Han-Latin	桦	huà
Han-Latin	桧	guì
Han-Latin	桨	jiǎng
Han-Latin	桩	zhuāng
Han-Latin	桪	xún
Han-Latin	桫	suō
Han-Latin	桬	shā
Han-Latin	桭	zhēn
Han-Latin	桮	bēi
Han-Latin	桯	tīng
Han-Latin	桰	kuò
Han-Latin	桱	jìng
Han-Latin	桲	bó
Han-Latin	桳	bèn
Han-Latin	桴	fú
Han-Latin	桵	ruí
Han-Latin	桶	tǒng
Han-Latin	桷	jué
Han-Latin	桸	xī
Han-Latin	桹	láng
Han-Latin	桺	liǔ
Han-Latin	桻	fēng
Han-Latin	桼	qī
Han-Latin	桽	wěn
Han-Latin	桾	jūn
Han-Latin	桿	gǎn
Han-Latin	梀	sù
Han-Latin	梁	liáng
Han-Latin	梂	qiú
Han-Latin	梃	tǐng
Han-Latin	梄	yǒu
Han-Latin	梅	méi
Han-Latin	梆	bāng
Han-Latin	梇	lòng
Han-Latin	梈	pēng
Han-Latin	梉	zhuāng
Han-Latin	梊	dì
Han-Latin	梋	xuān
Han-Latin	梌	tú
Han-Latin	梍	zào
Han-Latin	梎	āo
Han-Latin	梏	gù
Han-Latin	梐	bì
Han-Latin	梑	dí
Han-Latin	梒	hán
Han-Latin	梓	zǐ
Han-Latin	梔	zhī
Han-Latin	梕	rèn
Han-Latin	梖	bèi
Han-Latin	梗	gěng
Han-Latin	梘	jiǎn
Han-Latin	梙	huàn
Han-Latin	梚	wǎn
Han-Latin	梛	nuó
Han-Latin	梜	jiā
Han-Latin	條	tiáo
Han-Latin	梞	jì
Han-Latin	梟	xiāo
Han-Latin	梠	lǚ
Han-Latin	梡	hún
Han-Latin	梢	shāo
Han-Latin	梣	chén
Han-Latin	梤	fén
Han-Latin	梥	sōng
Han-Latin	梦	mèng
Han-Latin	梧	wú
Han-Latin	梨	lí
Han-Latin	梩	lí
Han-Latin	梪	dòu
Han-Latin	梫	qǐn
Han-Latin	梬	yǐng
Han-Latin	梭	suō
Han-Latin	梮	jū
Han-Latin	梯	tī
Han-Latin	械	xiè
Han-Latin	梱	kǔn
Han-Latin	梲	zhuó
Han-Latin	梳	shū
Han-Latin	梴	chān
Han-Latin	梵	fàn
Han-Latin	梶	wěi
Han-Latin	梷	jìng
Han-Latin	梸	lí
Han-Latin	梹	bīn
Han-Latin	梺	xià
Han-Latin	梻	fó
Han-Latin	梼	táo
Han-Latin	梽	zhì
Han-Latin	梾	lái
Han-Latin	梿	lián
Han-Latin	检	jiǎn
Han-Latin	棁	zhuō
Han-Latin	棂	líng
Han-Latin	棃	lí
Han-Latin	棄	qì
Han-Latin	棅	bǐng
Han-Latin	棆	lún
Han-Latin	棇	cōng
Han-Latin	棈	qiàn
Han-Latin	棉	mián
Han-Latin	棊	qí
Han-Latin	棋	qí
Han-Latin	棌	cài
Han-Latin	棍	gùn
Han-Latin	棎	chán
Han-Latin	棏	dé
Han-Latin	棐	fěi
Han-Latin	棑	pái
Han-Latin	棒	bàng
Han-Latin	棓	bèi
Han-Latin	棔	hūn
Han-Latin	棕	zōng
Han-Latin	棖	chéng
Han-Latin	棗	zǎo
Han-Latin	棘	jí
Han-Latin	棙	lì
Han-Latin	棚	péng
Han-Latin	棛	yù
Han-Latin	棜	yù
Han-Latin	棝	gù
Han-Latin	棞	jùn
Han-Latin	棟	dòng
Han-Latin	棠	táng
Han-Latin	棡	gāng
Han-Latin	棢	wǎng
Han-Latin	棣	dì
Han-Latin	棤	cuò
Han-Latin	棥	fán
Han-Latin	棦	chēng
Han-Latin	棧	zhàn
Han-Latin	棨	qǐ
Han-Latin	棩	yuān
Han-Latin	棪	yǎn
Han-Latin	棫	yù
Han-Latin	棬	quān
Han-Latin	棭	yì
Han-Latin	森	sēn
Han-Latin	棯	rěn
Han-Latin	棰	chuí
Han-Latin	棱	léng
Han-Latin	棲	qī
Han-Latin	棳	zhuō
Han-Latin	棴	fú
Han-Latin	棵	kē
Han-Latin	棶	lái
Han-Latin	棷	zōu
Han-Latin	棸	zōu
Han-Latin	棹	zhào
Han-Latin	棺	guān
Han-Latin	棻	fēn
Han-Latin	棼	fén
Han-Latin	棽	shēn
Han-Latin	棾	qíng
Han-Latin	棿	ní
Han-Latin	椀	wǎn
Han-Latin	椁	guǒ
Han-Latin	椂	lù
Han-Latin	椃	háo
Han-Latin	椄	jiē
Han-Latin	椅	yǐ
Han-Latin	椆	chóu
Han-Latin	椇	jǔ
Han-Latin	椈	jú
Han-Latin	椉	chéng
Han-Latin	椊	zuó
Han-Latin	椋	liáng
Han-Latin	椌	qiāng
Han-Latin	植	zhí
Han-Latin	椎	zhuī
Han-Latin	椏	yā
Han-Latin	椐	jū
Han-Latin	椑	bēi
Han-Latin	椒	jiāo
Han-Latin	椓	zhuó
Han-Latin	椔	zī
Han-Latin	椕	bīn
Han-Latin	椖	péng
Han-Latin	椗	dìng
Han-Latin	椘	chǔ
Han-Latin	椙	chāng
Han-Latin	椚	mēn
Han-Latin	椛	huā
Han-Latin	検	jiǎn
Han-Latin	椝	guī
Han-Latin	椞	xì
Han-Latin	椟	dú
Han-Latin	椠	qiàn
Han-Latin	椡	dào
Han-Latin	椢	guì
Han-Latin	椣	diǎn
Han-Latin	椤	luó
Han-Latin	椥	zhī
Han-Latin	椦	quān
Han-Latin	椧	mìng
Han-Latin	椨	fǔ
Han-Latin	椩	gēng
Han-Latin	椪	pèng
Han-Latin	椫	shàn
Han-Latin	椬	yí
Han-Latin	椭	tuǒ
Han-Latin	椮	sēn
Han-Latin	椯	duǒ
Han-Latin	椰	yē
Han-Latin	椱	fù
Han-Latin	椲	wěi
Han-Latin	椳	wēi
Han-Latin	椴	duàn
Han-Latin	椵	jiǎ
Han-Latin	椶	zōng
Han-Latin	椷	jiān
Han-Latin	椸	yí
Han-Latin	椹	shèn
Han-Latin	椺	xí
Han-Latin	椻	yàn
Han-Latin	椼	yǎn
Han-Latin	椽	chuán
Han-Latin	椾	jiān
Han-Latin	椿	chūn
Han-Latin	楀	yǔ
Han-Latin	楁	hé
Han-Latin	楂	zhā
Han-Latin	楃	wò
Han-Latin	楄	pián
Han-Latin	楅	bī
Han-Latin	楆	yāo
Han-Latin	楇	huò
Han-Latin	楈	xū
Han-Latin	楉	ruò
Han-Latin	楊	yáng
Han-Latin	楋	là
Han-Latin	楌	yán
Han-Latin	楍	běn
Han-Latin	楎	huī
Han-Latin	楏	kuí
Han-Latin	楐	jiè
Han-Latin	楑	kuí
Han-Latin	楒	sī
Han-Latin	楓	fēng
Han-Latin	楔	xiē
Han-Latin	楕	tuǒ
Han-Latin	楖	zhì
Han-Latin	楗	jiàn
Han-Latin	楘	mù
Han-Latin	楙	mào
Han-Latin	楚	chǔ
Han-Latin	楛	hù
Han-Latin	楜	hú
Han-Latin	楝	liàn
Han-Latin	楞	léng
Han-Latin	楟	tíng
Han-Latin	楠	nán
Han-Latin	楡	yú
Han-Latin	楢	yóu
Han-Latin	楣	méi
Han-Latin	楤	sǒng
Han-Latin	楥	xuàn
Han-Latin	楦	xuàn
Han-Latin	楧	yǎng
Han-Latin	楨	zhēn
Han-Latin	楩	pián
Han-Latin	楪	dié
Han-Latin	楫	jí
Han-Latin	楬	jié
Han-Latin	業	yè
Han-Latin	楮	chǔ
Han-Latin	楯	dùn
Han-Latin	楰	yú
Han-Latin	楱	zòu
Han-Latin	楲	wēi
Han-Latin	楳	méi
Han-Latin	楴	tì
Han-Latin	極	jí
Han-Latin	楶	jié
Han-Latin	楷	kǎi
Han-Latin	楸	qiū
Han-Latin	楹	yíng
Han-Latin	楺	rǒu
Han-Latin	楻	huáng
Han-Latin	楼	lóu
Han-Latin	楽	lè
Han-Latin	楾	quán
Han-Latin	楿	xiāng
Han-Latin	榀	pǐn
Han-Latin	榁	shǐ
Han-Latin	概	gài
Han-Latin	榃	tán
Han-Latin	榄	lǎn
Han-Latin	榅	wēn
Han-Latin	榆	yú
Han-Latin	榇	chèn
Han-Latin	榈	lǘ
Han-Latin	榉	jǔ
Han-Latin	榊	shén
Han-Latin	榋	chū
Han-Latin	榌	bī
Han-Latin	榍	xiè
Han-Latin	榎	jiǎ
Han-Latin	榏	yì
Han-Latin	榐	zhǎn
Han-Latin	榑	fú
Han-Latin	榒	nuò
Han-Latin	榓	mì
Han-Latin	榔	láng
Han-Latin	榕	róng
Han-Latin	榖	gǔ
Han-Latin	榗	jiàn
Han-Latin	榘	jǔ
Han-Latin	榙	tā
Han-Latin	榚	yǎo
Han-Latin	榛	zhēn
Han-Latin	榜	bǎng
Han-Latin	榝	shā
Han-Latin	榞	yuán
Han-Latin	榟	zǐ
Han-Latin	榠	míng
Han-Latin	榡	sù
Han-Latin	榢	jià
Han-Latin	榣	yáo
Han-Latin	榤	jié
Han-Latin	榥	huàng
Han-Latin	榦	gàn
Han-Latin	榧	fěi
Han-Latin	榨	zhà
Han-Latin	榩	qián
Han-Latin	榪	mà
Han-Latin	榫	sǔn
Han-Latin	榬	yuán
Han-Latin	榭	xiè
Han-Latin	榮	róng
Han-Latin	榯	shí
Han-Latin	榰	zhī
Han-Latin	榱	cuī
Han-Latin	榲	wēn
Han-Latin	榳	tíng
Han-Latin	榴	liú
Han-Latin	榵	róng
Han-Latin	榶	táng
Han-Latin	榷	què
Han-Latin	榸	zhāi
Han-Latin	榹	sī
Han-Latin	榺	shèng
Han-Latin	榻	tà
Han-Latin	榼	kē
Han-Latin	榽	xī
Han-Latin	榾	gǔ
Han-Latin	榿	qī
Han-Latin	槀	gǎo
Han-Latin	槁	gǎo
Han-Latin	槂	sūn
Han-Latin	槃	pán
Han-Latin	槄	tāo
Han-Latin	槅	gé
Han-Latin	槆	chūn
Han-Latin	槇	diān
Han-Latin	槈	nòu
Han-Latin	槉	jí
Han-Latin	槊	shuò
Han-Latin	構	gòu
Han-Latin	槌	chuí
Han-Latin	槍	qiāng
Han-Latin	槎	chá
Han-Latin	槏	qiǎn
Han-Latin	槐	huái
Han-Latin	槑	méi
Han-Latin	槒	xù
Han-Latin	槓	gàng
Han-Latin	槔	gāo
Han-Latin	槕	zhuō
Han-Latin	槖	tuó
Han-Latin	槗	qiáo
Han-Latin	様	yàng
Han-Latin	槙	diān
Han-Latin	槚	jiǎ
Han-Latin	槛	kǎn
Han-Latin	槜	zuì
Han-Latin	槝	dǎo
Han-Latin	槞	lóng
Han-Latin	槟	bīn
Han-Latin	槠	zhū
Han-Latin	槡	sāng
Han-Latin	槢	xí
Han-Latin	槣	jī
Han-Latin	槤	lián
Han-Latin	槥	huì
Han-Latin	槦	yōng
Han-Latin	槧	qiàn
Han-Latin	槨	guǒ
Han-Latin	槩	gài
Han-Latin	槪	gài
Han-Latin	槫	tuán
Han-Latin	槬	huà
Han-Latin	槭	qì
Han-Latin	槮	sēn
Han-Latin	槯	cuī
Han-Latin	槰	péng
Han-Latin	槱	yǒu
Han-Latin	槲	hú
Han-Latin	槳	jiǎng
Han-Latin	槴	hù
Han-Latin	槵	huàn
Han-Latin	槶	guì
Han-Latin	槷	niè
Han-Latin	槸	yì
Han-Latin	槹	gāo
Han-Latin	槺	kāng
Han-Latin	槻	guī
Han-Latin	槼	guī
Han-Latin	槽	cáo
Han-Latin	槾	màn
Han-Latin	槿	jǐn
Han-Latin	樀	dí
Han-Latin	樁	zhuāng
Han-Latin	樂	lè
Han-Latin	樃	lǎng
Han-Latin	樄	chén
Han-Latin	樅	cōng
Han-Latin	樆	lí
Han-Latin	樇	xiū
Han-Latin	樈	qíng
Han-Latin	樉	shuǎng
Han-Latin	樊	fán
Han-Latin	樋	tōng
Han-Latin	樌	guàn
Han-Latin	樍	zé
Han-Latin	樎	sù
Han-Latin	樏	lěi
Han-Latin	樐	lǔ
Han-Latin	樑	liáng
Han-Latin	樒	mì
Han-Latin	樓	lóu
Han-Latin	樔	cháo
Han-Latin	樕	sù
Han-Latin	樖	kē
Han-Latin	樗	chū
Han-Latin	樘	táng
Han-Latin	標	biāo
Han-Latin	樚	lù
Han-Latin	樛	jiū
Han-Latin	樜	zhè
Han-Latin	樝	zhā
Han-Latin	樞	shū
Han-Latin	樟	zhāng
Han-Latin	樠	mán
Han-Latin	模	mó
Han-Latin	樢	niǎo
Han-Latin	樣	yàng
Han-Latin	樤	tiáo
Han-Latin	樥	péng
Han-Latin	樦	zhù
Han-Latin	樧	shā
Han-Latin	樨	xī
Han-Latin	権	quán
Han-Latin	横	héng
Han-Latin	樫	jiān
Han-Latin	樬	cōng
Han-Latin	樭	jī
Han-Latin	樮	yān
Han-Latin	樯	qiáng
Han-Latin	樰	xuě
Han-Latin	樱	yīng
Han-Latin	樲	èr
Han-Latin	樳	xún
Han-Latin	樴	zhí
Han-Latin	樵	qiáo
Han-Latin	樶	zuī
Han-Latin	樷	cóng
Han-Latin	樸	pǔ
Han-Latin	樹	shù
Han-Latin	樺	huà
Han-Latin	樻	kuì
Han-Latin	樼	zhēn
Han-Latin	樽	zūn
Han-Latin	樾	yuè
Han-Latin	樿	shàn
Han-Latin	橀	xī
Han-Latin	橁	chūn
Han-Latin	橂	diàn
Han-Latin	橃	fá
Han-Latin	橄	gǎn
Han-Latin	橅	mó
Han-Latin	橆	wǔ
Han-Latin	橇	qiāo
Han-Latin	橈	ráo
Han-Latin	橉	lìn
Han-Latin	橊	liú
Han-Latin	橋	qiáo
Han-Latin	橌	xiàn
Han-Latin	橍	rùn
Han-Latin	橎	fán
Han-Latin	橏	zhǎn
Han-Latin	橐	tuó
Han-Latin	橑	liáo
Han-Latin	橒	yún
Han-Latin	橓	shùn
Han-Latin	橔	dūn
Han-Latin	橕	chēng
Han-Latin	橖	táng
Han-Latin	橗	méng
Han-Latin	橘	jú
Han-Latin	橙	chéng
Han-Latin	橚	sù
Han-Latin	橛	jué
Han-Latin	橜	jué
Han-Latin	橝	diàn
Han-Latin	橞	huì
Han-Latin	機	jī
Han-Latin	橠	nuǒ
Han-Latin	橡	xiàng
Han-Latin	橢	tuǒ
Han-Latin	橣	nǐng
Han-Latin	橤	ruǐ
Han-Latin	橥	zhū
Han-Latin	橦	tóng
Han-Latin	橧	zēng
Han-Latin	橨	fén
Han-Latin	橩	qióng
Han-Latin	橪	rǎn
Han-Latin	橫	héng
Han-Latin	橬	qián
Han-Latin	橭	gū
Han-Latin	橮	liǔ
Han-Latin	橯	lào
Han-Latin	橰	gāo
Han-Latin	橱	chú
Han-Latin	橲	xǐ
Han-Latin	橳	shèng
Han-Latin	橴	zǐ
Han-Latin	橵	zān
Han-Latin	橶	jí
Han-Latin	橷	dōu
Han-Latin	橸	jīng
Han-Latin	橹	lǔ
Han-Latin	橺	xiàn
Han-Latin	橻	cū
Han-Latin	橼	yuán
Han-Latin	橽	tà
Han-Latin	橾	shū
Han-Latin	橿	jiāng
Han-Latin	檀	tán
Han-Latin	檁	lǐn
Han-Latin	檂	nóng
Han-Latin	檃	yǐn
Han-Latin	檄	xí
Han-Latin	檅	huì
Han-Latin	檆	shān
Han-Latin	檇	zuì
Han-Latin	檈	xuán
Han-Latin	檉	chēng
Han-Latin	檊	gàn
Han-Latin	檋	jú
Han-Latin	檌	zuì
Han-Latin	檍	yì
Han-Latin	檎	qín
Han-Latin	檏	pǔ
Han-Latin	檐	yán
Han-Latin	檑	léi
Han-Latin	檒	fēng
Han-Latin	檓	huǐ
Han-Latin	檔	dàng
Han-Latin	檕	jì
Han-Latin	檖	suì
Han-Latin	檗	bò
Han-Latin	檘	píng
Han-Latin	檙	chéng
Han-Latin	檚	chǔ
Han-Latin	檛	zhuā
Han-Latin	檜	guì
Han-Latin	檝	jí
Han-Latin	檞	jiě
Han-Latin	檟	jiǎ
Han-Latin	檠	qíng
Han-Latin	檡	zhái
Han-Latin	檢	jiǎn
Han-Latin	檣	qiáng
Han-Latin	檤	dào
Han-Latin	檥	yǐ
Han-Latin	檦	biǎo
Han-Latin	檧	sōng
Han-Latin	檨	shē
Han-Latin	檩	lǐn
Han-Latin	檪	lì
Han-Latin	檫	chá
Han-Latin	檬	méng
Han-Latin	檭	yín
Han-Latin	檮	táo
Han-Latin	檯	tái
Han-Latin	檰	mián
Han-Latin	檱	qí
Han-Latin	檲	tuán
Han-Latin	檳	bīn
Han-Latin	檴	huò
Han-Latin	檵	jì
Han-Latin	檶	qiān
Han-Latin	檷	nǐ
Han-Latin	檸	níng
Han-Latin	檹	yī
Han-Latin	檺	gǎo
Han-Latin	檻	kǎn
Han-Latin	檼	yìn
Han-Latin	檽	nòu
Han-Latin	檾	qǐng
Han-Latin	檿	yǎn
Han-Latin	櫀	qí
Han-Latin	櫁	mì
Han-Latin	櫂	zhào
Han-Latin	櫃	guì
Han-Latin	櫄	chūn
Han-Latin	櫅	jī
Han-Latin	櫆	kuí
Han-Latin	櫇	pó
Han-Latin	櫈	dèng
Han-Latin	櫉	chú
Han-Latin	櫊	gé
Han-Latin	櫋	mián
Han-Latin	櫌	yōu
Han-Latin	櫍	zhì
Han-Latin	櫎	huǎng
Han-Latin	櫏	qiān
Han-Latin	櫐	lěi
Han-Latin	櫑	léi
Han-Latin	櫒	sà
Han-Latin	櫓	lǔ
Han-Latin	櫔	lì
Han-Latin	櫕	cuán
Han-Latin	櫖	lǜ
Han-Latin	櫗	miè
Han-Latin	櫘	huì
Han-Latin	櫙	ōu
Han-Latin	櫚	lǘ
Han-Latin	櫛	zhì
Han-Latin	櫜	gāo
Han-Latin	櫝	dú
Han-Latin	櫞	yuán
Han-Latin	櫟	lì
Han-Latin	櫠	fèi
Han-Latin	櫡	zhuó
Han-Latin	櫢	sǒu
Han-Latin	櫣	lián
Han-Latin	櫤	jiàng
Han-Latin	櫥	chú
Han-Latin	櫦	qìng
Han-Latin	櫧	zhū
Han-Latin	櫨	lú
Han-Latin	櫩	yán
Han-Latin	櫪	lì
Han-Latin	櫫	zhū
Han-Latin	櫬	chèn
Han-Latin	櫭	jié
Han-Latin	櫮	è
Han-Latin	櫯	sū
Han-Latin	櫰	huái
Han-Latin	櫱	niè
Han-Latin	櫲	yù
Han-Latin	櫳	lóng
Han-Latin	櫴	lài
Han-Latin	櫵	qiáo
Han-Latin	櫶	xiǎn
Han-Latin	櫷	guī
Han-Latin	櫸	jǔ
Han-Latin	櫹	xiāo
Han-Latin	櫺	líng
Han-Latin	櫻	yīng
Han-Latin	櫼	jiān
Han-Latin	櫽	yǐn
Han-Latin	櫾	yóu
Han-Latin	櫿	yíng
Han-Latin	欀	xiāng
Han-Latin	欁	nóng
Han-Latin	欂	bó
Han-Latin	欃	chán
Han-Latin	欄	lán
Han-Latin	欅	jǔ
Han-Latin	欆	shuāng
Han-Latin	欇	shè
Han-Latin	欈	wéi
Han-Latin	欉	cóng
Han-Latin	權	quán
Han-Latin	欋	qú
Han-Latin	欌	cáng
Han-Latin	欍	jiù
Han-Latin	欎	yù
Han-Latin	欏	luó
Han-Latin	欐	lì
Han-Latin	欑	cuán
Han-Latin	欒	luán
Han-Latin	欓	dǎng
Han-Latin	欔	jué
Han-Latin	欕	yán
Han-Latin	欖	lǎn
Han-Latin	欗	lán
Han-Latin	欘	zhú
Han-Latin	欙	léi
Han-Latin	欚	lǐ
Han-Latin	欛	bà
Han-Latin	欜	náng
Han-Latin	欝	yù
Han-Latin	欞	líng
Han-Latin	欟	guàn
Han-Latin	欠	qiàn
Han-Latin	次	cì
Han-Latin	欢	huān
Han-Latin	欣	xīn
Han-Latin	欤	yú
Han-Latin	欥	yì
Han-Latin	欦	qiān
Han-Latin	欧	ōu
Han-Latin	欨	xū
Han-Latin	欩	chāo
Han-Latin	欪	chù
Han-Latin	欫	qì
Han-Latin	欬	kài
Han-Latin	欭	yì
Han-Latin	欮	jué
Han-Latin	欯	xì
Han-Latin	欰	xù
Han-Latin	欱	hē
Han-Latin	欲	yù
Han-Latin	欳	kuì
Han-Latin	欴	láng
Han-Latin	欵	kuǎn
Han-Latin	欶	shuò
Han-Latin	欷	xī
Han-Latin	欸	ǎi
Han-Latin	欹	qī
Han-Latin	欺	qī
Han-Latin	欻	xū
Han-Latin	欼	chǐ
Han-Latin	欽	qīn
Han-Latin	款	kuǎn
Han-Latin	欿	kǎn
Han-Latin	歀	kuǎn
Han-Latin	歁	kǎn
Han-Latin	歂	chuǎn
Han-Latin	歃	shà
Han-Latin	歄	guā
Han-Latin	歅	yīn
Han-Latin	歆	xīn
Han-Latin	歇	xiē
Han-Latin	歈	yú
Han-Latin	歉	qiàn
Han-Latin	歊	xiāo
Han-Latin	歋	yè
Han-Latin	歌	gē
Han-Latin	歍	wū
Han-Latin	歎	tàn
Han-Latin	歏	jìn
Han-Latin	歐	ōu
Han-Latin	歑	hū
Han-Latin	歒	tì
Han-Latin	歓	huān
Han-Latin	歔	xū
Han-Latin	歕	pēn
Han-Latin	歖	xǐ
Han-Latin	歗	xiào
Han-Latin	歘	chuā
Han-Latin	歙	shè
Han-Latin	歚	shàn
Han-Latin	歛	hān
Han-Latin	歜	chù
Han-Latin	歝	yì
Han-Latin	歞	è
Han-Latin	歟	yú
Han-Latin	歠	chuò
Han-Latin	歡	huān
Han-Latin	止	zhǐ
Han-Latin	正	zhèng
Han-Latin	此	cǐ
Han-Latin	步	bù
Han-Latin	武	wǔ
Han-Latin	歧	qí
Han-Latin	歨	bù
Han-Latin	歩	bù
Han-Latin	歪	wāi
Han-Latin	歫	jù
Han-Latin	歬	qián
Han-Latin	歭	chí
Han-Latin	歮	sè
Han-Latin	歯	chǐ
Han-Latin	歰	sè
Han-Latin	歱	zhǒng
Han-Latin	歲	suì
Han-Latin	歳	suì
Han-Latin	歴	lì
Han-Latin	歵	zé
Han-Latin	歶	yú
Han-Latin	歷	lì
Han-Latin	歸	guī
Han-Latin	歹	dǎi
Han-Latin	歺	è
Han-Latin	死	sǐ
Han-Latin	歼	jiān
Han-Latin	歽	zhé
Han-Latin	歾	mò
Han-Latin	歿	mò
Han-Latin	殀	yāo
Han-Latin	殁	mò
Han-Latin	殂	cú
Han-Latin	殃	yāng
Han-Latin	殄	tiǎn
Han-Latin	殅	shēng
Han-Latin	殆	dài
Han-Latin	殇	shāng
Han-Latin	殈	xù
Han-Latin	殉	xùn
Han-Latin	殊	shū
Han-Latin	残	cán
Han-Latin	殌	jué
Han-Latin	殍	piǎo
Han-Latin	殎	qià
Han-Latin	殏	qiú
Han-Latin	殐	sù
Han-Latin	殑	qíng
Han-Latin	殒	yǔn
Han-Latin	殓	liàn
Han-Latin	殔	yì
Han-Latin	殕	fǒu
Han-Latin	殖	zhí
Han-Latin	殗	yè
Han-Latin	殘	cán
Han-Latin	殙	hūn
Han-Latin	殚	dān
Han-Latin	殛	jí
Han-Latin	殜	dié
Han-Latin	殝	zhēn
Han-Latin	殞	yǔn
Han-Latin	殟	wēn
Han-Latin	殠	chòu
Han-Latin	殡	bìn
Han-Latin	殢	tì
Han-Latin	殣	jìn
Han-Latin	殤	shāng
Han-Latin	殥	yín
Han-Latin	殦	diāo
Han-Latin	殧	jiù
Han-Latin	殨	huì
Han-Latin	殩	cuàn
Han-Latin	殪	yì
Han-Latin	殫	dān
Han-Latin	殬	dù
Han-Latin	殭	jiāng
Han-Latin	殮	liàn
Han-Latin	殯	bìn
Han-Latin	殰	dú
Han-Latin	殱	jiān
Han-Latin	殲	jiān
Han-Latin	殳	shū
Han-Latin	殴	ōu
Han-Latin	段	duàn
Han-Latin	殶	zhù
Han-Latin	殷	yīn
Han-Latin	殸	qìng
Han-Latin	殹	yì
Han-Latin	殺	shā
Han-Latin	殻	qiào
Han-Latin	殼	ké
Han-Latin	殽	xiáo
Han-Latin	殾	xùn
Han-Latin	殿	diàn
Han-Latin	毀	huǐ
Han-Latin	毁	huǐ
Han-Latin	毂	gǔ
Han-Latin	毃	qiāo
Han-Latin	毄	jī
Han-Latin	毅	yì
Han-Latin	毆	ōu
Han-Latin	毇	huǐ
Han-Latin	毈	duàn
Han-Latin	毉	yī
Han-Latin	毊	xiāo
Han-Latin	毋	wú
Han-Latin	毌	guàn
Han-Latin	母	mǔ
Han-Latin	毎	měi
Han-Latin	每	měi
Han-Latin	毐	ǎi
Han-Latin	毑	jiě
Han-Latin	毒	dú
Han-Latin	毓	yù
Han-Latin	比	bǐ
Han-Latin	毕	bì
Han-Latin	毖	bì
Han-Latin	毗	pí
Han-Latin	毘	pí
Han-Latin	毙	bì
Han-Latin	毚	chán
Han-Latin	毛	máo
Han-Latin	毜	háo
Han-Latin	毝	cǎi
Han-Latin	毞	pí
Han-Latin	毟	liě
Han-Latin	毠	jiā
Han-Latin	毡	zhān
Han-Latin	毢	sāi
Han-Latin	毣	mù
Han-Latin	毤	tuò
Han-Latin	毥	xún
Han-Latin	毦	ěr
Han-Latin	毧	róng
Han-Latin	毨	xiǎn
Han-Latin	毩	jú
Han-Latin	毪	mú
Han-Latin	毫	háo
Han-Latin	毬	qiú
Han-Latin	毭	dòu
Han-Latin	毮	shā
Han-Latin	毯	tǎn
Han-Latin	毰	péi
Han-Latin	毱	jú
Han-Latin	毲	duō
Han-Latin	毳	cuì
Han-Latin	毴	bī
Han-Latin	毵	sān
Han-Latin	毶	sān
Han-Latin	毷	mào
Han-Latin	毸	sāi
Han-Latin	毹	shū
Han-Latin	毺	shū
Han-Latin	毻	tuò
Han-Latin	毼	hé
Han-Latin	毽	jiàn
Han-Latin	毾	tà
Han-Latin	毿	sān
Han-Latin	氀	lǘ
Han-Latin	氁	mú
Han-Latin	氂	máo
Han-Latin	氃	tóng
Han-Latin	氄	rǒng
Han-Latin	氅	chǎng
Han-Latin	氆	pǔ
Han-Latin	氇	lǔ
Han-Latin	氈	zhān
Han-Latin	氉	sào
Han-Latin	氊	zhān
Han-Latin	氋	méng
Han-Latin	氌	lǔ
Han-Latin	氍	qú
Han-Latin	氎	dié
Han-Latin	氏	shì
Han-Latin	氐	dī
Han-Latin	民	mín
Han-Latin	氒	jué
Han-Latin	氓	máng
Han-Latin	气	qì
Han-Latin	氕	piē
Han-Latin	氖	nǎi
Han-Latin	気	qì
Han-Latin	氘	dāo
Han-Latin	氙	xiān
Han-Latin	氚	chuān
Han-Latin	氛	fēn
Han-Latin	氜	yáng
Han-Latin	氝	nèi
Han-Latin	氞	nèi
Han-Latin	氟	fú
Han-Latin	氠	shēn
Han-Latin	氡	dōng
Han-Latin	氢	qīng
Han-Latin	氣	qì
Han-Latin	氤	yīn
Han-Latin	氥	xī
Han-Latin	氦	hài
Han-Latin	氧	yǎng
Han-Latin	氨	ān
Han-Latin	氩	yà
Han-Latin	氪	kè
Han-Latin	氫	qīng
Han-Latin	氬	yà
Han-Latin	氭	dōng
Han-Latin	氮	dàn
Han-Latin	氯	lǜ
Han-Latin	氰	qíng
Han-Latin	氱	yǎng
Han-Latin	氲	yūn
Han-Latin	氳	yūn
Han-Latin	水	shuǐ
Han-Latin	氵	shuǐ
Han-Latin	氶	zhěng
Han-Latin	氷	bīng
Han-Latin	永	yǒng
Han-Latin	氹	dàng
Han-Latin	氺	shuǐ
Han-Latin	氻	lè
Han-Latin	氼	nì
Han-Latin	氽	tǔn
Han-Latin	氾	fán
Han-Latin	氿	jiǔ
Han-Latin	汀	tīng
Han-Latin	汁	zhī
Han-Latin	求	qiú
Han-Latin	汃	bīn
Han-Latin	汄	zè
Han-Latin	汅	miǎn
Han-Latin	汆	cuān
Han-Latin	汇	huì
Han-Latin	汈	diāo
Han-Latin	汉	hàn
Han-Latin	汊	chà
Han-Latin	汋	zhuó
Han-Latin	汌	chuàn
Han-Latin	汍	wán
Han-Latin	汎	fàn
Han-Latin	汏	dà
Han-Latin	汐	xī
Han-Latin	汑	tuō
Han-Latin	汒	máng
Han-Latin	汓	qiú
Han-Latin	汔	qì
Han-Latin	汕	shàn
Han-Latin	汖	pìn
Han-Latin	汗	hàn
Han-Latin	汘	qiān
Han-Latin	汙	wū
Han-Latin	汚	wū
Han-Latin	汛	xùn
Han-Latin	汜	sì
Han-Latin	汝	rǔ
Han-Latin	汞	gǒng
Han-Latin	江	jiāng
Han-Latin	池	chí
Han-Latin	污	wū
Han-Latin	汢	tu
Han-Latin	汣	jiǔ
Han-Latin	汤	tāng
Han-Latin	汥	zhī
Han-Latin	汦	zhǐ
Han-Latin	汧	qiān
Han-Latin	汨	mì
Han-Latin	汩	gǔ
Han-Latin	汪	wāng
Han-Latin	汫	jǐng
Han-Latin	汬	jǐng
Han-Latin	汭	ruì
Han-Latin	汮	jūn
Han-Latin	汯	hóng
Han-Latin	汰	tài
Han-Latin	汱	quǎn
Han-Latin	汲	jí
Han-Latin	汳	biàn
Han-Latin	汴	biàn
Han-Latin	汵	gàn
Han-Latin	汶	wèn
Han-Latin	汷	zhōng
Han-Latin	汸	fāng
Han-Latin	汹	xiōng
Han-Latin	決	jué
Han-Latin	汻	hǔ
Han-Latin	汼	niú
Han-Latin	汽	qì
Han-Latin	汾	fén
Han-Latin	汿	xù
Han-Latin	沀	xù
Han-Latin	沁	qìn
Han-Latin	沂	yí
Han-Latin	沃	wò
Han-Latin	沄	yún
Han-Latin	沅	yuán
Han-Latin	沆	hàng
Han-Latin	沇	yǎn
Han-Latin	沈	shěn
Han-Latin	沉	chén
Han-Latin	沊	dàn
Han-Latin	沋	yóu
Han-Latin	沌	dùn
Han-Latin	沍	hù
Han-Latin	沎	huò
Han-Latin	沏	qī
Han-Latin	沐	mù
Han-Latin	沑	nǜ
Han-Latin	沒	méi
Han-Latin	沓	dá
Han-Latin	沔	miǎn
Han-Latin	沕	mì
Han-Latin	沖	chōng
Han-Latin	沗	pāng
Han-Latin	沘	bǐ
Han-Latin	沙	shā
Han-Latin	沚	zhǐ
Han-Latin	沛	pèi
Han-Latin	沜	pàn
Han-Latin	沝	zhuǐ
Han-Latin	沞	zā
Han-Latin	沟	gōu
Han-Latin	沠	liú
Han-Latin	没	méi
Han-Latin	沢	zé
Han-Latin	沣	fēng
Han-Latin	沤	òu
Han-Latin	沥	lì
Han-Latin	沦	lún
Han-Latin	沧	cāng
Han-Latin	沨	fēng
Han-Latin	沩	wéi
Han-Latin	沪	hù
Han-Latin	沫	mò
Han-Latin	沬	mèi
Han-Latin	沭	shù
Han-Latin	沮	jǔ
Han-Latin	沯	zá
Han-Latin	沰	tuō
Han-Latin	沱	tuó
Han-Latin	沲	tuó
Han-Latin	河	hé
Han-Latin	沴	lì
Han-Latin	沵	mǐ
Han-Latin	沶	yí
Han-Latin	沷	fā
Han-Latin	沸	fèi
Han-Latin	油	yóu
Han-Latin	沺	tián
Han-Latin	治	zhì
Han-Latin	沼	zhǎo
Han-Latin	沽	gū
Han-Latin	沾	zhān
Han-Latin	沿	yán
Han-Latin	泀	sī
Han-Latin	況	kuàng
Han-Latin	泂	jiǒng
Han-Latin	泃	jū
Han-Latin	泄	xiè
Han-Latin	泅	qiú
Han-Latin	泆	yì
Han-Latin	泇	jiā
Han-Latin	泈	zhōng
Han-Latin	泉	quán
Han-Latin	泊	pō
Han-Latin	泋	huì
Han-Latin	泌	mì
Han-Latin	泍	bēn
Han-Latin	泎	zé
Han-Latin	泏	zhú
Han-Latin	泐	lè
Han-Latin	泑	yōu
Han-Latin	泒	gū
Han-Latin	泓	hóng
Han-Latin	泔	gān
Han-Latin	法	fǎ
Han-Latin	泖	mǎo
Han-Latin	泗	sì
Han-Latin	泘	hū
Han-Latin	泙	píng
Han-Latin	泚	cǐ
Han-Latin	泛	fàn
Han-Latin	泜	zhī
Han-Latin	泝	sù
Han-Latin	泞	nìng
Han-Latin	泟	chēng
Han-Latin	泠	líng
Han-Latin	泡	pào
Han-Latin	波	bō
Han-Latin	泣	qì
Han-Latin	泤	sì
Han-Latin	泥	ní
Han-Latin	泦	jú
Han-Latin	泧	sà
Han-Latin	注	zhù
Han-Latin	泩	shēng
Han-Latin	泪	lèi
Han-Latin	泫	xuàn
Han-Latin	泬	jué
Han-Latin	泭	fú
Han-Latin	泮	pàn
Han-Latin	泯	mǐn
Han-Latin	泰	tài
Han-Latin	泱	yāng
Han-Latin	泲	jǐ
Han-Latin	泳	yǒng
Han-Latin	泴	guàn
Han-Latin	泵	bèng
Han-Latin	泶	xué
Han-Latin	泷	lóng
Han-Latin	泸	lú
Han-Latin	泹	dàn
Han-Latin	泺	luò
Han-Latin	泻	xiè
Han-Latin	泼	pō
Han-Latin	泽	zé
Han-Latin	泾	jīng
Han-Latin	泿	yín
Han-Latin	洀	pán
Han-Latin	洁	jié
Han-Latin	洂	yè
Han-Latin	洃	huī
Han-Latin	洄	huí
Han-Latin	洅	zài
Han-Latin	洆	chéng
Han-Latin	洇	yīn
Han-Latin	洈	wéi
Han-Latin	洉	hòu
Han-Latin	洊	jiàn
Han-Latin	洋	yáng
Han-Latin	洌	liè
Han-Latin	洍	sì
Han-Latin	洎	jì
Han-Latin	洏	ér
Han-Latin	洐	xíng
Han-Latin	洑	fú
Han-Latin	洒	sǎ
Han-Latin	洓	qì
Han-Latin	洔	zhǐ
Han-Latin	洕	yìn
Han-Latin	洖	wú
Han-Latin	洗	xǐ
Han-Latin	洘	kǎo
Han-Latin	洙	zhū
Han-Latin	洚	jiàng
Han-Latin	洛	luò
Han-Latin	洜	luò
Han-Latin	洝	àn
Han-Latin	洞	dòng
Han-Latin	洟	tì
Han-Latin	洠	móu
Han-Latin	洡	lèi
Han-Latin	洢	yī
Han-Latin	洣	mǐ
Han-Latin	洤	quán
Han-Latin	津	jīn
Han-Latin	洦	pò
Han-Latin	洧	wěi
Han-Latin	洨	xiáo
Han-Latin	洩	xiè
Han-Latin	洪	hóng
Han-Latin	洫	xù
Han-Latin	洬	sù
Han-Latin	洭	kuāng
Han-Latin	洮	táo
Han-Latin	洯	qiè
Han-Latin	洰	jù
Han-Latin	洱	ěr
Han-Latin	洲	zhōu
Han-Latin	洳	rù
Han-Latin	洴	píng
Han-Latin	洵	xún
Han-Latin	洶	xiōng
Han-Latin	洷	zhì
Han-Latin	洸	guāng
Han-Latin	洹	huán
Han-Latin	洺	míng
Han-Latin	活	huó
Han-Latin	洼	wā
Han-Latin	洽	qià
Han-Latin	派	pài
Han-Latin	洿	wū
Han-Latin	浀	qū
Han-Latin	流	liú
Han-Latin	浂	yì
Han-Latin	浃	jiā
Han-Latin	浄	jìng
Han-Latin	浅	qiǎn
Han-Latin	浆	jiāng
Han-Latin	浇	jiāo
Han-Latin	浈	zhēn
Han-Latin	浉	shī
Han-Latin	浊	zhuó
Han-Latin	测	cè
Han-Latin	浌	fá
Han-Latin	浍	huì
Han-Latin	济	jì
Han-Latin	浏	liú
Han-Latin	浐	chǎn
Han-Latin	浑	hún
Han-Latin	浒	hǔ
Han-Latin	浓	nóng
Han-Latin	浔	xún
Han-Latin	浕	jìn
Han-Latin	浖	liè
Han-Latin	浗	qiú
Han-Latin	浘	wěi
Han-Latin	浙	zhè
Han-Latin	浚	jùn
Han-Latin	浛	hán
Han-Latin	浜	bāng
Han-Latin	浝	máng
Han-Latin	浞	zhuó
Han-Latin	浟	yóu
Han-Latin	浠	xī
Han-Latin	浡	bó
Han-Latin	浢	dòu
Han-Latin	浣	huàn
Han-Latin	浤	hóng
Han-Latin	浥	yì
Han-Latin	浦	pǔ
Han-Latin	浧	yǐng
Han-Latin	浨	lǎn
Han-Latin	浩	hào
Han-Latin	浪	làng
Han-Latin	浫	hǎn
Han-Latin	浬	lǐ
Han-Latin	浭	gēng
Han-Latin	浮	fú
Han-Latin	浯	wú
Han-Latin	浰	liàn
Han-Latin	浱	chún
Han-Latin	浲	féng
Han-Latin	浳	yì
Han-Latin	浴	yù
Han-Latin	浵	tóng
Han-Latin	浶	láo
Han-Latin	海	hǎi
Han-Latin	浸	jìn
Han-Latin	浹	jiā
Han-Latin	浺	chōng
Han-Latin	浻	jiǒng
Han-Latin	浼	měi
Han-Latin	浽	suī
Han-Latin	浾	chēng
Han-Latin	浿	pèi
Han-Latin	涀	xiàn
Han-Latin	涁	shèn
Han-Latin	涂	tú
Han-Latin	涃	kùn
Han-Latin	涄	pīng
Han-Latin	涅	niè
Han-Latin	涆	hàn
Han-Latin	涇	jīng
Han-Latin	消	xiāo
Han-Latin	涉	shè
Han-Latin	涊	niǎn
Han-Latin	涋	tū
Han-Latin	涌	yǒng
Han-Latin	涍	xiào
Han-Latin	涎	xián
Han-Latin	涏	tǐng
Han-Latin	涐	é
Han-Latin	涑	sù
Han-Latin	涒	tūn
Han-Latin	涓	juān
Han-Latin	涔	cén
Han-Latin	涕	tì
Han-Latin	涖	lì
Han-Latin	涗	shuì
Han-Latin	涘	sì
Han-Latin	涙	lèi
Han-Latin	涚	shuì
Han-Latin	涛	tāo
Han-Latin	涜	dú
Han-Latin	涝	lào
Han-Latin	涞	lái
Han-Latin	涟	lián
Han-Latin	涠	wéi
Han-Latin	涡	wō
Han-Latin	涢	yún
Han-Latin	涣	huàn
Han-Latin	涤	dí
Han-Latin	涥	hēng
Han-Latin	润	rùn
Han-Latin	涧	jiàn
Han-Latin	涨	zhǎng
Han-Latin	涩	sè
Han-Latin	涪	fú
Han-Latin	涫	guàn
Han-Latin	涬	xìng
Han-Latin	涭	shòu
Han-Latin	涮	shuàn
Han-Latin	涯	yá
Han-Latin	涰	chuò
Han-Latin	涱	zhàng
Han-Latin	液	yè
Han-Latin	涳	kōng
Han-Latin	涴	wò
Han-Latin	涵	hán
Han-Latin	涶	tuō
Han-Latin	涷	dōng
Han-Latin	涸	hé
Han-Latin	涹	wō
Han-Latin	涺	jū
Han-Latin	涻	shè
Han-Latin	涼	liáng
Han-Latin	涽	hūn
Han-Latin	涾	tà
Han-Latin	涿	zhuō
Han-Latin	淀	diàn
Han-Latin	淁	qiè
Han-Latin	淂	dé
Han-Latin	淃	juàn
Han-Latin	淄	zī
Han-Latin	淅	xī
Han-Latin	淆	xiáo
Han-Latin	淇	qí
Han-Latin	淈	gǔ
Han-Latin	淉	guǒ
Han-Latin	淊	yān
Han-Latin	淋	lín
Han-Latin	淌	tǎng
Han-Latin	淍	zhōu
Han-Latin	淎	pěng
Han-Latin	淏	hào
Han-Latin	淐	chāng
Han-Latin	淑	shū
Han-Latin	淒	qī
Han-Latin	淓	fāng
Han-Latin	淔	zhí
Han-Latin	淕	lù
Han-Latin	淖	nào
Han-Latin	淗	jú
Han-Latin	淘	táo
Han-Latin	淙	cóng
Han-Latin	淚	lèi
Han-Latin	淛	zhè
Han-Latin	淜	péng
Han-Latin	淝	féi
Han-Latin	淞	sōng
Han-Latin	淟	tiǎn
Han-Latin	淠	pì
Han-Latin	淡	dàn
Han-Latin	淢	yù
Han-Latin	淣	ní
Han-Latin	淤	yū
Han-Latin	淥	lù
Han-Latin	淦	gàn
Han-Latin	淧	mì
Han-Latin	淨	jìng
Han-Latin	淩	líng
Han-Latin	淪	lún
Han-Latin	淫	yín
Han-Latin	淬	cuì
Han-Latin	淭	qú
Han-Latin	淮	huái
Han-Latin	淯	yù
Han-Latin	淰	niǎn
Han-Latin	深	shēn
Han-Latin	淲	biāo
Han-Latin	淳	chún
Han-Latin	淴	hū
Han-Latin	淵	yuān
Han-Latin	淶	lái
Han-Latin	混	hùn
Han-Latin	淸	qīng
Han-Latin	淹	yān
Han-Latin	淺	qiǎn
Han-Latin	添	tiān
Han-Latin	淼	miǎo
Han-Latin	淽	zhǐ
Han-Latin	淾	yǐn
Han-Latin	淿	bó
Han-Latin	渀	bèn
Han-Latin	渁	yuān
Han-Latin	渂	wèn
Han-Latin	渃	ruò
Han-Latin	渄	fēi
Han-Latin	清	qīng
Han-Latin	渆	yuān
Han-Latin	渇	kě
Han-Latin	済	jì
Han-Latin	渉	shè
Han-Latin	渊	yuān
Han-Latin	渋	sè
Han-Latin	渌	lù
Han-Latin	渍	zì
Han-Latin	渎	dú
Han-Latin	渏	yī
Han-Latin	渐	jiàn
Han-Latin	渑	miǎn
Han-Latin	渒	pài
Han-Latin	渓	xī
Han-Latin	渔	yú
Han-Latin	渕	yuān
Han-Latin	渖	shěn
Han-Latin	渗	shèn
Han-Latin	渘	róu
Han-Latin	渙	huàn
Han-Latin	渚	zhǔ
Han-Latin	減	jiǎn
Han-Latin	渜	nuǎn
Han-Latin	渝	yú
Han-Latin	渞	qiú
Han-Latin	渟	tíng
Han-Latin	渠	qú
Han-Latin	渡	dù
Han-Latin	渢	fán
Han-Latin	渣	zhā
Han-Latin	渤	bó
Han-Latin	渥	wò
Han-Latin	渦	wō
Han-Latin	渧	dì
Han-Latin	渨	wēi
Han-Latin	温	wēn
Han-Latin	渪	rú
Han-Latin	渫	xiè
Han-Latin	測	cè
Han-Latin	渭	wèi
Han-Latin	渮	hé
Han-Latin	港	gǎng
Han-Latin	渰	yǎn
Han-Latin	渱	hóng
Han-Latin	渲	xuàn
Han-Latin	渳	mǐ
Han-Latin	渴	kě
Han-Latin	渵	máo
Han-Latin	渶	yīng
Han-Latin	渷	yǎn
Han-Latin	游	yóu
Han-Latin	渹	hōng
Han-Latin	渺	miǎo
Han-Latin	渻	shěng
Han-Latin	渼	měi
Han-Latin	渽	zāi
Han-Latin	渾	hún
Han-Latin	渿	nài
Han-Latin	湀	guǐ
Han-Latin	湁	chì
Han-Latin	湂	è
Han-Latin	湃	pài
Han-Latin	湄	méi
Han-Latin	湅	liàn
Han-Latin	湆	qì
Han-Latin	湇	qì
Han-Latin	湈	méi
Han-Latin	湉	tián
Han-Latin	湊	còu
Han-Latin	湋	wéi
Han-Latin	湌	cān
Han-Latin	湍	tuān
Han-Latin	湎	miǎn
Han-Latin	湏	huì
Han-Latin	湐	mò
Han-Latin	湑	xū
Han-Latin	湒	jí
Han-Latin	湓	pén
Han-Latin	湔	jiān
Han-Latin	湕	jiǎn
Han-Latin	湖	hú
Han-Latin	湗	fèng
Han-Latin	湘	xiāng
Han-Latin	湙	yì
Han-Latin	湚	yìn
Han-Latin	湛	zhàn
Han-Latin	湜	shí
Han-Latin	湝	jiē
Han-Latin	湞	chēng
Han-Latin	湟	huáng
Han-Latin	湠	tàn
Han-Latin	湡	yú
Han-Latin	湢	bì
Han-Latin	湣	mǐn
Han-Latin	湤	shī
Han-Latin	湥	tū
Han-Latin	湦	shēng
Han-Latin	湧	yǒng
Han-Latin	湨	jú
Han-Latin	湩	dòng
Han-Latin	湪	tuàn
Han-Latin	湫	jiǎo
Han-Latin	湬	jiǎo
Han-Latin	湭	qiú
Han-Latin	湮	yān
Han-Latin	湯	tāng
Han-Latin	湰	lóng
Han-Latin	湱	huò
Han-Latin	湲	yuán
Han-Latin	湳	nǎn
Han-Latin	湴	bàn
Han-Latin	湵	yǒu
Han-Latin	湶	quán
Han-Latin	湷	zhuāng
Han-Latin	湸	liàng
Han-Latin	湹	chán
Han-Latin	湺	xián
Han-Latin	湻	chún
Han-Latin	湼	niè
Han-Latin	湽	zī
Han-Latin	湾	wān
Han-Latin	湿	shī
Han-Latin	満	mǎn
Han-Latin	溁	yíng
Han-Latin	溂	là
Han-Latin	溃	kuì
Han-Latin	溄	féng
Han-Latin	溅	jiàn
Han-Latin	溆	xù
Han-Latin	溇	lóu
Han-Latin	溈	wéi
Han-Latin	溉	gài
Han-Latin	溊	bō
Han-Latin	溋	yíng
Han-Latin	溌	pō
Han-Latin	溍	jìn
Han-Latin	溎	yàn
Han-Latin	溏	táng
Han-Latin	源	yuán
Han-Latin	溑	suǒ
Han-Latin	溒	yuán
Han-Latin	溓	lián
Han-Latin	溔	yǎo
Han-Latin	溕	méng
Han-Latin	準	zhǔn
Han-Latin	溗	chéng
Han-Latin	溘	kè
Han-Latin	溙	tài
Han-Latin	溚	dá
Han-Latin	溛	wā
Han-Latin	溜	liū
Han-Latin	溝	gōu
Han-Latin	溞	sāo
Han-Latin	溟	míng
Han-Latin	溠	zhà
Han-Latin	溡	shí
Han-Latin	溢	yì
Han-Latin	溣	lùn
Han-Latin	溤	mǎ
Han-Latin	溥	pǔ
Han-Latin	溦	wēi
Han-Latin	溧	lì
Han-Latin	溨	zāi
Han-Latin	溩	wù
Han-Latin	溪	xī
Han-Latin	溫	wēn
Han-Latin	溬	qiāng
Han-Latin	溭	zé
Han-Latin	溮	shī
Han-Latin	溯	sù
Han-Latin	溰	ái
Han-Latin	溱	qín
Han-Latin	溲	sōu
Han-Latin	溳	yún
Han-Latin	溴	xiù
Han-Latin	溵	yīn
Han-Latin	溶	róng
Han-Latin	溷	hùn
Han-Latin	溸	sù
Han-Latin	溹	suǒ
Han-Latin	溺	nì
Han-Latin	溻	tā
Han-Latin	溼	shī
Han-Latin	溽	rù
Han-Latin	溾	āi
Han-Latin	溿	pàn
Han-Latin	滀	chù
Han-Latin	滁	chú
Han-Latin	滂	pāng
Han-Latin	滃	wēng
Han-Latin	滄	cāng
Han-Latin	滅	miè
Han-Latin	滆	gé
Han-Latin	滇	diān
Han-Latin	滈	hào
Han-Latin	滉	huàng
Han-Latin	滊	xì
Han-Latin	滋	zī
Han-Latin	滌	dí
Han-Latin	滍	zhì
Han-Latin	滎	xíng
Han-Latin	滏	fǔ
Han-Latin	滐	jié
Han-Latin	滑	huá
Han-Latin	滒	gē
Han-Latin	滓	zǐ
Han-Latin	滔	tāo
Han-Latin	滕	téng
Han-Latin	滖	suī
Han-Latin	滗	bì
Han-Latin	滘	jiào
Han-Latin	滙	huì
Han-Latin	滚	gǔn
Han-Latin	滛	yín
Han-Latin	滜	gāo
Han-Latin	滝	lóng
Han-Latin	滞	zhì
Han-Latin	滟	yàn
Han-Latin	滠	shè
Han-Latin	满	mǎn
Han-Latin	滢	yíng
Han-Latin	滣	chún
Han-Latin	滤	lǜ
Han-Latin	滥	làn
Han-Latin	滦	luán
Han-Latin	滧	yáo
Han-Latin	滨	bīn
Han-Latin	滩	tān
Han-Latin	滪	yù
Han-Latin	滫	xiǔ
Han-Latin	滬	hù
Han-Latin	滭	bì
Han-Latin	滮	biāo
Han-Latin	滯	zhì
Han-Latin	滰	jiàng
Han-Latin	滱	kòu
Han-Latin	滲	shèn
Han-Latin	滳	shāng
Han-Latin	滴	dī
Han-Latin	滵	mì
Han-Latin	滶	áo
Han-Latin	滷	lǔ
Han-Latin	滸	hǔ
Han-Latin	滹	hū
Han-Latin	滺	yōu
Han-Latin	滻	chǎn
Han-Latin	滼	fàn
Han-Latin	滽	yōng
Han-Latin	滾	gǔn
Han-Latin	滿	mǎn
Han-Latin	漀	qǐng
Han-Latin	漁	yú
Han-Latin	漂	piào
Han-Latin	漃	jì
Han-Latin	漄	yá
Han-Latin	漅	cháo
Han-Latin	漆	qī
Han-Latin	漇	xǐ
Han-Latin	漈	jì
Han-Latin	漉	lù
Han-Latin	漊	lóu
Han-Latin	漋	lóng
Han-Latin	漌	jǐn
Han-Latin	漍	guó
Han-Latin	漎	cóng
Han-Latin	漏	lòu
Han-Latin	漐	zhí
Han-Latin	漑	gài
Han-Latin	漒	qiáng
Han-Latin	漓	lí
Han-Latin	演	yǎn
Han-Latin	漕	cáo
Han-Latin	漖	jiào
Han-Latin	漗	cōng
Han-Latin	漘	chún
Han-Latin	漙	tuán
Han-Latin	漚	ōu
Han-Latin	漛	téng
Han-Latin	漜	yě
Han-Latin	漝	xí
Han-Latin	漞	mì
Han-Latin	漟	táng
Han-Latin	漠	mò
Han-Latin	漡	shāng
Han-Latin	漢	hàn
Han-Latin	漣	lián
Han-Latin	漤	lǎn
Han-Latin	漥	wā
Han-Latin	漦	chí
Han-Latin	漧	gān
Han-Latin	漨	féng
Han-Latin	漩	xuán
Han-Latin	漪	yī
Han-Latin	漫	màn
Han-Latin	漬	zì
Han-Latin	漭	mǎng
Han-Latin	漮	kāng
Han-Latin	漯	luò
Han-Latin	漰	pēng
Han-Latin	漱	shù
Han-Latin	漲	zhǎng
Han-Latin	漳	zhāng
Han-Latin	漴	chóng
Han-Latin	漵	xù
Han-Latin	漶	huàn
Han-Latin	漷	huǒ
Han-Latin	漸	jiàn
Han-Latin	漹	yān
Han-Latin	漺	shuǎng
Han-Latin	漻	liáo
Han-Latin	漼	cuǐ
Han-Latin	漽	tí
Han-Latin	漾	yàng
Han-Latin	漿	jiāng
Han-Latin	潀	cóng
Han-Latin	潁	yǐng
Han-Latin	潂	hóng
Han-Latin	潃	xiǔ
Han-Latin	潄	shù
Han-Latin	潅	guàn
Han-Latin	潆	yíng
Han-Latin	潇	xiāo
Han-Latin	潈	zōng
Han-Latin	潉	kūn
Han-Latin	潊	xù
Han-Latin	潋	liàn
Han-Latin	潌	zhì
Han-Latin	潍	wéi
Han-Latin	潎	pì
Han-Latin	潏	yù
Han-Latin	潐	jiào
Han-Latin	潑	pō
Han-Latin	潒	dàng
Han-Latin	潓	huì
Han-Latin	潔	jié
Han-Latin	潕	wǔ
Han-Latin	潖	pá
Han-Latin	潗	jí
Han-Latin	潘	pān
Han-Latin	潙	wéi
Han-Latin	潚	sù
Han-Latin	潛	qián
Han-Latin	潜	qián
Han-Latin	潝	xī
Han-Latin	潞	lù
Han-Latin	潟	xì
Han-Latin	潠	xùn
Han-Latin	潡	dùn
Han-Latin	潢	huáng
Han-Latin	潣	mǐn
Han-Latin	潤	rùn
Han-Latin	潥	sù
Han-Latin	潦	liáo
Han-Latin	潧	zhēn
Han-Latin	潨	cóng
Han-Latin	潩	yì
Han-Latin	潪	zhè
Han-Latin	潫	wān
Han-Latin	潬	shàn
Han-Latin	潭	tán
Han-Latin	潮	cháo
Han-Latin	潯	xún
Han-Latin	潰	kuì
Han-Latin	潱	yē
Han-Latin	潲	shào
Han-Latin	潳	tú
Han-Latin	潴	zhū
Han-Latin	潵	sǎ
Han-Latin	潶	hēi
Han-Latin	潷	bì
Han-Latin	潸	shān
Han-Latin	潹	chán
Han-Latin	潺	chán
Han-Latin	潻	shǔ
Han-Latin	潼	tóng
Han-Latin	潽	pū
Han-Latin	潾	lín
Han-Latin	潿	wéi
Han-Latin	澀	sè
Han-Latin	澁	sè
Han-Latin	澂	chéng
Han-Latin	澃	jiǒng
Han-Latin	澄	chéng
Han-Latin	澅	huà
Han-Latin	澆	jiāo
Han-Latin	澇	lào
Han-Latin	澈	chè
Han-Latin	澉	gǎn
Han-Latin	澊	cūn
Han-Latin	澋	hòng
Han-Latin	澌	sī
Han-Latin	澍	shù
Han-Latin	澎	péng
Han-Latin	澏	hán
Han-Latin	澐	yún
Han-Latin	澑	liù
Han-Latin	澒	hòng
Han-Latin	澓	fú
Han-Latin	澔	hào
Han-Latin	澕	hé
Han-Latin	澖	xián
Han-Latin	澗	jiàn
Han-Latin	澘	shān
Han-Latin	澙	xì
Han-Latin	澚	ào
Han-Latin	澛	lǔ
Han-Latin	澜	lán
Han-Latin	澝	nìng
Han-Latin	澞	yú
Han-Latin	澟	lǐn
Han-Latin	澠	miǎn
Han-Latin	澡	zǎo
Han-Latin	澢	dāng
Han-Latin	澣	huàn
Han-Latin	澤	zé
Han-Latin	澥	xiè
Han-Latin	澦	yù
Han-Latin	澧	lǐ
Han-Latin	澨	shì
Han-Latin	澩	xué
Han-Latin	澪	líng
Han-Latin	澫	wàn
Han-Latin	澬	zī
Han-Latin	澭	yōng
Han-Latin	澮	huì
Han-Latin	澯	càn
Han-Latin	澰	liàn
Han-Latin	澱	diàn
Han-Latin	澲	yè
Han-Latin	澳	ào
Han-Latin	澴	huán
Han-Latin	澵	zhēn
Han-Latin	澶	chán
Han-Latin	澷	màn
Han-Latin	澸	dǎn
Han-Latin	澹	dàn
Han-Latin	澺	yì
Han-Latin	澻	suì
Han-Latin	澼	pì
Han-Latin	澽	jù
Han-Latin	澾	tà
Han-Latin	澿	qín
Han-Latin	激	jī
Han-Latin	濁	zhuó
Han-Latin	濂	lián
Han-Latin	濃	nóng
Han-Latin	濄	guō
Han-Latin	濅	jìn
Han-Latin	濆	fén
Han-Latin	濇	sè
Han-Latin	濈	jí
Han-Latin	濉	suī
Han-Latin	濊	huì
Han-Latin	濋	chǔ
Han-Latin	濌	tà
Han-Latin	濍	sōng
Han-Latin	濎	dǐng
Han-Latin	濏	sè
Han-Latin	濐	zhǔ
Han-Latin	濑	lài
Han-Latin	濒	bīn
Han-Latin	濓	lián
Han-Latin	濔	mǐ
Han-Latin	濕	shī
Han-Latin	濖	shù
Han-Latin	濗	mì
Han-Latin	濘	nìng
Han-Latin	濙	yíng
Han-Latin	濚	yíng
Han-Latin	濛	méng
Han-Latin	濜	jìn
Han-Latin	濝	qí
Han-Latin	濞	bì
Han-Latin	濟	jì
Han-Latin	濠	háo
Han-Latin	濡	rú
Han-Latin	濢	cuì
Han-Latin	濣	wò
Han-Latin	濤	tāo
Han-Latin	濥	yǐn
Han-Latin	濦	yǐn
Han-Latin	濧	duì
Han-Latin	濨	cí
Han-Latin	濩	huò
Han-Latin	濪	qìng
Han-Latin	濫	làn
Han-Latin	濬	jùn
Han-Latin	濭	ǎi
Han-Latin	濮	pú
Han-Latin	濯	zhuó
Han-Latin	濰	wéi
Han-Latin	濱	bīn
Han-Latin	濲	gǔ
Han-Latin	濳	qián
Han-Latin	濴	yíng
Han-Latin	濵	bīn
Han-Latin	濶	kuò
Han-Latin	濷	fèi
Han-Latin	濸	cāng
Han-Latin	濹	mè
Han-Latin	濺	jiàn
Han-Latin	濻	wěi
Han-Latin	濼	luò
Han-Latin	濽	zàn
Han-Latin	濾	lǜ
Han-Latin	濿	lì
Han-Latin	瀀	yōu
Han-Latin	瀁	yàng
Han-Latin	瀂	lǔ
Han-Latin	瀃	sì
Han-Latin	瀄	zhì
Han-Latin	瀅	yíng
Han-Latin	瀆	dú
Han-Latin	瀇	wǎng
Han-Latin	瀈	huī
Han-Latin	瀉	xiè
Han-Latin	瀊	pán
Han-Latin	瀋	shěn
Han-Latin	瀌	biāo
Han-Latin	瀍	chán
Han-Latin	瀎	mò
Han-Latin	瀏	liú
Han-Latin	瀐	jiān
Han-Latin	瀑	pù
Han-Latin	瀒	sè
Han-Latin	瀓	chéng
Han-Latin	瀔	gǔ
Han-Latin	瀕	bīn
Han-Latin	瀖	huò
Han-Latin	瀗	xiàn
Han-Latin	瀘	lú
Han-Latin	瀙	qìn
Han-Latin	瀚	hàn
Han-Latin	瀛	yíng
Han-Latin	瀜	róng
Han-Latin	瀝	lì
Han-Latin	瀞	jìng
Han-Latin	瀟	xiāo
Han-Latin	瀠	yíng
Han-Latin	瀡	suǐ
Han-Latin	瀢	wěi
Han-Latin	瀣	xiè
Han-Latin	瀤	huái
Han-Latin	瀥	xuè
Han-Latin	瀦	zhū
Han-Latin	瀧	lóng
Han-Latin	瀨	lài
Han-Latin	瀩	duì
Han-Latin	瀪	fán
Han-Latin	瀫	hú
Han-Latin	瀬	lài
Han-Latin	瀭	shū
Han-Latin	瀮	lián
Han-Latin	瀯	yíng
Han-Latin	瀰	mí
Han-Latin	瀱	jì
Han-Latin	瀲	liàn
Han-Latin	瀳	jiàn
Han-Latin	瀴	yíng
Han-Latin	瀵	fèn
Han-Latin	瀶	lín
Han-Latin	瀷	yì
Han-Latin	瀸	jiān
Han-Latin	瀹	yuè
Han-Latin	瀺	chán
Han-Latin	瀻	dài
Han-Latin	瀼	ráng
Han-Latin	瀽	jiǎn
Han-Latin	瀾	lán
Han-Latin	瀿	fán
Han-Latin	灀	shuàng
Han-Latin	灁	yuān
Han-Latin	灂	zhuó
Han-Latin	灃	fēng
Han-Latin	灄	shè
Han-Latin	灅	lěi
Han-Latin	灆	lán
Han-Latin	灇	cóng
Han-Latin	灈	qú
Han-Latin	灉	yōng
Han-Latin	灊	qián
Han-Latin	灋	fǎ
Han-Latin	灌	guàn
Han-Latin	灍	jué
Han-Latin	灎	yàn
Han-Latin	灏	hào
Han-Latin	灐	yíng
Han-Latin	灑	sǎ
Han-Latin	灒	zàn
Han-Latin	灓	luán
Han-Latin	灔	yàn
Han-Latin	灕	lí
Han-Latin	灖	mǐ
Han-Latin	灗	shàn
Han-Latin	灘	tān
Han-Latin	灙	dǎng
Han-Latin	灚	jiǎo
Han-Latin	灛	chǎn
Han-Latin	灜	yíng
Han-Latin	灝	hào
Han-Latin	灞	bà
Han-Latin	灟	zhú
Han-Latin	灠	lǎn
Han-Latin	灡	lán
Han-Latin	灢	nǎng
Han-Latin	灣	wān
Han-Latin	灤	luán
Han-Latin	灥	xún
Han-Latin	灦	xiǎn
Han-Latin	灧	yàn
Han-Latin	灨	gàn
Han-Latin	灩	yàn
Han-Latin	灪	yù
Han-Latin	火	huǒ
Han-Latin	灬	biāo
Han-Latin	灭	miè
Han-Latin	灮	guāng
Han-Latin	灯	dēng
Han-Latin	灰	huī
Han-Latin	灱	xiāo
Han-Latin	灲	xiāo
Han-Latin	灳	huī
Han-Latin	灴	hōng
Han-Latin	灵	líng
Han-Latin	灶	zào
Han-Latin	灷	zhuàn
Han-Latin	灸	jiǔ
Han-Latin	灹	zhà
Han-Latin	灺	xiè
Han-Latin	灻	chì
Han-Latin	灼	zhuó
Han-Latin	災	zāi
Han-Latin	灾	zāi
Han-Latin	灿	càn
Han-Latin	炀	yáng
Han-Latin	炁	qì
Han-Latin	炂	zhōng
Han-Latin	炃	fén
Han-Latin	炄	niǔ
Han-Latin	炅	jiǒng
Han-Latin	炆	wén
Han-Latin	炇	pū
Han-Latin	炈	yì
Han-Latin	炉	lú
Han-Latin	炊	chuī
Han-Latin	炋	pī
Han-Latin	炌	kài
Han-Latin	炍	pàn
Han-Latin	炎	yán
Han-Latin	炏	kài
Han-Latin	炐	pàng
Han-Latin	炑	mù
Han-Latin	炒	chǎo
Han-Latin	炓	liào
Han-Latin	炔	quē
Han-Latin	炕	kàng
Han-Latin	炖	dùn
Han-Latin	炗	guāng
Han-Latin	炘	xīn
Han-Latin	炙	zhì
Han-Latin	炚	guāng
Han-Latin	炛	guāng
Han-Latin	炜	wěi
Han-Latin	炝	qiàng
Han-Latin	炞	biān
Han-Latin	炟	dá
Han-Latin	炠	xiá
Han-Latin	炡	zhēng
Han-Latin	炢	zhú
Han-Latin	炣	kě
Han-Latin	炤	zhào
Han-Latin	炥	fú
Han-Latin	炦	bá
Han-Latin	炧	xiè
Han-Latin	炨	xiè
Han-Latin	炩	lìng
Han-Latin	炪	zhuō
Han-Latin	炫	xuàn
Han-Latin	炬	jù
Han-Latin	炭	tàn
Han-Latin	炮	pào
Han-Latin	炯	jiǒng
Han-Latin	炰	páo
Han-Latin	炱	tái
Han-Latin	炲	tái
Han-Latin	炳	bǐng
Han-Latin	炴	yǎng
Han-Latin	炵	tōng
Han-Latin	炶	shǎn
Han-Latin	炷	zhù
Han-Latin	炸	zhà
Han-Latin	点	diǎn
Han-Latin	為	wèi
Han-Latin	炻	shí
Han-Latin	炼	liàn
Han-Latin	炽	chì
Han-Latin	炾	huǎng
Han-Latin	炿	zhōu
Han-Latin	烀	hū
Han-Latin	烁	shuò
Han-Latin	烂	làn
Han-Latin	烃	tīng
Han-Latin	烄	jiǎo
Han-Latin	烅	xù
Han-Latin	烆	héng
Han-Latin	烇	quǎn
Han-Latin	烈	liè
Han-Latin	烉	huàn
Han-Latin	烊	yáng
Han-Latin	烋	xiū
Han-Latin	烌	xiū
Han-Latin	烍	xiǎn
Han-Latin	烎	yín
Han-Latin	烏	wū
Han-Latin	烐	zhōu
Han-Latin	烑	yáo
Han-Latin	烒	shì
Han-Latin	烓	wēi
Han-Latin	烔	tóng
Han-Latin	烕	miè
Han-Latin	烖	zāi
Han-Latin	烗	kài
Han-Latin	烘	hōng
Han-Latin	烙	lào
Han-Latin	烚	xiá
Han-Latin	烛	zhú
Han-Latin	烜	xuǎn
Han-Latin	烝	zhēng
Han-Latin	烞	pò
Han-Latin	烟	yān
Han-Latin	烠	huí
Han-Latin	烡	guāng
Han-Latin	烢	chè
Han-Latin	烣	huī
Han-Latin	烤	kǎo
Han-Latin	烥	jù
Han-Latin	烦	fán
Han-Latin	烧	shāo
Han-Latin	烨	yè
Han-Latin	烩	huì
Han-Latin	烫	tàng
Han-Latin	烬	jìn
Han-Latin	热	rè
Han-Latin	烮	liè
Han-Latin	烯	xī
Han-Latin	烰	fú
Han-Latin	烱	jiǒng
Han-Latin	烲	xiè
Han-Latin	烳	pǔ
Han-Latin	烴	tīng
Han-Latin	烵	zhuó
Han-Latin	烶	tǐng
Han-Latin	烷	wán
Han-Latin	烸	hǎi
Han-Latin	烹	pēng
Han-Latin	烺	lǎng
Han-Latin	烻	yàn
Han-Latin	烼	xù
Han-Latin	烽	fēng
Han-Latin	烾	chì
Han-Latin	烿	róng
Han-Latin	焀	hú
Han-Latin	焁	xī
Han-Latin	焂	shū
Han-Latin	焃	hè
Han-Latin	焄	xūn
Han-Latin	焅	kù
Han-Latin	焆	juān
Han-Latin	焇	xiāo
Han-Latin	焈	xī
Han-Latin	焉	yān
Han-Latin	焊	hàn
Han-Latin	焋	zhuàng
Han-Latin	焌	jùn
Han-Latin	焍	dì
Han-Latin	焎	xiè
Han-Latin	焏	jí
Han-Latin	焐	wù
Han-Latin	焑	yān
Han-Latin	焒	lǚ
Han-Latin	焓	hán
Han-Latin	焔	yàn
Han-Latin	焕	huàn
Han-Latin	焖	mèn
Han-Latin	焗	jú
Han-Latin	焘	tāo
Han-Latin	焙	bèi
Han-Latin	焚	fén
Han-Latin	焛	lìn
Han-Latin	焜	kūn
Han-Latin	焝	hùn
Han-Latin	焞	tūn
Han-Latin	焟	xī
Han-Latin	焠	cuì
Han-Latin	無	wú
Han-Latin	焢	hōng
Han-Latin	焣	chǎo
Han-Latin	焤	fǔ
Han-Latin	焥	wò
Han-Latin	焦	jiāo
Han-Latin	焧	cōng
Han-Latin	焨	fèng
Han-Latin	焩	píng
Han-Latin	焪	qióng
Han-Latin	焫	ruò
Han-Latin	焬	xī
Han-Latin	焭	qióng
Han-Latin	焮	xìn
Han-Latin	焯	chāo
Han-Latin	焰	yàn
Han-Latin	焱	yàn
Han-Latin	焲	yì
Han-Latin	焳	jué
Han-Latin	焴	yù
Han-Latin	焵	gàng
Han-Latin	然	rán
Han-Latin	焷	pí
Han-Latin	焸	xiòng
Han-Latin	焹	gàng
Han-Latin	焺	shēng
Han-Latin	焻	chàng
Han-Latin	焼	shāo
Han-Latin	焽	xiǒng
Han-Latin	焾	niǎn
Han-Latin	焿	gēng
Han-Latin	煀	qū
Han-Latin	煁	chén
Han-Latin	煂	hè
Han-Latin	煃	kuǐ
Han-Latin	煄	zhǒng
Han-Latin	煅	duàn
Han-Latin	煆	xiā
Han-Latin	煇	huī
Han-Latin	煈	fèng
Han-Latin	煉	liàn
Han-Latin	煊	xuān
Han-Latin	煋	xīng
Han-Latin	煌	huáng
Han-Latin	煍	jiǎo
Han-Latin	煎	jiān
Han-Latin	煏	bì
Han-Latin	煐	yīng
Han-Latin	煑	zhǔ
Han-Latin	煒	wěi
Han-Latin	煓	tuān
Han-Latin	煔	shǎn
Han-Latin	煕	xī
Han-Latin	煖	nuǎn
Han-Latin	煗	nuǎn
Han-Latin	煘	chán
Han-Latin	煙	yān
Han-Latin	煚	jiǒng
Han-Latin	煛	jiǒng
Han-Latin	煜	yù
Han-Latin	煝	mèi
Han-Latin	煞	shā
Han-Latin	煟	wèi
Han-Latin	煠	zhá
Han-Latin	煡	jìn
Han-Latin	煢	qióng
Han-Latin	煣	róu
Han-Latin	煤	méi
Han-Latin	煥	huàn
Han-Latin	煦	xù
Han-Latin	照	zhào
Han-Latin	煨	wēi
Han-Latin	煩	fán
Han-Latin	煪	qiú
Han-Latin	煫	suì
Han-Latin	煬	yáng
Han-Latin	煭	liè
Han-Latin	煮	zhǔ
Han-Latin	煯	jiē
Han-Latin	煰	zào
Han-Latin	煱	guā
Han-Latin	煲	bāo
Han-Latin	煳	hú
Han-Latin	煴	yūn
Han-Latin	煵	nǎn
Han-Latin	煶	shì
Han-Latin	煷	huǒ
Han-Latin	煸	biān
Han-Latin	煹	gòu
Han-Latin	煺	tuì
Han-Latin	煻	táng
Han-Latin	煼	chǎo
Han-Latin	煽	shān
Han-Latin	煾	ēn
Han-Latin	煿	bó
Han-Latin	熀	huǎng
Han-Latin	熁	xié
Han-Latin	熂	xì
Han-Latin	熃	wù
Han-Latin	熄	xī
Han-Latin	熅	yùn
Han-Latin	熆	hé
Han-Latin	熇	hè
Han-Latin	熈	xī
Han-Latin	熉	yún
Han-Latin	熊	xióng
Han-Latin	熋	nái
Han-Latin	熌	shǎn
Han-Latin	熍	qióng
Han-Latin	熎	yào
Han-Latin	熏	xūn
Han-Latin	熐	mì
Han-Latin	熑	lián
Han-Latin	熒	yíng
Han-Latin	熓	wǔ
Han-Latin	熔	róng
Han-Latin	熕	gōng
Han-Latin	熖	yàn
Han-Latin	熗	qiàng
Han-Latin	熘	liū
Han-Latin	熙	xī
Han-Latin	熚	bì
Han-Latin	熛	biāo
Han-Latin	熜	cōng
Han-Latin	熝	lù
Han-Latin	熞	jiān
Han-Latin	熟	shú
Han-Latin	熠	yì
Han-Latin	熡	lóu
Han-Latin	熢	péng
Han-Latin	熣	suī
Han-Latin	熤	yì
Han-Latin	熥	tēng
Han-Latin	熦	jué
Han-Latin	熧	zōng
Han-Latin	熨	yùn
Han-Latin	熩	hù
Han-Latin	熪	yí
Han-Latin	熫	zhì
Han-Latin	熬	áo
Han-Latin	熭	wèi
Han-Latin	熮	liǔ
Han-Latin	熯	hàn
Han-Latin	熰	ōu
Han-Latin	熱	rè
Han-Latin	熲	jiǒng
Han-Latin	熳	màn
Han-Latin	熴	kūn
Han-Latin	熵	shāng
Han-Latin	熶	cuàn
Han-Latin	熷	zēng
Han-Latin	熸	jiān
Han-Latin	熹	xī
Han-Latin	熺	xī
Han-Latin	熻	xī
Han-Latin	熼	yì
Han-Latin	熽	xiào
Han-Latin	熾	chì
Han-Latin	熿	huáng
Han-Latin	燀	chǎn
Han-Latin	燁	yè
Han-Latin	燂	tán
Han-Latin	燃	rán
Han-Latin	燄	yàn
Han-Latin	燅	xún
Han-Latin	燆	qiāo
Han-Latin	燇	jùn
Han-Latin	燈	dēng
Han-Latin	燉	dùn
Han-Latin	燊	shēn
Han-Latin	燋	jiāo
Han-Latin	燌	fén
Han-Latin	燍	sī
Han-Latin	燎	liáo
Han-Latin	燏	yù
Han-Latin	燐	lín
Han-Latin	燑	tóng
Han-Latin	燒	shāo
Han-Latin	燓	fén
Han-Latin	燔	fán
Han-Latin	燕	yàn
Han-Latin	燖	xún
Han-Latin	燗	làn
Han-Latin	燘	měi
Han-Latin	燙	tàng
Han-Latin	燚	yì
Han-Latin	燛	jiǒng
Han-Latin	燜	mèn
Han-Latin	燝	zhǔ
Han-Latin	燞	jiǎo
Han-Latin	營	yíng
Han-Latin	燠	yù
Han-Latin	燡	yì
Han-Latin	燢	xué
Han-Latin	燣	lán
Han-Latin	燤	tài
Han-Latin	燥	zào
Han-Latin	燦	càn
Han-Latin	燧	suì
Han-Latin	燨	xī
Han-Latin	燩	què
Han-Latin	燪	zǒng
Han-Latin	燫	lián
Han-Latin	燬	huǐ
Han-Latin	燭	zhú
Han-Latin	燮	xiè
Han-Latin	燯	líng
Han-Latin	燰	wēi
Han-Latin	燱	yì
Han-Latin	燲	xié
Han-Latin	燳	zhào
Han-Latin	燴	huì
Han-Latin	燵	dá
Han-Latin	燶	nóng
Han-Latin	燷	lán
Han-Latin	燸	rú
Han-Latin	燹	xiǎn
Han-Latin	燺	hè
Han-Latin	燻	xūn
Han-Latin	燼	jìn
Han-Latin	燽	chóu
Han-Latin	燾	dào
Han-Latin	燿	yào
Han-Latin	爀	hè
Han-Latin	爁	làn
Han-Latin	爂	biāo
Han-Latin	爃	róng
Han-Latin	爄	lì
Han-Latin	爅	mò
Han-Latin	爆	bào
Han-Latin	爇	ruò
Han-Latin	爈	lǜ
Han-Latin	爉	là
Han-Latin	爊	āo
Han-Latin	爋	xūn
Han-Latin	爌	kuàng
Han-Latin	爍	shuò
Han-Latin	爎	liáo
Han-Latin	爏	lì
Han-Latin	爐	lú
Han-Latin	爑	jué
Han-Latin	爒	liǎo
Han-Latin	爓	yàn
Han-Latin	爔	xī
Han-Latin	爕	xiè
Han-Latin	爖	lóng
Han-Latin	爗	yè
Han-Latin	爘	cān
Han-Latin	爙	rǎng
Han-Latin	爚	yuè
Han-Latin	爛	làn
Han-Latin	爜	cóng
Han-Latin	爝	jué
Han-Latin	爞	chóng
Han-Latin	爟	guàn
Han-Latin	爠	qú
Han-Latin	爡	chè
Han-Latin	爢	mí
Han-Latin	爣	tǎng
Han-Latin	爤	làn
Han-Latin	爥	zhú
Han-Latin	爦	lǎn
Han-Latin	爧	líng
Han-Latin	爨	cuàn
Han-Latin	爩	yù
Han-Latin	爪	zhǎo
Han-Latin	爫	zhǎo
Han-Latin	爬	pá
Han-Latin	爭	zhēng
Han-Latin	爮	páo
Han-Latin	爯	chēng
Han-Latin	爰	yuán
Han-Latin	爱	ài
Han-Latin	爲	wèi
Han-Latin	爳	han
Han-Latin	爴	jué
Han-Latin	爵	jué
Han-Latin	父	fù
Han-Latin	爷	yé
Han-Latin	爸	bà
Han-Latin	爹	diē
Han-Latin	爺	yé
Han-Latin	爻	yáo
Han-Latin	爼	zǔ
Han-Latin	爽	shuǎng
Han-Latin	爾	ěr
Han-Latin	爿	pán
Han-Latin	牀	chuáng
Han-Latin	牁	kē
Han-Latin	牂	zāng
Han-Latin	牃	dié
Han-Latin	牄	qiāng
Han-Latin	牅	yōng
Han-Latin	牆	qiáng
Han-Latin	片	piàn
Han-Latin	版	bǎn
Han-Latin	牉	pàn
Han-Latin	牊	cháo
Han-Latin	牋	jiān
Han-Latin	牌	pái
Han-Latin	牍	dú
Han-Latin	牎	chuāng
Han-Latin	牏	yú
Han-Latin	牐	zhá
Han-Latin	牑	biān
Han-Latin	牒	dié
Han-Latin	牓	bǎng
Han-Latin	牔	bó
Han-Latin	牕	chuāng
Han-Latin	牖	yǒu
Han-Latin	牗	yǒu
Han-Latin	牘	dú
Han-Latin	牙	yá
Han-Latin	牚	chèng
Han-Latin	牛	niú
Han-Latin	牜	niú
Han-Latin	牝	pìn
Han-Latin	牞	jiū
Han-Latin	牟	móu
Han-Latin	牠	tā
Han-Latin	牡	mǔ
Han-Latin	牢	láo
Han-Latin	牣	rèn
Han-Latin	牤	māng
Han-Latin	牥	fāng
Han-Latin	牦	máo
Han-Latin	牧	mù
Han-Latin	牨	gāng
Han-Latin	物	wù
Han-Latin	牪	yàn
Han-Latin	牫	gē
Han-Latin	牬	bèi
Han-Latin	牭	sì
Han-Latin	牮	jiàn
Han-Latin	牯	gǔ
Han-Latin	牰	yòu
Han-Latin	牱	gē
Han-Latin	牲	shēng
Han-Latin	牳	mǔ
Han-Latin	牴	dǐ
Han-Latin	牵	qiān
Han-Latin	牶	quàn
Han-Latin	牷	quán
Han-Latin	牸	zì
Han-Latin	特	tè
Han-Latin	牺	xī
Han-Latin	牻	máng
Han-Latin	牼	kēng
Han-Latin	牽	qiān
Han-Latin	牾	wǔ
Han-Latin	牿	gù
Han-Latin	犀	xī
Han-Latin	犁	lí
Han-Latin	犂	lí
Han-Latin	犃	pǒu
Han-Latin	犄	jī
Han-Latin	犅	gāng
Han-Latin	犆	zhí
Han-Latin	犇	bēn
Han-Latin	犈	quán
Han-Latin	犉	chún
Han-Latin	犊	dú
Han-Latin	犋	jù
Han-Latin	犌	jiā
Han-Latin	犍	jiān
Han-Latin	犎	fēng
Han-Latin	犏	piān
Han-Latin	犐	kē
Han-Latin	犑	jú
Han-Latin	犒	kào
Han-Latin	犓	chú
Han-Latin	犔	xì
Han-Latin	犕	bèi
Han-Latin	犖	luò
Han-Latin	犗	jiè
Han-Latin	犘	má
Han-Latin	犙	sān
Han-Latin	犚	wèi
Han-Latin	犛	máo
Han-Latin	犜	dūn
Han-Latin	犝	tóng
Han-Latin	犞	qiáo
Han-Latin	犟	jiàng
Han-Latin	犠	xī
Han-Latin	犡	lì
Han-Latin	犢	dú
Han-Latin	犣	liè
Han-Latin	犤	pái
Han-Latin	犥	piāo
Han-Latin	犦	bó
Han-Latin	犧	xī
Han-Latin	犨	chōu
Han-Latin	犩	wéi
Han-Latin	犪	kuí
Han-Latin	犫	chōu
Han-Latin	犬	quǎn
Han-Latin	犭	quǎn
Han-Latin	犮	bá
Han-Latin	犯	fàn
Han-Latin	犰	qiú
Han-Latin	犱	jǐ
Han-Latin	犲	chái
Han-Latin	犳	zhuó
Han-Latin	犴	àn
Han-Latin	犵	gē
Han-Latin	状	zhuàng
Han-Latin	犷	guǎng
Han-Latin	犸	mǎ
Han-Latin	犹	yóu
Han-Latin	犺	kàng
Han-Latin	犻	bó
Han-Latin	犼	hǒu
Han-Latin	犽	yà
Han-Latin	犾	yín
Han-Latin	犿	huān
Han-Latin	狀	zhuàng
Han-Latin	狁	yǔn
Han-Latin	狂	kuáng
Han-Latin	狃	niǔ
Han-Latin	狄	dí
Han-Latin	狅	kuáng
Han-Latin	狆	zhòng
Han-Latin	狇	mù
Han-Latin	狈	bèi
Han-Latin	狉	pī
Han-Latin	狊	jú
Han-Latin	狋	yí
Han-Latin	狌	shēng
Han-Latin	狍	páo
Han-Latin	狎	xiá
Han-Latin	狏	tuó
Han-Latin	狐	hú
Han-Latin	狑	líng
Han-Latin	狒	fèi
Han-Latin	狓	pí
Han-Latin	狔	nǐ
Han-Latin	狕	yǎo
Han-Latin	狖	yòu
Han-Latin	狗	gǒu
Han-Latin	狘	xuè
Han-Latin	狙	jū
Han-Latin	狚	dàn
Han-Latin	狛	bó
Han-Latin	狜	kǔ
Han-Latin	狝	xiǎn
Han-Latin	狞	níng
Han-Latin	狟	huán
Han-Latin	狠	hěn
Han-Latin	狡	jiǎo
Han-Latin	狢	hé
Han-Latin	狣	zhào
Han-Latin	狤	jí
Han-Latin	狥	xùn
Han-Latin	狦	shān
Han-Latin	狧	tà
Han-Latin	狨	róng
Han-Latin	狩	shòu
Han-Latin	狪	tóng
Han-Latin	狫	lǎo
Han-Latin	独	dú
Han-Latin	狭	xiá
Han-Latin	狮	shī
Han-Latin	狯	kuài
Han-Latin	狰	zhēng
Han-Latin	狱	yù
Han-Latin	狲	sūn
Han-Latin	狳	yú
Han-Latin	狴	bì
Han-Latin	狵	máng
Han-Latin	狶	xī
Han-Latin	狷	juàn
Han-Latin	狸	lí
Han-Latin	狹	xiá
Han-Latin	狺	yín
Han-Latin	狻	suān
Han-Latin	狼	láng
Han-Latin	狽	bèi
Han-Latin	狾	zhì
Han-Latin	狿	yán
Han-Latin	猀	shā
Han-Latin	猁	lì
Han-Latin	猂	hàn
Han-Latin	猃	xiǎn
Han-Latin	猄	jīng
Han-Latin	猅	pái
Han-Latin	猆	fēi
Han-Latin	猇	xiāo
Han-Latin	猈	bài
Han-Latin	猉	qí
Han-Latin	猊	ní
Han-Latin	猋	biāo
Han-Latin	猌	yìn
Han-Latin	猍	lái
Han-Latin	猎	liè
Han-Latin	猏	jiān
Han-Latin	猐	qiāng
Han-Latin	猑	kūn
Han-Latin	猒	yàn
Han-Latin	猓	guǒ
Han-Latin	猔	zòng
Han-Latin	猕	mí
Han-Latin	猖	chāng
Han-Latin	猗	yī
Han-Latin	猘	zhì
Han-Latin	猙	zhēng
Han-Latin	猚	yá
Han-Latin	猛	měng
Han-Latin	猜	cāi
Han-Latin	猝	cù
Han-Latin	猞	shē
Han-Latin	猟	liè
Han-Latin	猠	diǎn
Han-Latin	猡	luó
Han-Latin	猢	hú
Han-Latin	猣	zōng
Han-Latin	猤	guì
Han-Latin	猥	wěi
Han-Latin	猦	fēng
Han-Latin	猧	wō
Han-Latin	猨	yuán
Han-Latin	猩	xīng
Han-Latin	猪	zhū
Han-Latin	猫	māo
Han-Latin	猬	wèi
Han-Latin	猭	chuān
Han-Latin	献	xiàn
Han-Latin	猯	tuān
Han-Latin	猰	yà
Han-Latin	猱	náo
Han-Latin	猲	xiē
Han-Latin	猳	jiā
Han-Latin	猴	hóu
Han-Latin	猵	biān
Han-Latin	猶	yóu
Han-Latin	猷	yóu
Han-Latin	猸	méi
Han-Latin	猹	chá
Han-Latin	猺	yáo
Han-Latin	猻	sūn
Han-Latin	猼	bó
Han-Latin	猽	míng
Han-Latin	猾	huá
Han-Latin	猿	yuán
Han-Latin	獀	sōu
Han-Latin	獁	mà
Han-Latin	獂	yuán
Han-Latin	獃	dāi
Han-Latin	獄	yù
Han-Latin	獅	shī
Han-Latin	獆	háo
Han-Latin	獇	qiāng
Han-Latin	獈	yì
Han-Latin	獉	zhēn
Han-Latin	獊	cāng
Han-Latin	獋	háo
Han-Latin	獌	màn
Han-Latin	獍	jìng
Han-Latin	獎	jiǎng
Han-Latin	獏	mò
Han-Latin	獐	zhāng
Han-Latin	獑	chán
Han-Latin	獒	áo
Han-Latin	獓	áo
Han-Latin	獔	háo
Han-Latin	獕	cuī
Han-Latin	獖	bèn
Han-Latin	獗	jué
Han-Latin	獘	bì
Han-Latin	獙	bì
Han-Latin	獚	huáng
Han-Latin	獛	pú
Han-Latin	獜	lín
Han-Latin	獝	xù
Han-Latin	獞	tóng
Han-Latin	獟	yào
Han-Latin	獠	liáo
Han-Latin	獡	shuò
Han-Latin	獢	xiāo
Han-Latin	獣	shòu
Han-Latin	獤	dūn
Han-Latin	獥	jiào
Han-Latin	獦	gé
Han-Latin	獧	juàn
Han-Latin	獨	dú
Han-Latin	獩	huì
Han-Latin	獪	kuài
Han-Latin	獫	xiǎn
Han-Latin	獬	xiè
Han-Latin	獭	tǎ
Han-Latin	獮	xiǎn
Han-Latin	獯	xūn
Han-Latin	獰	níng
Han-Latin	獱	biān
Han-Latin	獲	huò
Han-Latin	獳	nòu
Han-Latin	獴	měng
Han-Latin	獵	liè
Han-Latin	獶	nǎo
Han-Latin	獷	guǎng
Han-Latin	獸	shòu
Han-Latin	獹	lú
Han-Latin	獺	tǎ
Han-Latin	獻	xiàn
Han-Latin	獼	mí
Han-Latin	獽	ráng
Han-Latin	獾	huān
Han-Latin	獿	nǎo
Han-Latin	玀	luó
Han-Latin	玁	xiǎn
Han-Latin	玂	qí
Han-Latin	玃	jué
Han-Latin	玄	xuán
Han-Latin	玅	miào
Han-Latin	玆	zī
Han-Latin	率	lǜ
Han-Latin	玈	lú
Han-Latin	玉	yù
Han-Latin	玊	sù
Han-Latin	王	wáng
Han-Latin	玌	qiú
Han-Latin	玍	gǎ
Han-Latin	玎	dīng
Han-Latin	玏	lè
Han-Latin	玐	bā
Han-Latin	玑	jī
Han-Latin	玒	hóng
Han-Latin	玓	dì
Han-Latin	玔	chuàn
Han-Latin	玕	gān
Han-Latin	玖	jiǔ
Han-Latin	玗	yú
Han-Latin	玘	qǐ
Han-Latin	玙	yú
Han-Latin	玚	yáng
Han-Latin	玛	mǎ
Han-Latin	玜	hóng
Han-Latin	玝	wǔ
Han-Latin	玞	fū
Han-Latin	玟	wén
Han-Latin	玠	jiè
Han-Latin	玡	yá
Han-Latin	玢	bīn
Han-Latin	玣	biàn
Han-Latin	玤	bàng
Han-Latin	玥	yuè
Han-Latin	玦	jué
Han-Latin	玧	mén
Han-Latin	玨	jué
Han-Latin	玩	wán
Han-Latin	玪	jiān
Han-Latin	玫	méi
Han-Latin	玬	dǎn
Han-Latin	玭	pín
Han-Latin	玮	wěi
Han-Latin	环	huán
Han-Latin	现	xiàn
Han-Latin	玱	qiāng
Han-Latin	玲	líng
Han-Latin	玳	dài
Han-Latin	玴	yì
Han-Latin	玵	án
Han-Latin	玶	píng
Han-Latin	玷	diàn
Han-Latin	玸	fú
Han-Latin	玹	xuán
Han-Latin	玺	xǐ
Han-Latin	玻	bō
Han-Latin	玼	cǐ
Han-Latin	玽	gǒu
Han-Latin	玾	jiǎ
Han-Latin	玿	sháo
Han-Latin	珀	pò
Han-Latin	珁	cí
Han-Latin	珂	kē
Han-Latin	珃	rǎn
Han-Latin	珄	shēng
Han-Latin	珅	shēn
Han-Latin	珆	yí
Han-Latin	珇	zǔ
Han-Latin	珈	jiā
Han-Latin	珉	mín
Han-Latin	珊	shān
Han-Latin	珋	liǔ
Han-Latin	珌	bì
Han-Latin	珍	zhēn
Han-Latin	珎	zhēn
Han-Latin	珏	jué
Han-Latin	珐	fà
Han-Latin	珑	lóng
Han-Latin	珒	jīn
Han-Latin	珓	jiào
Han-Latin	珔	jiàn
Han-Latin	珕	lì
Han-Latin	珖	guāng
Han-Latin	珗	xiān
Han-Latin	珘	zhōu
Han-Latin	珙	gǒng
Han-Latin	珚	yān
Han-Latin	珛	xiù
Han-Latin	珜	yáng
Han-Latin	珝	xǔ
Han-Latin	珞	luò
Han-Latin	珟	sù
Han-Latin	珠	zhū
Han-Latin	珡	qín
Han-Latin	珢	yín
Han-Latin	珣	xún
Han-Latin	珤	bǎo
Han-Latin	珥	ěr
Han-Latin	珦	xiàng
Han-Latin	珧	yáo
Han-Latin	珨	xiá
Han-Latin	珩	héng
Han-Latin	珪	guī
Han-Latin	珫	chōng
Han-Latin	珬	xù
Han-Latin	班	bān
Han-Latin	珮	pèi
Han-Latin	珯	lǎo
Han-Latin	珰	dāng
Han-Latin	珱	yīng
Han-Latin	珲	hún
Han-Latin	珳	wén
Han-Latin	珴	é
Han-Latin	珵	chéng
Han-Latin	珶	dì
Han-Latin	珷	wǔ
Han-Latin	珸	wú
Han-Latin	珹	chéng
Han-Latin	珺	jùn
Han-Latin	珻	méi
Han-Latin	珼	bèi
Han-Latin	珽	tǐng
Han-Latin	現	xiàn
Han-Latin	珿	chù
Han-Latin	琀	hán
Han-Latin	琁	xuán
Han-Latin	琂	yán
Han-Latin	球	qiú
Han-Latin	琄	xuàn
Han-Latin	琅	láng
Han-Latin	理	lǐ
Han-Latin	琇	xiù
Han-Latin	琈	fú
Han-Latin	琉	liú
Han-Latin	琊	yá
Han-Latin	琋	xī
Han-Latin	琌	líng
Han-Latin	琍	lí
Han-Latin	琎	jìn
Han-Latin	琏	liǎn
Han-Latin	琐	suǒ
Han-Latin	琑	suǒ
Han-Latin	琒	fēng
Han-Latin	琓	wán
Han-Latin	琔	diàn
Han-Latin	琕	pín
Han-Latin	琖	zhǎn
Han-Latin	琗	sè
Han-Latin	琘	mín
Han-Latin	琙	yù
Han-Latin	琚	jū
Han-Latin	琛	chēn
Han-Latin	琜	lái
Han-Latin	琝	mín
Han-Latin	琞	shèng
Han-Latin	琟	wéi
Han-Latin	琠	tiǎn
Han-Latin	琡	chù
Han-Latin	琢	zuó
Han-Latin	琣	běng
Han-Latin	琤	chēng
Han-Latin	琥	hǔ
Han-Latin	琦	qí
Han-Latin	琧	è
Han-Latin	琨	kūn
Han-Latin	琩	chāng
Han-Latin	琪	qí
Han-Latin	琫	běng
Han-Latin	琬	wǎn
Han-Latin	琭	lù
Han-Latin	琮	cóng
Han-Latin	琯	guǎn
Han-Latin	琰	yǎn
Han-Latin	琱	diāo
Han-Latin	琲	bèi
Han-Latin	琳	lín
Han-Latin	琴	qín
Han-Latin	琵	pí
Han-Latin	琶	pá
Han-Latin	琷	què
Han-Latin	琸	zhuó
Han-Latin	琹	qín
Han-Latin	琺	fà
Han-Latin	琻	jīn
Han-Latin	琼	qióng
Han-Latin	琽	dǔ
Han-Latin	琾	jiè
Han-Latin	琿	hún
Han-Latin	瑀	yǔ
Han-Latin	瑁	mào
Han-Latin	瑂	méi
Han-Latin	瑃	chūn
Han-Latin	瑄	xuān
Han-Latin	瑅	tí
Han-Latin	瑆	xīng
Han-Latin	瑇	dài
Han-Latin	瑈	róu
Han-Latin	瑉	mín
Han-Latin	瑊	jiān
Han-Latin	瑋	wěi
Han-Latin	瑌	ruǎn
Han-Latin	瑍	huàn
Han-Latin	瑎	xié
Han-Latin	瑏	chuān
Han-Latin	瑐	jiǎn
Han-Latin	瑑	zhuàn
Han-Latin	瑒	chàng
Han-Latin	瑓	liàn
Han-Latin	瑔	quán
Han-Latin	瑕	xiá
Han-Latin	瑖	duàn
Han-Latin	瑗	yuàn
Han-Latin	瑘	yá
Han-Latin	瑙	nǎo
Han-Latin	瑚	hú
Han-Latin	瑛	yīng
Han-Latin	瑜	yú
Han-Latin	瑝	huáng
Han-Latin	瑞	ruì
Han-Latin	瑟	sè
Han-Latin	瑠	liú
Han-Latin	瑡	shī
Han-Latin	瑢	róng
Han-Latin	瑣	suǒ
Han-Latin	瑤	yáo
Han-Latin	瑥	wēn
Han-Latin	瑦	wǔ
Han-Latin	瑧	zhēn
Han-Latin	瑨	jìn
Han-Latin	瑩	yíng
Han-Latin	瑪	mǎ
Han-Latin	瑫	tāo
Han-Latin	瑬	liú
Han-Latin	瑭	táng
Han-Latin	瑮	lì
Han-Latin	瑯	láng
Han-Latin	瑰	guī
Han-Latin	瑱	tiàn
Han-Latin	瑲	qiāng
Han-Latin	瑳	cuō
Han-Latin	瑴	jué
Han-Latin	瑵	zhǎo
Han-Latin	瑶	yáo
Han-Latin	瑷	ài
Han-Latin	瑸	bīn
Han-Latin	瑹	shū
Han-Latin	瑺	cháng
Han-Latin	瑻	kūn
Han-Latin	瑼	zhuān
Han-Latin	瑽	cōng
Han-Latin	瑾	jǐn
Han-Latin	瑿	yī
Han-Latin	璀	cuǐ
Han-Latin	璁	cōng
Han-Latin	璂	qí
Han-Latin	璃	lí
Han-Latin	璄	jǐng
Han-Latin	璅	suǒ
Han-Latin	璆	qiú
Han-Latin	璇	xuán
Han-Latin	璈	áo
Han-Latin	璉	liǎn
Han-Latin	璊	mén
Han-Latin	璋	zhāng
Han-Latin	璌	yín
Han-Latin	璍	yè
Han-Latin	璎	yīng
Han-Latin	璏	wèi
Han-Latin	璐	lù
Han-Latin	璑	wú
Han-Latin	璒	dēng
Han-Latin	璓	xiù
Han-Latin	璔	zēng
Han-Latin	璕	xún
Han-Latin	璖	qú
Han-Latin	璗	dàng
Han-Latin	璘	lín
Han-Latin	璙	liáo
Han-Latin	璚	qióng
Han-Latin	璛	sù
Han-Latin	璜	huáng
Han-Latin	璝	guī
Han-Latin	璞	pú
Han-Latin	璟	jǐng
Han-Latin	璠	fán
Han-Latin	璡	jìn
Han-Latin	璢	liú
Han-Latin	璣	jī
Han-Latin	璤	huì
Han-Latin	璥	jǐng
Han-Latin	璦	ài
Han-Latin	璧	bì
Han-Latin	璨	càn
Han-Latin	璩	qú
Han-Latin	璪	zǎo
Han-Latin	璫	dāng
Han-Latin	璬	jiǎo
Han-Latin	璭	gùn
Han-Latin	璮	tǎn
Han-Latin	璯	huì
Han-Latin	環	huán
Han-Latin	璱	sè
Han-Latin	璲	suì
Han-Latin	璳	tián
Han-Latin	璴	chǔ
Han-Latin	璵	yú
Han-Latin	璶	jìn
Han-Latin	璷	lú
Han-Latin	璸	bīn
Han-Latin	璹	shú
Han-Latin	璺	wèn
Han-Latin	璻	zuǐ
Han-Latin	璼	lán
Han-Latin	璽	xǐ
Han-Latin	璾	zī
Han-Latin	璿	xuán
Han-Latin	瓀	ruǎn
Han-Latin	瓁	wò
Han-Latin	瓂	gài
Han-Latin	瓃	léi
Han-Latin	瓄	dú
Han-Latin	瓅	lì
Han-Latin	瓆	zhì
Han-Latin	瓇	róu
Han-Latin	瓈	lí
Han-Latin	瓉	zàn
Han-Latin	瓊	qióng
Han-Latin	瓋	tì
Han-Latin	瓌	guī
Han-Latin	瓍	suí
Han-Latin	瓎	là
Han-Latin	瓏	lóng
Han-Latin	瓐	lú
Han-Latin	瓑	lì
Han-Latin	瓒	zàn
Han-Latin	瓓	làn
Han-Latin	瓔	yīng
Han-Latin	瓕	mí
Han-Latin	瓖	xiāng
Han-Latin	瓗	qióng
Han-Latin	瓘	guàn
Han-Latin	瓙	dào
Han-Latin	瓚	zàn
Han-Latin	瓛	huán
Han-Latin	瓜	guā
Han-Latin	瓝	bó
Han-Latin	瓞	dié
Han-Latin	瓟	bó
Han-Latin	瓠	hù
Han-Latin	瓡	zhí
Han-Latin	瓢	piáo
Han-Latin	瓣	bàn
Han-Latin	瓤	ráng
Han-Latin	瓥	lì
Han-Latin	瓦	wǎ
Han-Latin	瓨	xiáng
Han-Latin	瓩	qiān
Han-Latin	瓪	bǎn
Han-Latin	瓫	pén
Han-Latin	瓬	fǎng
Han-Latin	瓭	dǎn
Han-Latin	瓮	wèng
Han-Latin	瓯	ōu
Han-Latin	瓲	wa
Han-Latin	瓳	hú
Han-Latin	瓴	líng
Han-Latin	瓵	yí
Han-Latin	瓶	píng
Han-Latin	瓷	cí
Han-Latin	瓸	bǎi
Han-Latin	瓹	juān
Han-Latin	瓺	cháng
Han-Latin	瓻	chī
Han-Latin	瓽	dàng
Han-Latin	瓾	měng
Han-Latin	瓿	bù
Han-Latin	甀	zhuì
Han-Latin	甁	píng
Han-Latin	甂	biān
Han-Latin	甃	zhòu
Han-Latin	甄	zhēn
Han-Latin	甆	cí
Han-Latin	甇	yīng
Han-Latin	甈	qì
Han-Latin	甉	xián
Han-Latin	甊	lǒu
Han-Latin	甋	dì
Han-Latin	甌	ōu
Han-Latin	甍	méng
Han-Latin	甎	zhuān
Han-Latin	甏	bèng
Han-Latin	甐	lìn
Han-Latin	甑	zèng
Han-Latin	甒	wǔ
Han-Latin	甓	pì
Han-Latin	甔	dān
Han-Latin	甕	wèng
Han-Latin	甖	yīng
Han-Latin	甗	yǎn
Han-Latin	甘	gān
Han-Latin	甙	dài
Han-Latin	甚	shèn
Han-Latin	甛	tián
Han-Latin	甜	tián
Han-Latin	甝	hán
Han-Latin	甞	cháng
Han-Latin	生	shēng
Han-Latin	甠	qíng
Han-Latin	甡	shēn
Han-Latin	產	chǎn
Han-Latin	産	chǎn
Han-Latin	甤	ruí
Han-Latin	甥	shēng
Han-Latin	甦	sū
Han-Latin	甧	shēn
Han-Latin	用	yòng
Han-Latin	甩	shuǎi
Han-Latin	甪	lù
Han-Latin	甫	fǔ
Han-Latin	甬	yǒng
Han-Latin	甭	béng
Han-Latin	甮	fèng
Han-Latin	甯	níng
Han-Latin	田	tián
Han-Latin	由	yóu
Han-Latin	甲	jiǎ
Han-Latin	申	shēn
Han-Latin	甴	zhá
Han-Latin	电	diàn
Han-Latin	甶	fú
Han-Latin	男	nán
Han-Latin	甸	diàn
Han-Latin	甹	pīng
Han-Latin	町	tǐng
Han-Latin	画	huà
Han-Latin	甼	tǐng
Han-Latin	甽	zhèn
Han-Latin	甾	zāi
Han-Latin	甿	méng
Han-Latin	畀	bì
Han-Latin	畁	bì
Han-Latin	畂	liù
Han-Latin	畃	xún
Han-Latin	畄	liú
Han-Latin	畅	chàng
Han-Latin	畆	mǔ
Han-Latin	畇	yún
Han-Latin	畈	fàn
Han-Latin	畉	fú
Han-Latin	畊	gēng
Han-Latin	畋	tián
Han-Latin	界	jiè
Han-Latin	畍	jiè
Han-Latin	畎	quǎn
Han-Latin	畏	wèi
Han-Latin	畐	fú
Han-Latin	畑	tián
Han-Latin	畒	mǔ
Han-Latin	畓	duō
Han-Latin	畔	pàn
Han-Latin	畕	jiāng
Han-Latin	畖	wā
Han-Latin	畗	dá
Han-Latin	畘	nán
Han-Latin	留	liú
Han-Latin	畚	běn
Han-Latin	畛	zhěn
Han-Latin	畜	chù
Han-Latin	畝	mǔ
Han-Latin	畞	mǔ
Han-Latin	畟	cè
Han-Latin	畠	tián
Han-Latin	畡	gāi
Han-Latin	畢	bì
Han-Latin	畣	dá
Han-Latin	畤	zhì
Han-Latin	略	lüè
Han-Latin	畦	qí
Han-Latin	畧	lüè
Han-Latin	畨	pān
Han-Latin	畩	yī
Han-Latin	番	fān
Han-Latin	畫	huà
Han-Latin	畬	shē
Han-Latin	畭	yú
Han-Latin	畮	mǔ
Han-Latin	畯	jùn
Han-Latin	異	yì
Han-Latin	畱	liú
Han-Latin	畲	shē
Han-Latin	畳	dié
Han-Latin	畴	chóu
Han-Latin	畵	huà
Han-Latin	當	dāng
Han-Latin	畷	zhuì
Han-Latin	畸	jī
Han-Latin	畹	wǎn
Han-Latin	畺	jiāng
Han-Latin	畻	chéng
Han-Latin	畼	chàng
Han-Latin	畽	tǔn
Han-Latin	畾	léi
Han-Latin	畿	jī
Han-Latin	疀	chā
Han-Latin	疁	liú
Han-Latin	疂	dié
Han-Latin	疃	tuǎn
Han-Latin	疄	lìn
Han-Latin	疅	jiāng
Han-Latin	疆	jiāng
Han-Latin	疇	chóu
Han-Latin	疈	pì
Han-Latin	疉	dié
Han-Latin	疊	dié
Han-Latin	疋	pǐ
Han-Latin	疌	jié
Han-Latin	疍	dàn
Han-Latin	疎	shū
Han-Latin	疏	shū
Han-Latin	疐	zhì
Han-Latin	疑	yí
Han-Latin	疒	nè
Han-Latin	疓	nǎi
Han-Latin	疔	dīng
Han-Latin	疕	bǐ
Han-Latin	疖	jiē
Han-Latin	疗	liáo
Han-Latin	疘	gāng
Han-Latin	疙	gē
Han-Latin	疚	jiù
Han-Latin	疛	zhǒu
Han-Latin	疜	xià
Han-Latin	疝	shàn
Han-Latin	疞	xū
Han-Latin	疟	nüè
Han-Latin	疠	lì
Han-Latin	疡	yáng
Han-Latin	疢	chèn
Han-Latin	疣	yóu
Han-Latin	疤	bā
Han-Latin	疥	jiè
Han-Latin	疦	jué
Han-Latin	疧	qí
Han-Latin	疨	xiā
Han-Latin	疩	cuì
Han-Latin	疪	bì
Han-Latin	疫	yì
Han-Latin	疬	lì
Han-Latin	疭	zòng
Han-Latin	疮	chuāng
Han-Latin	疯	fēng
Han-Latin	疰	zhù
Han-Latin	疱	pào
Han-Latin	疲	pí
Han-Latin	疳	gān
Han-Latin	疴	kē
Han-Latin	疵	cī
Han-Latin	疶	xuē
Han-Latin	疷	zhī
Han-Latin	疸	dǎn
Han-Latin	疹	zhěn
Han-Latin	疺	fá
Han-Latin	疻	zhǐ
Han-Latin	疼	téng
Han-Latin	疽	jū
Han-Latin	疾	jí
Han-Latin	疿	fèi
Han-Latin	痀	jū
Han-Latin	痁	shān
Han-Latin	痂	jiā
Han-Latin	痃	xuán
Han-Latin	痄	zhà
Han-Latin	病	bìng
Han-Latin	痆	niè
Han-Latin	症	zhèng
Han-Latin	痈	yōng
Han-Latin	痉	jìng
Han-Latin	痊	quán
Han-Latin	痋	téng
Han-Latin	痌	tōng
Han-Latin	痍	yí
Han-Latin	痎	jiē
Han-Latin	痏	wěi
Han-Latin	痐	huí
Han-Latin	痑	tān
Han-Latin	痒	yǎng
Han-Latin	痓	chì
Han-Latin	痔	zhì
Han-Latin	痕	hén
Han-Latin	痖	yǎ
Han-Latin	痗	mèi
Han-Latin	痘	dòu
Han-Latin	痙	jìng
Han-Latin	痚	xiāo
Han-Latin	痛	tòng
Han-Latin	痜	tū
Han-Latin	痝	máng
Han-Latin	痞	pǐ
Han-Latin	痟	xiāo
Han-Latin	痠	suān
Han-Latin	痡	fū
Han-Latin	痢	lì
Han-Latin	痣	zhì
Han-Latin	痤	cuó
Han-Latin	痥	duó
Han-Latin	痦	wù
Han-Latin	痧	shā
Han-Latin	痨	láo
Han-Latin	痩	shòu
Han-Latin	痪	huàn
Han-Latin	痫	xián
Han-Latin	痬	yì
Han-Latin	痭	bēng
Han-Latin	痮	zhàng
Han-Latin	痯	guǎn
Han-Latin	痰	tán
Han-Latin	痱	fèi
Han-Latin	痲	má
Han-Latin	痳	lín
Han-Latin	痴	chī
Han-Latin	痵	jì
Han-Latin	痶	tiǎn
Han-Latin	痷	ān
Han-Latin	痸	chì
Han-Latin	痹	bì
Han-Latin	痺	bì
Han-Latin	痻	mín
Han-Latin	痼	gù
Han-Latin	痽	duī
Han-Latin	痾	ē
Han-Latin	痿	wěi
Han-Latin	瘀	yū
Han-Latin	瘁	cuì
Han-Latin	瘂	yǎ
Han-Latin	瘃	zhú
Han-Latin	瘄	cù
Han-Latin	瘅	dān
Han-Latin	瘆	shèn
Han-Latin	瘇	zhǒng
Han-Latin	瘈	chì
Han-Latin	瘉	yù
Han-Latin	瘊	hóu
Han-Latin	瘋	fēng
Han-Latin	瘌	là
Han-Latin	瘍	yáng
Han-Latin	瘎	chén
Han-Latin	瘏	tú
Han-Latin	瘐	yǔ
Han-Latin	瘑	guō
Han-Latin	瘒	wén
Han-Latin	瘓	huàn
Han-Latin	瘔	kù
Han-Latin	瘕	jiǎ
Han-Latin	瘖	yīn
Han-Latin	瘗	yì
Han-Latin	瘘	lòu
Han-Latin	瘙	sào
Han-Latin	瘚	jué
Han-Latin	瘛	chì
Han-Latin	瘜	xī
Han-Latin	瘝	guān
Han-Latin	瘞	yì
Han-Latin	瘟	wēn
Han-Latin	瘠	jí
Han-Latin	瘡	chuāng
Han-Latin	瘢	bān
Han-Latin	瘣	huì
Han-Latin	瘤	liú
Han-Latin	瘥	chài
Han-Latin	瘦	shòu
Han-Latin	瘧	nüè
Han-Latin	瘨	diān
Han-Latin	瘩	da
Han-Latin	瘪	biě
Han-Latin	瘫	tān
Han-Latin	瘬	zhàng
Han-Latin	瘭	biāo
Han-Latin	瘮	shèn
Han-Latin	瘯	cù
Han-Latin	瘰	luǒ
Han-Latin	瘱	yì
Han-Latin	瘲	zòng
Han-Latin	瘳	chōu
Han-Latin	瘴	zhàng
Han-Latin	瘵	zhài
Han-Latin	瘶	sòu
Han-Latin	瘷	sè
Han-Latin	瘸	qué
Han-Latin	瘹	diào
Han-Latin	瘺	lòu
Han-Latin	瘻	lòu
Han-Latin	瘼	mò
Han-Latin	瘽	qín
Han-Latin	瘾	yǐn
Han-Latin	瘿	yǐng
Han-Latin	癀	huáng
Han-Latin	癁	fú
Han-Latin	療	liáo
Han-Latin	癃	lóng
Han-Latin	癄	qiáo
Han-Latin	癅	liú
Han-Latin	癆	láo
Han-Latin	癇	xián
Han-Latin	癈	fèi
Han-Latin	癉	dān
Han-Latin	癊	yìn
Han-Latin	癋	hè
Han-Latin	癌	ái
Han-Latin	癍	bān
Han-Latin	癎	xián
Han-Latin	癏	guān
Han-Latin	癐	guì
Han-Latin	癑	nòng
Han-Latin	癒	yù
Han-Latin	癓	wéi
Han-Latin	癔	yì
Han-Latin	癕	yōng
Han-Latin	癖	pǐ
Han-Latin	癗	lěi
Han-Latin	癘	lì
Han-Latin	癙	shǔ
Han-Latin	癚	dàn
Han-Latin	癛	lǐn
Han-Latin	癜	diàn
Han-Latin	癝	lǐn
Han-Latin	癞	lài
Han-Latin	癟	biě
Han-Latin	癠	jì
Han-Latin	癡	chī
Han-Latin	癢	yǎng
Han-Latin	癣	xuǎn
Han-Latin	癤	jiē
Han-Latin	癥	zhēng
Han-Latin	癦	mèng
Han-Latin	癧	lì
Han-Latin	癨	huò
Han-Latin	癩	lài
Han-Latin	癪	jī
Han-Latin	癫	diān
Han-Latin	癬	xuǎn
Han-Latin	癭	yǐng
Han-Latin	癮	yǐn
Han-Latin	癯	qú
Han-Latin	癰	yōng
Han-Latin	癱	tān
Han-Latin	癲	diān
Han-Latin	癳	luǒ
Han-Latin	癴	luán
Han-Latin	癵	luán
Han-Latin	癶	bō
Han-Latin	癷	bō
Han-Latin	癸	guǐ
Han-Latin	癹	bá
Han-Latin	発	fā
Han-Latin	登	dēng
Han-Latin	發	fā
Han-Latin	白	bái
Han-Latin	百	bǎi
Han-Latin	癿	bié
Han-Latin	皀	jí
Han-Latin	皁	zào
Han-Latin	皂	zào
Han-Latin	皃	mào
Han-Latin	的	de
Han-Latin	皅	pā
Han-Latin	皆	jiē
Han-Latin	皇	huáng
Han-Latin	皈	guī
Han-Latin	皉	cǐ
Han-Latin	皊	líng
Han-Latin	皋	gāo
Han-Latin	皌	mò
Han-Latin	皍	jí
Han-Latin	皎	jiǎo
Han-Latin	皏	pěng
Han-Latin	皐	gāo
Han-Latin	皑	ái
Han-Latin	皒	é
Han-Latin	皓	hào
Han-Latin	皔	hàn
Han-Latin	皕	bì
Han-Latin	皖	wǎn
Han-Latin	皗	chóu
Han-Latin	皘	qiàn
Han-Latin	皙	xī
Han-Latin	皚	ái
Han-Latin	皛	xiǎo
Han-Latin	皜	hào
Han-Latin	皝	huàng
Han-Latin	皞	hào
Han-Latin	皟	zé
Han-Latin	皠	cuǐ
Han-Latin	皡	hào
Han-Latin	皢	xiǎo
Han-Latin	皣	yè
Han-Latin	皤	pó
Han-Latin	皥	hào
Han-Latin	皦	jiǎo
Han-Latin	皧	ài
Han-Latin	皨	xīng
Han-Latin	皩	huàng
Han-Latin	皪	lì
Han-Latin	皫	piǎo
Han-Latin	皬	hé
Han-Latin	皭	jiào
Han-Latin	皮	pí
Han-Latin	皯	gǎn
Han-Latin	皰	pào
Han-Latin	皱	zhòu
Han-Latin	皲	jūn
Han-Latin	皳	qiú
Han-Latin	皴	cūn
Han-Latin	皵	què
Han-Latin	皶	zhā
Han-Latin	皷	gǔ
Han-Latin	皸	jūn
Han-Latin	皹	jūn
Han-Latin	皺	zhòu
Han-Latin	皻	zhā
Han-Latin	皼	gǔ
Han-Latin	皽	zhāo
Han-Latin	皾	dú
Han-Latin	皿	mǐn
Han-Latin	盀	qǐ
Han-Latin	盁	yíng
Han-Latin	盂	yú
Han-Latin	盃	bēi
Han-Latin	盄	zhāo
Han-Latin	盅	zhōng
Han-Latin	盆	pén
Han-Latin	盇	hé
Han-Latin	盈	yíng
Han-Latin	盉	hé
Han-Latin	益	yì
Han-Latin	盋	bō
Han-Latin	盌	wǎn
Han-Latin	盍	hé
Han-Latin	盎	àng
Han-Latin	盏	zhǎn
Han-Latin	盐	yán
Han-Latin	监	jiān
Han-Latin	盒	hé
Han-Latin	盓	yū
Han-Latin	盔	kuī
Han-Latin	盕	fàn
Han-Latin	盖	gài
Han-Latin	盗	dào
Han-Latin	盘	pán
Han-Latin	盙	fǔ
Han-Latin	盚	qiú
Han-Latin	盛	shèng
Han-Latin	盜	dào
Han-Latin	盝	lù
Han-Latin	盞	zhǎn
Han-Latin	盟	méng
Han-Latin	盠	lí
Han-Latin	盡	jǐn
Han-Latin	盢	xù
Han-Latin	監	jiān
Han-Latin	盤	pán
Han-Latin	盥	guàn
Han-Latin	盦	ān
Han-Latin	盧	lú
Han-Latin	盨	xǔ
Han-Latin	盩	zhōu
Han-Latin	盪	dàng
Han-Latin	盫	ān
Han-Latin	盬	gǔ
Han-Latin	盭	lì
Han-Latin	目	mù
Han-Latin	盯	dīng
Han-Latin	盰	gàn
Han-Latin	盱	xū
Han-Latin	盲	máng
Han-Latin	盳	wàng
Han-Latin	直	zhí
Han-Latin	盵	qì
Han-Latin	盶	yuǎn
Han-Latin	盷	tián
Han-Latin	相	xiāng
Han-Latin	盹	dǔn
Han-Latin	盺	xīn
Han-Latin	盻	xì
Han-Latin	盼	pàn
Han-Latin	盽	fēng
Han-Latin	盾	dùn
Han-Latin	盿	mín
Han-Latin	眀	míng
Han-Latin	省	shěng
Han-Latin	眂	shì
Han-Latin	眃	yún
Han-Latin	眄	miàn
Han-Latin	眅	pān
Han-Latin	眆	fǎng
Han-Latin	眇	miǎo
Han-Latin	眈	dān
Han-Latin	眉	méi
Han-Latin	眊	mào
Han-Latin	看	kàn
Han-Latin	県	xiàn
Han-Latin	眍	kōu
Han-Latin	眎	shì
Han-Latin	眏	yāng
Han-Latin	眐	zhēng
Han-Latin	眑	yǎo
Han-Latin	眒	shēn
Han-Latin	眓	huò
Han-Latin	眔	dà
Han-Latin	眕	zhěn
Han-Latin	眖	kuàng
Han-Latin	眗	jū
Han-Latin	眘	shèn
Han-Latin	眙	yí
Han-Latin	眚	shěng
Han-Latin	眛	mèi
Han-Latin	眜	mò
Han-Latin	眝	zhù
Han-Latin	眞	zhēn
Han-Latin	真	zhēn
Han-Latin	眠	mián
Han-Latin	眡	shì
Han-Latin	眢	yuān
Han-Latin	眣	dié
Han-Latin	眤	nì
Han-Latin	眥	zì
Han-Latin	眦	zì
Han-Latin	眧	chǎo
Han-Latin	眨	zhǎ
Han-Latin	眩	xuàn
Han-Latin	眪	bǐng
Han-Latin	眫	mǐ
Han-Latin	眬	lóng
Han-Latin	眭	suī
Han-Latin	眮	tóng
Han-Latin	眯	mī
Han-Latin	眰	diè
Han-Latin	眱	dì
Han-Latin	眲	nè
Han-Latin	眳	míng
Han-Latin	眴	xuàn
Han-Latin	眵	chī
Han-Latin	眶	kuàng
Han-Latin	眷	juàn
Han-Latin	眸	móu
Han-Latin	眹	zhèn
Han-Latin	眺	tiào
Han-Latin	眻	yáng
Han-Latin	眼	yǎn
Han-Latin	眽	mò
Han-Latin	眾	zhòng
Han-Latin	眿	mò
Han-Latin	着	zhe
Han-Latin	睁	zhēng
Han-Latin	睂	méi
Han-Latin	睃	suō
Han-Latin	睄	shào
Han-Latin	睅	hàn
Han-Latin	睆	huàn
Han-Latin	睇	dì
Han-Latin	睈	chěng
Han-Latin	睉	cuó
Han-Latin	睊	juàn
Han-Latin	睋	é
Han-Latin	睌	mǎn
Han-Latin	睍	xiàn
Han-Latin	睎	xī
Han-Latin	睏	kùn
Han-Latin	睐	lài
Han-Latin	睑	jiǎn
Han-Latin	睒	shǎn
Han-Latin	睓	tiǎn
Han-Latin	睔	gùn
Han-Latin	睕	wǎn
Han-Latin	睖	lèng
Han-Latin	睗	shì
Han-Latin	睘	qióng
Han-Latin	睙	liè
Han-Latin	睚	yá
Han-Latin	睛	jīng
Han-Latin	睜	zhēng
Han-Latin	睝	lí
Han-Latin	睞	lài
Han-Latin	睟	suì
Han-Latin	睠	juàn
Han-Latin	睡	shuì
Han-Latin	睢	suī
Han-Latin	督	dū
Han-Latin	睤	bì
Han-Latin	睥	pì
Han-Latin	睦	mù
Han-Latin	睧	hūn
Han-Latin	睨	nì
Han-Latin	睩	lù
Han-Latin	睪	yì
Han-Latin	睫	jié
Han-Latin	睬	cǎi
Han-Latin	睭	zhǒu
Han-Latin	睮	yú
Han-Latin	睯	hūn
Han-Latin	睰	mà
Han-Latin	睱	xià
Han-Latin	睲	xǐng
Han-Latin	睳	huī
Han-Latin	睴	gùn
Han-Latin	睵	zāi
Han-Latin	睶	chǔn
Han-Latin	睷	jiān
Han-Latin	睸	mèi
Han-Latin	睹	dǔ
Han-Latin	睺	hóu
Han-Latin	睻	xuān
Han-Latin	睼	tiàn
Han-Latin	睽	kuí
Han-Latin	睾	gāo
Han-Latin	睿	ruì
Han-Latin	瞀	mào
Han-Latin	瞁	xù
Han-Latin	瞂	fá
Han-Latin	瞃	wò
Han-Latin	瞄	miáo
Han-Latin	瞅	chǒu
Han-Latin	瞆	kuì
Han-Latin	瞇	mī
Han-Latin	瞈	wěng
Han-Latin	瞉	kòu
Han-Latin	瞊	dàng
Han-Latin	瞋	chēn
Han-Latin	瞌	kē
Han-Latin	瞍	sǒu
Han-Latin	瞎	xiā
Han-Latin	瞏	qióng
Han-Latin	瞐	mò
Han-Latin	瞑	míng
Han-Latin	瞒	mán
Han-Latin	瞓	fèn
Han-Latin	瞔	zé
Han-Latin	瞕	zhàng
Han-Latin	瞖	yì
Han-Latin	瞗	diāo
Han-Latin	瞘	kōu
Han-Latin	瞙	mò
Han-Latin	瞚	shùn
Han-Latin	瞛	cōng
Han-Latin	瞜	lōu
Han-Latin	瞝	chī
Han-Latin	瞞	mán
Han-Latin	瞟	piǎo
Han-Latin	瞠	chēng
Han-Latin	瞡	guī
Han-Latin	瞢	méng
Han-Latin	瞣	wàn
Han-Latin	瞤	rún
Han-Latin	瞥	piē
Han-Latin	瞦	xī
Han-Latin	瞧	qiáo
Han-Latin	瞨	pú
Han-Latin	瞩	zhǔ
Han-Latin	瞪	dèng
Han-Latin	瞫	shěn
Han-Latin	瞬	shùn
Han-Latin	瞭	liào
Han-Latin	瞮	chè
Han-Latin	瞯	xián
Han-Latin	瞰	kàn
Han-Latin	瞱	yè
Han-Latin	瞲	xù
Han-Latin	瞳	tóng
Han-Latin	瞴	móu
Han-Latin	瞵	lín
Han-Latin	瞶	guì
Han-Latin	瞷	jiàn
Han-Latin	瞸	yè
Han-Latin	瞹	ài
Han-Latin	瞺	huì
Han-Latin	瞻	zhān
Han-Latin	瞼	jiǎn
Han-Latin	瞽	gǔ
Han-Latin	瞾	zhào
Han-Latin	瞿	qú
Han-Latin	矀	méi
Han-Latin	矁	chǒu
Han-Latin	矂	sào
Han-Latin	矃	nǐng
Han-Latin	矄	xūn
Han-Latin	矅	yào
Han-Latin	矆	huò
Han-Latin	矇	méng
Han-Latin	矈	mián
Han-Latin	矉	pín
Han-Latin	矊	mián
Han-Latin	矋	lěi
Han-Latin	矌	kuàng
Han-Latin	矍	jué
Han-Latin	矎	xuān
Han-Latin	矏	mián
Han-Latin	矐	huò
Han-Latin	矑	lú
Han-Latin	矒	méng
Han-Latin	矓	lóng
Han-Latin	矔	guàn
Han-Latin	矕	mǎn
Han-Latin	矖	xǐ
Han-Latin	矗	chù
Han-Latin	矘	tǎng
Han-Latin	矙	kàn
Han-Latin	矚	zhǔ
Han-Latin	矛	máo
Han-Latin	矜	jīn
Han-Latin	矝	jīn
Han-Latin	矞	yù
Han-Latin	矟	shuò
Han-Latin	矠	zé
Han-Latin	矡	jué
Han-Latin	矢	shǐ
Han-Latin	矣	yǐ
Han-Latin	矤	shěn
Han-Latin	知	zhī
Han-Latin	矦	hóu
Han-Latin	矧	shěn
Han-Latin	矨	yǐng
Han-Latin	矩	jǔ
Han-Latin	矪	zhōu
Han-Latin	矫	jiǎo
Han-Latin	矬	cuó
Han-Latin	短	duǎn
Han-Latin	矮	ǎi
Han-Latin	矯	jiǎo
Han-Latin	矰	zēng
Han-Latin	矱	yuē
Han-Latin	矲	bà
Han-Latin	石	shí
Han-Latin	矴	dìng
Han-Latin	矵	qì
Han-Latin	矶	jī
Han-Latin	矷	zǐ
Han-Latin	矸	gān
Han-Latin	矹	wù
Han-Latin	矺	zhé
Han-Latin	矻	kū
Han-Latin	矼	gāng
Han-Latin	矽	xì
Han-Latin	矾	fán
Han-Latin	矿	kuàng
Han-Latin	砀	dàng
Han-Latin	码	mǎ
Han-Latin	砂	shā
Han-Latin	砃	dān
Han-Latin	砄	jué
Han-Latin	砅	lì
Han-Latin	砆	fū
Han-Latin	砇	mín
Han-Latin	砈	ě
Han-Latin	砉	huā
Han-Latin	砊	kāng
Han-Latin	砋	zhǐ
Han-Latin	砌	qì
Han-Latin	砍	kǎn
Han-Latin	砎	jiè
Han-Latin	砏	bīn
Han-Latin	砐	è
Han-Latin	砑	yà
Han-Latin	砒	pī
Han-Latin	砓	zhé
Han-Latin	研	yán
Han-Latin	砕	suì
Han-Latin	砖	zhuān
Han-Latin	砗	chē
Han-Latin	砘	dùn
Han-Latin	砙	wǎ
Han-Latin	砚	yàn
Han-Latin	砛	jīn
Han-Latin	砜	fēng
Han-Latin	砝	fǎ
Han-Latin	砞	mò
Han-Latin	砟	zhǎ
Han-Latin	砠	jū
Han-Latin	砡	yù
Han-Latin	砢	kē
Han-Latin	砣	tuó
Han-Latin	砤	tuó
Han-Latin	砥	dǐ
Han-Latin	砦	zhài
Han-Latin	砧	zhēn
Han-Latin	砨	è
Han-Latin	砩	fú
Han-Latin	砪	mǔ
Han-Latin	砫	zhù
Han-Latin	砬	lá
Han-Latin	砭	biān
Han-Latin	砮	nǔ
Han-Latin	砯	pīng
Han-Latin	砰	pēng
Han-Latin	砱	líng
Han-Latin	砲	pào
Han-Latin	砳	lè
Han-Latin	破	pò
Han-Latin	砵	bō
Han-Latin	砶	pò
Han-Latin	砷	shēn
Han-Latin	砸	zá
Han-Latin	砹	ài
Han-Latin	砺	lì
Han-Latin	砻	lóng
Han-Latin	砼	tóng
Han-Latin	砽	yòng
Han-Latin	砾	lì
Han-Latin	砿	kuàng
Han-Latin	础	chǔ
Han-Latin	硁	kēng
Han-Latin	硂	quán
Han-Latin	硃	zhū
Han-Latin	硄	kuāng
Han-Latin	硅	guī
Han-Latin	硆	è
Han-Latin	硇	náo
Han-Latin	硈	qià
Han-Latin	硉	lù
Han-Latin	硊	huì
Han-Latin	硋	ài
Han-Latin	硌	gè
Han-Latin	硍	yín
Han-Latin	硎	xíng
Han-Latin	硏	yán
Han-Latin	硐	dòng
Han-Latin	硑	pēng
Han-Latin	硒	xī
Han-Latin	硓	lǎo
Han-Latin	硔	hóng
Han-Latin	硕	shuò
Han-Latin	硖	xiá
Han-Latin	硗	qiāo
Han-Latin	硘	huí
Han-Latin	硙	wèi
Han-Latin	硚	qiáo
Han-Latin	硛	yì
Han-Latin	硜	kēng
Han-Latin	硝	xiāo
Han-Latin	硞	què
Han-Latin	硟	chàn
Han-Latin	硠	láng
Han-Latin	硡	hōng
Han-Latin	硢	yú
Han-Latin	硣	xiāo
Han-Latin	硤	xiá
Han-Latin	硥	mǎng
Han-Latin	硦	luò
Han-Latin	硧	yǒng
Han-Latin	硨	chē
Han-Latin	硩	chè
Han-Latin	硪	wò
Han-Latin	硫	liú
Han-Latin	硬	yìng
Han-Latin	硭	máng
Han-Latin	确	què
Han-Latin	硯	yàn
Han-Latin	硰	shā
Han-Latin	硱	kǔn
Han-Latin	硲	yù
Han-Latin	硳	chì
Han-Latin	硴	huā
Han-Latin	硵	lǔ
Han-Latin	硶	chěn
Han-Latin	硷	jiǎn
Han-Latin	硸	nüè
Han-Latin	硹	sōng
Han-Latin	硺	zhuó
Han-Latin	硻	kēng
Han-Latin	硼	péng
Han-Latin	硽	yān
Han-Latin	硾	zhuì
Han-Latin	硿	kōng
Han-Latin	碀	chéng
Han-Latin	碁	qí
Han-Latin	碂	zòng
Han-Latin	碃	qìng
Han-Latin	碄	lín
Han-Latin	碅	jūn
Han-Latin	碆	bō
Han-Latin	碇	dìng
Han-Latin	碈	hūn
Han-Latin	碉	diāo
Han-Latin	碊	jiān
Han-Latin	碋	hè
Han-Latin	碌	lù
Han-Latin	碍	ài
Han-Latin	碎	suì
Han-Latin	碏	què
Han-Latin	碐	léng
Han-Latin	碑	bēi
Han-Latin	碒	yín
Han-Latin	碓	duì
Han-Latin	碔	wǔ
Han-Latin	碕	qí
Han-Latin	碖	lǔn
Han-Latin	碗	wǎn
Han-Latin	碘	diǎn
Han-Latin	碙	náo
Han-Latin	碚	bèi
Han-Latin	碛	qì
Han-Latin	碜	chěn
Han-Latin	碝	ruǎn
Han-Latin	碞	yán
Han-Latin	碟	dié
Han-Latin	碠	dìng
Han-Latin	碡	zhóu
Han-Latin	碢	tuó
Han-Latin	碣	jié
Han-Latin	碤	yīng
Han-Latin	碥	biǎn
Han-Latin	碦	kè
Han-Latin	碧	bì
Han-Latin	碨	wèi
Han-Latin	碩	shuò
Han-Latin	碪	zhēn
Han-Latin	碫	duàn
Han-Latin	碬	xiá
Han-Latin	碭	dàng
Han-Latin	碮	tí
Han-Latin	碯	nǎo
Han-Latin	碰	pèng
Han-Latin	碱	jiǎn
Han-Latin	碲	dì
Han-Latin	碳	tàn
Han-Latin	碴	chá
Han-Latin	碵	tián
Han-Latin	碶	qì
Han-Latin	碷	dùn
Han-Latin	碸	fēng
Han-Latin	碹	xuàn
Han-Latin	確	què
Han-Latin	碻	què
Han-Latin	碼	mǎ
Han-Latin	碽	gōng
Han-Latin	碾	niǎn
Han-Latin	碿	sù
Han-Latin	磀	é
Han-Latin	磁	cí
Han-Latin	磂	liú
Han-Latin	磃	sī
Han-Latin	磄	táng
Han-Latin	磅	bàng
Han-Latin	磆	huá
Han-Latin	磇	pī
Han-Latin	磈	wěi
Han-Latin	磉	sǎng
Han-Latin	磊	lěi
Han-Latin	磋	cuō
Han-Latin	磌	tián
Han-Latin	磍	xiá
Han-Latin	磎	xī
Han-Latin	磏	lián
Han-Latin	磐	pán
Han-Latin	磑	wéi
Han-Latin	磒	yǔn
Han-Latin	磓	duī
Han-Latin	磔	zhé
Han-Latin	磕	kē
Han-Latin	磖	lá
Han-Latin	磗	zhuān
Han-Latin	磘	yáo
Han-Latin	磙	gǔn
Han-Latin	磚	zhuān
Han-Latin	磛	chán
Han-Latin	磜	qì
Han-Latin	磝	áo
Han-Latin	磞	pēng
Han-Latin	磟	liù
Han-Latin	磠	lǔ
Han-Latin	磡	kàn
Han-Latin	磢	chuǎng
Han-Latin	磣	chěn
Han-Latin	磤	yǐn
Han-Latin	磥	lěi
Han-Latin	磦	biāo
Han-Latin	磧	qì
Han-Latin	磨	mó
Han-Latin	磩	qì
Han-Latin	磪	cuī
Han-Latin	磫	zōng
Han-Latin	磬	qìng
Han-Latin	磭	chuò
Han-Latin	磮	lún
Han-Latin	磯	jī
Han-Latin	磰	shàn
Han-Latin	磱	láo
Han-Latin	磲	qú
Han-Latin	磳	zēng
Han-Latin	磴	dèng
Han-Latin	磵	jiàn
Han-Latin	磶	xì
Han-Latin	磷	lín
Han-Latin	磸	dìng
Han-Latin	磹	tán
Han-Latin	磺	huáng
Han-Latin	磻	pán
Han-Latin	磼	zá
Han-Latin	磽	qiāo
Han-Latin	磾	dī
Han-Latin	磿	lì
Han-Latin	礀	jiàn
Han-Latin	礁	jiāo
Han-Latin	礂	xī
Han-Latin	礃	zhǎng
Han-Latin	礄	qiáo
Han-Latin	礅	dūn
Han-Latin	礆	jiǎn
Han-Latin	礇	yù
Han-Latin	礈	zhuì
Han-Latin	礉	hé
Han-Latin	礊	kè
Han-Latin	礋	zé
Han-Latin	礌	léi
Han-Latin	礍	jié
Han-Latin	礎	chǔ
Han-Latin	礏	yè
Han-Latin	礐	què
Han-Latin	礑	dàng
Han-Latin	礒	yǐ
Han-Latin	礓	jiāng
Han-Latin	礔	pī
Han-Latin	礕	pī
Han-Latin	礖	yù
Han-Latin	礗	pīn
Han-Latin	礘	è
Han-Latin	礙	ài
Han-Latin	礚	kē
Han-Latin	礛	jiān
Han-Latin	礜	yù
Han-Latin	礝	ruǎn
Han-Latin	礞	méng
Han-Latin	礟	pào
Han-Latin	礠	cí
Han-Latin	礡	bó
Han-Latin	礢	yǎng
Han-Latin	礣	mà
Han-Latin	礤	cǎ
Han-Latin	礥	xián
Han-Latin	礦	kuàng
Han-Latin	礧	léi
Han-Latin	礨	lěi
Han-Latin	礩	zhì
Han-Latin	礪	lì
Han-Latin	礫	lì
Han-Latin	礬	fán
Han-Latin	礭	què
Han-Latin	礮	pào
Han-Latin	礯	yīng
Han-Latin	礰	lì
Han-Latin	礱	lóng
Han-Latin	礲	lóng
Han-Latin	礳	mò
Han-Latin	礴	bó
Han-Latin	礵	shuāng
Han-Latin	礶	guàn
Han-Latin	礷	lán
Han-Latin	礸	cǎ
Han-Latin	礹	yán
Han-Latin	示	shì
Han-Latin	礻	shì
Han-Latin	礼	lǐ
Han-Latin	礽	réng
Han-Latin	社	shè
Han-Latin	礿	yuè
Han-Latin	祀	sì
Han-Latin	祁	qí
Han-Latin	祂	tā
Han-Latin	祃	mà
Han-Latin	祄	xiè
Han-Latin	祅	yāo
Han-Latin	祆	xiān
Han-Latin	祇	qí
Han-Latin	祈	qí
Han-Latin	祉	zhǐ
Han-Latin	祊	bēng
Han-Latin	祋	duì
Han-Latin	祌	zhòng
Han-Latin	祍	rèn
Han-Latin	祎	yī
Han-Latin	祏	shí
Han-Latin	祐	yòu
Han-Latin	祑	zhì
Han-Latin	祒	tiáo
Han-Latin	祓	fú
Han-Latin	祔	fù
Han-Latin	祕	mì
Han-Latin	祖	zǔ
Han-Latin	祗	zhī
Han-Latin	祘	suàn
Han-Latin	祙	mèi
Han-Latin	祚	zuò
Han-Latin	祛	qū
Han-Latin	祜	hù
Han-Latin	祝	zhù
Han-Latin	神	shén
Han-Latin	祟	suì
Han-Latin	祠	cí
Han-Latin	祡	chái
Han-Latin	祢	mí
Han-Latin	祣	lǚ
Han-Latin	祤	yǔ
Han-Latin	祥	xiáng
Han-Latin	祦	wú
Han-Latin	祧	tiāo
Han-Latin	票	piào
Han-Latin	祩	zhù
Han-Latin	祪	guǐ
Han-Latin	祫	xiá
Han-Latin	祬	zhī
Han-Latin	祭	jì
Han-Latin	祮	gào
Han-Latin	祯	zhēn
Han-Latin	祰	gào
Han-Latin	祱	shuì
Han-Latin	祲	jìn
Han-Latin	祳	shèn
Han-Latin	祴	gāi
Han-Latin	祵	kǔn
Han-Latin	祶	dì
Han-Latin	祷	dǎo
Han-Latin	祸	huò
Han-Latin	祹	táo
Han-Latin	祺	qí
Han-Latin	祻	gù
Han-Latin	祼	guàn
Han-Latin	祽	zuì
Han-Latin	祾	líng
Han-Latin	祿	lù
Han-Latin	禀	bǐng
Han-Latin	禁	jìn
Han-Latin	禂	dǎo
Han-Latin	禃	zhí
Han-Latin	禄	lù
Han-Latin	禅	chán
Han-Latin	禆	bì
Han-Latin	禇	zhě
Han-Latin	禈	huī
Han-Latin	禉	yǒu
Han-Latin	禊	xì
Han-Latin	禋	yīn
Han-Latin	禌	zī
Han-Latin	禍	huò
Han-Latin	禎	zhēn
Han-Latin	福	fú
Han-Latin	禐	yuàn
Han-Latin	禑	wú
Han-Latin	禒	xiǎn
Han-Latin	禓	yáng
Han-Latin	禔	zhī
Han-Latin	禕	yī
Han-Latin	禖	méi
Han-Latin	禗	sī
Han-Latin	禘	dì
Han-Latin	禙	bèi
Han-Latin	禚	zhuó
Han-Latin	禛	zhēn
Han-Latin	禜	yǒng
Han-Latin	禝	jì
Han-Latin	禞	gào
Han-Latin	禟	táng
Han-Latin	禠	sī
Han-Latin	禡	mà
Han-Latin	禢	tà
Han-Latin	禣	fù
Han-Latin	禤	xuān
Han-Latin	禥	qí
Han-Latin	禦	yù
Han-Latin	禧	xǐ
Han-Latin	禨	jī
Han-Latin	禩	sì
Han-Latin	禪	chán
Han-Latin	禫	dàn
Han-Latin	禬	guì
Han-Latin	禭	suì
Han-Latin	禮	lǐ
Han-Latin	禯	nóng
Han-Latin	禰	mí
Han-Latin	禱	dǎo
Han-Latin	禲	lì
Han-Latin	禳	ráng
Han-Latin	禴	yuè
Han-Latin	禵	tí
Han-Latin	禶	zàn
Han-Latin	禷	lèi
Han-Latin	禸	róu
Han-Latin	禹	yǔ
Han-Latin	禺	yú
Han-Latin	离	lí
Han-Latin	禼	xiè
Han-Latin	禽	qín
Han-Latin	禾	hé
Han-Latin	禿	tū
Han-Latin	秀	xiù
Han-Latin	私	sī
Han-Latin	秂	rén
Han-Latin	秃	tū
Han-Latin	秄	zǐ
Han-Latin	秅	chá
Han-Latin	秆	gǎn
Han-Latin	秇	yì
Han-Latin	秈	xiān
Han-Latin	秉	bǐng
Han-Latin	秊	nián
Han-Latin	秋	qiū
Han-Latin	秌	qiū
Han-Latin	种	zhǒng
Han-Latin	秎	fèn
Han-Latin	秏	hào
Han-Latin	秐	yún
Han-Latin	科	kē
Han-Latin	秒	miǎo
Han-Latin	秓	zhī
Han-Latin	秔	jīng
Han-Latin	秕	bǐ
Han-Latin	秖	zhī
Han-Latin	秗	yù
Han-Latin	秘	mì
Han-Latin	秙	kù
Han-Latin	秚	bàn
Han-Latin	秛	pī
Han-Latin	秜	ní
Han-Latin	秝	lì
Han-Latin	秞	yóu
Han-Latin	租	zū
Han-Latin	秠	pī
Han-Latin	秡	bó
Han-Latin	秢	líng
Han-Latin	秣	mò
Han-Latin	秤	chèng
Han-Latin	秥	nián
Han-Latin	秦	qín
Han-Latin	秧	yāng
Han-Latin	秨	zuó
Han-Latin	秩	zhì
Han-Latin	秪	zhī
Han-Latin	秫	shú
Han-Latin	秬	jù
Han-Latin	秭	zǐ
Han-Latin	秮	huó
Han-Latin	积	jī
Han-Latin	称	chēng
Han-Latin	秱	tóng
Han-Latin	秲	zhì
Han-Latin	秳	huó
Han-Latin	秴	hé
Han-Latin	秵	yīn
Han-Latin	秶	zī
Han-Latin	秷	zhì
Han-Latin	秸	jiē
Han-Latin	秹	rěn
Han-Latin	秺	dù
Han-Latin	移	yí
Han-Latin	秼	zhū
Han-Latin	秽	huì
Han-Latin	秾	nóng
Han-Latin	秿	fù
Han-Latin	稀	xī
Han-Latin	稁	gǎo
Han-Latin	稂	láng
Han-Latin	稃	fū
Han-Latin	稄	xùn
Han-Latin	稅	shuì
Han-Latin	稆	lǚ
Han-Latin	稇	kǔn
Han-Latin	稈	gǎn
Han-Latin	稉	jīng
Han-Latin	稊	tí
Han-Latin	程	chéng
Han-Latin	稌	tú
Han-Latin	稍	shāo
Han-Latin	税	shuì
Han-Latin	稏	yà
Han-Latin	稐	lǔn
Han-Latin	稑	lù
Han-Latin	稒	gù
Han-Latin	稓	zuó
Han-Latin	稔	rěn
Han-Latin	稕	zhùn
Han-Latin	稖	bàng
Han-Latin	稗	bài
Han-Latin	稘	jī
Han-Latin	稙	zhī
Han-Latin	稚	zhì
Han-Latin	稛	kǔn
Han-Latin	稜	léng
Han-Latin	稝	péng
Han-Latin	稞	kē
Han-Latin	稟	bǐng
Han-Latin	稠	chóu
Han-Latin	稡	zuì
Han-Latin	稢	yù
Han-Latin	稣	sū
Han-Latin	稤	lüè
Han-Latin	稥	xiāng
Han-Latin	稦	yī
Han-Latin	稧	xì
Han-Latin	稨	biǎn
Han-Latin	稩	jì
Han-Latin	稪	fú
Han-Latin	稫	pì
Han-Latin	稬	nuò
Han-Latin	稭	jiē
Han-Latin	種	zhǒng
Han-Latin	稯	zōng
Han-Latin	稰	xǔ
Han-Latin	稱	chēng
Han-Latin	稲	dào
Han-Latin	稳	wěn
Han-Latin	稴	xián
Han-Latin	稵	zī
Han-Latin	稶	yù
Han-Latin	稷	jì
Han-Latin	稸	xù
Han-Latin	稹	zhěn
Han-Latin	稺	zhì
Han-Latin	稻	dào
Han-Latin	稼	jià
Han-Latin	稽	jī
Han-Latin	稾	gǎo
Han-Latin	稿	gǎo
Han-Latin	穀	gǔ
Han-Latin	穁	róng
Han-Latin	穂	suì
Han-Latin	穃	ròng
Han-Latin	穄	jì
Han-Latin	穅	kāng
Han-Latin	穆	mù
Han-Latin	穇	cǎn
Han-Latin	穈	méi
Han-Latin	穉	zhì
Han-Latin	穊	jì
Han-Latin	穋	lù
Han-Latin	穌	sū
Han-Latin	積	jī
Han-Latin	穎	yǐng
Han-Latin	穏	wěn
Han-Latin	穐	qiū
Han-Latin	穑	sè
Han-Latin	穒	hè
Han-Latin	穓	yì
Han-Latin	穔	huáng
Han-Latin	穕	qiè
Han-Latin	穖	jǐ
Han-Latin	穗	suì
Han-Latin	穘	xiāo
Han-Latin	穙	pú
Han-Latin	穚	jiāo
Han-Latin	穛	zhuō
Han-Latin	穜	tóng
Han-Latin	穝	zuō
Han-Latin	穞	lǚ
Han-Latin	穟	suì
Han-Latin	穠	nóng
Han-Latin	穡	sè
Han-Latin	穢	huì
Han-Latin	穣	ráng
Han-Latin	穤	nuò
Han-Latin	穥	yù
Han-Latin	穦	pīn
Han-Latin	穧	jì
Han-Latin	穨	tuí
Han-Latin	穩	wěn
Han-Latin	穪	chēng
Han-Latin	穫	huò
Han-Latin	穬	kuàng
Han-Latin	穭	lǚ
Han-Latin	穮	biāo
Han-Latin	穯	sè
Han-Latin	穰	ráng
Han-Latin	穱	zhuō
Han-Latin	穲	lí
Han-Latin	穳	cuán
Han-Latin	穴	xué
Han-Latin	穵	wā
Han-Latin	究	jiū
Han-Latin	穷	qióng
Han-Latin	穸	xī
Han-Latin	穹	qióng
Han-Latin	空	kōng
Han-Latin	穻	yū
Han-Latin	穼	shēn
Han-Latin	穽	jǐng
Han-Latin	穾	yào
Han-Latin	穿	chuān
Han-Latin	窀	zhūn
Han-Latin	突	tū
Han-Latin	窂	láo
Han-Latin	窃	qiè
Han-Latin	窄	zhǎi
Han-Latin	窅	yǎo
Han-Latin	窆	biǎn
Han-Latin	窇	báo
Han-Latin	窈	yǎo
Han-Latin	窉	bǐng
Han-Latin	窊	wā
Han-Latin	窋	zhú
Han-Latin	窌	jiào
Han-Latin	窍	qiào
Han-Latin	窎	diào
Han-Latin	窏	wū
Han-Latin	窐	guī
Han-Latin	窑	yáo
Han-Latin	窒	zhì
Han-Latin	窓	chuāng
Han-Latin	窔	yào
Han-Latin	窕	tiǎo
Han-Latin	窖	jiào
Han-Latin	窗	chuāng
Han-Latin	窘	jiǒng
Han-Latin	窙	xiāo
Han-Latin	窚	chéng
Han-Latin	窛	kòu
Han-Latin	窜	cuàn
Han-Latin	窝	wō
Han-Latin	窞	dàn
Han-Latin	窟	kū
Han-Latin	窠	kē
Han-Latin	窡	zhuó
Han-Latin	窢	xū
Han-Latin	窣	sū
Han-Latin	窤	guān
Han-Latin	窥	kuī
Han-Latin	窦	dòu
Han-Latin	窧	zhuō
Han-Latin	窨	yìn
Han-Latin	窩	wō
Han-Latin	窪	wā
Han-Latin	窫	yà
Han-Latin	窬	yú
Han-Latin	窭	jù
Han-Latin	窮	qióng
Han-Latin	窯	yáo
Han-Latin	窰	yáo
Han-Latin	窱	tiǎo
Han-Latin	窲	cháo
Han-Latin	窳	yǔ
Han-Latin	窴	tián
Han-Latin	窵	diào
Han-Latin	窶	jù
Han-Latin	窷	liào
Han-Latin	窸	xī
Han-Latin	窹	wù
Han-Latin	窺	kuī
Han-Latin	窻	chuāng
Han-Latin	窼	zhāo
Han-Latin	窽	kuǎn
Han-Latin	窾	kuǎn
Han-Latin	窿	lóng
Han-Latin	竀	chēng
Han-Latin	竁	cuì
Han-Latin	竂	liáo
Han-Latin	竃	zào
Han-Latin	竄	cuàn
Han-Latin	竅	qiào
Han-Latin	竆	qióng
Han-Latin	竇	dòu
Han-Latin	竈	zào
Han-Latin	竉	lǒng
Han-Latin	竊	qiè
Han-Latin	立	lì
Han-Latin	竌	chù
Han-Latin	竍	shí
Han-Latin	竎	fù
Han-Latin	竏	qiān
Han-Latin	竐	chù
Han-Latin	竑	hóng
Han-Latin	竒	qí
Han-Latin	竓	háo
Han-Latin	竔	shēng
Han-Latin	竕	fēn
Han-Latin	竖	shù
Han-Latin	竗	miào
Han-Latin	竘	qǔ
Han-Latin	站	zhàn
Han-Latin	竚	zhù
Han-Latin	竛	líng
Han-Latin	竜	lóng
Han-Latin	竝	bìng
Han-Latin	竞	jìng
Han-Latin	竟	jìng
Han-Latin	章	zhāng
Han-Latin	竡	bǎi
Han-Latin	竢	sì
Han-Latin	竣	jùn
Han-Latin	竤	hóng
Han-Latin	童	tóng
Han-Latin	竦	sǒng
Han-Latin	竧	jìng
Han-Latin	竨	diào
Han-Latin	竩	yì
Han-Latin	竪	shù
Han-Latin	竫	jìng
Han-Latin	竬	qǔ
Han-Latin	竭	jié
Han-Latin	竮	pīng
Han-Latin	端	duān
Han-Latin	竰	lí
Han-Latin	竱	zhuǎn
Han-Latin	竲	céng
Han-Latin	竳	dēng
Han-Latin	竴	cūn
Han-Latin	竵	wāi
Han-Latin	競	jìng
Han-Latin	竷	kǎn
Han-Latin	竸	jìng
Han-Latin	竹	zhú
Han-Latin	竺	zhú
Han-Latin	竻	lè
Han-Latin	竼	péng
Han-Latin	竽	yú
Han-Latin	竾	chí
Han-Latin	竿	gān
Han-Latin	笀	máng
Han-Latin	笁	zhú
Han-Latin	笂	wán
Han-Latin	笃	dǔ
Han-Latin	笄	jī
Han-Latin	笅	jiǎo
Han-Latin	笆	bā
Han-Latin	笇	suàn
Han-Latin	笈	jí
Han-Latin	笉	qǐn
Han-Latin	笊	zhào
Han-Latin	笋	sǔn
Han-Latin	笌	yá
Han-Latin	笍	zhuì
Han-Latin	笎	yuán
Han-Latin	笏	hù
Han-Latin	笐	háng
Han-Latin	笑	xiào
Han-Latin	笒	cén
Han-Latin	笓	bì
Han-Latin	笔	bǐ
Han-Latin	笕	jiǎn
Han-Latin	笖	yǐ
Han-Latin	笗	dōng
Han-Latin	笘	shān
Han-Latin	笙	shēng
Han-Latin	笚	dā
Han-Latin	笛	dí
Han-Latin	笜	zhú
Han-Latin	笝	nà
Han-Latin	笞	chī
Han-Latin	笟	gū
Han-Latin	笠	lì
Han-Latin	笡	qiè
Han-Latin	笢	mǐn
Han-Latin	笣	bāo
Han-Latin	笤	tiáo
Han-Latin	笥	sì
Han-Latin	符	fú
Han-Latin	笧	cè
Han-Latin	笨	bèn
Han-Latin	笩	fá
Han-Latin	笪	dá
Han-Latin	笫	zǐ
Han-Latin	第	dì
Han-Latin	笭	líng
Han-Latin	笮	zé
Han-Latin	笯	nú
Han-Latin	笰	fú
Han-Latin	笱	gǒu
Han-Latin	笲	fán
Han-Latin	笳	jiā
Han-Latin	笴	gǎn
Han-Latin	笵	fàn
Han-Latin	笶	shǐ
Han-Latin	笷	mǎo
Han-Latin	笸	pǒ
Han-Latin	笹	shì
Han-Latin	笺	jiān
Han-Latin	笻	qióng
Han-Latin	笼	lóng
Han-Latin	笽	mǐn
Han-Latin	笾	biān
Han-Latin	笿	luò
Han-Latin	筀	guì
Han-Latin	筁	qū
Han-Latin	筂	chí
Han-Latin	筃	yīn
Han-Latin	筄	yào
Han-Latin	筅	xiǎn
Han-Latin	筆	bǐ
Han-Latin	筇	qióng
Han-Latin	筈	kuò
Han-Latin	等	děng
Han-Latin	筊	xiáo
Han-Latin	筋	jīn
Han-Latin	筌	quán
Han-Latin	筍	sǔn
Han-Latin	筎	rú
Han-Latin	筏	fá
Han-Latin	筐	kuāng
Han-Latin	筑	zhù
Han-Latin	筒	tǒng
Han-Latin	筓	jī
Han-Latin	答	dá
Han-Latin	筕	háng
Han-Latin	策	cè
Han-Latin	筗	zhòng
Han-Latin	筘	kòu
Han-Latin	筙	lái
Han-Latin	筚	bì
Han-Latin	筛	shāi
Han-Latin	筜	dāng
Han-Latin	筝	zhēng
Han-Latin	筞	cè
Han-Latin	筟	fū
Han-Latin	筠	yún
Han-Latin	筡	tú
Han-Latin	筢	pá
Han-Latin	筣	lí
Han-Latin	筤	láng
Han-Latin	筥	jǔ
Han-Latin	筦	guǎn
Han-Latin	筧	jiǎn
Han-Latin	筨	hán
Han-Latin	筩	tóng
Han-Latin	筪	xiá
Han-Latin	筫	zhì
Han-Latin	筬	chéng
Han-Latin	筭	suàn
Han-Latin	筮	shì
Han-Latin	筯	zhù
Han-Latin	筰	zuó
Han-Latin	筱	xiǎo
Han-Latin	筲	shāo
Han-Latin	筳	tíng
Han-Latin	筴	cè
Han-Latin	筵	yán
Han-Latin	筶	gào
Han-Latin	筷	kuài
Han-Latin	筸	gān
Han-Latin	筹	chóu
Han-Latin	筺	kuāng
Han-Latin	筻	gàng
Han-Latin	筼	yún
Han-Latin	筽	ōu
Han-Latin	签	qiān
Han-Latin	筿	xiǎo
Han-Latin	简	jiǎn
Han-Latin	箁	póu
Han-Latin	箂	lái
Han-Latin	箃	zōu
Han-Latin	箄	bǐ
Han-Latin	箅	bì
Han-Latin	箆	bì
Han-Latin	箇	gè
Han-Latin	箈	tái
Han-Latin	箉	guǎi
Han-Latin	箊	yū
Han-Latin	箋	jiān
Han-Latin	箌	dào
Han-Latin	箍	gū
Han-Latin	箎	chí
Han-Latin	箏	zhēng
Han-Latin	箐	qìng
Han-Latin	箑	shà
Han-Latin	箒	zhǒu
Han-Latin	箓	lù
Han-Latin	箔	bó
Han-Latin	箕	jī
Han-Latin	箖	lín
Han-Latin	算	suàn
Han-Latin	箘	jùn
Han-Latin	箙	fú
Han-Latin	箚	zhá
Han-Latin	箛	gū
Han-Latin	箜	kōng
Han-Latin	箝	qián
Han-Latin	箞	qiān
Han-Latin	箟	jùn
Han-Latin	箠	chuí
Han-Latin	管	guǎn
Han-Latin	箢	yuān
Han-Latin	箣	cè
Han-Latin	箤	zú
Han-Latin	箥	bǒ
Han-Latin	箦	zé
Han-Latin	箧	qiè
Han-Latin	箨	tuò
Han-Latin	箩	luó
Han-Latin	箪	dān
Han-Latin	箫	xiāo
Han-Latin	箬	ruò
Han-Latin	箭	jiàn
Han-Latin	箮	xuān
Han-Latin	箯	biān
Han-Latin	箰	sǔn
Han-Latin	箱	xiāng
Han-Latin	箲	xiǎn
Han-Latin	箳	píng
Han-Latin	箴	zhēn
Han-Latin	箵	xīng
Han-Latin	箶	hú
Han-Latin	箷	yí
Han-Latin	箸	zhù
Han-Latin	箹	yuē
Han-Latin	箺	chūn
Han-Latin	箻	lǜ
Han-Latin	箼	wū
Han-Latin	箽	dǒng
Han-Latin	箾	shuò
Han-Latin	箿	jí
Han-Latin	節	jié
Han-Latin	篁	huáng
Han-Latin	篂	xīng
Han-Latin	篃	mèi
Han-Latin	範	fàn
Han-Latin	篅	chuán
Han-Latin	篆	zhuàn
Han-Latin	篇	piān
Han-Latin	篈	fēng
Han-Latin	築	zhú
Han-Latin	篊	huáng
Han-Latin	篋	qiè
Han-Latin	篌	hóu
Han-Latin	篍	qiū
Han-Latin	篎	miǎo
Han-Latin	篏	qiàn
Han-Latin	篐	gū
Han-Latin	篑	kuì
Han-Latin	篒	yì
Han-Latin	篓	lǒu
Han-Latin	篔	yún
Han-Latin	篕	hé
Han-Latin	篖	táng
Han-Latin	篗	yuè
Han-Latin	篘	chōu
Han-Latin	篙	gāo
Han-Latin	篚	fěi
Han-Latin	篛	ruò
Han-Latin	篜	zhēng
Han-Latin	篝	gōu
Han-Latin	篞	niè
Han-Latin	篟	qiàn
Han-Latin	篠	xiǎo
Han-Latin	篡	cuàn
Han-Latin	篢	lǒng
Han-Latin	篣	péng
Han-Latin	篤	dǔ
Han-Latin	篥	lì
Han-Latin	篦	bì
Han-Latin	篧	zhuó
Han-Latin	篨	chú
Han-Latin	篩	shāi
Han-Latin	篪	chí
Han-Latin	篫	zhù
Han-Latin	篬	qiāng
Han-Latin	篭	lóng
Han-Latin	篮	lán
Han-Latin	篯	jiān
Han-Latin	篰	bù
Han-Latin	篱	lí
Han-Latin	篲	huì
Han-Latin	篳	bì
Han-Latin	篴	dí
Han-Latin	篵	cōng
Han-Latin	篶	yān
Han-Latin	篷	péng
Han-Latin	篸	cǎn
Han-Latin	篹	zhuàn
Han-Latin	篺	pí
Han-Latin	篻	piǎo
Han-Latin	篼	dōu
Han-Latin	篽	yù
Han-Latin	篾	miè
Han-Latin	篿	tuán
Han-Latin	簀	zé
Han-Latin	簁	shāi
Han-Latin	簂	guì
Han-Latin	簃	yí
Han-Latin	簄	hù
Han-Latin	簅	chǎn
Han-Latin	簆	kòu
Han-Latin	簇	cù
Han-Latin	簈	píng
Han-Latin	簉	zào
Han-Latin	簊	jī
Han-Latin	簋	guǐ
Han-Latin	簌	sù
Han-Latin	簍	lǒu
Han-Latin	簎	cè
Han-Latin	簏	lù
Han-Latin	簐	niǎn
Han-Latin	簑	suō
Han-Latin	簒	cuàn
Han-Latin	簓	diāo
Han-Latin	簔	suō
Han-Latin	簕	lè
Han-Latin	簖	duàn
Han-Latin	簗	zhù
Han-Latin	簘	xiāo
Han-Latin	簙	bó
Han-Latin	簚	mì
Han-Latin	簛	shāi
Han-Latin	簜	dàng
Han-Latin	簝	liáo
Han-Latin	簞	dān
Han-Latin	簟	diàn
Han-Latin	簠	fǔ
Han-Latin	簡	jiǎn
Han-Latin	簢	mǐn
Han-Latin	簣	kuì
Han-Latin	簤	dài
Han-Latin	簥	jiāo
Han-Latin	簦	dēng
Han-Latin	簧	huáng
Han-Latin	簨	sǔn
Han-Latin	簩	láo
Han-Latin	簪	zān
Han-Latin	簫	xiāo
Han-Latin	簬	lù
Han-Latin	簭	shì
Han-Latin	簮	zān
Han-Latin	簯	qí
Han-Latin	簰	pái
Han-Latin	簱	qí
Han-Latin	簲	pái
Han-Latin	簳	gǎn
Han-Latin	簴	jù
Han-Latin	簵	lù
Han-Latin	簶	lù
Han-Latin	簷	yán
Han-Latin	簸	bǒ
Han-Latin	簹	dāng
Han-Latin	簺	sài
Han-Latin	簻	zhuā
Han-Latin	簼	gōu
Han-Latin	簽	qiān
Han-Latin	簾	lián
Han-Latin	簿	bù
Han-Latin	籀	zhòu
Han-Latin	籁	lài
Han-Latin	籂	shì
Han-Latin	籃	lán
Han-Latin	籄	kuì
Han-Latin	籅	yú
Han-Latin	籆	yuè
Han-Latin	籇	háo
Han-Latin	籈	zhēn
Han-Latin	籉	tái
Han-Latin	籊	tì
Han-Latin	籋	niè
Han-Latin	籌	chóu
Han-Latin	籍	jí
Han-Latin	籎	yí
Han-Latin	籏	qí
Han-Latin	籐	téng
Han-Latin	籑	zhuàn
Han-Latin	籒	zhòu
Han-Latin	籓	fān
Han-Latin	籔	sǒu
Han-Latin	籕	zhòu
Han-Latin	籖	qiān
Han-Latin	籗	zhuó
Han-Latin	籘	téng
Han-Latin	籙	lù
Han-Latin	籚	lú
Han-Latin	籛	jiǎn
Han-Latin	籜	tuò
Han-Latin	籝	yíng
Han-Latin	籞	yù
Han-Latin	籟	lài
Han-Latin	籠	lóng
Han-Latin	籡	qiè
Han-Latin	籢	lián
Han-Latin	籣	lán
Han-Latin	籤	qiān
Han-Latin	籥	yuè
Han-Latin	籦	zhōng
Han-Latin	籧	qú
Han-Latin	籨	lián
Han-Latin	籩	biān
Han-Latin	籪	duàn
Han-Latin	籫	zuǎn
Han-Latin	籬	lí
Han-Latin	籭	sī
Han-Latin	籮	luó
Han-Latin	籯	yíng
Han-Latin	籰	yuè
Han-Latin	籱	zhuó
Han-Latin	籲	yù
Han-Latin	米	mǐ
Han-Latin	籴	dí
Han-Latin	籵	fán
Han-Latin	籶	shēn
Han-Latin	籷	zhé
Han-Latin	籸	shēn
Han-Latin	籹	nǚ
Han-Latin	籺	hé
Han-Latin	类	lèi
Han-Latin	籼	xiān
Han-Latin	籽	zǐ
Han-Latin	籾	ní
Han-Latin	籿	cùn
Han-Latin	粀	zhàng
Han-Latin	粁	qiān
Han-Latin	粂	zhāi
Han-Latin	粃	bǐ
Han-Latin	粄	bǎn
Han-Latin	粅	wù
Han-Latin	粆	shā
Han-Latin	粇	kāng
Han-Latin	粈	róu
Han-Latin	粉	fěn
Han-Latin	粊	bì
Han-Latin	粋	cuì
Han-Latin	粌	yǐn
Han-Latin	粍	zhé
Han-Latin	粎	mǐ
Han-Latin	粏	tà
Han-Latin	粐	hù
Han-Latin	粑	bā
Han-Latin	粒	lì
Han-Latin	粓	gān
Han-Latin	粔	jù
Han-Latin	粕	pò
Han-Latin	粖	mò
Han-Latin	粗	cū
Han-Latin	粘	zhān
Han-Latin	粙	zhòu
Han-Latin	粚	chī
Han-Latin	粛	sù
Han-Latin	粜	tiào
Han-Latin	粝	lì
Han-Latin	粞	xī
Han-Latin	粟	sù
Han-Latin	粠	hóng
Han-Latin	粡	tóng
Han-Latin	粢	zī
Han-Latin	粣	cè
Han-Latin	粤	yuè
Han-Latin	粥	zhōu
Han-Latin	粦	lín
Han-Latin	粧	zhuāng
Han-Latin	粨	bǎi
Han-Latin	粩	lāo
Han-Latin	粪	fèn
Han-Latin	粫	ér
Han-Latin	粬	qū
Han-Latin	粭	hé
Han-Latin	粮	liáng
Han-Latin	粯	xiàn
Han-Latin	粰	fú
Han-Latin	粱	liáng
Han-Latin	粲	càn
Han-Latin	粳	jīng
Han-Latin	粴	lǐ
Han-Latin	粵	yuè
Han-Latin	粶	lù
Han-Latin	粷	jú
Han-Latin	粸	qí
Han-Latin	粹	cuì
Han-Latin	粺	bài
Han-Latin	粻	zhāng
Han-Latin	粼	lín
Han-Latin	粽	zòng
Han-Latin	精	jīng
Han-Latin	粿	guǒ
Han-Latin	糀	huā
Han-Latin	糁	sǎn
Han-Latin	糂	sǎn
Han-Latin	糃	táng
Han-Latin	糄	biǎn
Han-Latin	糅	róu
Han-Latin	糆	miàn
Han-Latin	糇	hóu
Han-Latin	糈	xǔ
Han-Latin	糉	zòng
Han-Latin	糊	hú
Han-Latin	糋	jiàn
Han-Latin	糌	zān
Han-Latin	糍	cí
Han-Latin	糎	lí
Han-Latin	糏	xiè
Han-Latin	糐	fū
Han-Latin	糑	nuò
Han-Latin	糒	bèi
Han-Latin	糓	gǔ
Han-Latin	糔	xiǔ
Han-Latin	糕	gāo
Han-Latin	糖	táng
Han-Latin	糗	qiǔ
Han-Latin	糘	jiā
Han-Latin	糙	cāo
Han-Latin	糚	zhuāng
Han-Latin	糛	táng
Han-Latin	糜	mí
Han-Latin	糝	sǎn
Han-Latin	糞	fèn
Han-Latin	糟	zāo
Han-Latin	糠	kāng
Han-Latin	糡	jiàng
Han-Latin	糢	mó
Han-Latin	糣	sǎn
Han-Latin	糤	sǎn
Han-Latin	糥	nuò
Han-Latin	糦	xī
Han-Latin	糧	liáng
Han-Latin	糨	jiàng
Han-Latin	糩	kuài
Han-Latin	糪	bò
Han-Latin	糫	huán
Han-Latin	糬	shǔ
Han-Latin	糭	zòng
Han-Latin	糮	xiàn
Han-Latin	糯	nuò
Han-Latin	糰	tuán
Han-Latin	糱	niè
Han-Latin	糲	lì
Han-Latin	糳	zuò
Han-Latin	糴	dí
Han-Latin	糵	niè
Han-Latin	糶	tiào
Han-Latin	糷	làn
Han-Latin	糸	mì
Han-Latin	糹	sī
Han-Latin	糺	jiū
Han-Latin	系	xì
Han-Latin	糼	gōng
Han-Latin	糽	zhěng
Han-Latin	糾	jiū
Han-Latin	糿	yòu
Han-Latin	紀	jì
Han-Latin	紁	chà
Han-Latin	紂	zhòu
Han-Latin	紃	xún
Han-Latin	約	yuē
Han-Latin	紅	hóng
Han-Latin	紆	yū
Han-Latin	紇	hé
Han-Latin	紈	wán
Han-Latin	紉	rèn
Han-Latin	紊	wěn
Han-Latin	紋	wén
Han-Latin	紌	qiú
Han-Latin	納	nà
Han-Latin	紎	zī
Han-Latin	紏	tǒu
Han-Latin	紐	niǔ
Han-Latin	紑	fóu
Han-Latin	紒	jì
Han-Latin	紓	shū
Han-Latin	純	chún
Han-Latin	紕	pī
Han-Latin	紖	zhèn
Han-Latin	紗	shā
Han-Latin	紘	hóng
Han-Latin	紙	zhǐ
Han-Latin	級	jí
Han-Latin	紛	fēn
Han-Latin	紜	yún
Han-Latin	紝	rèn
Han-Latin	紞	dǎn
Han-Latin	紟	jīn
Han-Latin	素	sù
Han-Latin	紡	fǎng
Han-Latin	索	suǒ
Han-Latin	紣	cuì
Han-Latin	紤	jiǔ
Han-Latin	紥	zā
Han-Latin	紦	hā
Han-Latin	紧	jǐn
Han-Latin	紨	fū
Han-Latin	紩	zhì
Han-Latin	紪	qī
Han-Latin	紫	zǐ
Han-Latin	紬	chóu
Han-Latin	紭	hóng
Han-Latin	紮	zā
Han-Latin	累	lèi
Han-Latin	細	xì
Han-Latin	紱	fú
Han-Latin	紲	xiè
Han-Latin	紳	shēn
Han-Latin	紴	bō
Han-Latin	紵	zhù
Han-Latin	紶	qū
Han-Latin	紷	líng
Han-Latin	紸	zhù
Han-Latin	紹	shào
Han-Latin	紺	gàn
Han-Latin	紻	yǎng
Han-Latin	紼	fú
Han-Latin	紽	tuó
Han-Latin	紾	zhěn
Han-Latin	紿	dài
Han-Latin	絀	chù
Han-Latin	絁	shī
Han-Latin	終	zhōng
Han-Latin	絃	xián
Han-Latin	組	zǔ
Han-Latin	絅	jiōng
Han-Latin	絆	bàn
Han-Latin	絇	qú
Han-Latin	絈	mò
Han-Latin	絉	shù
Han-Latin	絊	zuì
Han-Latin	絋	kuàng
Han-Latin	経	jīng
Han-Latin	絍	rèn
Han-Latin	絎	háng
Han-Latin	絏	xiè
Han-Latin	結	jié
Han-Latin	絑	zhū
Han-Latin	絒	chóu
Han-Latin	絓	guà
Han-Latin	絔	bǎi
Han-Latin	絕	jué
Han-Latin	絖	kuàng
Han-Latin	絗	hú
Han-Latin	絘	cì
Han-Latin	絙	huán
Han-Latin	絚	gēng
Han-Latin	絛	tāo
Han-Latin	絜	jié
Han-Latin	絝	kù
Han-Latin	絞	jiǎo
Han-Latin	絟	quán
Han-Latin	絠	gǎi
Han-Latin	絡	luò
Han-Latin	絢	xuàn
Han-Latin	絣	bēng
Han-Latin	絤	xiàn
Han-Latin	絥	fú
Han-Latin	給	gěi
Han-Latin	絧	dòng
Han-Latin	絨	róng
Han-Latin	絩	tiào
Han-Latin	絪	yīn
Han-Latin	絫	lěi
Han-Latin	絬	xiè
Han-Latin	絭	juàn
Han-Latin	絮	xù
Han-Latin	絯	gāi
Han-Latin	絰	dié
Han-Latin	統	tǒng
Han-Latin	絲	sī
Han-Latin	絳	jiàng
Han-Latin	絴	xiáng
Han-Latin	絵	huì
Han-Latin	絶	jué
Han-Latin	絷	zhí
Han-Latin	絸	jiǎn
Han-Latin	絹	juàn
Han-Latin	絺	chī
Han-Latin	絻	miǎn
Han-Latin	絼	zhèn
Han-Latin	絽	lǚ
Han-Latin	絾	chéng
Han-Latin	絿	qiú
Han-Latin	綀	shū
Han-Latin	綁	bǎng
Han-Latin	綂	tǒng
Han-Latin	綃	xiāo
Han-Latin	綄	huán
Han-Latin	綅	qīn
Han-Latin	綆	gěng
Han-Latin	綇	xiǔ
Han-Latin	綈	tí
Han-Latin	綉	tòu
Han-Latin	綊	xié
Han-Latin	綋	hóng
Han-Latin	綌	xì
Han-Latin	綍	fú
Han-Latin	綎	tīng
Han-Latin	綏	suī
Han-Latin	綐	duì
Han-Latin	綑	kǔn
Han-Latin	綒	fū
Han-Latin	經	jīng
Han-Latin	綔	hù
Han-Latin	綕	zhī
Han-Latin	綖	yán
Han-Latin	綗	jiǒng
Han-Latin	綘	féng
Han-Latin	継	jì
Han-Latin	続	xù
Han-Latin	綛	rěn
Han-Latin	綜	zōng
Han-Latin	綝	chēn
Han-Latin	綞	duǒ
Han-Latin	綟	lì
Han-Latin	綠	lǜ
Han-Latin	綡	liáng
Han-Latin	綢	chóu
Han-Latin	綣	quǎn
Han-Latin	綤	shào
Han-Latin	綥	qí
Han-Latin	綦	qí
Han-Latin	綧	zhǔn
Han-Latin	綨	qí
Han-Latin	綩	wǎn
Han-Latin	綪	qiàn
Han-Latin	綫	xiàn
Han-Latin	綬	shòu
Han-Latin	維	wéi
Han-Latin	綮	qìng
Han-Latin	綯	táo
Han-Latin	綰	wǎn
Han-Latin	綱	gāng
Han-Latin	網	wǎng
Han-Latin	綳	bēng
Han-Latin	綴	zhuì
Han-Latin	綵	cǎi
Han-Latin	綶	guǒ
Han-Latin	綷	cuì
Han-Latin	綸	lún
Han-Latin	綹	liǔ
Han-Latin	綺	qǐ
Han-Latin	綻	zhàn
Han-Latin	綼	bì
Han-Latin	綽	chuò
Han-Latin	綾	líng
Han-Latin	綿	mián
Han-Latin	緀	qī
Han-Latin	緁	qiè
Han-Latin	緂	tián
Han-Latin	緃	zōng
Han-Latin	緄	gǔn
Han-Latin	緅	zōu
Han-Latin	緆	xī
Han-Latin	緇	zī
Han-Latin	緈	xìng
Han-Latin	緉	liǎng
Han-Latin	緊	jǐn
Han-Latin	緋	fēi
Han-Latin	緌	ruí
Han-Latin	緍	mín
Han-Latin	緎	yù
Han-Latin	総	zǒng
Han-Latin	緐	fán
Han-Latin	緑	lǜ
Han-Latin	緒	xù
Han-Latin	緓	yīng
Han-Latin	緔	shàng
Han-Latin	緕	zī
Han-Latin	緖	xù
Han-Latin	緗	xiāng
Han-Latin	緘	jiān
Han-Latin	緙	kè
Han-Latin	線	xiàn
Han-Latin	緛	ruǎn
Han-Latin	緜	mián
Han-Latin	緝	jī
Han-Latin	緞	duàn
Han-Latin	緟	chóng
Han-Latin	締	dì
Han-Latin	緡	mín
Han-Latin	緢	miáo
Han-Latin	緣	yuán
Han-Latin	緤	xiè
Han-Latin	緥	bǎo
Han-Latin	緦	sī
Han-Latin	緧	qiū
Han-Latin	編	biān
Han-Latin	緩	huǎn
Han-Latin	緪	gēng
Han-Latin	緫	cōng
Han-Latin	緬	miǎn
Han-Latin	緭	wèi
Han-Latin	緮	fù
Han-Latin	緯	wěi
Han-Latin	緰	tóu
Han-Latin	緱	gōu
Han-Latin	緲	miǎo
Han-Latin	緳	xié
Han-Latin	練	liàn
Han-Latin	緵	zōng
Han-Latin	緶	biàn
Han-Latin	緷	yùn
Han-Latin	緸	yīn
Han-Latin	緹	tí
Han-Latin	緺	guā
Han-Latin	緻	zhì
Han-Latin	緼	yùn
Han-Latin	緽	chēng
Han-Latin	緾	chán
Han-Latin	緿	dài
Han-Latin	縀	xiá
Han-Latin	縁	yuán
Han-Latin	縂	zǒng
Han-Latin	縃	xū
Han-Latin	縄	shéng
Han-Latin	縅	wēi
Han-Latin	縆	gēng
Han-Latin	縇	xuān
Han-Latin	縈	yíng
Han-Latin	縉	jìn
Han-Latin	縊	yì
Han-Latin	縋	zhuì
Han-Latin	縌	nì
Han-Latin	縍	bāng
Han-Latin	縎	gǔ
Han-Latin	縏	pán
Han-Latin	縐	zhòu
Han-Latin	縑	jiān
Han-Latin	縒	cī
Han-Latin	縓	quán
Han-Latin	縔	shuǎng
Han-Latin	縕	yùn
Han-Latin	縖	xiá
Han-Latin	縗	cuī
Han-Latin	縘	xī
Han-Latin	縙	róng
Han-Latin	縚	tāo
Han-Latin	縛	fù
Han-Latin	縜	yún
Han-Latin	縝	chēn
Han-Latin	縞	gǎo
Han-Latin	縟	rù
Han-Latin	縠	hú
Han-Latin	縡	zài
Han-Latin	縢	téng
Han-Latin	縣	xiàn
Han-Latin	縤	sù
Han-Latin	縥	zhěn
Han-Latin	縦	zòng
Han-Latin	縧	tāo
Han-Latin	縨	huǎng
Han-Latin	縩	cài
Han-Latin	縪	bì
Han-Latin	縫	fèng
Han-Latin	縬	cù
Han-Latin	縭	lí
Han-Latin	縮	suō
Han-Latin	縯	yǎn
Han-Latin	縰	xǐ
Han-Latin	縱	zòng
Han-Latin	縲	léi
Han-Latin	縳	juàn
Han-Latin	縴	qiàn
Han-Latin	縵	màn
Han-Latin	縶	zhí
Han-Latin	縷	lǚ
Han-Latin	縸	mù
Han-Latin	縹	piǎo
Han-Latin	縺	lián
Han-Latin	縻	mí
Han-Latin	縼	xuàn
Han-Latin	總	zǒng
Han-Latin	績	jī
Han-Latin	縿	shān
Han-Latin	繀	suì
Han-Latin	繁	fán
Han-Latin	繂	lǜ
Han-Latin	繃	běng
Han-Latin	繄	yī
Han-Latin	繅	sāo
Han-Latin	繆	móu
Han-Latin	繇	yáo
Han-Latin	繈	qiǎng
Han-Latin	繉	hún
Han-Latin	繊	xiān
Han-Latin	繋	jì
Han-Latin	繌	zōng
Han-Latin	繍	xiù
Han-Latin	繎	rán
Han-Latin	繏	xuàn
Han-Latin	繐	suì
Han-Latin	繑	qiāo
Han-Latin	繒	zēng
Han-Latin	繓	zuǒ
Han-Latin	織	zhī
Han-Latin	繕	shàn
Han-Latin	繖	sǎn
Han-Latin	繗	lín
Han-Latin	繘	yù
Han-Latin	繙	fān
Han-Latin	繚	liáo
Han-Latin	繛	chuò
Han-Latin	繜	zūn
Han-Latin	繝	jiàn
Han-Latin	繞	rào
Han-Latin	繟	chǎn
Han-Latin	繠	ruǐ
Han-Latin	繡	xiù
Han-Latin	繢	huì
Han-Latin	繣	huà
Han-Latin	繤	zuǎn
Han-Latin	繥	xī
Han-Latin	繦	qiǎng
Han-Latin	繧	wén
Han-Latin	繨	da
Han-Latin	繩	shéng
Han-Latin	繪	huì
Han-Latin	繫	xì
Han-Latin	繬	sè
Han-Latin	繭	jiǎn
Han-Latin	繮	jiāng
Han-Latin	繯	huán
Han-Latin	繰	zǎo
Han-Latin	繱	cōng
Han-Latin	繲	xiè
Han-Latin	繳	jiǎo
Han-Latin	繴	bì
Han-Latin	繵	dàn
Han-Latin	繶	yì
Han-Latin	繷	nǒng
Han-Latin	繸	suì
Han-Latin	繹	yì
Han-Latin	繺	shǎi
Han-Latin	繻	xū
Han-Latin	繼	jì
Han-Latin	繽	bīn
Han-Latin	繾	qiǎn
Han-Latin	繿	lán
Han-Latin	纀	pú
Han-Latin	纁	xūn
Han-Latin	纂	zuǎn
Han-Latin	纃	qí
Han-Latin	纄	péng
Han-Latin	纅	yào
Han-Latin	纆	mò
Han-Latin	纇	lèi
Han-Latin	纈	xié
Han-Latin	纉	zuǎn
Han-Latin	纊	kuàng
Han-Latin	纋	yōu
Han-Latin	續	xù
Han-Latin	纍	léi
Han-Latin	纎	xiān
Han-Latin	纏	chán
Han-Latin	纐	jiǎo
Han-Latin	纑	lú
Han-Latin	纒	chán
Han-Latin	纓	yīng
Han-Latin	纔	cái
Han-Latin	纕	rǎng
Han-Latin	纖	xiān
Han-Latin	纗	zuī
Han-Latin	纘	zuǎn
Han-Latin	纙	luò
Han-Latin	纚	lí
Han-Latin	纛	dào
Han-Latin	纜	lǎn
Han-Latin	纝	léi
Han-Latin	纞	liàn
Han-Latin	纟	sī
Han-Latin	纠	jiū
Han-Latin	纡	yū
Han-Latin	红	hóng
Han-Latin	纣	zhòu
Han-Latin	纤	xiān
Han-Latin	纥	hé
Han-Latin	约	yuē
Han-Latin	级	jí
Han-Latin	纨	wán
Han-Latin	纩	kuàng
Han-Latin	纪	jì
Han-Latin	纫	rèn
Han-Latin	纬	wěi
Han-Latin	纭	yún
Han-Latin	纮	hóng
Han-Latin	纯	chún
Han-Latin	纰	pī
Han-Latin	纱	shā
Han-Latin	纲	gāng
Han-Latin	纳	nà
Han-Latin	纴	rèn
Han-Latin	纵	zòng
Han-Latin	纶	lún
Han-Latin	纷	fēn
Han-Latin	纸	zhǐ
Han-Latin	纹	wén
Han-Latin	纺	fǎng
Han-Latin	纻	zhù
Han-Latin	纼	zhèn
Han-Latin	纽	niǔ
Han-Latin	纾	shū
Han-Latin	线	xiàn
Han-Latin	绀	gàn
Han-Latin	绁	xiè
Han-Latin	绂	fú
Han-Latin	练	liàn
Han-Latin	组	zǔ
Han-Latin	绅	shēn
Han-Latin	细	xì
Han-Latin	织	zhī
Han-Latin	终	zhōng
Han-Latin	绉	zhòu
Han-Latin	绊	bàn
Han-Latin	绋	fú
Han-Latin	绌	chù
Han-Latin	绍	shào
Han-Latin	绎	yì
Han-Latin	经	jīng
Han-Latin	绐	dài
Han-Latin	绑	bǎng
Han-Latin	绒	róng
Han-Latin	结	jié
Han-Latin	绔	kù
Han-Latin	绕	rào
Han-Latin	绖	dié
Han-Latin	绗	háng
Han-Latin	绘	huì
Han-Latin	给	gěi
Han-Latin	绚	xuàn
Han-Latin	绛	jiàng
Han-Latin	络	luò
Han-Latin	绝	jué
Han-Latin	绞	jiǎo
Han-Latin	统	tǒng
Han-Latin	绠	gěng
Han-Latin	绡	xiāo
Han-Latin	绢	juàn
Han-Latin	绣	xiù
Han-Latin	绤	xì
Han-Latin	绥	suí
Han-Latin	绦	tāo
Han-Latin	继	jì
Han-Latin	绨	tí
Han-Latin	绩	jì
Han-Latin	绪	xù
Han-Latin	绫	líng
Han-Latin	绬	yīng
Han-Latin	续	xù
Han-Latin	绮	qǐ
Han-Latin	绯	fēi
Han-Latin	绰	chuò
Han-Latin	绱	shàng
Han-Latin	绲	gǔn
Han-Latin	绳	shéng
Han-Latin	维	wéi
Han-Latin	绵	mián
Han-Latin	绶	shòu
Han-Latin	绷	bēng
Han-Latin	绸	chóu
Han-Latin	绹	táo
Han-Latin	绺	liǔ
Han-Latin	绻	quǎn
Han-Latin	综	zōng
Han-Latin	绽	zhàn
Han-Latin	绾	wǎn
Han-Latin	绿	lǜ
Han-Latin	缀	zhuì
Han-Latin	缁	zī
Han-Latin	缂	kè
Han-Latin	缃	xiāng
Han-Latin	缄	jiān
Han-Latin	缅	miǎn
Han-Latin	缆	lǎn
Han-Latin	缇	tí
Han-Latin	缈	miǎo
Han-Latin	缉	jī
Han-Latin	缊	yùn
Han-Latin	缋	huì
Han-Latin	缌	sī
Han-Latin	缍	duǒ
Han-Latin	缎	duàn
Han-Latin	缏	biàn
Han-Latin	缐	xiàn
Han-Latin	缑	gōu
Han-Latin	缒	zhuì
Han-Latin	缓	huǎn
Han-Latin	缔	dì
Han-Latin	缕	lǚ
Han-Latin	编	biān
Han-Latin	缗	mín
Han-Latin	缘	yuán
Han-Latin	缙	jìn
Han-Latin	缚	fù
Han-Latin	缛	rù
Han-Latin	缜	zhěn
Han-Latin	缝	fèng
Han-Latin	缞	cuī
Han-Latin	缟	gǎo
Han-Latin	缠	chán
Han-Latin	缡	lí
Han-Latin	缢	yì
Han-Latin	缣	jiān
Han-Latin	缤	bīn
Han-Latin	缥	piāo
Han-Latin	缦	màn
Han-Latin	缧	léi
Han-Latin	缨	yīng
Han-Latin	缩	suō
Han-Latin	缪	móu
Han-Latin	缫	sāo
Han-Latin	缬	xié
Han-Latin	缭	liáo
Han-Latin	缮	shàn
Han-Latin	缯	zēng
Han-Latin	缰	jiāng
Han-Latin	缱	qiǎn
Han-Latin	缲	qiāo
Han-Latin	缳	huán
Han-Latin	缴	jiǎo
Han-Latin	缵	zuǎn
Han-Latin	缶	fǒu
Han-Latin	缷	xiè
Han-Latin	缸	gāng
Han-Latin	缹	fǒu
Han-Latin	缺	quē
Han-Latin	缻	fǒu
Han-Latin	缼	quē
Han-Latin	缽	bō
Han-Latin	缾	píng
Han-Latin	缿	xiàng
Han-Latin	罀	zhào
Han-Latin	罁	gāng
Han-Latin	罂	yīng
Han-Latin	罃	yīng
Han-Latin	罄	qìng
Han-Latin	罅	xià
Han-Latin	罆	guàn
Han-Latin	罇	zūn
Han-Latin	罈	tán
Han-Latin	罉	chēng
Han-Latin	罊	qì
Han-Latin	罋	wèng
Han-Latin	罌	yīng
Han-Latin	罍	léi
Han-Latin	罎	tán
Han-Latin	罏	lú
Han-Latin	罐	guàn
Han-Latin	网	wǎng
Han-Latin	罒	wǎng
Han-Latin	罓	gāng
Han-Latin	罔	wǎng
Han-Latin	罕	hǎn
Han-Latin	罖	luó
Han-Latin	罗	luó
Han-Latin	罘	fú
Han-Latin	罙	shēn
Han-Latin	罚	fá
Han-Latin	罛	gū
Han-Latin	罜	zhǔ
Han-Latin	罝	jū
Han-Latin	罞	máo
Han-Latin	罟	gǔ
Han-Latin	罠	mín
Han-Latin	罡	gāng
Han-Latin	罢	bà
Han-Latin	罣	guà
Han-Latin	罤	tí
Han-Latin	罥	juàn
Han-Latin	罦	fú
Han-Latin	罧	shèn
Han-Latin	罨	yǎn
Han-Latin	罩	zhào
Han-Latin	罪	zuì
Han-Latin	罫	guà
Han-Latin	罬	zhuó
Han-Latin	罭	yù
Han-Latin	置	zhì
Han-Latin	罯	ǎn
Han-Latin	罰	fá
Han-Latin	罱	lǎn
Han-Latin	署	shǔ
Han-Latin	罳	sī
Han-Latin	罴	pí
Han-Latin	罵	mà
Han-Latin	罶	liǔ
Han-Latin	罷	bà
Han-Latin	罸	fá
Han-Latin	罹	lí
Han-Latin	罺	cháo
Han-Latin	罻	wèi
Han-Latin	罼	bì
Han-Latin	罽	jì
Han-Latin	罾	zēng
Han-Latin	罿	chōng
Han-Latin	羀	liǔ
Han-Latin	羁	jī
Han-Latin	羂	juàn
Han-Latin	羃	mì
Han-Latin	羄	zhào
Han-Latin	羅	luó
Han-Latin	羆	pí
Han-Latin	羇	jī
Han-Latin	羈	jī
Han-Latin	羉	luán
Han-Latin	羊	yáng
Han-Latin	羋	mǐ
Han-Latin	羌	qiāng
Han-Latin	羍	dá
Han-Latin	美	měi
Han-Latin	羏	yáng
Han-Latin	羐	yǒu
Han-Latin	羑	yǒu
Han-Latin	羒	fén
Han-Latin	羓	bā
Han-Latin	羔	gāo
Han-Latin	羕	yàng
Han-Latin	羖	gǔ
Han-Latin	羗	qiāng
Han-Latin	羘	zāng
Han-Latin	羙	gāo
Han-Latin	羚	líng
Han-Latin	羛	yì
Han-Latin	羜	zhù
Han-Latin	羝	dī
Han-Latin	羞	xiū
Han-Latin	羟	qiǎng
Han-Latin	羠	yí
Han-Latin	羡	xiàn
Han-Latin	羢	róng
Han-Latin	羣	qún
Han-Latin	群	qún
Han-Latin	羥	qiǎng
Han-Latin	羦	huán
Han-Latin	羧	suō
Han-Latin	羨	xiàn
Han-Latin	義	yì
Han-Latin	羪	yǎng
Han-Latin	羫	qiāng
Han-Latin	羬	qián
Han-Latin	羭	yú
Han-Latin	羮	gēng
Han-Latin	羯	jié
Han-Latin	羰	tāng
Han-Latin	羱	yuán
Han-Latin	羲	xī
Han-Latin	羳	fán
Han-Latin	羴	shān
Han-Latin	羵	fén
Han-Latin	羶	shān
Han-Latin	羷	liǎn
Han-Latin	羸	léi
Han-Latin	羹	gēng
Han-Latin	羺	nóu
Han-Latin	羻	qiàng
Han-Latin	羼	chàn
Han-Latin	羽	yǔ
Han-Latin	羾	gòng
Han-Latin	羿	yì
Han-Latin	翀	chōng
Han-Latin	翁	wēng
Han-Latin	翂	fēn
Han-Latin	翃	hóng
Han-Latin	翄	chì
Han-Latin	翅	chì
Han-Latin	翆	cuì
Han-Latin	翇	fú
Han-Latin	翈	xiá
Han-Latin	翉	běn
Han-Latin	翊	yì
Han-Latin	翋	lā
Han-Latin	翌	yì
Han-Latin	翍	pī
Han-Latin	翎	líng
Han-Latin	翏	liù
Han-Latin	翐	zhì
Han-Latin	翑	qú
Han-Latin	習	xí
Han-Latin	翓	xié
Han-Latin	翔	xiáng
Han-Latin	翕	xī
Han-Latin	翖	xī
Han-Latin	翗	ké
Han-Latin	翘	qiào
Han-Latin	翙	huì
Han-Latin	翚	huī
Han-Latin	翛	xiāo
Han-Latin	翜	shà
Han-Latin	翝	hóng
Han-Latin	翞	jiāng
Han-Latin	翟	dí
Han-Latin	翠	cuì
Han-Latin	翡	fěi
Han-Latin	翢	dào
Han-Latin	翣	shà
Han-Latin	翤	chì
Han-Latin	翥	zhù
Han-Latin	翦	jiǎn
Han-Latin	翧	xuān
Han-Latin	翨	chì
Han-Latin	翩	piān
Han-Latin	翪	zōng
Han-Latin	翫	wán
Han-Latin	翬	huī
Han-Latin	翭	hóu
Han-Latin	翮	hé
Han-Latin	翯	hè
Han-Latin	翰	hàn
Han-Latin	翱	áo
Han-Latin	翲	piāo
Han-Latin	翳	yì
Han-Latin	翴	lián
Han-Latin	翵	hóu
Han-Latin	翶	áo
Han-Latin	翷	lín
Han-Latin	翸	pěn
Han-Latin	翹	qiào
Han-Latin	翺	áo
Han-Latin	翻	fān
Han-Latin	翼	yì
Han-Latin	翽	huì
Han-Latin	翾	xuān
Han-Latin	翿	dào
Han-Latin	耀	yào
Han-Latin	老	lǎo
Han-Latin	耂	lǎo
Han-Latin	考	kǎo
Han-Latin	耄	mào
Han-Latin	者	zhě
Han-Latin	耆	qí
Han-Latin	耇	gǒu
Han-Latin	耈	gǒu
Han-Latin	耉	gǒu
Han-Latin	耊	dié
Han-Latin	耋	dié
Han-Latin	而	ér
Han-Latin	耍	shuǎ
Han-Latin	耎	ruǎn
Han-Latin	耏	nài
Han-Latin	耐	nài
Han-Latin	耑	duān
Han-Latin	耒	lěi
Han-Latin	耓	tīng
Han-Latin	耔	zǐ
Han-Latin	耕	gēng
Han-Latin	耖	chào
Han-Latin	耗	hào
Han-Latin	耘	yún
Han-Latin	耙	bà
Han-Latin	耚	pī
Han-Latin	耛	yí
Han-Latin	耜	sì
Han-Latin	耝	qù
Han-Latin	耞	jiā
Han-Latin	耟	jù
Han-Latin	耠	huō
Han-Latin	耡	chú
Han-Latin	耢	lào
Han-Latin	耣	lǔn
Han-Latin	耤	jí
Han-Latin	耥	tāng
Han-Latin	耦	ǒu
Han-Latin	耧	lóu
Han-Latin	耨	nòu
Han-Latin	耩	jiǎng
Han-Latin	耪	pǎng
Han-Latin	耫	zhá
Han-Latin	耬	lóu
Han-Latin	耭	jī
Han-Latin	耮	lào
Han-Latin	耯	huò
Han-Latin	耰	yōu
Han-Latin	耱	mò
Han-Latin	耲	huái
Han-Latin	耳	ěr
Han-Latin	耴	yì
Han-Latin	耵	dīng
Han-Latin	耶	yé
Han-Latin	耷	dā
Han-Latin	耸	sǒng
Han-Latin	耹	qín
Han-Latin	耺	yún
Han-Latin	耻	chǐ
Han-Latin	耼	dān
Han-Latin	耽	dān
Han-Latin	耾	hóng
Han-Latin	耿	gěng
Han-Latin	聀	zhí
Han-Latin	聁	pàn
Han-Latin	聂	niè
Han-Latin	聃	dān
Han-Latin	聄	zhěn
Han-Latin	聅	chè
Han-Latin	聆	líng
Han-Latin	聇	zhēng
Han-Latin	聈	yǒu
Han-Latin	聉	wà
Han-Latin	聊	liáo
Han-Latin	聋	lóng
Han-Latin	职	zhí
Han-Latin	聍	níng
Han-Latin	聎	tiāo
Han-Latin	聏	ér
Han-Latin	聐	yà
Han-Latin	聑	tiē
Han-Latin	聒	guō
Han-Latin	聓	xù
Han-Latin	联	lián
Han-Latin	聕	hào
Han-Latin	聖	shèng
Han-Latin	聗	liè
Han-Latin	聘	pìn
Han-Latin	聙	jīng
Han-Latin	聚	jù
Han-Latin	聛	bǐ
Han-Latin	聜	dǐ
Han-Latin	聝	guó
Han-Latin	聞	wén
Han-Latin	聟	xù
Han-Latin	聠	pīng
Han-Latin	聡	cōng
Han-Latin	聢	dìng
Han-Latin	聣	ní
Han-Latin	聤	tíng
Han-Latin	聥	jǔ
Han-Latin	聦	cōng
Han-Latin	聧	kuī
Han-Latin	聨	lián
Han-Latin	聩	kuì
Han-Latin	聪	cōng
Han-Latin	聫	lián
Han-Latin	聬	wěng
Han-Latin	聭	kuì
Han-Latin	聮	lián
Han-Latin	聯	lián
Han-Latin	聰	cōng
Han-Latin	聱	áo
Han-Latin	聲	shēng
Han-Latin	聳	sǒng
Han-Latin	聴	tīng
Han-Latin	聵	kuì
Han-Latin	聶	niè
Han-Latin	職	zhí
Han-Latin	聸	dān
Han-Latin	聹	níng
Han-Latin	聺	qié
Han-Latin	聻	nǐ
Han-Latin	聼	tīng
Han-Latin	聽	tīng
Han-Latin	聾	lóng
Han-Latin	聿	yù
Han-Latin	肀	yù
Han-Latin	肁	zhào
Han-Latin	肂	sì
Han-Latin	肃	sù
Han-Latin	肄	yì
Han-Latin	肅	sù
Han-Latin	肆	sì
Han-Latin	肇	zhào
Han-Latin	肈	zhào
Han-Latin	肉	ròu
Han-Latin	肊	yì
Han-Latin	肋	lèi
Han-Latin	肌	jī
Han-Latin	肍	qiú
Han-Latin	肎	kěn
Han-Latin	肏	cào
Han-Latin	肐	gē
Han-Latin	肑	bó
Han-Latin	肒	huàn
Han-Latin	肓	huāng
Han-Latin	肔	chǐ
Han-Latin	肕	rèn
Han-Latin	肖	xiào
Han-Latin	肗	rǔ
Han-Latin	肘	zhǒu
Han-Latin	肙	yuàn
Han-Latin	肚	dù
Han-Latin	肛	gāng
Han-Latin	肜	róng
Han-Latin	肝	gān
Han-Latin	肞	chā
Han-Latin	肟	wò
Han-Latin	肠	cháng
Han-Latin	股	gǔ
Han-Latin	肢	zhī
Han-Latin	肣	hán
Han-Latin	肤	fū
Han-Latin	肥	féi
Han-Latin	肦	fén
Han-Latin	肧	pēi
Han-Latin	肨	pàng
Han-Latin	肩	jiān
Han-Latin	肪	fáng
Han-Latin	肫	zhūn
Han-Latin	肬	yóu
Han-Latin	肭	nà
Han-Latin	肮	āng
Han-Latin	肯	kěn
Han-Latin	肰	rán
Han-Latin	肱	gōng
Han-Latin	育	yù
Han-Latin	肳	wěn
Han-Latin	肴	yáo
Han-Latin	肵	qí
Han-Latin	肶	pí
Han-Latin	肷	qiǎn
Han-Latin	肸	xī
Han-Latin	肹	xī
Han-Latin	肺	fèi
Han-Latin	肻	kěn
Han-Latin	肼	jǐng
Han-Latin	肽	tài
Han-Latin	肾	shèn
Han-Latin	肿	zhǒng
Han-Latin	胀	zhàng
Han-Latin	胁	xié
Han-Latin	胂	shèn
Han-Latin	胃	wèi
Han-Latin	胄	zhòu
Han-Latin	胅	dié
Han-Latin	胆	dǎn
Han-Latin	胇	fèi
Han-Latin	胈	bá
Han-Latin	胉	bó
Han-Latin	胊	qú
Han-Latin	胋	tián
Han-Latin	背	bèi
Han-Latin	胍	guā
Han-Latin	胎	tāi
Han-Latin	胏	zǐ
Han-Latin	胐	fěi
Han-Latin	胑	zhī
Han-Latin	胒	nì
Han-Latin	胓	píng
Han-Latin	胔	zì
Han-Latin	胕	fǔ
Han-Latin	胖	pàng
Han-Latin	胗	zhēn
Han-Latin	胘	xián
Han-Latin	胙	zuò
Han-Latin	胚	pēi
Han-Latin	胛	jiǎ
Han-Latin	胜	shèng
Han-Latin	胝	zhī
Han-Latin	胞	bāo
Han-Latin	胟	mǔ
Han-Latin	胠	qū
Han-Latin	胡	hú
Han-Latin	胢	kē
Han-Latin	胣	chǐ
Han-Latin	胤	yìn
Han-Latin	胥	xū
Han-Latin	胦	yāng
Han-Latin	胧	lóng
Han-Latin	胨	dòng
Han-Latin	胩	kǎ
Han-Latin	胪	lú
Han-Latin	胫	jìng
Han-Latin	胬	nǔ
Han-Latin	胭	yān
Han-Latin	胮	pāng
Han-Latin	胯	kuà
Han-Latin	胰	yí
Han-Latin	胱	guāng
Han-Latin	胲	hǎi
Han-Latin	胳	gē
Han-Latin	胴	dòng
Han-Latin	胵	chī
Han-Latin	胶	jiāo
Han-Latin	胷	xiōng
Han-Latin	胸	xiōng
Han-Latin	胹	ér
Han-Latin	胺	àn
Han-Latin	胻	héng
Han-Latin	胼	pián
Han-Latin	能	néng
Han-Latin	胾	zì
Han-Latin	胿	guī
Han-Latin	脀	chéng
Han-Latin	脁	tiǎo
Han-Latin	脂	zhī
Han-Latin	脃	cuì
Han-Latin	脄	méi
Han-Latin	脅	xié
Han-Latin	脆	cuì
Han-Latin	脇	xié
Han-Latin	脈	mài
Han-Latin	脉	mài
Han-Latin	脊	jǐ
Han-Latin	脋	xié
Han-Latin	脌	nín
Han-Latin	脍	kuài
Han-Latin	脎	sà
Han-Latin	脏	zàng
Han-Latin	脐	qí
Han-Latin	脑	nǎo
Han-Latin	脒	mǐ
Han-Latin	脓	nóng
Han-Latin	脔	luán
Han-Latin	脕	wàn
Han-Latin	脖	bó
Han-Latin	脗	wěn
Han-Latin	脘	wǎn
Han-Latin	脙	xiū
Han-Latin	脚	jiǎo
Han-Latin	脛	jìng
Han-Latin	脜	yǒu
Han-Latin	脝	hēng
Han-Latin	脞	cuǒ
Han-Latin	脟	liè
Han-Latin	脠	shān
Han-Latin	脡	tǐng
Han-Latin	脢	méi
Han-Latin	脣	chún
Han-Latin	脤	shèn
Han-Latin	脥	qiǎn
Han-Latin	脦	te
Han-Latin	脧	juān
Han-Latin	脨	cù
Han-Latin	脩	xiū
Han-Latin	脪	xìn
Han-Latin	脫	tuō
Han-Latin	脬	pāo
Han-Latin	脭	chéng
Han-Latin	脮	něi
Han-Latin	脯	pú
Han-Latin	脰	dòu
Han-Latin	脱	tuō
Han-Latin	脲	niào
Han-Latin	脳	nǎo
Han-Latin	脴	pǐ
Han-Latin	脵	gǔ
Han-Latin	脶	luó
Han-Latin	脷	lì
Han-Latin	脸	liǎn
Han-Latin	脹	zhàng
Han-Latin	脺	cuì
Han-Latin	脻	jiē
Han-Latin	脼	liǎng
Han-Latin	脽	shuí
Han-Latin	脾	pí
Han-Latin	脿	biǎo
Han-Latin	腀	lún
Han-Latin	腁	pián
Han-Latin	腂	lěi
Han-Latin	腃	kuì
Han-Latin	腄	chuí
Han-Latin	腅	dàn
Han-Latin	腆	tiǎn
Han-Latin	腇	něi
Han-Latin	腈	jīng
Han-Latin	腉	nái
Han-Latin	腊	là
Han-Latin	腋	yè
Han-Latin	腌	yān
Han-Latin	腍	rèn
Han-Latin	腎	shèn
Han-Latin	腏	chuò
Han-Latin	腐	fǔ
Han-Latin	腑	fǔ
Han-Latin	腒	jū
Han-Latin	腓	féi
Han-Latin	腔	qiāng
Han-Latin	腕	wàn
Han-Latin	腖	dòng
Han-Latin	腗	pí
Han-Latin	腘	guó
Han-Latin	腙	zōng
Han-Latin	腚	dìng
Han-Latin	腛	wò
Han-Latin	腜	méi
Han-Latin	腝	ní
Han-Latin	腞	zhuàn
Han-Latin	腟	chì
Han-Latin	腠	còu
Han-Latin	腡	luó
Han-Latin	腢	ǒu
Han-Latin	腣	dì
Han-Latin	腤	ān
Han-Latin	腥	xīng
Han-Latin	腦	nǎo
Han-Latin	腧	shù
Han-Latin	腨	shuàn
Han-Latin	腩	nǎn
Han-Latin	腪	yùn
Han-Latin	腫	zhǒng
Han-Latin	腬	róu
Han-Latin	腭	è
Han-Latin	腮	sāi
Han-Latin	腯	tú
Han-Latin	腰	yāo
Han-Latin	腱	jiàn
Han-Latin	腲	wěi
Han-Latin	腳	jiǎo
Han-Latin	腴	yú
Han-Latin	腵	jiā
Han-Latin	腶	duàn
Han-Latin	腷	bì
Han-Latin	腸	cháng
Han-Latin	腹	fù
Han-Latin	腺	xiàn
Han-Latin	腻	nì
Han-Latin	腼	miǎn
Han-Latin	腽	wà
Han-Latin	腾	téng
Han-Latin	腿	tuǐ
Han-Latin	膀	bǎng
Han-Latin	膁	qiǎn
Han-Latin	膂	lǚ
Han-Latin	膃	wà
Han-Latin	膄	shòu
Han-Latin	膅	táng
Han-Latin	膆	sù
Han-Latin	膇	zhuì
Han-Latin	膈	gé
Han-Latin	膉	yì
Han-Latin	膊	bó
Han-Latin	膋	liáo
Han-Latin	膌	jí
Han-Latin	膍	pí
Han-Latin	膎	xié
Han-Latin	膏	gāo
Han-Latin	膐	lǚ
Han-Latin	膑	bìn
Han-Latin	膒	ōu
Han-Latin	膓	cháng
Han-Latin	膔	lù
Han-Latin	膕	guó
Han-Latin	膖	pāng
Han-Latin	膗	chuái
Han-Latin	膘	biāo
Han-Latin	膙	jiǎng
Han-Latin	膚	fū
Han-Latin	膛	táng
Han-Latin	膜	mó
Han-Latin	膝	xī
Han-Latin	膞	zhuān
Han-Latin	膟	lǜ
Han-Latin	膠	jiāo
Han-Latin	膡	yìng
Han-Latin	膢	lǘ
Han-Latin	膣	zhì
Han-Latin	膤	xuě
Han-Latin	膥	cūn
Han-Latin	膦	lìn
Han-Latin	膧	tóng
Han-Latin	膨	péng
Han-Latin	膩	nì
Han-Latin	膪	chuài
Han-Latin	膫	liáo
Han-Latin	膬	cuì
Han-Latin	膭	guī
Han-Latin	膮	xiāo
Han-Latin	膯	tēng
Han-Latin	膰	fán
Han-Latin	膱	zhí
Han-Latin	膲	jiāo
Han-Latin	膳	shàn
Han-Latin	膴	hū
Han-Latin	膵	cuì
Han-Latin	膶	rùn
Han-Latin	膷	xiāng
Han-Latin	膸	suǐ
Han-Latin	膹	fèn
Han-Latin	膺	yīng
Han-Latin	膻	shān
Han-Latin	膼	zhuā
Han-Latin	膽	dǎn
Han-Latin	膾	kuài
Han-Latin	膿	nóng
Han-Latin	臀	tún
Han-Latin	臁	lián
Han-Latin	臂	bì
Han-Latin	臃	yōng
Han-Latin	臄	jué
Han-Latin	臅	chù
Han-Latin	臆	yì
Han-Latin	臇	juǎn
Han-Latin	臈	là
Han-Latin	臉	liǎn
Han-Latin	臊	sāo
Han-Latin	臋	tún
Han-Latin	臌	gǔ
Han-Latin	臍	qí
Han-Latin	臎	cuì
Han-Latin	臏	bìn
Han-Latin	臐	xūn
Han-Latin	臑	nào
Han-Latin	臒	wò
Han-Latin	臓	zàng
Han-Latin	臔	xiàn
Han-Latin	臕	biāo
Han-Latin	臖	xìng
Han-Latin	臗	kuān
Han-Latin	臘	là
Han-Latin	臙	yān
Han-Latin	臚	lú
Han-Latin	臛	huò
Han-Latin	臜	zā
Han-Latin	臝	luǒ
Han-Latin	臞	qú
Han-Latin	臟	zàng
Han-Latin	臠	luán
Han-Latin	臡	ní
Han-Latin	臢	zā
Han-Latin	臣	chén
Han-Latin	臤	qiān
Han-Latin	臥	wò
Han-Latin	臦	guàng
Han-Latin	臧	zāng
Han-Latin	臨	lín
Han-Latin	臩	guǎng
Han-Latin	自	zì
Han-Latin	臫	jiǎo
Han-Latin	臬	niè
Han-Latin	臭	chòu
Han-Latin	臮	jì
Han-Latin	臯	gāo
Han-Latin	臰	chòu
Han-Latin	臱	mián
Han-Latin	臲	niè
Han-Latin	至	zhì
Han-Latin	致	zhì
Han-Latin	臵	gé
Han-Latin	臶	jiàn
Han-Latin	臷	dié
Han-Latin	臸	zhī
Han-Latin	臹	xiū
Han-Latin	臺	tái
Han-Latin	臻	zhēn
Han-Latin	臼	jiù
Han-Latin	臽	xiàn
Han-Latin	臾	yú
Han-Latin	臿	chā
Han-Latin	舀	yǎo
Han-Latin	舁	yú
Han-Latin	舂	chōng
Han-Latin	舃	xì
Han-Latin	舄	xì
Han-Latin	舅	jiù
Han-Latin	舆	yú
Han-Latin	與	yǔ
Han-Latin	興	xìng
Han-Latin	舉	jǔ
Han-Latin	舊	jiù
Han-Latin	舋	xìn
Han-Latin	舌	shé
Han-Latin	舍	shě
Han-Latin	舎	shè
Han-Latin	舏	jiǔ
Han-Latin	舐	shì
Han-Latin	舑	tān
Han-Latin	舒	shū
Han-Latin	舓	shì
Han-Latin	舔	tiǎn
Han-Latin	舕	tàn
Han-Latin	舖	pù
Han-Latin	舗	pù
Han-Latin	舘	guǎn
Han-Latin	舙	huà
Han-Latin	舚	tiàn
Han-Latin	舛	chuǎn
Han-Latin	舜	shùn
Han-Latin	舝	xiá
Han-Latin	舞	wǔ
Han-Latin	舟	zhōu
Han-Latin	舠	dāo
Han-Latin	舡	chuán
Han-Latin	舢	shān
Han-Latin	舣	yǐ
Han-Latin	舤	fán
Han-Latin	舥	pā
Han-Latin	舦	tài
Han-Latin	舧	fán
Han-Latin	舨	bǎn
Han-Latin	舩	chuán
Han-Latin	航	háng
Han-Latin	舫	fǎng
Han-Latin	般	bān
Han-Latin	舭	bǐ
Han-Latin	舮	lú
Han-Latin	舯	zhōng
Han-Latin	舰	jiàn
Han-Latin	舱	cāng
Han-Latin	舲	líng
Han-Latin	舳	zhú
Han-Latin	舴	zé
Han-Latin	舵	duò
Han-Latin	舶	bó
Han-Latin	舷	xián
Han-Latin	舸	gě
Han-Latin	船	chuán
Han-Latin	舺	xiá
Han-Latin	舻	lú
Han-Latin	舼	qióng
Han-Latin	舽	páng
Han-Latin	舾	xī
Han-Latin	舿	kuā
Han-Latin	艀	fú
Han-Latin	艁	zào
Han-Latin	艂	féng
Han-Latin	艃	lí
Han-Latin	艄	shāo
Han-Latin	艅	yú
Han-Latin	艆	láng
Han-Latin	艇	tǐng
Han-Latin	艈	yù
Han-Latin	艉	wěi
Han-Latin	艊	bó
Han-Latin	艋	měng
Han-Latin	艌	niàn
Han-Latin	艍	jū
Han-Latin	艎	huáng
Han-Latin	艏	shǒu
Han-Latin	艐	kè
Han-Latin	艑	biàn
Han-Latin	艒	mù
Han-Latin	艓	dié
Han-Latin	艔	dào
Han-Latin	艕	bàng
Han-Latin	艖	chā
Han-Latin	艗	yì
Han-Latin	艘	sōu
Han-Latin	艙	cāng
Han-Latin	艚	cáo
Han-Latin	艛	lóu
Han-Latin	艜	dài
Han-Latin	艝	xuě
Han-Latin	艞	yào
Han-Latin	艟	chōng
Han-Latin	艠	dēng
Han-Latin	艡	dāng
Han-Latin	艢	qiáng
Han-Latin	艣	lǔ
Han-Latin	艤	yǐ
Han-Latin	艥	jí
Han-Latin	艦	jiàn
Han-Latin	艧	huò
Han-Latin	艨	méng
Han-Latin	艩	qí
Han-Latin	艪	lǔ
Han-Latin	艫	lú
Han-Latin	艬	chán
Han-Latin	艭	shuāng
Han-Latin	艮	gěn
Han-Latin	良	liáng
Han-Latin	艰	jiān
Han-Latin	艱	jiān
Han-Latin	色	sè
Han-Latin	艳	yàn
Han-Latin	艴	fú
Han-Latin	艵	pīng
Han-Latin	艶	yàn
Han-Latin	艷	yàn
Han-Latin	艸	cǎo
Han-Latin	艹	cǎo
Han-Latin	艺	yì
Han-Latin	艻	lè
Han-Latin	艼	tīng
Han-Latin	艽	jiāo
Han-Latin	艾	ài
Han-Latin	艿	nǎi
Han-Latin	芀	tiáo
Han-Latin	芁	jiāo
Han-Latin	节	jié
Han-Latin	芃	péng
Han-Latin	芄	wán
Han-Latin	芅	yì
Han-Latin	芆	chāi
Han-Latin	芇	mián
Han-Latin	芈	mǐ
Han-Latin	芉	gān
Han-Latin	芊	qiān
Han-Latin	芋	yù
Han-Latin	芌	yù
Han-Latin	芍	sháo
Han-Latin	芎	xiōng
Han-Latin	芏	dù
Han-Latin	芐	hù
Han-Latin	芑	qǐ
Han-Latin	芒	máng
Han-Latin	芓	zì
Han-Latin	芔	huì
Han-Latin	芕	suī
Han-Latin	芖	zhì
Han-Latin	芗	xiāng
Han-Latin	芘	bǐ
Han-Latin	芙	fú
Han-Latin	芚	tún
Han-Latin	芛	wěi
Han-Latin	芜	wú
Han-Latin	芝	zhī
Han-Latin	芞	qì
Han-Latin	芟	shān
Han-Latin	芠	wén
Han-Latin	芡	qiàn
Han-Latin	芢	rén
Han-Latin	芣	fú
Han-Latin	芤	kōu
Han-Latin	芥	jiè
Han-Latin	芦	lú
Han-Latin	芧	xù
Han-Latin	芨	jī
Han-Latin	芩	qín
Han-Latin	芪	qí
Han-Latin	芫	yán
Han-Latin	芬	fēn
Han-Latin	芭	bā
Han-Latin	芮	ruì
Han-Latin	芯	xīn
Han-Latin	芰	jì
Han-Latin	花	huā
Han-Latin	芲	huā
Han-Latin	芳	fāng
Han-Latin	芴	wù
Han-Latin	芵	jué
Han-Latin	芶	gǒu
Han-Latin	芷	zhǐ
Han-Latin	芸	yún
Han-Latin	芹	qín
Han-Latin	芺	ǎo
Han-Latin	芻	chú
Han-Latin	芼	mào
Han-Latin	芽	yá
Han-Latin	芾	fèi
Han-Latin	芿	rèng
Han-Latin	苀	háng
Han-Latin	苁	cōng
Han-Latin	苂	yín
Han-Latin	苃	yǒu
Han-Latin	苄	biàn
Han-Latin	苅	yì
Han-Latin	苆	qiē
Han-Latin	苇	wěi
Han-Latin	苈	lì
Han-Latin	苉	pǐ
Han-Latin	苊	è
Han-Latin	苋	xiàn
Han-Latin	苌	cháng
Han-Latin	苍	cāng
Han-Latin	苎	zhù
Han-Latin	苏	sū
Han-Latin	苐	tí
Han-Latin	苑	yuàn
Han-Latin	苒	rǎn
Han-Latin	苓	líng
Han-Latin	苔	tái
Han-Latin	苕	sháo
Han-Latin	苖	dí
Han-Latin	苗	miáo
Han-Latin	苘	qǐng
Han-Latin	苙	lì
Han-Latin	苚	yòng
Han-Latin	苛	kē
Han-Latin	苜	mù
Han-Latin	苝	bèi
Han-Latin	苞	bāo
Han-Latin	苟	gǒu
Han-Latin	苠	mín
Han-Latin	苡	yǐ
Han-Latin	苢	yǐ
Han-Latin	苣	jù
Han-Latin	苤	piě
Han-Latin	若	ruò
Han-Latin	苦	kǔ
Han-Latin	苧	níng
Han-Latin	苨	nǐ
Han-Latin	苩	bó
Han-Latin	苪	bǐng
Han-Latin	苫	shān
Han-Latin	苬	xiú
Han-Latin	苭	yǎo
Han-Latin	苮	xiān
Han-Latin	苯	běn
Han-Latin	苰	hóng
Han-Latin	英	yīng
Han-Latin	苲	zhǎ
Han-Latin	苳	dōng
Han-Latin	苴	jū
Han-Latin	苵	dié
Han-Latin	苶	nié
Han-Latin	苷	gān
Han-Latin	苸	hū
Han-Latin	苹	píng
Han-Latin	苺	méi
Han-Latin	苻	fú
Han-Latin	苼	shēng
Han-Latin	苽	gū
Han-Latin	苾	bì
Han-Latin	苿	wèi
Han-Latin	茀	fú
Han-Latin	茁	zhuó
Han-Latin	茂	mào
Han-Latin	范	fàn
Han-Latin	茄	jiā
Han-Latin	茅	máo
Han-Latin	茆	máo
Han-Latin	茇	bá
Han-Latin	茈	cí
Han-Latin	茉	mò
Han-Latin	茊	zī
Han-Latin	茋	dǐ
Han-Latin	茌	chí
Han-Latin	茍	jì
Han-Latin	茎	jīng
Han-Latin	茏	lóng
Han-Latin	茐	cōng
Han-Latin	茑	niǎo
Han-Latin	茒	yuán
Han-Latin	茓	xué
Han-Latin	茔	yíng
Han-Latin	茕	qióng
Han-Latin	茖	gé
Han-Latin	茗	míng
Han-Latin	茘	lì
Han-Latin	茙	róng
Han-Latin	茚	yìn
Han-Latin	茛	gèn
Han-Latin	茜	qiàn
Han-Latin	茝	chǎi
Han-Latin	茞	chén
Han-Latin	茟	yù
Han-Latin	茠	hāo
Han-Latin	茡	zì
Han-Latin	茢	liè
Han-Latin	茣	wú
Han-Latin	茤	jì
Han-Latin	茥	guī
Han-Latin	茦	cì
Han-Latin	茧	jiǎn
Han-Latin	茨	cí
Han-Latin	茩	gòu
Han-Latin	茪	guāng
Han-Latin	茫	máng
Han-Latin	茬	chá
Han-Latin	茭	jiāo
Han-Latin	茮	jiāo
Han-Latin	茯	fú
Han-Latin	茰	yú
Han-Latin	茱	zhū
Han-Latin	茲	zī
Han-Latin	茳	jiāng
Han-Latin	茴	huí
Han-Latin	茵	yīn
Han-Latin	茶	chá
Han-Latin	茷	fá
Han-Latin	茸	róng
Han-Latin	茹	rú
Han-Latin	茺	chōng
Han-Latin	茻	mǎng
Han-Latin	茼	tóng
Han-Latin	茽	zhòng
Han-Latin	茾	qiān
Han-Latin	茿	zhú
Han-Latin	荀	xún
Han-Latin	荁	huán
Han-Latin	荂	fū
Han-Latin	荃	quán
Han-Latin	荄	gāi
Han-Latin	荅	dā
Han-Latin	荆	jīng
Han-Latin	荇	xìng
Han-Latin	荈	chuǎn
Han-Latin	草	cǎo
Han-Latin	荊	jīng
Han-Latin	荋	ér
Han-Latin	荌	àn
Han-Latin	荍	qiáo
Han-Latin	荎	chí
Han-Latin	荏	rěn
Han-Latin	荐	jiàn
Han-Latin	荑	tí
Han-Latin	荒	huāng
Han-Latin	荓	píng
Han-Latin	荔	lì
Han-Latin	荕	jīn
Han-Latin	荖	lǎo
Han-Latin	荗	shù
Han-Latin	荘	zhuāng
Han-Latin	荙	dá
Han-Latin	荚	jiá
Han-Latin	荛	ráo
Han-Latin	荜	bì
Han-Latin	荝	cè
Han-Latin	荞	qiáo
Han-Latin	荟	huì
Han-Latin	荠	jì
Han-Latin	荡	dàng
Han-Latin	荢	zì
Han-Latin	荣	róng
Han-Latin	荤	hūn
Han-Latin	荥	xíng
Han-Latin	荦	luò
Han-Latin	荧	yíng
Han-Latin	荨	xún
Han-Latin	荩	jìn
Han-Latin	荪	sūn
Han-Latin	荫	yīn
Han-Latin	荬	mǎi
Han-Latin	荭	hóng
Han-Latin	荮	zhòu
Han-Latin	药	yào
Han-Latin	荰	dù
Han-Latin	荱	wěi
Han-Latin	荲	lí
Han-Latin	荳	dòu
Han-Latin	荴	fū
Han-Latin	荵	rěn
Han-Latin	荶	yín
Han-Latin	荷	hé
Han-Latin	荸	bí
Han-Latin	荹	bù
Han-Latin	荺	yǔn
Han-Latin	荻	dí
Han-Latin	荼	tú
Han-Latin	荽	suī
Han-Latin	荾	suī
Han-Latin	荿	chéng
Han-Latin	莀	chén
Han-Latin	莁	wú
Han-Latin	莂	bié
Han-Latin	莃	xī
Han-Latin	莄	gěng
Han-Latin	莅	lì
Han-Latin	莆	pú
Han-Latin	莇	zhù
Han-Latin	莈	mò
Han-Latin	莉	lì
Han-Latin	莊	zhuāng
Han-Latin	莋	zuó
Han-Latin	莌	tuō
Han-Latin	莍	qiú
Han-Latin	莎	shā
Han-Latin	莏	suō
Han-Latin	莐	chén
Han-Latin	莑	péng
Han-Latin	莒	jǔ
Han-Latin	莓	méi
Han-Latin	莔	méng
Han-Latin	莕	xìng
Han-Latin	莖	jīng
Han-Latin	莗	chē
Han-Latin	莘	shēn
Han-Latin	莙	jūn
Han-Latin	莚	yán
Han-Latin	莛	tíng
Han-Latin	莜	yóu
Han-Latin	莝	cuò
Han-Latin	莞	guǎn
Han-Latin	莟	hàn
Han-Latin	莠	yǒu
Han-Latin	莡	cuò
Han-Latin	莢	jiá
Han-Latin	莣	wáng
Han-Latin	莤	sù
Han-Latin	莥	niǔ
Han-Latin	莦	shāo
Han-Latin	莧	xiàn
Han-Latin	莨	làng
Han-Latin	莩	fú
Han-Latin	莪	é
Han-Latin	莫	mò
Han-Latin	莬	wèn
Han-Latin	莭	jié
Han-Latin	莮	nán
Han-Latin	莯	mù
Han-Latin	莰	kǎn
Han-Latin	莱	lái
Han-Latin	莲	lián
Han-Latin	莳	shí
Han-Latin	莴	wō
Han-Latin	莵	tù
Han-Latin	莶	xiān
Han-Latin	获	huò
Han-Latin	莸	yóu
Han-Latin	莹	yíng
Han-Latin	莺	yīng
Han-Latin	莻	gòng
Han-Latin	莼	chún
Han-Latin	莽	mǎng
Han-Latin	莾	mǎng
Han-Latin	莿	cì
Han-Latin	菀	wǎn
Han-Latin	菁	jīng
Han-Latin	菂	dì
Han-Latin	菃	qú
Han-Latin	菄	dōng
Han-Latin	菅	jiān
Han-Latin	菆	zōu
Han-Latin	菇	gū
Han-Latin	菈	lā
Han-Latin	菉	lù
Han-Latin	菊	jú
Han-Latin	菋	wèi
Han-Latin	菌	jūn
Han-Latin	菍	niè
Han-Latin	菎	kūn
Han-Latin	菏	hé
Han-Latin	菐	pú
Han-Latin	菑	zāi
Han-Latin	菒	gǎo
Han-Latin	菓	guǒ
Han-Latin	菔	fú
Han-Latin	菕	lún
Han-Latin	菖	chāng
Han-Latin	菗	chóu
Han-Latin	菘	sōng
Han-Latin	菙	chuí
Han-Latin	菚	zhàn
Han-Latin	菛	mén
Han-Latin	菜	cài
Han-Latin	菝	bá
Han-Latin	菞	lí
Han-Latin	菟	tù
Han-Latin	菠	bō
Han-Latin	菡	hàn
Han-Latin	菢	bào
Han-Latin	菣	qìn
Han-Latin	菤	juǎn
Han-Latin	菥	xī
Han-Latin	菦	qín
Han-Latin	菧	dǐ
Han-Latin	菨	jiē
Han-Latin	菩	pú
Han-Latin	菪	dàng
Han-Latin	菫	jǐn
Han-Latin	菬	qiáo
Han-Latin	菭	tái
Han-Latin	菮	gēng
Han-Latin	華	huá
Han-Latin	菰	gū
Han-Latin	菱	líng
Han-Latin	菲	fēi
Han-Latin	菳	qín
Han-Latin	菴	ān
Han-Latin	菵	wǎng
Han-Latin	菶	běng
Han-Latin	菷	zhǒu
Han-Latin	菸	yān
Han-Latin	菹	zū
Han-Latin	菺	jiān
Han-Latin	菻	lǐn
Han-Latin	菼	tǎn
Han-Latin	菽	shū
Han-Latin	菾	tián
Han-Latin	菿	dào
Han-Latin	萀	hǔ
Han-Latin	萁	qí
Han-Latin	萂	hé
Han-Latin	萃	cuì
Han-Latin	萄	táo
Han-Latin	萅	chūn
Han-Latin	萆	bì
Han-Latin	萇	cháng
Han-Latin	萈	huán
Han-Latin	萉	fèi
Han-Latin	萊	lái
Han-Latin	萋	qī
Han-Latin	萌	méng
Han-Latin	萍	píng
Han-Latin	萎	wěi
Han-Latin	萏	dàn
Han-Latin	萐	shà
Han-Latin	萑	huán
Han-Latin	萒	yǎn
Han-Latin	萓	yí
Han-Latin	萔	tiáo
Han-Latin	萕	qí
Han-Latin	萖	wǎn
Han-Latin	萗	cè
Han-Latin	萘	nài
Han-Latin	萙	zhěn
Han-Latin	萚	tuò
Han-Latin	萛	jiū
Han-Latin	萜	tiē
Han-Latin	萝	luó
Han-Latin	萞	bì
Han-Latin	萟	yì
Han-Latin	萠	pān
Han-Latin	萡	bó
Han-Latin	萢	pāo
Han-Latin	萣	dìng
Han-Latin	萤	yíng
Han-Latin	营	yíng
Han-Latin	萦	yíng
Han-Latin	萧	xiāo
Han-Latin	萨	sà
Han-Latin	萩	qiū
Han-Latin	萪	kē
Han-Latin	萫	xiàng
Han-Latin	萬	wàn
Han-Latin	萭	yǔ
Han-Latin	萮	yú
Han-Latin	萯	fù
Han-Latin	萰	liàn
Han-Latin	萱	xuān
Han-Latin	萲	xuān
Han-Latin	萳	nán
Han-Latin	萴	cè
Han-Latin	萵	wō
Han-Latin	萶	chǔn
Han-Latin	萷	xiāo
Han-Latin	萸	yú
Han-Latin	萹	biān
Han-Latin	萺	mào
Han-Latin	萻	ān
Han-Latin	萼	è
Han-Latin	落	luò
Han-Latin	萾	yíng
Han-Latin	萿	kuò
Han-Latin	葀	kuò
Han-Latin	葁	jiāng
Han-Latin	葂	miǎn
Han-Latin	葃	zuò
Han-Latin	葄	zuò
Han-Latin	葅	zū
Han-Latin	葆	bǎo
Han-Latin	葇	róu
Han-Latin	葈	xǐ
Han-Latin	葉	yè
Han-Latin	葊	ān
Han-Latin	葋	qú
Han-Latin	葌	jiān
Han-Latin	葍	fú
Han-Latin	葎	lǜ
Han-Latin	葏	jīng
Han-Latin	葐	pén
Han-Latin	葑	fēng
Han-Latin	葒	hóng
Han-Latin	葓	hóng
Han-Latin	葔	hóu
Han-Latin	葕	yàn
Han-Latin	葖	tū
Han-Latin	著	zhù
Han-Latin	葘	zī
Han-Latin	葙	xiāng
Han-Latin	葚	rèn
Han-Latin	葛	gé
Han-Latin	葜	qiā
Han-Latin	葝	qíng
Han-Latin	葞	mǐ
Han-Latin	葟	huáng
Han-Latin	葠	shēn
Han-Latin	葡	pú
Han-Latin	葢	gài
Han-Latin	董	dǒng
Han-Latin	葤	zhòu
Han-Latin	葥	jiàn
Han-Latin	葦	wěi
Han-Latin	葧	bó
Han-Latin	葨	wēi
Han-Latin	葩	pā
Han-Latin	葪	jì
Han-Latin	葫	hú
Han-Latin	葬	zàng
Han-Latin	葭	jiā
Han-Latin	葮	duàn
Han-Latin	葯	yào
Han-Latin	葰	jùn
Han-Latin	葱	cōng
Han-Latin	葲	quán
Han-Latin	葳	wēi
Han-Latin	葴	zhēn
Han-Latin	葵	kuí
Han-Latin	葶	tíng
Han-Latin	葷	hūn
Han-Latin	葸	xǐ
Han-Latin	葹	shī
Han-Latin	葺	qì
Han-Latin	葻	lán
Han-Latin	葼	zōng
Han-Latin	葽	yāo
Han-Latin	葾	yuān
Han-Latin	葿	méi
Han-Latin	蒀	yūn
Han-Latin	蒁	shù
Han-Latin	蒂	dì
Han-Latin	蒃	zhuàn
Han-Latin	蒄	guān
Han-Latin	蒅	rǎn
Han-Latin	蒆	xuē
Han-Latin	蒇	chǎn
Han-Latin	蒈	kǎi
Han-Latin	蒉	kuì
Han-Latin	蒊	huā
Han-Latin	蒋	jiǎng
Han-Latin	蒌	lóu
Han-Latin	蒍	wěi
Han-Latin	蒎	pài
Han-Latin	蒏	yòng
Han-Latin	蒐	sōu
Han-Latin	蒑	yīn
Han-Latin	蒒	shī
Han-Latin	蒓	chún
Han-Latin	蒔	shí
Han-Latin	蒕	yūn
Han-Latin	蒖	zhēn
Han-Latin	蒗	làng
Han-Latin	蒘	rú
Han-Latin	蒙	méng
Han-Latin	蒚	lì
Han-Latin	蒛	quē
Han-Latin	蒜	suàn
Han-Latin	蒝	yuán
Han-Latin	蒞	lì
Han-Latin	蒟	jǔ
Han-Latin	蒠	xī
Han-Latin	蒡	bàng
Han-Latin	蒢	chú
Han-Latin	蒣	xú
Han-Latin	蒤	tú
Han-Latin	蒥	liú
Han-Latin	蒦	huò
Han-Latin	蒧	diǎn
Han-Latin	蒨	qiàn
Han-Latin	蒩	zū
Han-Latin	蒪	pò
Han-Latin	蒫	cuó
Han-Latin	蒬	yuān
Han-Latin	蒭	chú
Han-Latin	蒮	yù
Han-Latin	蒯	kuǎi
Han-Latin	蒰	pán
Han-Latin	蒱	pú
Han-Latin	蒲	pú
Han-Latin	蒳	nà
Han-Latin	蒴	shuò
Han-Latin	蒵	xí
Han-Latin	蒶	fén
Han-Latin	蒷	yún
Han-Latin	蒸	zhēng
Han-Latin	蒹	jiān
Han-Latin	蒺	jí
Han-Latin	蒻	ruò
Han-Latin	蒼	cāng
Han-Latin	蒽	ēn
Han-Latin	蒾	mí
Han-Latin	蒿	hāo
Han-Latin	蓀	sūn
Han-Latin	蓁	zhēn
Han-Latin	蓂	míng
Han-Latin	蓃	sōu
Han-Latin	蓄	xù
Han-Latin	蓅	liú
Han-Latin	蓆	xí
Han-Latin	蓇	gū
Han-Latin	蓈	láng
Han-Latin	蓉	róng
Han-Latin	蓊	wěng
Han-Latin	蓋	gài
Han-Latin	蓌	cuò
Han-Latin	蓍	shī
Han-Latin	蓎	táng
Han-Latin	蓏	luǒ
Han-Latin	蓐	rù
Han-Latin	蓑	suō
Han-Latin	蓒	xuān
Han-Latin	蓓	bèi
Han-Latin	蓔	yǎo
Han-Latin	蓕	guì
Han-Latin	蓖	bì
Han-Latin	蓗	zǒng
Han-Latin	蓘	gǔn
Han-Latin	蓙	zuò
Han-Latin	蓚	tiáo
Han-Latin	蓛	cè
Han-Latin	蓜	pèi
Han-Latin	蓝	lán
Han-Latin	蓞	dàn
Han-Latin	蓟	jì
Han-Latin	蓠	lí
Han-Latin	蓡	shēn
Han-Latin	蓢	lǎng
Han-Latin	蓣	yù
Han-Latin	蓤	líng
Han-Latin	蓥	yíng
Han-Latin	蓦	mò
Han-Latin	蓧	diào
Han-Latin	蓨	tiáo
Han-Latin	蓩	mǎo
Han-Latin	蓪	tōng
Han-Latin	蓫	chù
Han-Latin	蓬	péng
Han-Latin	蓭	ān
Han-Latin	蓮	lián
Han-Latin	蓯	cōng
Han-Latin	蓰	xǐ
Han-Latin	蓱	píng
Han-Latin	蓲	qiū
Han-Latin	蓳	jǐn
Han-Latin	蓴	chún
Han-Latin	蓵	jié
Han-Latin	蓶	wéi
Han-Latin	蓷	tuī
Han-Latin	蓸	cáo
Han-Latin	蓹	yù
Han-Latin	蓺	yì
Han-Latin	蓻	zí
Han-Latin	蓼	liǎo
Han-Latin	蓽	bì
Han-Latin	蓾	lǔ
Han-Latin	蓿	xu
Han-Latin	蔀	bù
Han-Latin	蔁	zhāng
Han-Latin	蔂	léi
Han-Latin	蔃	qiáng
Han-Latin	蔄	màn
Han-Latin	蔅	yán
Han-Latin	蔆	líng
Han-Latin	蔇	jì
Han-Latin	蔈	piào
Han-Latin	蔉	gǔn
Han-Latin	蔊	hǎn
Han-Latin	蔋	dí
Han-Latin	蔌	sù
Han-Latin	蔍	lù
Han-Latin	蔎	shè
Han-Latin	蔏	shāng
Han-Latin	蔐	dí
Han-Latin	蔑	miè
Han-Latin	蔒	xūn
Han-Latin	蔓	màn
Han-Latin	蔔	bó
Han-Latin	蔕	dì
Han-Latin	蔖	cuó
Han-Latin	蔗	zhè
Han-Latin	蔘	shēn
Han-Latin	蔙	xuàn
Han-Latin	蔚	wèi
Han-Latin	蔛	hú
Han-Latin	蔜	áo
Han-Latin	蔝	mǐ
Han-Latin	蔞	lóu
Han-Latin	蔟	cù
Han-Latin	蔠	zhōng
Han-Latin	蔡	cài
Han-Latin	蔢	pó
Han-Latin	蔣	jiǎng
Han-Latin	蔤	mì
Han-Latin	蔥	cōng
Han-Latin	蔦	niǎo
Han-Latin	蔧	huì
Han-Latin	蔨	juàn
Han-Latin	蔩	yín
Han-Latin	蔪	jiàn
Han-Latin	蔫	niān
Han-Latin	蔬	shū
Han-Latin	蔭	yīn
Han-Latin	蔮	guó
Han-Latin	蔯	chén
Han-Latin	蔰	hù
Han-Latin	蔱	shā
Han-Latin	蔲	kòu
Han-Latin	蔳	qiàn
Han-Latin	蔴	má
Han-Latin	蔵	zāng
Han-Latin	蔶	zé
Han-Latin	蔷	qiáng
Han-Latin	蔸	dōu
Han-Latin	蔹	liǎn
Han-Latin	蔺	lìn
Han-Latin	蔻	kòu
Han-Latin	蔼	ǎi
Han-Latin	蔽	bì
Han-Latin	蔾	lí
Han-Latin	蔿	wěi
Han-Latin	蕀	jí
Han-Latin	蕁	qián
Han-Latin	蕂	shèng
Han-Latin	蕃	bō
Han-Latin	蕄	méng
Han-Latin	蕅	ǒu
Han-Latin	蕆	chǎn
Han-Latin	蕇	diǎn
Han-Latin	蕈	xùn
Han-Latin	蕉	jiāo
Han-Latin	蕊	ruǐ
Han-Latin	蕋	ruǐ
Han-Latin	蕌	lěi
Han-Latin	蕍	yú
Han-Latin	蕎	qiáo
Han-Latin	蕏	chú
Han-Latin	蕐	huá
Han-Latin	蕑	jiān
Han-Latin	蕒	mǎi
Han-Latin	蕓	yún
Han-Latin	蕔	bāo
Han-Latin	蕕	yóu
Han-Latin	蕖	qú
Han-Latin	蕗	lù
Han-Latin	蕘	ráo
Han-Latin	蕙	huì
Han-Latin	蕚	è
Han-Latin	蕛	tí
Han-Latin	蕜	fěi
Han-Latin	蕝	jué
Han-Latin	蕞	zuì
Han-Latin	蕟	fà
Han-Latin	蕠	rú
Han-Latin	蕡	fén
Han-Latin	蕢	kuì
Han-Latin	蕣	shùn
Han-Latin	蕤	ruí
Han-Latin	蕥	yǎ
Han-Latin	蕦	xū
Han-Latin	蕧	fù
Han-Latin	蕨	jué
Han-Latin	蕩	dàng
Han-Latin	蕪	wú
Han-Latin	蕫	dǒng
Han-Latin	蕬	sī
Han-Latin	蕭	xiāo
Han-Latin	蕮	xì
Han-Latin	蕯	lóng
Han-Latin	蕰	wēn
Han-Latin	蕱	shāo
Han-Latin	蕲	qí
Han-Latin	蕳	jiān
Han-Latin	蕴	yùn
Han-Latin	蕵	sūn
Han-Latin	蕶	líng
Han-Latin	蕷	yù
Han-Latin	蕸	xiá
Han-Latin	蕹	wèng
Han-Latin	蕺	jí
Han-Latin	蕻	hóng
Han-Latin	蕼	sì
Han-Latin	蕽	nóng
Han-Latin	蕾	lěi
Han-Latin	蕿	xuān
Han-Latin	薀	yùn
Han-Latin	薁	ào
Han-Latin	薂	xí
Han-Latin	薃	hào
Han-Latin	薄	báo
Han-Latin	薅	hāo
Han-Latin	薆	ài
Han-Latin	薇	wēi
Han-Latin	薈	huì
Han-Latin	薉	huì
Han-Latin	薊	jì
Han-Latin	薋	cí
Han-Latin	薌	xiāng
Han-Latin	薍	wàn
Han-Latin	薎	miè
Han-Latin	薏	yì
Han-Latin	薐	léng
Han-Latin	薑	jiāng
Han-Latin	薒	càn
Han-Latin	薓	shēn
Han-Latin	薔	qiáng
Han-Latin	薕	lián
Han-Latin	薖	kē
Han-Latin	薗	yuán
Han-Latin	薘	dá
Han-Latin	薙	tì
Han-Latin	薚	tāng
Han-Latin	薛	xuē
Han-Latin	薜	bì
Han-Latin	薝	zhān
Han-Latin	薞	sūn
Han-Latin	薟	xiān
Han-Latin	薠	fán
Han-Latin	薡	dǐng
Han-Latin	薢	xiè
Han-Latin	薣	gǔ
Han-Latin	薤	xiè
Han-Latin	薥	shǔ
Han-Latin	薦	jiàn
Han-Latin	薧	hāo
Han-Latin	薨	hōng
Han-Latin	薩	sà
Han-Latin	薪	xīn
Han-Latin	薫	xūn
Han-Latin	薬	yào
Han-Latin	薭	bài
Han-Latin	薮	sǒu
Han-Latin	薯	shǔ
Han-Latin	薰	xūn
Han-Latin	薱	duì
Han-Latin	薲	pín
Han-Latin	薳	wěi
Han-Latin	薴	níng
Han-Latin	薵	chóu
Han-Latin	薶	mái
Han-Latin	薷	rú
Han-Latin	薸	piáo
Han-Latin	薹	tái
Han-Latin	薺	jì
Han-Latin	薻	zǎo
Han-Latin	薼	chén
Han-Latin	薽	zhēn
Han-Latin	薾	ěr
Han-Latin	薿	nǐ
Han-Latin	藀	yíng
Han-Latin	藁	gǎo
Han-Latin	藂	cóng
Han-Latin	藃	xiāo
Han-Latin	藄	qí
Han-Latin	藅	fá
Han-Latin	藆	jiǎn
Han-Latin	藇	xù
Han-Latin	藈	kuí
Han-Latin	藉	jí
Han-Latin	藊	biǎn
Han-Latin	藋	diào
Han-Latin	藌	mì
Han-Latin	藍	lán
Han-Latin	藎	jìn
Han-Latin	藏	cáng
Han-Latin	藐	miǎo
Han-Latin	藑	qióng
Han-Latin	藒	qiè
Han-Latin	藓	xiǎn
Han-Latin	藔	liáo
Han-Latin	藕	ǒu
Han-Latin	藖	xián
Han-Latin	藗	sù
Han-Latin	藘	lǘ
Han-Latin	藙	yì
Han-Latin	藚	xù
Han-Latin	藛	xiě
Han-Latin	藜	lí
Han-Latin	藝	yì
Han-Latin	藞	lǎ
Han-Latin	藟	lěi
Han-Latin	藠	jiào
Han-Latin	藡	dí
Han-Latin	藢	zhǐ
Han-Latin	藣	bēi
Han-Latin	藤	téng
Han-Latin	藥	yào
Han-Latin	藦	mó
Han-Latin	藧	huàn
Han-Latin	藨	biāo
Han-Latin	藩	fān
Han-Latin	藪	sǒu
Han-Latin	藫	tán
Han-Latin	藬	tuī
Han-Latin	藭	qióng
Han-Latin	藮	qiáo
Han-Latin	藯	wèi
Han-Latin	藰	liú
Han-Latin	藱	huì
Han-Latin	藲	ōu
Han-Latin	藳	gǎo
Han-Latin	藴	yùn
Han-Latin	藵	bǎo
Han-Latin	藶	lì
Han-Latin	藷	shǔ
Han-Latin	藸	chú
Han-Latin	藹	ǎi
Han-Latin	藺	lìn
Han-Latin	藻	zǎo
Han-Latin	藼	xuān
Han-Latin	藽	qìn
Han-Latin	藾	lài
Han-Latin	藿	huò
Han-Latin	蘀	tuò
Han-Latin	蘁	wù
Han-Latin	蘂	ruǐ
Han-Latin	蘃	ruǐ
Han-Latin	蘄	qí
Han-Latin	蘅	héng
Han-Latin	蘆	lú
Han-Latin	蘇	sū
Han-Latin	蘈	tuí
Han-Latin	蘉	méng
Han-Latin	蘊	yùn
Han-Latin	蘋	píng
Han-Latin	蘌	yǔ
Han-Latin	蘍	xūn
Han-Latin	蘎	jì
Han-Latin	蘏	jiōng
Han-Latin	蘐	xuān
Han-Latin	蘑	mó
Han-Latin	蘒	qiū
Han-Latin	蘓	sū
Han-Latin	蘔	jiōng
Han-Latin	蘕	péng
Han-Latin	蘖	niè
Han-Latin	蘗	bò
Han-Latin	蘘	ráng
Han-Latin	蘙	yì
Han-Latin	蘚	xiǎn
Han-Latin	蘛	yú
Han-Latin	蘜	jú
Han-Latin	蘝	liǎn
Han-Latin	蘞	liǎn
Han-Latin	蘟	yǐn
Han-Latin	蘠	qiáng
Han-Latin	蘡	yīng
Han-Latin	蘢	lóng
Han-Latin	蘣	tǒu
Han-Latin	蘤	huā
Han-Latin	蘥	yuè
Han-Latin	蘦	líng
Han-Latin	蘧	qú
Han-Latin	蘨	yáo
Han-Latin	蘩	fán
Han-Latin	蘪	méi
Han-Latin	蘫	hàn
Han-Latin	蘬	kuī
Han-Latin	蘭	lán
Han-Latin	蘮	jì
Han-Latin	蘯	dàng
Han-Latin	蘰	màn
Han-Latin	蘱	lèi
Han-Latin	蘲	léi
Han-Latin	蘳	huī
Han-Latin	蘴	fēng
Han-Latin	蘵	zhī
Han-Latin	蘶	wèi
Han-Latin	蘷	kuí
Han-Latin	蘸	zhàn
Han-Latin	蘹	huái
Han-Latin	蘺	lí
Han-Latin	蘻	jì
Han-Latin	蘼	mí
Han-Latin	蘽	lěi
Han-Latin	蘾	huài
Han-Latin	蘿	luó
Han-Latin	虀	jī
Han-Latin	虁	kuí
Han-Latin	虂	lù
Han-Latin	虃	jiān
Han-Latin	虄	sà
Han-Latin	虅	téng
Han-Latin	虆	léi
Han-Latin	虇	quǎn
Han-Latin	虈	xiāo
Han-Latin	虉	yì
Han-Latin	虊	luán
Han-Latin	虋	mén
Han-Latin	虌	biē
Han-Latin	虍	hū
Han-Latin	虎	hǔ
Han-Latin	虏	lǔ
Han-Latin	虐	nüè
Han-Latin	虑	lǜ
Han-Latin	虒	sī
Han-Latin	虓	xiāo
Han-Latin	虔	qián
Han-Latin	處	chù
Han-Latin	虖	hū
Han-Latin	虗	xū
Han-Latin	虘	cuó
Han-Latin	虙	fú
Han-Latin	虚	xū
Han-Latin	虛	xū
Han-Latin	虜	lǔ
Han-Latin	虝	hǔ
Han-Latin	虞	yú
Han-Latin	號	hào
Han-Latin	虠	jiāo
Han-Latin	虡	jù
Han-Latin	虢	guó
Han-Latin	虣	bào
Han-Latin	虤	yán
Han-Latin	虥	zhàn
Han-Latin	虦	zhàn
Han-Latin	虧	kuī
Han-Latin	虨	bīn
Han-Latin	虩	xì
Han-Latin	虪	shù
Han-Latin	虫	chóng
Han-Latin	虬	qiú
Han-Latin	虭	diāo
Han-Latin	虮	jǐ
Han-Latin	虯	qiú
Han-Latin	虰	dīng
Han-Latin	虱	shī
Han-Latin	虲	xiā
Han-Latin	虳	jué
Han-Latin	虴	zhé
Han-Latin	虵	shé
Han-Latin	虶	yū
Han-Latin	虷	hán
Han-Latin	虸	zǐ
Han-Latin	虹	hóng
Han-Latin	虺	huǐ
Han-Latin	虻	méng
Han-Latin	虼	gè
Han-Latin	虽	suī
Han-Latin	虾	xiā
Han-Latin	虿	chài
Han-Latin	蚀	shí
Han-Latin	蚁	yǐ
Han-Latin	蚂	mǎ
Han-Latin	蚃	xiǎng
Han-Latin	蚄	fāng
Han-Latin	蚅	è
Han-Latin	蚆	bā
Han-Latin	蚇	chǐ
Han-Latin	蚈	qiān
Han-Latin	蚉	wén
Han-Latin	蚊	wén
Han-Latin	蚋	ruì
Han-Latin	蚌	bàng
Han-Latin	蚍	pí
Han-Latin	蚎	yuè
Han-Latin	蚏	yuè
Han-Latin	蚐	jūn
Han-Latin	蚑	qí
Han-Latin	蚒	tóng
Han-Latin	蚓	yǐn
Han-Latin	蚔	qí
Han-Latin	蚕	cán
Han-Latin	蚖	yuán
Han-Latin	蚗	jué
Han-Latin	蚘	huí
Han-Latin	蚙	qín
Han-Latin	蚚	qí
Han-Latin	蚛	zhòng
Han-Latin	蚜	yá
Han-Latin	蚝	háo
Han-Latin	蚞	mù
Han-Latin	蚟	wáng
Han-Latin	蚠	fén
Han-Latin	蚡	fén
Han-Latin	蚢	háng
Han-Latin	蚣	gōng
Han-Latin	蚤	zǎo
Han-Latin	蚥	fù
Han-Latin	蚦	rán
Han-Latin	蚧	jiè
Han-Latin	蚨	fú
Han-Latin	蚩	chī
Han-Latin	蚪	dǒu
Han-Latin	蚫	bào
Han-Latin	蚬	xiǎn
Han-Latin	蚭	ní
Han-Latin	蚮	dài
Han-Latin	蚯	qiū
Han-Latin	蚰	yóu
Han-Latin	蚱	zhà
Han-Latin	蚲	píng
Han-Latin	蚳	chí
Han-Latin	蚴	yòu
Han-Latin	蚵	hé
Han-Latin	蚶	hān
Han-Latin	蚷	jù
Han-Latin	蚸	lì
Han-Latin	蚹	fù
Han-Latin	蚺	rán
Han-Latin	蚻	zhá
Han-Latin	蚼	gǒu
Han-Latin	蚽	pí
Han-Latin	蚾	pí
Han-Latin	蚿	xián
Han-Latin	蛀	zhù
Han-Latin	蛁	diāo
Han-Latin	蛂	bié
Han-Latin	蛃	bǐng
Han-Latin	蛄	gū
Han-Latin	蛅	zhān
Han-Latin	蛆	qū
Han-Latin	蛇	shé
Han-Latin	蛈	tiě
Han-Latin	蛉	líng
Han-Latin	蛊	gǔ
Han-Latin	蛋	dàn
Han-Latin	蛌	gǔ
Han-Latin	蛍	yíng
Han-Latin	蛎	lì
Han-Latin	蛏	chēng
Han-Latin	蛐	qū
Han-Latin	蛑	móu
Han-Latin	蛒	gé
Han-Latin	蛓	cì
Han-Latin	蛔	huí
Han-Latin	蛕	huí
Han-Latin	蛖	máng
Han-Latin	蛗	fù
Han-Latin	蛘	yáng
Han-Latin	蛙	wā
Han-Latin	蛚	liè
Han-Latin	蛛	zhū
Han-Latin	蛜	yī
Han-Latin	蛝	xián
Han-Latin	蛞	kuò
Han-Latin	蛟	jiāo
Han-Latin	蛠	lì
Han-Latin	蛡	yì
Han-Latin	蛢	píng
Han-Latin	蛣	qī
Han-Latin	蛤	há
Han-Latin	蛥	shé
Han-Latin	蛦	yí
Han-Latin	蛧	wǎng
Han-Latin	蛨	mò
Han-Latin	蛩	qióng
Han-Latin	蛪	qiè
Han-Latin	蛫	guǐ
Han-Latin	蛬	qióng
Han-Latin	蛭	zhì
Han-Latin	蛮	mán
Han-Latin	蛯	lǎo
Han-Latin	蛰	zhé
Han-Latin	蛱	jiá
Han-Latin	蛲	náo
Han-Latin	蛳	sī
Han-Latin	蛴	qí
Han-Latin	蛵	xīng
Han-Latin	蛶	jiè
Han-Latin	蛷	qiú
Han-Latin	蛸	shāo
Han-Latin	蛹	yǒng
Han-Latin	蛺	jiá
Han-Latin	蛻	tuì
Han-Latin	蛼	chē
Han-Latin	蛽	bèi
Han-Latin	蛾	é
Han-Latin	蛿	hàn
Han-Latin	蜀	shǔ
Han-Latin	蜁	xuán
Han-Latin	蜂	fēng
Han-Latin	蜃	shèn
Han-Latin	蜄	shèn
Han-Latin	蜅	fǔ
Han-Latin	蜆	xiàn
Han-Latin	蜇	zhē
Han-Latin	蜈	wú
Han-Latin	蜉	fú
Han-Latin	蜊	lí
Han-Latin	蜋	láng
Han-Latin	蜌	bì
Han-Latin	蜍	chú
Han-Latin	蜎	yuān
Han-Latin	蜏	yǒu
Han-Latin	蜐	jié
Han-Latin	蜑	dàn
Han-Latin	蜒	yán
Han-Latin	蜓	tíng
Han-Latin	蜔	diàn
Han-Latin	蜕	tuì
Han-Latin	蜖	huí
Han-Latin	蜗	wō
Han-Latin	蜘	zhī
Han-Latin	蜙	sōng
Han-Latin	蜚	fēi
Han-Latin	蜛	jū
Han-Latin	蜜	mì
Han-Latin	蜝	qí
Han-Latin	蜞	qí
Han-Latin	蜟	yù
Han-Latin	蜠	jùn
Han-Latin	蜡	là
Han-Latin	蜢	měng
Han-Latin	蜣	qiāng
Han-Latin	蜤	sī
Han-Latin	蜥	xī
Han-Latin	蜦	lún
Han-Latin	蜧	lì
Han-Latin	蜨	dié
Han-Latin	蜩	tiáo
Han-Latin	蜪	táo
Han-Latin	蜫	kūn
Han-Latin	蜬	hán
Han-Latin	蜭	hàn
Han-Latin	蜮	yù
Han-Latin	蜯	bàng
Han-Latin	蜰	féi
Han-Latin	蜱	pí
Han-Latin	蜲	wēi
Han-Latin	蜳	dūn
Han-Latin	蜴	yì
Han-Latin	蜵	yuān
Han-Latin	蜶	suò
Han-Latin	蜷	quán
Han-Latin	蜸	qiǎn
Han-Latin	蜹	ruì
Han-Latin	蜺	ní
Han-Latin	蜻	qīng
Han-Latin	蜼	wèi
Han-Latin	蜽	liǎng
Han-Latin	蜾	guǒ
Han-Latin	蜿	wān
Han-Latin	蝀	dōng
Han-Latin	蝁	è
Han-Latin	蝂	bǎn
Han-Latin	蝃	dì
Han-Latin	蝄	wǎng
Han-Latin	蝅	cán
Han-Latin	蝆	yǎng
Han-Latin	蝇	yíng
Han-Latin	蝈	guō
Han-Latin	蝉	chán
Han-Latin	蝊	dìng
Han-Latin	蝋	là
Han-Latin	蝌	kē
Han-Latin	蝍	jié
Han-Latin	蝎	xiē
Han-Latin	蝏	tíng
Han-Latin	蝐	mào
Han-Latin	蝑	xū
Han-Latin	蝒	mián
Han-Latin	蝓	yú
Han-Latin	蝔	jiē
Han-Latin	蝕	shí
Han-Latin	蝖	xuān
Han-Latin	蝗	huáng
Han-Latin	蝘	yǎn
Han-Latin	蝙	biān
Han-Latin	蝚	róu
Han-Latin	蝛	wēi
Han-Latin	蝜	fù
Han-Latin	蝝	yuán
Han-Latin	蝞	mèi
Han-Latin	蝟	wèi
Han-Latin	蝠	fú
Han-Latin	蝡	rú
Han-Latin	蝢	xié
Han-Latin	蝣	yóu
Han-Latin	蝤	qiú
Han-Latin	蝥	máo
Han-Latin	蝦	xiā
Han-Latin	蝧	yīng
Han-Latin	蝨	shī
Han-Latin	蝩	chóng
Han-Latin	蝪	tāng
Han-Latin	蝫	zhū
Han-Latin	蝬	zōng
Han-Latin	蝭	tí
Han-Latin	蝮	fù
Han-Latin	蝯	yuán
Han-Latin	蝰	kuí
Han-Latin	蝱	méng
Han-Latin	蝲	là
Han-Latin	蝳	dú
Han-Latin	蝴	hú
Han-Latin	蝵	qiū
Han-Latin	蝶	dié
Han-Latin	蝷	lì
Han-Latin	蝸	wō
Han-Latin	蝹	yūn
Han-Latin	蝺	qǔ
Han-Latin	蝻	nǎn
Han-Latin	蝼	lóu
Han-Latin	蝽	chūn
Han-Latin	蝾	róng
Han-Latin	蝿	yíng
Han-Latin	螀	jiāng
Han-Latin	螁	tuì
Han-Latin	螂	láng
Han-Latin	螃	páng
Han-Latin	螄	sī
Han-Latin	螅	xī
Han-Latin	螆	cì
Han-Latin	螇	xī
Han-Latin	螈	yuán
Han-Latin	螉	wēng
Han-Latin	螊	lián
Han-Latin	螋	sōu
Han-Latin	螌	bān
Han-Latin	融	róng
Han-Latin	螎	róng
Han-Latin	螏	jí
Han-Latin	螐	wū
Han-Latin	螑	xiù
Han-Latin	螒	hàn
Han-Latin	螓	qín
Han-Latin	螔	yí
Han-Latin	螕	bī
Han-Latin	螖	huá
Han-Latin	螗	táng
Han-Latin	螘	yǐ
Han-Latin	螙	dù
Han-Latin	螚	nài
Han-Latin	螛	hé
Han-Latin	螜	hú
Han-Latin	螝	guī
Han-Latin	螞	mǎ
Han-Latin	螟	míng
Han-Latin	螠	yì
Han-Latin	螡	wén
Han-Latin	螢	yíng
Han-Latin	螣	téng
Han-Latin	螤	zhōng
Han-Latin	螥	cāng
Han-Latin	螦	sāo
Han-Latin	螧	qí
Han-Latin	螨	mǎn
Han-Latin	螩	dāo
Han-Latin	螪	shāng
Han-Latin	螫	shì
Han-Latin	螬	cáo
Han-Latin	螭	chī
Han-Latin	螮	dì
Han-Latin	螯	áo
Han-Latin	螰	lù
Han-Latin	螱	wèi
Han-Latin	螲	zhì
Han-Latin	螳	táng
Han-Latin	螴	chén
Han-Latin	螵	piāo
Han-Latin	螶	qú
Han-Latin	螷	pí
Han-Latin	螸	yú
Han-Latin	螹	jiàn
Han-Latin	螺	luó
Han-Latin	螻	lóu
Han-Latin	螼	qǐn
Han-Latin	螽	zhōng
Han-Latin	螾	yǐn
Han-Latin	螿	jiāng
Han-Latin	蟀	shuài
Han-Latin	蟁	wén
Han-Latin	蟂	xiāo
Han-Latin	蟃	wàn
Han-Latin	蟄	zhé
Han-Latin	蟅	zhè
Han-Latin	蟆	má
Han-Latin	蟇	má
Han-Latin	蟈	guō
Han-Latin	蟉	liú
Han-Latin	蟊	máo
Han-Latin	蟋	xī
Han-Latin	蟌	cōng
Han-Latin	蟍	lí
Han-Latin	蟎	mǎn
Han-Latin	蟏	xiāo
Han-Latin	蟐	cháng
Han-Latin	蟑	zhāng
Han-Latin	蟒	mǎng
Han-Latin	蟓	xiàng
Han-Latin	蟔	mò
Han-Latin	蟕	zuī
Han-Latin	蟖	sī
Han-Latin	蟗	qiū
Han-Latin	蟘	tè
Han-Latin	蟙	zhí
Han-Latin	蟚	péng
Han-Latin	蟛	péng
Han-Latin	蟜	jiǎo
Han-Latin	蟝	qú
Han-Latin	蟞	biē
Han-Latin	蟟	liáo
Han-Latin	蟠	pán
Han-Latin	蟡	guǐ
Han-Latin	蟢	xǐ
Han-Latin	蟣	jǐ
Han-Latin	蟤	zhuān
Han-Latin	蟥	huáng
Han-Latin	蟦	féi
Han-Latin	蟧	láo
Han-Latin	蟨	jué
Han-Latin	蟩	jué
Han-Latin	蟪	huì
Han-Latin	蟫	yín
Han-Latin	蟬	chán
Han-Latin	蟭	jiāo
Han-Latin	蟮	shàn
Han-Latin	蟯	náo
Han-Latin	蟰	xiāo
Han-Latin	蟱	wú
Han-Latin	蟲	chóng
Han-Latin	蟳	xún
Han-Latin	蟴	sī
Han-Latin	蟵	chú
Han-Latin	蟶	chēng
Han-Latin	蟷	dāng
Han-Latin	蟸	lǐ
Han-Latin	蟹	xiè
Han-Latin	蟺	shàn
Han-Latin	蟻	yǐ
Han-Latin	蟼	jǐng
Han-Latin	蟽	dá
Han-Latin	蟾	chán
Han-Latin	蟿	qì
Han-Latin	蠀	cī
Han-Latin	蠁	xiǎng
Han-Latin	蠂	shè
Han-Latin	蠃	luǒ
Han-Latin	蠄	qín
Han-Latin	蠅	yíng
Han-Latin	蠆	chài
Han-Latin	蠇	lì
Han-Latin	蠈	zéi
Han-Latin	蠉	xuān
Han-Latin	蠊	lián
Han-Latin	蠋	zhú
Han-Latin	蠌	zé
Han-Latin	蠍	xiē
Han-Latin	蠎	mǎng
Han-Latin	蠏	xiè
Han-Latin	蠐	qí
Han-Latin	蠑	róng
Han-Latin	蠒	jiǎn
Han-Latin	蠓	měng
Han-Latin	蠔	háo
Han-Latin	蠕	rú
Han-Latin	蠖	huò
Han-Latin	蠗	zhuó
Han-Latin	蠘	jié
Han-Latin	蠙	pín
Han-Latin	蠚	hē
Han-Latin	蠛	miè
Han-Latin	蠜	fán
Han-Latin	蠝	lěi
Han-Latin	蠞	jié
Han-Latin	蠟	là
Han-Latin	蠠	mǐn
Han-Latin	蠡	lí
Han-Latin	蠢	chǔn
Han-Latin	蠣	lì
Han-Latin	蠤	qiū
Han-Latin	蠥	niè
Han-Latin	蠦	lú
Han-Latin	蠧	dù
Han-Latin	蠨	xiāo
Han-Latin	蠩	zhū
Han-Latin	蠪	lóng
Han-Latin	蠫	lí
Han-Latin	蠬	lóng
Han-Latin	蠭	fēng
Han-Latin	蠮	yē
Han-Latin	蠯	pí
Han-Latin	蠰	náng
Han-Latin	蠱	gǔ
Han-Latin	蠲	juān
Han-Latin	蠳	yīng
Han-Latin	蠴	shǔ
Han-Latin	蠵	xī
Han-Latin	蠶	cán
Han-Latin	蠷	qú
Han-Latin	蠸	quán
Han-Latin	蠹	dù
Han-Latin	蠺	cán
Han-Latin	蠻	mán
Han-Latin	蠼	qú
Han-Latin	蠽	jié
Han-Latin	蠾	zhú
Han-Latin	蠿	zhuō
Han-Latin	血	xuè
Han-Latin	衁	huāng
Han-Latin	衂	nǜ
Han-Latin	衃	pēi
Han-Latin	衄	nǜ
Han-Latin	衅	xìn
Han-Latin	衆	zhòng
Han-Latin	衇	mài
Han-Latin	衈	èr
Han-Latin	衉	kā
Han-Latin	衊	miè
Han-Latin	衋	xì
Han-Latin	行	xíng
Han-Latin	衍	yǎn
Han-Latin	衎	kàn
Han-Latin	衏	yuàn
Han-Latin	衐	qú
Han-Latin	衑	líng
Han-Latin	衒	xuàn
Han-Latin	術	shù
Han-Latin	衔	xián
Han-Latin	衕	tòng
Han-Latin	衖	xiàng
Han-Latin	街	jiē
Han-Latin	衘	xián
Han-Latin	衙	yá
Han-Latin	衚	hú
Han-Latin	衛	wèi
Han-Latin	衜	dào
Han-Latin	衝	chōng
Han-Latin	衞	wèi
Han-Latin	衟	dào
Han-Latin	衠	zhūn
Han-Latin	衡	héng
Han-Latin	衢	qú
Han-Latin	衣	yī
Han-Latin	衤	yī
Han-Latin	补	bǔ
Han-Latin	衦	gǎn
Han-Latin	衧	yú
Han-Latin	表	biǎo
Han-Latin	衩	chǎ
Han-Latin	衪	yí
Han-Latin	衫	shān
Han-Latin	衬	chèn
Han-Latin	衭	fū
Han-Latin	衮	gǔn
Han-Latin	衯	fēn
Han-Latin	衰	shuāi
Han-Latin	衱	jié
Han-Latin	衲	nà
Han-Latin	衳	zhōng
Han-Latin	衴	dǎn
Han-Latin	衵	yì
Han-Latin	衶	zhòng
Han-Latin	衷	zhōng
Han-Latin	衸	jiè
Han-Latin	衹	zhǐ
Han-Latin	衺	xié
Han-Latin	衻	rán
Han-Latin	衼	zhī
Han-Latin	衽	rèn
Han-Latin	衾	qīn
Han-Latin	衿	jīn
Han-Latin	袀	jūn
Han-Latin	袁	yuán
Han-Latin	袂	mèi
Han-Latin	袃	chài
Han-Latin	袄	ǎo
Han-Latin	袅	niǎo
Han-Latin	袆	huī
Han-Latin	袇	rán
Han-Latin	袈	jiā
Han-Latin	袉	tuó
Han-Latin	袊	lǐng
Han-Latin	袋	dài
Han-Latin	袌	bào
Han-Latin	袍	páo
Han-Latin	袎	yào
Han-Latin	袏	zuò
Han-Latin	袐	bì
Han-Latin	袑	shào
Han-Latin	袒	tǎn
Han-Latin	袓	jù
Han-Latin	袔	hè
Han-Latin	袕	xué
Han-Latin	袖	xiù
Han-Latin	袗	zhěn
Han-Latin	袘	yí
Han-Latin	袙	pà
Han-Latin	袚	bō
Han-Latin	袛	dī
Han-Latin	袜	wà
Han-Latin	袝	fù
Han-Latin	袞	gǔn
Han-Latin	袟	zhì
Han-Latin	袠	zhì
Han-Latin	袡	rán
Han-Latin	袢	pàn
Han-Latin	袣	yì
Han-Latin	袤	mào
Han-Latin	袥	tuō
Han-Latin	袦	nà
Han-Latin	袧	gōu
Han-Latin	袨	xuàn
Han-Latin	袩	zhé
Han-Latin	袪	qū
Han-Latin	被	bèi
Han-Latin	袬	yù
Han-Latin	袭	xí
Han-Latin	袮	mí
Han-Latin	袯	bó
Han-Latin	袰	bō
Han-Latin	袱	fú
Han-Latin	袲	chǐ
Han-Latin	袳	chǐ
Han-Latin	袴	kù
Han-Latin	袵	rèn
Han-Latin	袶	jiàng
Han-Latin	袷	qiā
Han-Latin	袸	jiàn
Han-Latin	袹	bó
Han-Latin	袺	jié
Han-Latin	袻	ér
Han-Latin	袼	gē
Han-Latin	袽	rú
Han-Latin	袾	zhū
Han-Latin	袿	guī
Han-Latin	裀	yīn
Han-Latin	裁	cái
Han-Latin	裂	liè
Han-Latin	裃	kǎ
Han-Latin	裄	háng
Han-Latin	装	zhuāng
Han-Latin	裆	dāng
Han-Latin	裇	xū
Han-Latin	裈	kūn
Han-Latin	裉	kèn
Han-Latin	裊	niǎo
Han-Latin	裋	shù
Han-Latin	裌	jiá
Han-Latin	裍	kǔn
Han-Latin	裎	chéng
Han-Latin	裏	lǐ
Han-Latin	裐	juān
Han-Latin	裑	shēn
Han-Latin	裒	póu
Han-Latin	裓	gé
Han-Latin	裔	yì
Han-Latin	裕	yù
Han-Latin	裖	zhěn
Han-Latin	裗	liú
Han-Latin	裘	qiú
Han-Latin	裙	qún
Han-Latin	裚	jì
Han-Latin	裛	yì
Han-Latin	補	bǔ
Han-Latin	裝	zhuāng
Han-Latin	裞	shuì
Han-Latin	裟	shā
Han-Latin	裠	qún
Han-Latin	裡	lǐ
Han-Latin	裢	lián
Han-Latin	裣	liǎn
Han-Latin	裤	kù
Han-Latin	裥	jiǎn
Han-Latin	裦	fóu
Han-Latin	裧	chān
Han-Latin	裨	bì
Han-Latin	裩	kūn
Han-Latin	裪	táo
Han-Latin	裫	yuàn
Han-Latin	裬	líng
Han-Latin	裭	chǐ
Han-Latin	裮	chāng
Han-Latin	裯	chóu
Han-Latin	裰	duō
Han-Latin	裱	biǎo
Han-Latin	裲	liǎng
Han-Latin	裳	shang
Han-Latin	裴	péi
Han-Latin	裵	péi
Han-Latin	裶	fēi
Han-Latin	裷	yuān
Han-Latin	裸	luǒ
Han-Latin	裹	guǒ
Han-Latin	裺	yǎn
Han-Latin	裻	dú
Han-Latin	裼	tì
Han-Latin	製	zhì
Han-Latin	裾	jū
Han-Latin	裿	yǐ
Han-Latin	褀	qí
Han-Latin	褁	guǒ
Han-Latin	褂	guà
Han-Latin	褃	kèn
Han-Latin	褄	qī
Han-Latin	褅	tì
Han-Latin	褆	tí
Han-Latin	複	fù
Han-Latin	褈	chóng
Han-Latin	褉	xiè
Han-Latin	褊	biǎn
Han-Latin	褋	dié
Han-Latin	褌	kūn
Han-Latin	褍	duān
Han-Latin	褎	xiù
Han-Latin	褏	xiù
Han-Latin	褐	hè
Han-Latin	褑	yuàn
Han-Latin	褒	bāo
Han-Latin	褓	bǎo
Han-Latin	褔	fù
Han-Latin	褕	yú
Han-Latin	褖	tuàn
Han-Latin	褗	yǎn
Han-Latin	褘	huī
Han-Latin	褙	bèi
Han-Latin	褚	chǔ
Han-Latin	褛	lǚ
Han-Latin	褜	páo
Han-Latin	褝	dān
Han-Latin	褞	yǔn
Han-Latin	褟	tā
Han-Latin	褠	gōu
Han-Latin	褡	dā
Han-Latin	褢	huái
Han-Latin	褣	róng
Han-Latin	褤	yuàn
Han-Latin	褥	rù
Han-Latin	褦	nài
Han-Latin	褧	jiǒng
Han-Latin	褨	suǒ
Han-Latin	褩	bān
Han-Latin	褪	tuì
Han-Latin	褫	chǐ
Han-Latin	褬	sǎng
Han-Latin	褭	niǎo
Han-Latin	褮	yīng
Han-Latin	褯	jiè
Han-Latin	褰	qiān
Han-Latin	褱	huái
Han-Latin	褲	kù
Han-Latin	褳	lián
Han-Latin	褴	lán
Han-Latin	褵	lí
Han-Latin	褶	zhě
Han-Latin	褷	shī
Han-Latin	褸	lǚ
Han-Latin	褹	yì
Han-Latin	褺	diē
Han-Latin	褻	xiè
Han-Latin	褼	xiān
Han-Latin	褽	wèi
Han-Latin	褾	biǎo
Han-Latin	褿	cáo
Han-Latin	襀	jī
Han-Latin	襁	qiǎng
Han-Latin	襂	sēn
Han-Latin	襃	bāo
Han-Latin	襄	xiāng
Han-Latin	襅	bì
Han-Latin	襆	fú
Han-Latin	襇	jiǎn
Han-Latin	襈	zhuàn
Han-Latin	襉	jiǎn
Han-Latin	襊	cuì
Han-Latin	襋	jí
Han-Latin	襌	dān
Han-Latin	襍	zá
Han-Latin	襎	fán
Han-Latin	襏	bó
Han-Latin	襐	xiàng
Han-Latin	襑	xín
Han-Latin	襒	bié
Han-Latin	襓	ráo
Han-Latin	襔	mǎn
Han-Latin	襕	lán
Han-Latin	襖	ǎo
Han-Latin	襗	zé
Han-Latin	襘	guì
Han-Latin	襙	cào
Han-Latin	襚	suì
Han-Latin	襛	nóng
Han-Latin	襜	chān
Han-Latin	襝	liǎn
Han-Latin	襞	bì
Han-Latin	襟	jīn
Han-Latin	襠	dāng
Han-Latin	襡	shǔ
Han-Latin	襢	tǎn
Han-Latin	襣	bì
Han-Latin	襤	lán
Han-Latin	襥	fú
Han-Latin	襦	rú
Han-Latin	襧	zhǐ
Han-Latin	襨	duì
Han-Latin	襩	shǔ
Han-Latin	襪	wà
Han-Latin	襫	shì
Han-Latin	襬	bǎi
Han-Latin	襭	xié
Han-Latin	襮	bó
Han-Latin	襯	chèn
Han-Latin	襰	lài
Han-Latin	襱	lóng
Han-Latin	襲	xí
Han-Latin	襳	xiān
Han-Latin	襴	lán
Han-Latin	襵	zhě
Han-Latin	襶	dài
Han-Latin	襷	jǔ
Han-Latin	襸	zàn
Han-Latin	襹	shī
Han-Latin	襺	jiǎn
Han-Latin	襻	pàn
Han-Latin	襼	yì
Han-Latin	襽	lán
Han-Latin	襾	yà
Han-Latin	西	xī
Han-Latin	覀	xī
Han-Latin	要	yào
Han-Latin	覂	fěng
Han-Latin	覃	tán
Han-Latin	覄	fù
Han-Latin	覅	fiào
Han-Latin	覆	fù
Han-Latin	覇	bà
Han-Latin	覈	hé
Han-Latin	覉	jī
Han-Latin	覊	jī
Han-Latin	見	jiàn
Han-Latin	覌	guān
Han-Latin	覍	biàn
Han-Latin	覎	yàn
Han-Latin	規	guī
Han-Latin	覐	jué
Han-Latin	覑	piǎn
Han-Latin	覒	mào
Han-Latin	覓	mì
Han-Latin	覔	mì
Han-Latin	覕	miè
Han-Latin	視	shì
Han-Latin	覗	sì
Han-Latin	覘	chān
Han-Latin	覙	luó
Han-Latin	覚	jué
Han-Latin	覛	mì
Han-Latin	覜	tiào
Han-Latin	覝	lián
Han-Latin	覞	yào
Han-Latin	覟	zhì
Han-Latin	覠	jūn
Han-Latin	覡	xí
Han-Latin	覢	shǎn
Han-Latin	覣	wēi
Han-Latin	覤	xì
Han-Latin	覥	tiǎn
Han-Latin	覦	yú
Han-Latin	覧	lǎn
Han-Latin	覨	è
Han-Latin	覩	dǔ
Han-Latin	親	qīn
Han-Latin	覫	pǎng
Han-Latin	覬	jì
Han-Latin	覭	míng
Han-Latin	覮	yíng
Han-Latin	覯	gòu
Han-Latin	覰	qū
Han-Latin	覱	zhàn
Han-Latin	覲	jìn
Han-Latin	観	guān
Han-Latin	覴	dēng
Han-Latin	覵	jiàn
Han-Latin	覶	luó
Han-Latin	覷	qù
Han-Latin	覸	jiān
Han-Latin	覹	wéi
Han-Latin	覺	jué
Han-Latin	覻	qū
Han-Latin	覼	luó
Han-Latin	覽	lǎn
Han-Latin	覾	shěn
Han-Latin	覿	dí
Han-Latin	觀	guān
Han-Latin	见	jiàn
Han-Latin	观	guān
Han-Latin	觃	yàn
Han-Latin	规	guī
Han-Latin	觅	mì
Han-Latin	视	shì
Han-Latin	觇	chān
Han-Latin	览	lǎn
Han-Latin	觉	jué
Han-Latin	觊	jì
Han-Latin	觋	xí
Han-Latin	觌	dí
Han-Latin	觍	tiǎn
Han-Latin	觎	yú
Han-Latin	觏	gòu
Han-Latin	觐	jìn
Han-Latin	觑	qù
Han-Latin	角	jiǎo
Han-Latin	觓	qiú
Han-Latin	觔	jīn
Han-Latin	觕	cū
Han-Latin	觖	jué
Han-Latin	觗	zhì
Han-Latin	觘	chào
Han-Latin	觙	jí
Han-Latin	觚	gū
Han-Latin	觛	dàn
Han-Latin	觜	zī
Han-Latin	觝	dǐ
Han-Latin	觞	shāng
Han-Latin	觟	huà
Han-Latin	觠	quán
Han-Latin	觡	gé
Han-Latin	觢	shì
Han-Latin	解	jiě
Han-Latin	觤	guǐ
Han-Latin	觥	gōng
Han-Latin	触	chù
Han-Latin	觧	jiě
Han-Latin	觨	hùn
Han-Latin	觩	qiú
Han-Latin	觪	xīng
Han-Latin	觫	sù
Han-Latin	觬	ní
Han-Latin	觭	jī
Han-Latin	觮	lù
Han-Latin	觯	zhì
Han-Latin	觰	zhā
Han-Latin	觱	bì
Han-Latin	觲	xīng
Han-Latin	觳	hú
Han-Latin	觴	shāng
Han-Latin	觵	gōng
Han-Latin	觶	zhì
Han-Latin	觷	xué
Han-Latin	觸	chù
Han-Latin	觹	xī
Han-Latin	觺	yí
Han-Latin	觻	lì
Han-Latin	觼	jué
Han-Latin	觽	xī
Han-Latin	觾	yàn
Han-Latin	觿	xī
Han-Latin	言	yán
Han-Latin	訁	yán
Han-Latin	訂	dìng
Han-Latin	訃	fù
Han-Latin	訄	qiú
Han-Latin	訅	qiú
Han-Latin	訆	jiào
Han-Latin	訇	hōng
Han-Latin	計	jì
Han-Latin	訉	fàn
Han-Latin	訊	xùn
Han-Latin	訋	diào
Han-Latin	訌	hòng
Han-Latin	訍	chài
Han-Latin	討	tǎo
Han-Latin	訏	xū
Han-Latin	訐	jié
Han-Latin	訑	yí
Han-Latin	訒	rèn
Han-Latin	訓	xùn
Han-Latin	訔	yín
Han-Latin	訕	shàn
Han-Latin	訖	qì
Han-Latin	託	tuō
Han-Latin	記	jì
Han-Latin	訙	xùn
Han-Latin	訚	yín
Han-Latin	訛	é
Han-Latin	訜	fēn
Han-Latin	訝	yà
Han-Latin	訞	yāo
Han-Latin	訟	sòng
Han-Latin	訠	shěn
Han-Latin	訡	yín
Han-Latin	訢	xīn
Han-Latin	訣	jué
Han-Latin	訤	xiáo
Han-Latin	訥	nè
Han-Latin	訦	chén
Han-Latin	訧	yóu
Han-Latin	訨	zhǐ
Han-Latin	訩	xiōng
Han-Latin	訪	fǎng
Han-Latin	訫	xìn
Han-Latin	訬	chāo
Han-Latin	設	shè
Han-Latin	訮	yán
Han-Latin	訯	sǎ
Han-Latin	訰	zhùn
Han-Latin	許	xǔ
Han-Latin	訲	yì
Han-Latin	訳	yì
Han-Latin	訴	sù
Han-Latin	訵	chī
Han-Latin	訶	hē
Han-Latin	訷	shēn
Han-Latin	訸	hé
Han-Latin	訹	xù
Han-Latin	診	zhěn
Han-Latin	註	zhù
Han-Latin	証	zhèng
Han-Latin	訽	gòu
Han-Latin	訾	zǐ
Han-Latin	訿	zǐ
Han-Latin	詀	zhān
Han-Latin	詁	gǔ
Han-Latin	詂	fù
Han-Latin	詃	jiǎn
Han-Latin	詄	dié
Han-Latin	詅	líng
Han-Latin	詆	dǐ
Han-Latin	詇	yàng
Han-Latin	詈	lì
Han-Latin	詉	náo
Han-Latin	詊	pàn
Han-Latin	詋	zhòu
Han-Latin	詌	gàn
Han-Latin	詍	yì
Han-Latin	詎	jù
Han-Latin	詏	yào
Han-Latin	詐	zhà
Han-Latin	詑	yí
Han-Latin	詒	yí
Han-Latin	詓	qǔ
Han-Latin	詔	zhào
Han-Latin	評	píng
Han-Latin	詖	bì
Han-Latin	詗	xiòng
Han-Latin	詘	qū
Han-Latin	詙	bá
Han-Latin	詚	dá
Han-Latin	詛	zǔ
Han-Latin	詜	tāo
Han-Latin	詝	zhǔ
Han-Latin	詞	cí
Han-Latin	詟	zhé
Han-Latin	詠	yǒng
Han-Latin	詡	xǔ
Han-Latin	詢	xún
Han-Latin	詣	yì
Han-Latin	詤	huǎng
Han-Latin	詥	hé
Han-Latin	試	shì
Han-Latin	詧	chá
Han-Latin	詨	xiào
Han-Latin	詩	shī
Han-Latin	詪	hěn
Han-Latin	詫	chà
Han-Latin	詬	gòu
Han-Latin	詭	guǐ
Han-Latin	詮	quán
Han-Latin	詯	huì
Han-Latin	詰	jié
Han-Latin	話	huà
Han-Latin	該	gāi
Han-Latin	詳	xiáng
Han-Latin	詴	wēi
Han-Latin	詵	shēn
Han-Latin	詶	zhòu
Han-Latin	詷	tóng
Han-Latin	詸	mí
Han-Latin	詹	zhān
Han-Latin	詺	mìng
Han-Latin	詻	è
Han-Latin	詼	huī
Han-Latin	詽	yán
Han-Latin	詾	xiōng
Han-Latin	詿	guà
Han-Latin	誀	èr
Han-Latin	誁	bìng
Han-Latin	誂	tiǎo
Han-Latin	誃	yí
Han-Latin	誄	lěi
Han-Latin	誅	zhū
Han-Latin	誆	kuāng
Han-Latin	誇	kuā
Han-Latin	誈	wū
Han-Latin	誉	yù
Han-Latin	誊	téng
Han-Latin	誋	jì
Han-Latin	誌	zhì
Han-Latin	認	rèn
Han-Latin	誎	cù
Han-Latin	誏	lǎng
Han-Latin	誐	é
Han-Latin	誑	kuáng
Han-Latin	誒	éi
Han-Latin	誓	shì
Han-Latin	誔	tǐng
Han-Latin	誕	dàn
Han-Latin	誖	bèi
Han-Latin	誗	chán
Han-Latin	誘	yòu
Han-Latin	誙	kēng
Han-Latin	誚	qiào
Han-Latin	誛	qīn
Han-Latin	誜	shuà
Han-Latin	誝	ān
Han-Latin	語	yǔ
Han-Latin	誟	xiào
Han-Latin	誠	chéng
Han-Latin	誡	jiè
Han-Latin	誢	xiàn
Han-Latin	誣	wū
Han-Latin	誤	wù
Han-Latin	誥	gào
Han-Latin	誦	sòng
Han-Latin	誧	bū
Han-Latin	誨	huì
Han-Latin	誩	jìng
Han-Latin	說	shuō
Han-Latin	誫	zhèn
Han-Latin	説	shuō
Han-Latin	読	dú
Han-Latin	誮	huā
Han-Latin	誯	chàng
Han-Latin	誰	shuí
Han-Latin	誱	jié
Han-Latin	課	kè
Han-Latin	誳	qū
Han-Latin	誴	cóng
Han-Latin	誵	xiáo
Han-Latin	誶	suì
Han-Latin	誷	wǎng
Han-Latin	誸	xián
Han-Latin	誹	fěi
Han-Latin	誺	chī
Han-Latin	誻	tà
Han-Latin	誼	yì
Han-Latin	誽	nì
Han-Latin	誾	yín
Han-Latin	調	diào
Han-Latin	諀	pǐ
Han-Latin	諁	zhuó
Han-Latin	諂	chǎn
Han-Latin	諃	chēn
Han-Latin	諄	zhūn
Han-Latin	諅	jì
Han-Latin	諆	qī
Han-Latin	談	tán
Han-Latin	諈	zhuì
Han-Latin	諉	wěi
Han-Latin	諊	jū
Han-Latin	請	qǐng
Han-Latin	諌	dǒng
Han-Latin	諍	zhèng
Han-Latin	諎	zé
Han-Latin	諏	zōu
Han-Latin	諐	qiān
Han-Latin	諑	zhuó
Han-Latin	諒	liàng
Han-Latin	諓	jiàn
Han-Latin	諔	chù
Han-Latin	諕	háo
Han-Latin	論	lùn
Han-Latin	諗	shěn
Han-Latin	諘	biǎo
Han-Latin	諙	huà
Han-Latin	諚	pián
Han-Latin	諛	yú
Han-Latin	諜	dié
Han-Latin	諝	xū
Han-Latin	諞	piǎn
Han-Latin	諟	shì
Han-Latin	諠	xuān
Han-Latin	諡	shì
Han-Latin	諢	hùn
Han-Latin	諣	huà
Han-Latin	諤	è
Han-Latin	諥	zhòng
Han-Latin	諦	dì
Han-Latin	諧	xié
Han-Latin	諨	fú
Han-Latin	諩	pǔ
Han-Latin	諪	tíng
Han-Latin	諫	jiàn
Han-Latin	諬	qǐ
Han-Latin	諭	yù
Han-Latin	諮	zī
Han-Latin	諯	zhuān
Han-Latin	諰	xǐ
Han-Latin	諱	huì
Han-Latin	諲	yīn
Han-Latin	諳	ān
Han-Latin	諴	xián
Han-Latin	諵	nán
Han-Latin	諶	chén
Han-Latin	諷	fěng
Han-Latin	諸	zhū
Han-Latin	諹	yáng
Han-Latin	諺	yàn
Han-Latin	諻	huáng
Han-Latin	諼	xuān
Han-Latin	諽	gé
Han-Latin	諾	nuò
Han-Latin	諿	qī
Han-Latin	謀	móu
Han-Latin	謁	yè
Han-Latin	謂	wèi
Han-Latin	謃	xīng
Han-Latin	謄	téng
Han-Latin	謅	zhōu
Han-Latin	謆	shàn
Han-Latin	謇	jiǎn
Han-Latin	謈	pó
Han-Latin	謉	kuì
Han-Latin	謊	huǎng
Han-Latin	謋	huò
Han-Latin	謌	gē
Han-Latin	謍	yíng
Han-Latin	謎	mí
Han-Latin	謏	xiǎo
Han-Latin	謐	mì
Han-Latin	謑	xǐ
Han-Latin	謒	qiāng
Han-Latin	謓	chēn
Han-Latin	謔	xuè
Han-Latin	謕	tí
Han-Latin	謖	sù
Han-Latin	謗	bàng
Han-Latin	謘	chí
Han-Latin	謙	qiān
Han-Latin	謚	shì
Han-Latin	講	jiǎng
Han-Latin	謜	yuán
Han-Latin	謝	xiè
Han-Latin	謞	hè
Han-Latin	謟	tāo
Han-Latin	謠	yáo
Han-Latin	謡	yáo
Han-Latin	謢	lū
Han-Latin	謣	yú
Han-Latin	謤	biāo
Han-Latin	謥	còng
Han-Latin	謦	qìng
Han-Latin	謧	lí
Han-Latin	謨	mó
Han-Latin	謩	mó
Han-Latin	謪	shāng
Han-Latin	謫	zhé
Han-Latin	謬	miù
Han-Latin	謭	jiǎn
Han-Latin	謮	zé
Han-Latin	謯	jiē
Han-Latin	謰	lián
Han-Latin	謱	lóu
Han-Latin	謲	càn
Han-Latin	謳	ōu
Han-Latin	謴	gùn
Han-Latin	謵	xí
Han-Latin	謶	zhuó
Han-Latin	謷	áo
Han-Latin	謸	áo
Han-Latin	謹	jǐn
Han-Latin	謺	zhé
Han-Latin	謻	yí
Han-Latin	謼	hū
Han-Latin	謽	jiàng
Han-Latin	謾	mán
Han-Latin	謿	cháo
Han-Latin	譀	hàn
Han-Latin	譁	huá
Han-Latin	譂	chǎn
Han-Latin	譃	xū
Han-Latin	譄	zēng
Han-Latin	譅	sè
Han-Latin	譆	xī
Han-Latin	譇	zhā
Han-Latin	譈	duì
Han-Latin	證	zhèng
Han-Latin	譊	náo
Han-Latin	譋	lán
Han-Latin	譌	é
Han-Latin	譍	yīng
Han-Latin	譎	jué
Han-Latin	譏	jī
Han-Latin	譐	zǔn
Han-Latin	譑	jiǎo
Han-Latin	譒	bò
Han-Latin	譓	huì
Han-Latin	譔	zhuàn
Han-Latin	譕	wú
Han-Latin	譖	zèn
Han-Latin	譗	zhá
Han-Latin	識	shí
Han-Latin	譙	qiào
Han-Latin	譚	tán
Han-Latin	譛	zèn
Han-Latin	譜	pǔ
Han-Latin	譝	shéng
Han-Latin	譞	xuān
Han-Latin	譟	zào
Han-Latin	譠	tán
Han-Latin	譡	dǎng
Han-Latin	譢	suì
Han-Latin	譣	xiǎn
Han-Latin	譤	jī
Han-Latin	譥	jiào
Han-Latin	警	jǐng
Han-Latin	譧	zhàn
Han-Latin	譨	náng
Han-Latin	譩	yī
Han-Latin	譪	ǎi
Han-Latin	譫	zhān
Han-Latin	譬	pì
Han-Latin	譭	huǐ
Han-Latin	譮	huà
Han-Latin	譯	yì
Han-Latin	議	yì
Han-Latin	譱	shàn
Han-Latin	譲	ràng
Han-Latin	譳	nòu
Han-Latin	譴	qiǎn
Han-Latin	譵	duì
Han-Latin	譶	tà
Han-Latin	護	hù
Han-Latin	譸	zhōu
Han-Latin	譹	háo
Han-Latin	譺	ài
Han-Latin	譻	yīng
Han-Latin	譼	jiàn
Han-Latin	譽	yù
Han-Latin	譾	jiǎn
Han-Latin	譿	huì
Han-Latin	讀	dú
Han-Latin	讁	zhé
Han-Latin	讂	xuàn
Han-Latin	讃	zàn
Han-Latin	讄	lěi
Han-Latin	讅	shěn
Han-Latin	讆	wèi
Han-Latin	讇	chǎn
Han-Latin	讈	lì
Han-Latin	讉	yí
Han-Latin	變	biàn
Han-Latin	讋	zhé
Han-Latin	讌	yàn
Han-Latin	讍	è
Han-Latin	讎	chóu
Han-Latin	讏	wèi
Han-Latin	讐	chóu
Han-Latin	讑	yào
Han-Latin	讒	chán
Han-Latin	讓	ràng
Han-Latin	讔	yǐn
Han-Latin	讕	lán
Han-Latin	讖	chèn
Han-Latin	讗	xié
Han-Latin	讘	niè
Han-Latin	讙	huān
Han-Latin	讚	zàn
Han-Latin	讛	yì
Han-Latin	讜	dǎng
Han-Latin	讝	zhān
Han-Latin	讞	yàn
Han-Latin	讟	dú
Han-Latin	讠	yán
Han-Latin	计	jì
Han-Latin	订	dìng
Han-Latin	讣	fù
Han-Latin	认	rèn
Han-Latin	讥	jī
Han-Latin	讦	jié
Han-Latin	讧	hòng
Han-Latin	讨	tǎo
Han-Latin	让	ràng
Han-Latin	讪	shàn
Han-Latin	讫	qì
Han-Latin	讬	tuō
Han-Latin	训	xùn
Han-Latin	议	yì
Han-Latin	讯	xùn
Han-Latin	记	jì
Han-Latin	讱	rèn
Han-Latin	讲	jiǎng
Han-Latin	讳	huì
Han-Latin	讴	ōu
Han-Latin	讵	jù
Han-Latin	讶	yà
Han-Latin	讷	nè
Han-Latin	许	xǔ
Han-Latin	讹	é
Han-Latin	论	lùn
Han-Latin	讻	xiōng
Han-Latin	讼	sòng
Han-Latin	讽	fěng
Han-Latin	设	shè
Han-Latin	访	fǎng
Han-Latin	诀	jué
Han-Latin	证	zhèng
Han-Latin	诂	gǔ
Han-Latin	诃	hē
Han-Latin	评	píng
Han-Latin	诅	zǔ
Han-Latin	识	shí
Han-Latin	诇	xiòng
Han-Latin	诈	zhà
Han-Latin	诉	sù
Han-Latin	诊	zhěn
Han-Latin	诋	dǐ
Han-Latin	诌	zhōu
Han-Latin	词	cí
Han-Latin	诎	qū
Han-Latin	诏	zhào
Han-Latin	诐	bì
Han-Latin	译	yì
Han-Latin	诒	yí
Han-Latin	诓	kuāng
Han-Latin	诔	lěi
Han-Latin	试	shì
Han-Latin	诖	guà
Han-Latin	诗	shī
Han-Latin	诘	jié
Han-Latin	诙	huī
Han-Latin	诚	chéng
Han-Latin	诛	zhū
Han-Latin	诜	shēn
Han-Latin	话	huà
Han-Latin	诞	dàn
Han-Latin	诟	gòu
Han-Latin	诠	quán
Han-Latin	诡	guǐ
Han-Latin	询	xún
Han-Latin	诣	yì
Han-Latin	诤	zhèng
Han-Latin	该	gāi
Han-Latin	详	xiáng
Han-Latin	诧	chà
Han-Latin	诨	hùn
Han-Latin	诩	xǔ
Han-Latin	诪	zhōu
Han-Latin	诫	jiè
Han-Latin	诬	wū
Han-Latin	语	yǔ
Han-Latin	诮	qiào
Han-Latin	误	wù
Han-Latin	诰	gào
Han-Latin	诱	yòu
Han-Latin	诲	huì
Han-Latin	诳	kuáng
Han-Latin	说	shuō
Han-Latin	诵	sòng
Han-Latin	诶	éi
Han-Latin	请	qǐng
Han-Latin	诸	zhū
Han-Latin	诹	zōu
Han-Latin	诺	nuò
Han-Latin	读	dú
Han-Latin	诼	zhuó
Han-Latin	诽	fěi
Han-Latin	课	kè
Han-Latin	诿	wěi
Han-Latin	谀	yú
Han-Latin	谁	shéi
Han-Latin	谂	shěn
Han-Latin	调	diào
Han-Latin	谄	chǎn
Han-Latin	谅	liàng
Han-Latin	谆	zhūn
Han-Latin	谇	suì
Han-Latin	谈	tán
Han-Latin	谉	shěn
Han-Latin	谊	yì
Han-Latin	谋	móu
Han-Latin	谌	chén
Han-Latin	谍	dié
Han-Latin	谎	huǎng
Han-Latin	谏	jiàn
Han-Latin	谐	xié
Han-Latin	谑	xuè
Han-Latin	谒	yè
Han-Latin	谓	wèi
Han-Latin	谔	è
Han-Latin	谕	yù
Han-Latin	谖	xuān
Han-Latin	谗	chán
Han-Latin	谘	zī
Han-Latin	谙	ān
Han-Latin	谚	yàn
Han-Latin	谛	dì
Han-Latin	谜	mí
Han-Latin	谝	piǎn
Han-Latin	谞	xū
Han-Latin	谟	mó
Han-Latin	谠	dǎng
Han-Latin	谡	sù
Han-Latin	谢	xiè
Han-Latin	谣	yáo
Han-Latin	谤	bàng
Han-Latin	谥	shì
Han-Latin	谦	qiān
Han-Latin	谧	mì
Han-Latin	谨	jǐn
Han-Latin	谩	màn
Han-Latin	谪	zhé
Han-Latin	谫	jiǎn
Han-Latin	谬	miù
Han-Latin	谭	tán
Han-Latin	谮	zèn
Han-Latin	谯	qiáo
Han-Latin	谰	lán
Han-Latin	谱	pǔ
Han-Latin	谲	jué
Han-Latin	谳	yàn
Han-Latin	谴	qiǎn
Han-Latin	谵	zhān
Han-Latin	谶	chèn
Han-Latin	谷	gǔ
Han-Latin	谸	qiān
Han-Latin	谹	hóng
Han-Latin	谺	xiā
Han-Latin	谻	jí
Han-Latin	谼	hóng
Han-Latin	谽	hān
Han-Latin	谾	hōng
Han-Latin	谿	xī
Han-Latin	豀	xī
Han-Latin	豁	huō
Han-Latin	豂	liáo
Han-Latin	豃	hǎn
Han-Latin	豄	dú
Han-Latin	豅	lóng
Han-Latin	豆	dòu
Han-Latin	豇	jiāng
Han-Latin	豈	qǐ
Han-Latin	豉	chǐ
Han-Latin	豊	lǐ
Han-Latin	豋	dēng
Han-Latin	豌	wān
Han-Latin	豍	bī
Han-Latin	豎	shù
Han-Latin	豏	xiàn
Han-Latin	豐	fēng
Han-Latin	豑	zhì
Han-Latin	豒	zhì
Han-Latin	豓	yàn
Han-Latin	豔	yàn
Han-Latin	豕	shǐ
Han-Latin	豖	chù
Han-Latin	豗	huī
Han-Latin	豘	tún
Han-Latin	豙	yì
Han-Latin	豚	tún
Han-Latin	豛	yì
Han-Latin	豜	jiān
Han-Latin	豝	bā
Han-Latin	豞	hòu
Han-Latin	豟	è
Han-Latin	豠	chú
Han-Latin	象	xiàng
Han-Latin	豢	huàn
Han-Latin	豣	jiān
Han-Latin	豤	kěn
Han-Latin	豥	gāi
Han-Latin	豦	jù
Han-Latin	豧	fū
Han-Latin	豨	xī
Han-Latin	豩	bīn
Han-Latin	豪	háo
Han-Latin	豫	yù
Han-Latin	豬	zhū
Han-Latin	豭	jiā
Han-Latin	豮	fén
Han-Latin	豯	xī
Han-Latin	豰	bó
Han-Latin	豱	wēn
Han-Latin	豲	huán
Han-Latin	豳	bīn
Han-Latin	豴	dí
Han-Latin	豵	zōng
Han-Latin	豶	fén
Han-Latin	豷	yì
Han-Latin	豸	zhì
Han-Latin	豹	bào
Han-Latin	豺	chái
Han-Latin	豻	àn
Han-Latin	豼	pí
Han-Latin	豽	nà
Han-Latin	豾	pī
Han-Latin	豿	gǒu
Han-Latin	貀	nà
Han-Latin	貁	yòu
Han-Latin	貂	diāo
Han-Latin	貃	mò
Han-Latin	貄	sì
Han-Latin	貅	xiū
Han-Latin	貆	huán
Han-Latin	貇	kūn
Han-Latin	貈	hé
Han-Latin	貉	háo
Han-Latin	貊	mò
Han-Latin	貋	àn
Han-Latin	貌	mào
Han-Latin	貍	lí
Han-Latin	貎	ní
Han-Latin	貏	bǐ
Han-Latin	貐	yǔ
Han-Latin	貑	jiā
Han-Latin	貒	tuān
Han-Latin	貓	māo
Han-Latin	貔	pí
Han-Latin	貕	xī
Han-Latin	貖	yì
Han-Latin	貗	jù
Han-Latin	貘	mò
Han-Latin	貙	chū
Han-Latin	貚	tán
Han-Latin	貛	huān
Han-Latin	貜	jué
Han-Latin	貝	bèi
Han-Latin	貞	zhēn
Han-Latin	貟	yuán
Han-Latin	負	fù
Han-Latin	財	cái
Han-Latin	貢	gòng
Han-Latin	貣	tè
Han-Latin	貤	yí
Han-Latin	貥	háng
Han-Latin	貦	wán
Han-Latin	貧	pín
Han-Latin	貨	huò
Han-Latin	販	fàn
Han-Latin	貪	tān
Han-Latin	貫	guàn
Han-Latin	責	zé
Han-Latin	貭	zhì
Han-Latin	貮	èr
Han-Latin	貯	zhù
Han-Latin	貰	shì
Han-Latin	貱	bì
Han-Latin	貲	zī
Han-Latin	貳	èr
Han-Latin	貴	guì
Han-Latin	貵	piǎn
Han-Latin	貶	biǎn
Han-Latin	買	mǎi
Han-Latin	貸	dài
Han-Latin	貹	shèng
Han-Latin	貺	kuàng
Han-Latin	費	fèi
Han-Latin	貼	tiē
Han-Latin	貽	yí
Han-Latin	貾	chí
Han-Latin	貿	mào
Han-Latin	賀	hè
Han-Latin	賁	bì
Han-Latin	賂	lù
Han-Latin	賃	lìn
Han-Latin	賄	huì
Han-Latin	賅	gāi
Han-Latin	賆	pián
Han-Latin	資	zī
Han-Latin	賈	jiǎ
Han-Latin	賉	xù
Han-Latin	賊	zéi
Han-Latin	賋	jiǎo
Han-Latin	賌	gāi
Han-Latin	賍	zāng
Han-Latin	賎	jiàn
Han-Latin	賏	yīng
Han-Latin	賐	xùn
Han-Latin	賑	zhèn
Han-Latin	賒	shē
Han-Latin	賓	bīn
Han-Latin	賔	bīn
Han-Latin	賕	qiú
Han-Latin	賖	shē
Han-Latin	賗	chuàn
Han-Latin	賘	zāng
Han-Latin	賙	zhōu
Han-Latin	賚	lài
Han-Latin	賛	zàn
Han-Latin	賜	cì
Han-Latin	賝	chēn
Han-Latin	賞	shǎng
Han-Latin	賟	tiǎn
Han-Latin	賠	péi
Han-Latin	賡	gēng
Han-Latin	賢	xián
Han-Latin	賣	mài
Han-Latin	賤	jiàn
Han-Latin	賥	suì
Han-Latin	賦	fù
Han-Latin	賧	tàn
Han-Latin	賨	cóng
Han-Latin	賩	cóng
Han-Latin	質	zhì
Han-Latin	賫	jī
Han-Latin	賬	zhàng
Han-Latin	賭	dǔ
Han-Latin	賮	jìn
Han-Latin	賯	xiōng
Han-Latin	賰	chǔn
Han-Latin	賱	yǔn
Han-Latin	賲	bǎo
Han-Latin	賳	zāi
Han-Latin	賴	lài
Han-Latin	賵	fèng
Han-Latin	賶	càng
Han-Latin	賷	jī
Han-Latin	賸	shèng
Han-Latin	賹	yì
Han-Latin	賺	zhuàn
Han-Latin	賻	fù
Han-Latin	購	gòu
Han-Latin	賽	sài
Han-Latin	賾	zé
Han-Latin	賿	liáo
Han-Latin	贀	yì
Han-Latin	贁	bài
Han-Latin	贂	chěn
Han-Latin	贃	wàn
Han-Latin	贄	zhì
Han-Latin	贅	zhuì
Han-Latin	贆	biāo
Han-Latin	贇	yūn
Han-Latin	贈	zèng
Han-Latin	贉	dàn
Han-Latin	贊	zàn
Han-Latin	贋	yàn
Han-Latin	贌	pú
Han-Latin	贍	shàn
Han-Latin	贎	wàn
Han-Latin	贏	yíng
Han-Latin	贐	jìn
Han-Latin	贑	gàn
Han-Latin	贒	xián
Han-Latin	贓	zāng
Han-Latin	贔	bì
Han-Latin	贕	dú
Han-Latin	贖	shú
Han-Latin	贗	yàn
Han-Latin	贘	shǎng
Han-Latin	贙	xuàn
Han-Latin	贚	lòng
Han-Latin	贛	gàn
Han-Latin	贜	zāng
Han-Latin	贝	bèi
Han-Latin	贞	zhēn
Han-Latin	负	fù
Han-Latin	贠	yuán
Han-Latin	贡	gòng
Han-Latin	财	cái
Han-Latin	责	zé
Han-Latin	贤	xián
Han-Latin	败	bài
Han-Latin	账	zhàng
Han-Latin	货	huò
Han-Latin	质	zhì
Han-Latin	贩	fàn
Han-Latin	贪	tān
Han-Latin	贫	pín
Han-Latin	贬	biǎn
Han-Latin	购	gòu
Han-Latin	贮	zhù
Han-Latin	贯	guàn
Han-Latin	贰	èr
Han-Latin	贱	jiàn
Han-Latin	贲	bēn
Han-Latin	贳	shì
Han-Latin	贴	tiē
Han-Latin	贵	guì
Han-Latin	贶	kuàng
Han-Latin	贷	dài
Han-Latin	贸	mào
Han-Latin	费	fèi
Han-Latin	贺	hè
Han-Latin	贻	yí
Han-Latin	贼	zéi
Han-Latin	贽	zhì
Han-Latin	贾	jiǎ
Han-Latin	贿	huì
Han-Latin	赀	zī
Han-Latin	赁	lìn
Han-Latin	赂	lù
Han-Latin	赃	zāng
Han-Latin	资	zī
Han-Latin	赅	gāi
Han-Latin	赆	jìn
Han-Latin	赇	qiú
Han-Latin	赈	zhèn
Han-Latin	赉	lài
Han-Latin	赊	shē
Han-Latin	赋	fù
Han-Latin	赌	dǔ
Han-Latin	赍	jī
Han-Latin	赎	shú
Han-Latin	赏	shǎng
Han-Latin	赐	cì
Han-Latin	赑	bì
Han-Latin	赒	zhōu
Han-Latin	赓	gēng
Han-Latin	赔	péi
Han-Latin	赕	dǎn
Han-Latin	赖	lài
Han-Latin	赗	fèng
Han-Latin	赘	zhuì
Han-Latin	赙	fù
Han-Latin	赚	zhuàn
Han-Latin	赛	sài
Han-Latin	赜	zé
Han-Latin	赝	yàn
Han-Latin	赞	zàn
Han-Latin	赟	yūn
Han-Latin	赠	zèng
Han-Latin	赡	shàn
Han-Latin	赢	yíng
Han-Latin	赣	gàn
Han-Latin	赤	chì
Han-Latin	赥	xī
Han-Latin	赦	shè
Han-Latin	赧	nǎn
Han-Latin	赨	tóng
Han-Latin	赩	xì
Han-Latin	赪	chēng
Han-Latin	赫	hè
Han-Latin	赬	chēng
Han-Latin	赭	zhě
Han-Latin	赮	xiá
Han-Latin	赯	táng
Han-Latin	走	zǒu
Han-Latin	赱	zǒu
Han-Latin	赲	lì
Han-Latin	赳	jiū
Han-Latin	赴	fù
Han-Latin	赵	zhào
Han-Latin	赶	gǎn
Han-Latin	起	qǐ
Han-Latin	赸	shàn
Han-Latin	赹	qióng
Han-Latin	赺	yǐn
Han-Latin	赻	xiǎn
Han-Latin	赼	zī
Han-Latin	赽	jué
Han-Latin	赾	qǐn
Han-Latin	赿	chí
Han-Latin	趀	cī
Han-Latin	趁	chèn
Han-Latin	趂	chèn
Han-Latin	趃	dié
Han-Latin	趄	jū
Han-Latin	超	chāo
Han-Latin	趆	dī
Han-Latin	趇	xì
Han-Latin	趈	zhān
Han-Latin	趉	jué
Han-Latin	越	yuè
Han-Latin	趋	qū
Han-Latin	趌	jí
Han-Latin	趍	chí
Han-Latin	趎	chú
Han-Latin	趏	guā
Han-Latin	趐	xuè
Han-Latin	趑	zī
Han-Latin	趒	tiáo
Han-Latin	趓	duǒ
Han-Latin	趔	liè
Han-Latin	趕	gǎn
Han-Latin	趖	suō
Han-Latin	趗	cù
Han-Latin	趘	xí
Han-Latin	趙	zhào
Han-Latin	趚	sù
Han-Latin	趛	yǐn
Han-Latin	趜	jú
Han-Latin	趝	jiàn
Han-Latin	趞	què
Han-Latin	趟	tàng
Han-Latin	趠	chuò
Han-Latin	趡	cuǐ
Han-Latin	趢	lù
Han-Latin	趣	qù
Han-Latin	趤	dàng
Han-Latin	趥	qiū
Han-Latin	趦	zī
Han-Latin	趧	tí
Han-Latin	趨	qū
Han-Latin	趩	chì
Han-Latin	趪	huáng
Han-Latin	趫	qiáo
Han-Latin	趬	qiāo
Han-Latin	趭	jiào
Han-Latin	趮	zào
Han-Latin	趯	tì
Han-Latin	趰	ěr
Han-Latin	趱	zǎn
Han-Latin	趲	zǎn
Han-Latin	足	zú
Han-Latin	趴	pā
Han-Latin	趵	bào
Han-Latin	趶	kù
Han-Latin	趷	kē
Han-Latin	趸	dǔn
Han-Latin	趹	jué
Han-Latin	趺	fū
Han-Latin	趻	chěn
Han-Latin	趼	jiǎn
Han-Latin	趽	fàng
Han-Latin	趾	zhǐ
Han-Latin	趿	tā
Han-Latin	跀	yuè
Han-Latin	跁	bà
Han-Latin	跂	qí
Han-Latin	跃	yuè
Han-Latin	跄	qiàng
Han-Latin	跅	tuò
Han-Latin	跆	tái
Han-Latin	跇	yì
Han-Latin	跈	niǎn
Han-Latin	跉	líng
Han-Latin	跊	mèi
Han-Latin	跋	bá
Han-Latin	跌	diē
Han-Latin	跍	kū
Han-Latin	跎	tuó
Han-Latin	跏	jiā
Han-Latin	跐	cī
Han-Latin	跑	pǎo
Han-Latin	跒	qiǎ
Han-Latin	跓	zhù
Han-Latin	跔	jū
Han-Latin	跕	diǎn
Han-Latin	跖	zhí
Han-Latin	跗	fū
Han-Latin	跘	pán
Han-Latin	跙	jù
Han-Latin	跚	shān
Han-Latin	跛	bǒ
Han-Latin	跜	ní
Han-Latin	距	jù
Han-Latin	跞	lì
Han-Latin	跟	gēn
Han-Latin	跠	yí
Han-Latin	跡	jī
Han-Latin	跢	duò
Han-Latin	跣	xiǎn
Han-Latin	跤	jiāo
Han-Latin	跥	duò
Han-Latin	跦	zhū
Han-Latin	跧	quán
Han-Latin	跨	kuà
Han-Latin	跩	zhuǎi
Han-Latin	跪	guì
Han-Latin	跫	qióng
Han-Latin	跬	kuǐ
Han-Latin	跭	xiáng
Han-Latin	跮	chì
Han-Latin	路	lù
Han-Latin	跰	pián
Han-Latin	跱	zhì
Han-Latin	跲	jiá
Han-Latin	跳	tiào
Han-Latin	跴	cǎi
Han-Latin	践	jiàn
Han-Latin	跶	da
Han-Latin	跷	qiāo
Han-Latin	跸	bì
Han-Latin	跹	xiān
Han-Latin	跺	duò
Han-Latin	跻	jī
Han-Latin	跼	jú
Han-Latin	跽	jì
Han-Latin	跾	shū
Han-Latin	跿	tú
Han-Latin	踀	chù
Han-Latin	踁	jìng
Han-Latin	踂	niè
Han-Latin	踃	xiāo
Han-Latin	踄	bù
Han-Latin	踅	xué
Han-Latin	踆	cūn
Han-Latin	踇	mǔ
Han-Latin	踈	shū
Han-Latin	踉	liàng
Han-Latin	踊	yǒng
Han-Latin	踋	jiǎo
Han-Latin	踌	chóu
Han-Latin	踍	qiāo
Han-Latin	踎	móu
Han-Latin	踏	tà
Han-Latin	踐	jiàn
Han-Latin	踑	qí
Han-Latin	踒	wō
Han-Latin	踓	wěi
Han-Latin	踔	chuō
Han-Latin	踕	jié
Han-Latin	踖	jí
Han-Latin	踗	niè
Han-Latin	踘	jū
Han-Latin	踙	niè
Han-Latin	踚	lún
Han-Latin	踛	lù
Han-Latin	踜	lèng
Han-Latin	踝	huái
Han-Latin	踞	jù
Han-Latin	踟	chí
Han-Latin	踠	wǎn
Han-Latin	踡	quán
Han-Latin	踢	tī
Han-Latin	踣	bó
Han-Latin	踤	zú
Han-Latin	踥	qiè
Han-Latin	踦	yǐ
Han-Latin	踧	cù
Han-Latin	踨	zōng
Han-Latin	踩	cǎi
Han-Latin	踪	zōng
Han-Latin	踫	pèng
Han-Latin	踬	zhì
Han-Latin	踭	zhēng
Han-Latin	踮	diǎn
Han-Latin	踯	zhí
Han-Latin	踰	yú
Han-Latin	踱	duó
Han-Latin	踲	dùn
Han-Latin	踳	chuǎn
Han-Latin	踴	yǒng
Han-Latin	踵	zhǒng
Han-Latin	踶	dì
Han-Latin	踷	zhǎ
Han-Latin	踸	chěn
Han-Latin	踹	chuài
Han-Latin	踺	jiàn
Han-Latin	踻	guā
Han-Latin	踼	táng
Han-Latin	踽	jǔ
Han-Latin	踾	fú
Han-Latin	踿	zú
Han-Latin	蹀	dié
Han-Latin	蹁	pián
Han-Latin	蹂	róu
Han-Latin	蹃	nuò
Han-Latin	蹄	tí
Han-Latin	蹅	chǎ
Han-Latin	蹆	tuǐ
Han-Latin	蹇	jiǎn
Han-Latin	蹈	dǎo
Han-Latin	蹉	cuō
Han-Latin	蹊	qī
Han-Latin	蹋	tà
Han-Latin	蹌	qiāng
Han-Latin	蹍	niǎn
Han-Latin	蹎	diān
Han-Latin	蹏	tí
Han-Latin	蹐	jí
Han-Latin	蹑	niè
Han-Latin	蹒	pán
Han-Latin	蹓	liū
Han-Latin	蹔	zàn
Han-Latin	蹕	bì
Han-Latin	蹖	chōng
Han-Latin	蹗	lù
Han-Latin	蹘	liáo
Han-Latin	蹙	cù
Han-Latin	蹚	tāng
Han-Latin	蹛	dài
Han-Latin	蹜	sù
Han-Latin	蹝	xǐ
Han-Latin	蹞	kuǐ
Han-Latin	蹟	jī
Han-Latin	蹠	zhí
Han-Latin	蹡	qiāng
Han-Latin	蹢	dí
Han-Latin	蹣	pán
Han-Latin	蹤	zōng
Han-Latin	蹥	lián
Han-Latin	蹦	bèng
Han-Latin	蹧	zāo
Han-Latin	蹨	niǎn
Han-Latin	蹩	bié
Han-Latin	蹪	tuí
Han-Latin	蹫	jú
Han-Latin	蹬	dēng
Han-Latin	蹭	cèng
Han-Latin	蹮	xiān
Han-Latin	蹯	fán
Han-Latin	蹰	chú
Han-Latin	蹱	zhōng
Han-Latin	蹲	dūn
Han-Latin	蹳	bō
Han-Latin	蹴	cù
Han-Latin	蹵	cù
Han-Latin	蹶	jué
Han-Latin	蹷	jué
Han-Latin	蹸	lìn
Han-Latin	蹹	tá
Han-Latin	蹺	qiāo
Han-Latin	蹻	juē
Han-Latin	蹼	pǔ
Han-Latin	蹽	liāo
Han-Latin	蹾	dūn
Han-Latin	蹿	cuān
Han-Latin	躀	guàn
Han-Latin	躁	zào
Han-Latin	躂	dá
Han-Latin	躃	bì
Han-Latin	躄	bì
Han-Latin	躅	zhú
Han-Latin	躆	jù
Han-Latin	躇	chú
Han-Latin	躈	qiào
Han-Latin	躉	dǔn
Han-Latin	躊	chóu
Han-Latin	躋	jī
Han-Latin	躌	wǔ
Han-Latin	躍	yuè
Han-Latin	躎	niǎn
Han-Latin	躏	lìn
Han-Latin	躐	liè
Han-Latin	躑	zhí
Han-Latin	躒	lì
Han-Latin	躓	zhì
Han-Latin	躔	chán
Han-Latin	躕	chú
Han-Latin	躖	duàn
Han-Latin	躗	wèi
Han-Latin	躘	lóng
Han-Latin	躙	lìn
Han-Latin	躚	xiān
Han-Latin	躛	wèi
Han-Latin	躜	zuān
Han-Latin	躝	lán
Han-Latin	躞	xiè
Han-Latin	躟	ráng
Han-Latin	躠	sǎ
Han-Latin	躡	niè
Han-Latin	躢	tà
Han-Latin	躣	qú
Han-Latin	躤	jí
Han-Latin	躥	cuān
Han-Latin	躦	cuó
Han-Latin	躧	xǐ
Han-Latin	躨	kuí
Han-Latin	躩	jué
Han-Latin	躪	lìn
Han-Latin	身	shēn
Han-Latin	躬	gōng
Han-Latin	躭	dān
Han-Latin	躮	fēn
Han-Latin	躯	qū
Han-Latin	躰	tǐ
Han-Latin	躱	duǒ
Han-Latin	躲	duǒ
Han-Latin	躳	gōng
Han-Latin	躴	láng
Han-Latin	躵	rěn
Han-Latin	躶	luǒ
Han-Latin	躷	ǎi
Han-Latin	躸	jī
Han-Latin	躹	jú
Han-Latin	躺	tǎng
Han-Latin	躻	kōng
Han-Latin	躼	lào
Han-Latin	躽	yǎn
Han-Latin	躾	měi
Han-Latin	躿	kāng
Han-Latin	軀	qū
Han-Latin	軁	lóu
Han-Latin	軂	lào
Han-Latin	軃	duǒ
Han-Latin	軄	zhí
Han-Latin	軅	yàn
Han-Latin	軆	tǐ
Han-Latin	軇	dào
Han-Latin	軈	yīng
Han-Latin	軉	yù
Han-Latin	車	chē
Han-Latin	軋	yà
Han-Latin	軌	guǐ
Han-Latin	軍	jūn
Han-Latin	軎	wèi
Han-Latin	軏	yuè
Han-Latin	軐	xìn
Han-Latin	軑	dài
Han-Latin	軒	xuān
Han-Latin	軓	fàn
Han-Latin	軔	rèn
Han-Latin	軕	shān
Han-Latin	軖	kuáng
Han-Latin	軗	shū
Han-Latin	軘	tún
Han-Latin	軙	chén
Han-Latin	軚	dài
Han-Latin	軛	è
Han-Latin	軜	nà
Han-Latin	軝	qí
Han-Latin	軞	máo
Han-Latin	軟	ruǎn
Han-Latin	軠	kuáng
Han-Latin	軡	qián
Han-Latin	転	zhuǎn
Han-Latin	軣	hōng
Han-Latin	軤	hū
Han-Latin	軥	qú
Han-Latin	軦	kuàng
Han-Latin	軧	dǐ
Han-Latin	軨	líng
Han-Latin	軩	dài
Han-Latin	軪	āo
Han-Latin	軫	zhěn
Han-Latin	軬	fàn
Han-Latin	軭	kuāng
Han-Latin	軮	yǎng
Han-Latin	軯	pēng
Han-Latin	軰	bèi
Han-Latin	軱	gū
Han-Latin	軲	gū
Han-Latin	軳	páo
Han-Latin	軴	zhù
Han-Latin	軵	rǒng
Han-Latin	軶	è
Han-Latin	軷	bá
Han-Latin	軸	zhóu
Han-Latin	軹	zhǐ
Han-Latin	軺	yáo
Han-Latin	軻	kē
Han-Latin	軼	yì
Han-Latin	軽	zhì
Han-Latin	軾	shì
Han-Latin	軿	píng
Han-Latin	輀	ér
Han-Latin	輁	gǒng
Han-Latin	輂	jú
Han-Latin	較	jiào
Han-Latin	輄	guāng
Han-Latin	輅	lù
Han-Latin	輆	kǎi
Han-Latin	輇	quán
Han-Latin	輈	zhōu
Han-Latin	載	zài
Han-Latin	輊	zhì
Han-Latin	輋	shē
Han-Latin	輌	liàng
Han-Latin	輍	yù
Han-Latin	輎	shāo
Han-Latin	輏	yóu
Han-Latin	輐	wàn
Han-Latin	輑	yǐn
Han-Latin	輒	zhé
Han-Latin	輓	wǎn
Han-Latin	輔	fǔ
Han-Latin	輕	qīng
Han-Latin	輖	zhōu
Han-Latin	輗	ní
Han-Latin	輘	léng
Han-Latin	輙	zhé
Han-Latin	輚	zhàn
Han-Latin	輛	liàng
Han-Latin	輜	zī
Han-Latin	輝	huī
Han-Latin	輞	wǎng
Han-Latin	輟	chuò
Han-Latin	輠	guǒ
Han-Latin	輡	kǎn
Han-Latin	輢	yǐ
Han-Latin	輣	péng
Han-Latin	輤	qiàn
Han-Latin	輥	gǔn
Han-Latin	輦	niǎn
Han-Latin	輧	píng
Han-Latin	輨	guǎn
Han-Latin	輩	bèi
Han-Latin	輪	lún
Han-Latin	輫	pái
Han-Latin	輬	liáng
Han-Latin	輭	ruǎn
Han-Latin	輮	róu
Han-Latin	輯	jí
Han-Latin	輰	yáng
Han-Latin	輱	xián
Han-Latin	輲	chuán
Han-Latin	輳	còu
Han-Latin	輴	chūn
Han-Latin	輵	gé
Han-Latin	輶	yóu
Han-Latin	輷	hōng
Han-Latin	輸	shū
Han-Latin	輹	fù
Han-Latin	輺	zī
Han-Latin	輻	fú
Han-Latin	輼	wēn
Han-Latin	輽	bèn
Han-Latin	輾	zhǎn
Han-Latin	輿	yú
Han-Latin	轀	wēn
Han-Latin	轁	tāo
Han-Latin	轂	gǔ
Han-Latin	轃	zhēn
Han-Latin	轄	xiá
Han-Latin	轅	yuán
Han-Latin	轆	lù
Han-Latin	轇	jiāo
Han-Latin	轈	cháo
Han-Latin	轉	zhuǎn
Han-Latin	轊	wèi
Han-Latin	轋	hún
Han-Latin	轌	xuě
Han-Latin	轍	zhé
Han-Latin	轎	jiào
Han-Latin	轏	zhàn
Han-Latin	轐	bú
Han-Latin	轑	lǎo
Han-Latin	轒	fén
Han-Latin	轓	fān
Han-Latin	轔	lín
Han-Latin	轕	gé
Han-Latin	轖	sè
Han-Latin	轗	kǎn
Han-Latin	轘	huán
Han-Latin	轙	yǐ
Han-Latin	轚	jí
Han-Latin	轛	zhuì
Han-Latin	轜	ér
Han-Latin	轝	yù
Han-Latin	轞	jiàn
Han-Latin	轟	hōng
Han-Latin	轠	léi
Han-Latin	轡	pèi
Han-Latin	轢	lì
Han-Latin	轣	lì
Han-Latin	轤	lú
Han-Latin	轥	lìn
Han-Latin	车	chē
Han-Latin	轧	yà
Han-Latin	轨	guǐ
Han-Latin	轩	xuān
Han-Latin	轪	dài
Han-Latin	轫	rèn
Han-Latin	转	zhuǎn
Han-Latin	轭	è
Han-Latin	轮	lún
Han-Latin	软	ruǎn
Han-Latin	轰	hōng
Han-Latin	轱	gū
Han-Latin	轲	kē
Han-Latin	轳	lú
Han-Latin	轴	zhóu
Han-Latin	轵	zhǐ
Han-Latin	轶	yì
Han-Latin	轷	hū
Han-Latin	轸	zhěn
Han-Latin	轹	lì
Han-Latin	轺	yáo
Han-Latin	轻	qīng
Han-Latin	轼	shì
Han-Latin	载	zài
Han-Latin	轾	zhì
Han-Latin	轿	jiào
Han-Latin	辀	zhōu
Han-Latin	辁	quán
Han-Latin	辂	lù
Han-Latin	较	jiào
Han-Latin	辄	zhé
Han-Latin	辅	fǔ
Han-Latin	辆	liàng
Han-Latin	辇	niǎn
Han-Latin	辈	bèi
Han-Latin	辉	huī
Han-Latin	辊	gǔn
Han-Latin	辋	wǎng
Han-Latin	辌	liáng
Han-Latin	辍	chuò
Han-Latin	辎	zī
Han-Latin	辏	còu
Han-Latin	辐	fú
Han-Latin	辑	jí
Han-Latin	辒	wēn
Han-Latin	输	shū
Han-Latin	辔	pèi
Han-Latin	辕	yuán
Han-Latin	辖	xiá
Han-Latin	辗	zhǎn
Han-Latin	辘	lù
Han-Latin	辙	zhé
Han-Latin	辚	lín
Han-Latin	辛	xīn
Han-Latin	辜	gū
Han-Latin	辝	cí
Han-Latin	辞	cí
Han-Latin	辟	pì
Han-Latin	辠	zuì
Han-Latin	辡	biàn
Han-Latin	辢	là
Han-Latin	辣	là
Han-Latin	辤	cí
Han-Latin	辥	xuē
Han-Latin	辦	bàn
Han-Latin	辧	biàn
Han-Latin	辨	biàn
Han-Latin	辩	biàn
Han-Latin	辪	xuē
Han-Latin	辫	biàn
Han-Latin	辬	bān
Han-Latin	辭	cí
Han-Latin	辮	biàn
Han-Latin	辯	biàn
Han-Latin	辰	chén
Han-Latin	辱	rǔ
Han-Latin	農	nóng
Han-Latin	辳	nóng
Han-Latin	辴	chǎn
Han-Latin	辵	chuò
Han-Latin	辶	chuò
Han-Latin	辷	yī
Han-Latin	辸	réng
Han-Latin	边	biān
Han-Latin	辺	biān
Han-Latin	辻	shí
Han-Latin	込	yū
Han-Latin	辽	liáo
Han-Latin	达	dá
Han-Latin	辿	chān
Han-Latin	迀	gān
Han-Latin	迁	qiān
Han-Latin	迂	yū
Han-Latin	迃	yū
Han-Latin	迄	qì
Han-Latin	迅	xùn
Han-Latin	迆	yí
Han-Latin	过	guò
Han-Latin	迈	mài
Han-Latin	迉	qī
Han-Latin	迊	zā
Han-Latin	迋	wàng
Han-Latin	迌	tù
Han-Latin	迍	zhūn
Han-Latin	迎	yíng
Han-Latin	迏	dá
Han-Latin	运	yùn
Han-Latin	近	jìn
Han-Latin	迒	háng
Han-Latin	迓	yà
Han-Latin	返	fǎn
Han-Latin	迕	wǔ
Han-Latin	迖	dá
Han-Latin	迗	é
Han-Latin	还	hái
Han-Latin	这	zhè
Han-Latin	迚	dá
Han-Latin	进	jìn
Han-Latin	远	yuǎn
Han-Latin	违	wéi
Han-Latin	连	lián
Han-Latin	迟	chí
Han-Latin	迠	chè
Han-Latin	迡	nì
Han-Latin	迢	tiáo
Han-Latin	迣	zhì
Han-Latin	迤	yí
Han-Latin	迥	jiǒng
Han-Latin	迦	jiā
Han-Latin	迧	chén
Han-Latin	迨	dài
Han-Latin	迩	ěr
Han-Latin	迪	dí
Han-Latin	迫	pò
Han-Latin	迬	zhù
Han-Latin	迭	dié
Han-Latin	迮	zé
Han-Latin	迯	táo
Han-Latin	述	shù
Han-Latin	迱	tuó
Han-Latin	迲	qù
Han-Latin	迳	jìng
Han-Latin	迴	huí
Han-Latin	迵	dòng
Han-Latin	迶	yòu
Han-Latin	迷	mí
Han-Latin	迸	bèng
Han-Latin	迹	jì
Han-Latin	迺	nǎi
Han-Latin	迻	yí
Han-Latin	迼	jié
Han-Latin	追	zhuī
Han-Latin	迾	liè
Han-Latin	迿	xùn
Han-Latin	退	tuì
Han-Latin	送	sòng
Han-Latin	适	shì
Han-Latin	逃	táo
Han-Latin	逄	páng
Han-Latin	逅	hòu
Han-Latin	逆	nì
Han-Latin	逇	dùn
Han-Latin	逈	jiǒng
Han-Latin	选	xuǎn
Han-Latin	逊	xùn
Han-Latin	逋	bū
Han-Latin	逌	yōu
Han-Latin	逍	xiāo
Han-Latin	逎	qiú
Han-Latin	透	tòu
Han-Latin	逐	zhú
Han-Latin	逑	qiú
Han-Latin	递	dì
Han-Latin	逓	dì
Han-Latin	途	tú
Han-Latin	逕	jìng
Han-Latin	逖	tì
Han-Latin	逗	dòu
Han-Latin	逘	yǐ
Han-Latin	這	zhè
Han-Latin	通	tōng
Han-Latin	逛	guàng
Han-Latin	逜	wù
Han-Latin	逝	shì
Han-Latin	逞	chěng
Han-Latin	速	sù
Han-Latin	造	zào
Han-Latin	逡	qūn
Han-Latin	逢	féng
Han-Latin	連	lián
Han-Latin	逤	suò
Han-Latin	逥	huí
Han-Latin	逦	lǐ
Han-Latin	逧	gǔ
Han-Latin	逨	lái
Han-Latin	逩	bèn
Han-Latin	逪	cuò
Han-Latin	逫	jué
Han-Latin	逬	bèng
Han-Latin	逭	huàn
Han-Latin	逮	dǎi
Han-Latin	逯	lù
Han-Latin	逰	yóu
Han-Latin	週	zhōu
Han-Latin	進	jìn
Han-Latin	逳	yù
Han-Latin	逴	chuō
Han-Latin	逵	kuí
Han-Latin	逶	wēi
Han-Latin	逷	tì
Han-Latin	逸	yì
Han-Latin	逹	dá
Han-Latin	逺	yuǎn
Han-Latin	逻	luó
Han-Latin	逼	bī
Han-Latin	逽	nuò
Han-Latin	逾	yú
Han-Latin	逿	dàng
Han-Latin	遀	suí
Han-Latin	遁	dùn
Han-Latin	遂	suì
Han-Latin	遃	yǎn
Han-Latin	遄	chuán
Han-Latin	遅	chí
Han-Latin	遆	tí
Han-Latin	遇	yù
Han-Latin	遈	shí
Han-Latin	遉	zhēn
Han-Latin	遊	yóu
Han-Latin	運	yùn
Han-Latin	遌	è
Han-Latin	遍	biàn
Han-Latin	過	guò
Han-Latin	遏	è
Han-Latin	遐	xiá
Han-Latin	遑	huáng
Han-Latin	遒	qiú
Han-Latin	道	dào
Han-Latin	達	dá
Han-Latin	違	wéi
Han-Latin	遖	nán
Han-Latin	遗	yí
Han-Latin	遘	gòu
Han-Latin	遙	yáo
Han-Latin	遚	chòu
Han-Latin	遛	liù
Han-Latin	遜	xùn
Han-Latin	遝	tà
Han-Latin	遞	dì
Han-Latin	遟	chí
Han-Latin	遠	yuǎn
Han-Latin	遡	sù
Han-Latin	遢	ta
Han-Latin	遣	qiǎn
Han-Latin	遤	mǎ
Han-Latin	遥	yáo
Han-Latin	遦	guàn
Han-Latin	遧	zhāng
Han-Latin	遨	áo
Han-Latin	適	shì
Han-Latin	遪	cà
Han-Latin	遫	chì
Han-Latin	遬	sù
Han-Latin	遭	zāo
Han-Latin	遮	zhē
Han-Latin	遯	dùn
Han-Latin	遰	dì
Han-Latin	遱	lóu
Han-Latin	遲	chí
Han-Latin	遳	cuō
Han-Latin	遴	lín
Han-Latin	遵	zūn
Han-Latin	遶	rào
Han-Latin	遷	qiān
Han-Latin	選	xuǎn
Han-Latin	遹	yù
Han-Latin	遺	yí
Han-Latin	遻	è
Han-Latin	遼	liáo
Han-Latin	遽	jù
Han-Latin	遾	shì
Han-Latin	避	bì
Han-Latin	邀	yāo
Han-Latin	邁	mài
Han-Latin	邂	xiè
Han-Latin	邃	suì
Han-Latin	還	hái
Han-Latin	邅	zhān
Han-Latin	邆	téng
Han-Latin	邇	ěr
Han-Latin	邈	miǎo
Han-Latin	邉	biān
Han-Latin	邊	biān
Han-Latin	邋	lā
Han-Latin	邌	lí
Han-Latin	邍	yuán
Han-Latin	邎	yáo
Han-Latin	邏	luó
Han-Latin	邐	lǐ
Han-Latin	邑	yì
Han-Latin	邒	tíng
Han-Latin	邓	dèng
Han-Latin	邔	qǐ
Han-Latin	邕	yōng
Han-Latin	邖	shān
Han-Latin	邗	hán
Han-Latin	邘	yú
Han-Latin	邙	máng
Han-Latin	邚	rú
Han-Latin	邛	qióng
Han-Latin	邜	xī
Han-Latin	邝	kuàng
Han-Latin	邞	fū
Han-Latin	邟	kàng
Han-Latin	邠	bīn
Han-Latin	邡	fāng
Han-Latin	邢	xíng
Han-Latin	那	nà
Han-Latin	邤	xīn
Han-Latin	邥	shěn
Han-Latin	邦	bāng
Han-Latin	邧	yuán
Han-Latin	邨	cūn
Han-Latin	邩	huǒ
Han-Latin	邪	xié
Han-Latin	邫	bāng
Han-Latin	邬	wū
Han-Latin	邭	jù
Han-Latin	邮	yóu
Han-Latin	邯	hán
Han-Latin	邰	tái
Han-Latin	邱	qiū
Han-Latin	邲	bì
Han-Latin	邳	pī
Han-Latin	邴	bǐng
Han-Latin	邵	shào
Han-Latin	邶	bèi
Han-Latin	邷	wǎ
Han-Latin	邸	dǐ
Han-Latin	邹	zōu
Han-Latin	邺	yè
Han-Latin	邻	lín
Han-Latin	邼	kuāng
Han-Latin	邽	guī
Han-Latin	邾	zhū
Han-Latin	邿	shī
Han-Latin	郀	kū
Han-Latin	郁	yù
Han-Latin	郂	gāi
Han-Latin	郃	hé
Han-Latin	郄	qiè
Han-Latin	郅	zhì
Han-Latin	郆	jí
Han-Latin	郇	huán
Han-Latin	郈	hòu
Han-Latin	郉	xíng
Han-Latin	郊	jiāo
Han-Latin	郋	xí
Han-Latin	郌	guī
Han-Latin	郍	nuó
Han-Latin	郎	láng
Han-Latin	郏	jiá
Han-Latin	郐	kuài
Han-Latin	郑	zhèng
Han-Latin	郒	láng
Han-Latin	郓	yùn
Han-Latin	郔	yán
Han-Latin	郕	chéng
Han-Latin	郖	dòu
Han-Latin	郗	xī
Han-Latin	郘	lǚ
Han-Latin	郙	fǔ
Han-Latin	郚	wú
Han-Latin	郛	fú
Han-Latin	郜	gào
Han-Latin	郝	hǎo
Han-Latin	郞	láng
Han-Latin	郟	jiá
Han-Latin	郠	gěng
Han-Latin	郡	jùn
Han-Latin	郢	yǐng
Han-Latin	郣	bó
Han-Latin	郤	xì
Han-Latin	郥	bèi
Han-Latin	郦	lì
Han-Latin	郧	yún
Han-Latin	部	bù
Han-Latin	郩	xiáo
Han-Latin	郪	qī
Han-Latin	郫	pí
Han-Latin	郬	qīng
Han-Latin	郭	guō
Han-Latin	郮	zhōu
Han-Latin	郯	tán
Han-Latin	郰	zōu
Han-Latin	郱	píng
Han-Latin	郲	lái
Han-Latin	郳	ní
Han-Latin	郴	chēn
Han-Latin	郵	yóu
Han-Latin	郶	bù
Han-Latin	郷	xiāng
Han-Latin	郸	dān
Han-Latin	郹	jú
Han-Latin	郺	yōng
Han-Latin	郻	qiāo
Han-Latin	郼	yī
Han-Latin	都	dōu
Han-Latin	郾	yǎn
Han-Latin	郿	méi
Han-Latin	鄀	ruò
Han-Latin	鄁	bèi
Han-Latin	鄂	è
Han-Latin	鄃	shū
Han-Latin	鄄	juàn
Han-Latin	鄅	yǔ
Han-Latin	鄆	yùn
Han-Latin	鄇	hóu
Han-Latin	鄈	kuí
Han-Latin	鄉	xiāng
Han-Latin	鄊	xiāng
Han-Latin	鄋	sōu
Han-Latin	鄌	táng
Han-Latin	鄍	míng
Han-Latin	鄎	xī
Han-Latin	鄏	rǔ
Han-Latin	鄐	chù
Han-Latin	鄑	zī
Han-Latin	鄒	zōu
Han-Latin	鄓	yè
Han-Latin	鄔	wū
Han-Latin	鄕	xiāng
Han-Latin	鄖	yún
Han-Latin	鄗	hào
Han-Latin	鄘	yōng
Han-Latin	鄙	bǐ
Han-Latin	鄚	mào
Han-Latin	鄛	cháo
Han-Latin	鄜	fū
Han-Latin	鄝	liǎo
Han-Latin	鄞	yín
Han-Latin	鄟	zhuān
Han-Latin	鄠	hù
Han-Latin	鄡	qiāo
Han-Latin	鄢	yān
Han-Latin	鄣	zhāng
Han-Latin	鄤	màn
Han-Latin	鄥	qiāo
Han-Latin	鄦	xǔ
Han-Latin	鄧	dèng
Han-Latin	鄨	bì
Han-Latin	鄩	xún
Han-Latin	鄪	bì
Han-Latin	鄫	zēng
Han-Latin	鄬	wéi
Han-Latin	鄭	zhèng
Han-Latin	鄮	mào
Han-Latin	鄯	shàn
Han-Latin	鄰	lín
Han-Latin	鄱	pó
Han-Latin	鄲	dān
Han-Latin	鄳	méng
Han-Latin	鄴	yè
Han-Latin	鄵	cào
Han-Latin	鄶	kuài
Han-Latin	鄷	fēng
Han-Latin	鄸	méng
Han-Latin	鄹	zōu
Han-Latin	鄺	kuàng
Han-Latin	鄻	liǎn
Han-Latin	鄼	zàn
Han-Latin	鄽	chán
Han-Latin	鄾	yōu
Han-Latin	鄿	jī
Han-Latin	酀	yàn
Han-Latin	酁	chán
Han-Latin	酂	zàn
Han-Latin	酃	líng
Han-Latin	酄	huān
Han-Latin	酅	xī
Han-Latin	酆	fēng
Han-Latin	酇	zàn
Han-Latin	酈	lì
Han-Latin	酉	yǒu
Han-Latin	酊	dīng
Han-Latin	酋	qiú
Han-Latin	酌	zhuó
Han-Latin	配	pèi
Han-Latin	酎	zhòu
Han-Latin	酏	yǐ
Han-Latin	酐	gān
Han-Latin	酑	yú
Han-Latin	酒	jiǔ
Han-Latin	酓	yǎn
Han-Latin	酔	zuì
Han-Latin	酕	máo
Han-Latin	酖	zhèn
Han-Latin	酗	xù
Han-Latin	酘	dòu
Han-Latin	酙	zhēn
Han-Latin	酚	fēn
Han-Latin	酛	yuán
Han-Latin	酜	fū
Han-Latin	酝	yùn
Han-Latin	酞	tài
Han-Latin	酟	tiān
Han-Latin	酠	qiǎ
Han-Latin	酡	tuó
Han-Latin	酢	zuò
Han-Latin	酣	hān
Han-Latin	酤	gū
Han-Latin	酥	sū
Han-Latin	酦	pō
Han-Latin	酧	chóu
Han-Latin	酨	zài
Han-Latin	酩	mǐng
Han-Latin	酪	lào
Han-Latin	酫	chuò
Han-Latin	酬	chóu
Han-Latin	酭	yòu
Han-Latin	酮	tóng
Han-Latin	酯	zhǐ
Han-Latin	酰	xiān
Han-Latin	酱	jiàng
Han-Latin	酲	chéng
Han-Latin	酳	yìn
Han-Latin	酴	tú
Han-Latin	酵	jiào
Han-Latin	酶	méi
Han-Latin	酷	kù
Han-Latin	酸	suān
Han-Latin	酹	lèi
Han-Latin	酺	pú
Han-Latin	酻	zuì
Han-Latin	酼	hǎi
Han-Latin	酽	yàn
Han-Latin	酾	shī
Han-Latin	酿	niàng
Han-Latin	醀	wéi
Han-Latin	醁	lù
Han-Latin	醂	lǎn
Han-Latin	醃	yān
Han-Latin	醄	táo
Han-Latin	醅	pēi
Han-Latin	醆	zhǎn
Han-Latin	醇	chún
Han-Latin	醈	tán
Han-Latin	醉	zuì
Han-Latin	醊	zhuì
Han-Latin	醋	cù
Han-Latin	醌	kūn
Han-Latin	醍	tí
Han-Latin	醎	xián
Han-Latin	醏	dū
Han-Latin	醐	hú
Han-Latin	醑	xǔ
Han-Latin	醒	xǐng
Han-Latin	醓	tǎn
Han-Latin	醔	qiú
Han-Latin	醕	chún
Han-Latin	醖	yùn
Han-Latin	醗	pò
Han-Latin	醘	kē
Han-Latin	醙	sōu
Han-Latin	醚	mí
Han-Latin	醛	quán
Han-Latin	醜	chǒu
Han-Latin	醝	cuō
Han-Latin	醞	yùn
Han-Latin	醟	yòng
Han-Latin	醠	àng
Han-Latin	醡	zhà
Han-Latin	醢	hǎi
Han-Latin	醣	táng
Han-Latin	醤	jiàng
Han-Latin	醥	piǎo
Han-Latin	醦	chěn
Han-Latin	醧	yù
Han-Latin	醨	lí
Han-Latin	醩	zāo
Han-Latin	醪	láo
Han-Latin	醫	yī
Han-Latin	醬	jiàng
Han-Latin	醭	bú
Han-Latin	醮	jiào
Han-Latin	醯	xī
Han-Latin	醰	tán
Han-Latin	醱	fā
Han-Latin	醲	nóng
Han-Latin	醳	yì
Han-Latin	醴	lǐ
Han-Latin	醵	jù
Han-Latin	醶	yàn
Han-Latin	醷	yì
Han-Latin	醸	niàng
Han-Latin	醹	rú
Han-Latin	醺	xūn
Han-Latin	醻	chóu
Han-Latin	醼	yàn
Han-Latin	醽	líng
Han-Latin	醾	mí
Han-Latin	醿	mí
Han-Latin	釀	niàng
Han-Latin	釁	xìn
Han-Latin	釂	jiào
Han-Latin	釃	shāi
Han-Latin	釄	mí
Han-Latin	釅	yàn
Han-Latin	釆	biàn
Han-Latin	采	cǎi
Han-Latin	釈	shì
Han-Latin	釉	yòu
Han-Latin	释	shì
Han-Latin	釋	shì
Han-Latin	里	lǐ
Han-Latin	重	zhòng
Han-Latin	野	yě
Han-Latin	量	liàng
Han-Latin	釐	xī
Han-Latin	金	jīn
Han-Latin	釒	jīn
Han-Latin	釓	gá
Han-Latin	釔	yǐ
Han-Latin	釕	liǎo
Han-Latin	釖	dāo
Han-Latin	釗	zhāo
Han-Latin	釘	dīng
Han-Latin	釙	pò
Han-Latin	釚	qiú
Han-Latin	釛	bā
Han-Latin	釜	fǔ
Han-Latin	針	zhēn
Han-Latin	釞	zhí
Han-Latin	釟	bā
Han-Latin	釠	luàn
Han-Latin	釡	fǔ
Han-Latin	釢	nǎi
Han-Latin	釣	diào
Han-Latin	釤	shàn
Han-Latin	釥	qiǎo
Han-Latin	釦	kòu
Han-Latin	釧	chuàn
Han-Latin	釨	zǐ
Han-Latin	釩	fǎn
Han-Latin	釪	huá
Han-Latin	釫	huá
Han-Latin	釬	hàn
Han-Latin	釭	gāng
Han-Latin	釮	qí
Han-Latin	釯	máng
Han-Latin	釰	rì
Han-Latin	釱	dì
Han-Latin	釲	sì
Han-Latin	釳	xì
Han-Latin	釴	yì
Han-Latin	釵	chāi
Han-Latin	釶	shī
Han-Latin	釷	tǔ
Han-Latin	釸	xī
Han-Latin	釹	nǚ
Han-Latin	釺	qiān
Han-Latin	釻	qiú
Han-Latin	釼	jiàn
Han-Latin	釽	pì
Han-Latin	釾	yé
Han-Latin	釿	jīn
Han-Latin	鈀	bǎ
Han-Latin	鈁	fāng
Han-Latin	鈂	chén
Han-Latin	鈃	xíng
Han-Latin	鈄	dǒu
Han-Latin	鈅	yuè
Han-Latin	鈆	qiān
Han-Latin	鈇	fū
Han-Latin	鈈	bù
Han-Latin	鈉	nà
Han-Latin	鈊	xīn
Han-Latin	鈋	é
Han-Latin	鈌	jué
Han-Latin	鈍	dùn
Han-Latin	鈎	gōu
Han-Latin	鈏	yǐn
Han-Latin	鈐	qián
Han-Latin	鈑	bǎn
Han-Latin	鈒	sà
Han-Latin	鈓	rén
Han-Latin	鈔	chāo
Han-Latin	鈕	niǔ
Han-Latin	鈖	fēn
Han-Latin	鈗	yǔn
Han-Latin	鈘	yǐ
Han-Latin	鈙	qín
Han-Latin	鈚	pī
Han-Latin	鈛	guō
Han-Latin	鈜	hóng
Han-Latin	鈝	yín
Han-Latin	鈞	jūn
Han-Latin	鈟	diào
Han-Latin	鈠	yì
Han-Latin	鈡	zhōng
Han-Latin	鈢	xǐ
Han-Latin	鈣	gài
Han-Latin	鈤	rì
Han-Latin	鈥	huǒ
Han-Latin	鈦	tài
Han-Latin	鈧	kàng
Han-Latin	鈨	yuán
Han-Latin	鈩	lú
Han-Latin	鈪	è
Han-Latin	鈫	qín
Han-Latin	鈬	duó
Han-Latin	鈭	zī
Han-Latin	鈮	nǐ
Han-Latin	鈯	tú
Han-Latin	鈰	shì
Han-Latin	鈱	mín
Han-Latin	鈲	gū
Han-Latin	鈳	kē
Han-Latin	鈴	líng
Han-Latin	鈵	bǐng
Han-Latin	鈶	sì
Han-Latin	鈷	gǔ
Han-Latin	鈸	bó
Han-Latin	鈹	pī
Han-Latin	鈺	yù
Han-Latin	鈻	sì
Han-Latin	鈼	zuó
Han-Latin	鈽	bū
Han-Latin	鈾	yóu
Han-Latin	鈿	tián
Han-Latin	鉀	jiǎ
Han-Latin	鉁	zhēn
Han-Latin	鉂	shǐ
Han-Latin	鉃	shì
Han-Latin	鉄	tiě
Han-Latin	鉅	jù
Han-Latin	鉆	chān
Han-Latin	鉇	shī
Han-Latin	鉈	shī
Han-Latin	鉉	xuàn
Han-Latin	鉊	zhāo
Han-Latin	鉋	bào
Han-Latin	鉌	hé
Han-Latin	鉍	bì
Han-Latin	鉎	shēng
Han-Latin	鉏	chú
Han-Latin	鉐	shí
Han-Latin	鉑	bó
Han-Latin	鉒	zhù
Han-Latin	鉓	chì
Han-Latin	鉔	zā
Han-Latin	鉕	pō
Han-Latin	鉖	tóng
Han-Latin	鉗	qián
Han-Latin	鉘	fú
Han-Latin	鉙	zhǎi
Han-Latin	鉚	mǎo
Han-Latin	鉛	qiān
Han-Latin	鉜	fú
Han-Latin	鉝	lì
Han-Latin	鉞	yuè
Han-Latin	鉟	pī
Han-Latin	鉠	yāng
Han-Latin	鉡	bàn
Han-Latin	鉢	bō
Han-Latin	鉣	jié
Han-Latin	鉤	gōu
Han-Latin	鉥	shù
Han-Latin	鉦	zhēng
Han-Latin	鉧	mǔ
Han-Latin	鉨	xǐ
Han-Latin	鉩	xǐ
Han-Latin	鉪	dì
Han-Latin	鉫	jiā
Han-Latin	鉬	mù
Han-Latin	鉭	tǎn
Han-Latin	鉮	huán
Han-Latin	鉯	yǐ
Han-Latin	鉰	sī
Han-Latin	鉱	kuàng
Han-Latin	鉲	kǎ
Han-Latin	鉳	běi
Han-Latin	鉴	jiàn
Han-Latin	鉵	tóng
Han-Latin	鉶	xíng
Han-Latin	鉷	hóng
Han-Latin	鉸	jiǎo
Han-Latin	鉹	chǐ
Han-Latin	鉺	èr
Han-Latin	鉻	gè
Han-Latin	鉼	bǐng
Han-Latin	鉽	shì
Han-Latin	鉾	móu
Han-Latin	鉿	jiā
Han-Latin	銀	yín
Han-Latin	銁	jūn
Han-Latin	銂	zhōu
Han-Latin	銃	chòng
Han-Latin	銄	xiǎng
Han-Latin	銅	tóng
Han-Latin	銆	mò
Han-Latin	銇	lèi
Han-Latin	銈	jī
Han-Latin	銉	yù
Han-Latin	銊	xù
Han-Latin	銋	rén
Han-Latin	銌	zùn
Han-Latin	銍	zhì
Han-Latin	銎	qióng
Han-Latin	銏	shàn
Han-Latin	銐	chì
Han-Latin	銑	xiǎn
Han-Latin	銒	xíng
Han-Latin	銓	quán
Han-Latin	銔	pī
Han-Latin	銕	tiě
Han-Latin	銖	zhū
Han-Latin	銗	xiàng
Han-Latin	銘	míng
Han-Latin	銙	kuǎ
Han-Latin	銚	yáo
Han-Latin	銛	xiān
Han-Latin	銜	xián
Han-Latin	銝	xiū
Han-Latin	銞	jūn
Han-Latin	銟	chā
Han-Latin	銠	lǎo
Han-Latin	銡	jí
Han-Latin	銢	pǐ
Han-Latin	銣	rú
Han-Latin	銤	mǐ
Han-Latin	銥	yī
Han-Latin	銦	yīn
Han-Latin	銧	guāng
Han-Latin	銨	ǎn
Han-Latin	銩	diū
Han-Latin	銪	yǒu
Han-Latin	銫	sè
Han-Latin	銬	kào
Han-Latin	銭	qián
Han-Latin	銮	luán
Han-Latin	銯	sī
Han-Latin	銰	āi
Han-Latin	銱	diào
Han-Latin	銲	hàn
Han-Latin	銳	ruì
Han-Latin	銴	shì
Han-Latin	銵	kēng
Han-Latin	銶	qiú
Han-Latin	銷	xiāo
Han-Latin	銸	zhé
Han-Latin	銹	xiù
Han-Latin	銺	zàng
Han-Latin	銻	tí
Han-Latin	銼	cuò
Han-Latin	銽	guā
Han-Latin	銾	hòng
Han-Latin	銿	zhōng
Han-Latin	鋀	tōu
Han-Latin	鋁	lǚ
Han-Latin	鋂	méi
Han-Latin	鋃	láng
Han-Latin	鋄	wàn
Han-Latin	鋅	xīn
Han-Latin	鋆	yún
Han-Latin	鋇	bèi
Han-Latin	鋈	wù
Han-Latin	鋉	sù
Han-Latin	鋊	yù
Han-Latin	鋋	chán
Han-Latin	鋌	dìng
Han-Latin	鋍	bó
Han-Latin	鋎	hàn
Han-Latin	鋏	jiá
Han-Latin	鋐	hóng
Han-Latin	鋑	cuān
Han-Latin	鋒	fēng
Han-Latin	鋓	chān
Han-Latin	鋔	wǎn
Han-Latin	鋕	zhì
Han-Latin	鋖	sī
Han-Latin	鋗	xuān
Han-Latin	鋘	huá
Han-Latin	鋙	yǔ
Han-Latin	鋚	tiáo
Han-Latin	鋛	kuàng
Han-Latin	鋜	zhuó
Han-Latin	鋝	lüè
Han-Latin	鋞	xíng
Han-Latin	鋟	qǐn
Han-Latin	鋠	shèn
Han-Latin	鋡	hán
Han-Latin	鋢	lüè
Han-Latin	鋣	yé
Han-Latin	鋤	chú
Han-Latin	鋥	zèng
Han-Latin	鋦	jū
Han-Latin	鋧	xiàn
Han-Latin	鋨	é
Han-Latin	鋩	máng
Han-Latin	鋪	pù
Han-Latin	鋫	lí
Han-Latin	鋬	pàn
Han-Latin	鋭	ruì
Han-Latin	鋮	chéng
Han-Latin	鋯	gào
Han-Latin	鋰	lǐ
Han-Latin	鋱	tè
Han-Latin	鋲	bīng
Han-Latin	鋳	zhù
Han-Latin	鋴	zhèn
Han-Latin	鋵	tū
Han-Latin	鋶	liǔ
Han-Latin	鋷	zuì
Han-Latin	鋸	jù
Han-Latin	鋹	chǎng
Han-Latin	鋺	yuǎn
Han-Latin	鋻	jiàn
Han-Latin	鋼	gāng
Han-Latin	鋽	diào
Han-Latin	鋾	táo
Han-Latin	鋿	cháng
Han-Latin	錀	lún
Han-Latin	錁	guǒ
Han-Latin	錂	líng
Han-Latin	錃	pī
Han-Latin	錄	lù
Han-Latin	錅	lí
Han-Latin	錆	qiāng
Han-Latin	錇	póu
Han-Latin	錈	juǎn
Han-Latin	錉	mín
Han-Latin	錊	zuì
Han-Latin	錋	péng
Han-Latin	錌	àn
Han-Latin	錍	pī
Han-Latin	錎	xiàn
Han-Latin	錏	yā
Han-Latin	錐	zhuī
Han-Latin	錑	lèi
Han-Latin	錒	ā
Han-Latin	錓	kōng
Han-Latin	錔	tà
Han-Latin	錕	kūn
Han-Latin	錖	dú
Han-Latin	錗	nèi
Han-Latin	錘	chuí
Han-Latin	錙	zī
Han-Latin	錚	zhēng
Han-Latin	錛	bēn
Han-Latin	錜	niè
Han-Latin	錝	zòng
Han-Latin	錞	chún
Han-Latin	錟	tán
Han-Latin	錠	dìng
Han-Latin	錡	qí
Han-Latin	錢	qián
Han-Latin	錣	zhuì
Han-Latin	錤	jī
Han-Latin	錥	yù
Han-Latin	錦	jǐn
Han-Latin	錧	guǎn
Han-Latin	錨	máo
Han-Latin	錩	chāng
Han-Latin	錪	tiǎn
Han-Latin	錫	xī
Han-Latin	錬	liàn
Han-Latin	錭	táo
Han-Latin	錮	gù
Han-Latin	錯	cuò
Han-Latin	錰	shù
Han-Latin	錱	zhēn
Han-Latin	録	lù
Han-Latin	錳	měng
Han-Latin	錴	lù
Han-Latin	錵	huā
Han-Latin	錶	biǎo
Han-Latin	錷	gá
Han-Latin	錸	lái
Han-Latin	錹	kěn
Han-Latin	錺	fāng
Han-Latin	錻	bū
Han-Latin	錼	nài
Han-Latin	錽	wàn
Han-Latin	錾	zàn
Han-Latin	錿	hǔ
Han-Latin	鍀	dé
Han-Latin	鍁	xiān
Han-Latin	鍂	piān
Han-Latin	鍃	huō
Han-Latin	鍄	liàng
Han-Latin	鍅	fǎ
Han-Latin	鍆	mén
Han-Latin	鍇	kǎi
Han-Latin	鍈	yīng
Han-Latin	鍉	dī
Han-Latin	鍊	liàn
Han-Latin	鍋	guō
Han-Latin	鍌	xiǎn
Han-Latin	鍍	dù
Han-Latin	鍎	tú
Han-Latin	鍏	wéi
Han-Latin	鍐	zōng
Han-Latin	鍑	fù
Han-Latin	鍒	róu
Han-Latin	鍓	jí
Han-Latin	鍔	è
Han-Latin	鍕	jūn
Han-Latin	鍖	chěn
Han-Latin	鍗	tí
Han-Latin	鍘	zhá
Han-Latin	鍙	hù
Han-Latin	鍚	yáng
Han-Latin	鍛	duàn
Han-Latin	鍜	xiá
Han-Latin	鍝	yú
Han-Latin	鍞	kēng
Han-Latin	鍟	shēng
Han-Latin	鍠	huáng
Han-Latin	鍡	wěi
Han-Latin	鍢	fù
Han-Latin	鍣	zhāo
Han-Latin	鍤	chā
Han-Latin	鍥	qiè
Han-Latin	鍦	shī
Han-Latin	鍧	hōng
Han-Latin	鍨	kuí
Han-Latin	鍩	tiǎn
Han-Latin	鍪	móu
Han-Latin	鍫	qiāo
Han-Latin	鍬	qiāo
Han-Latin	鍭	hóu
Han-Latin	鍮	tōu
Han-Latin	鍯	cōng
Han-Latin	鍰	huán
Han-Latin	鍱	yè
Han-Latin	鍲	mín
Han-Latin	鍳	jiàn
Han-Latin	鍴	duān
Han-Latin	鍵	jiàn
Han-Latin	鍶	sōng
Han-Latin	鍷	kuí
Han-Latin	鍸	hú
Han-Latin	鍹	xuān
Han-Latin	鍺	zhě
Han-Latin	鍻	jié
Han-Latin	鍼	zhēn
Han-Latin	鍽	biān
Han-Latin	鍾	zhōng
Han-Latin	鍿	zī
Han-Latin	鎀	xiū
Han-Latin	鎁	yé
Han-Latin	鎂	měi
Han-Latin	鎃	pài
Han-Latin	鎄	āi
Han-Latin	鎅	jiè
Han-Latin	鎆	jiǎn
Han-Latin	鎇	méi
Han-Latin	鎈	suǒ
Han-Latin	鎉	dá
Han-Latin	鎊	bàng
Han-Latin	鎋	xiá
Han-Latin	鎌	lián
Han-Latin	鎍	suǒ
Han-Latin	鎎	kài
Han-Latin	鎏	liú
Han-Latin	鎐	yáo
Han-Latin	鎑	yè
Han-Latin	鎒	nòu
Han-Latin	鎓	wēng
Han-Latin	鎔	róng
Han-Latin	鎕	táng
Han-Latin	鎖	suǒ
Han-Latin	鎗	qiāng
Han-Latin	鎘	lì
Han-Latin	鎙	shuò
Han-Latin	鎚	chuí
Han-Latin	鎛	bó
Han-Latin	鎜	pán
Han-Latin	鎝	dā
Han-Latin	鎞	bī
Han-Latin	鎟	sǎng
Han-Latin	鎠	gāng
Han-Latin	鎡	zī
Han-Latin	鎢	wū
Han-Latin	鎣	yíng
Han-Latin	鎤	huàng
Han-Latin	鎥	tiáo
Han-Latin	鎦	liú
Han-Latin	鎧	kǎi
Han-Latin	鎨	sǔn
Han-Latin	鎩	shā
Han-Latin	鎪	sōu
Han-Latin	鎫	wàn
Han-Latin	鎬	hào
Han-Latin	鎭	zhèn
Han-Latin	鎮	zhèn
Han-Latin	鎯	láng
Han-Latin	鎰	yì
Han-Latin	鎱	yuán
Han-Latin	鎲	tǎng
Han-Latin	鎳	niè
Han-Latin	鎴	xí
Han-Latin	鎵	jiā
Han-Latin	鎶	gē
Han-Latin	鎷	mǎ
Han-Latin	鎸	juān
Han-Latin	鎹	sòng
Han-Latin	鎺	zǔ
Han-Latin	鎻	suǒ
Han-Latin	鎼	xià
Han-Latin	鎽	fēng
Han-Latin	鎾	wēn
Han-Latin	鎿	ná
Han-Latin	鏀	lǔ
Han-Latin	鏁	suǒ
Han-Latin	鏂	ōu
Han-Latin	鏃	zú
Han-Latin	鏄	tuán
Han-Latin	鏅	xiū
Han-Latin	鏆	guàn
Han-Latin	鏇	xuàn
Han-Latin	鏈	liàn
Han-Latin	鏉	shòu
Han-Latin	鏊	ào
Han-Latin	鏋	mǎn
Han-Latin	鏌	mò
Han-Latin	鏍	luó
Han-Latin	鏎	bì
Han-Latin	鏏	wèi
Han-Latin	鏐	liú
Han-Latin	鏑	dí
Han-Latin	鏒	sǎn
Han-Latin	鏓	zǒng
Han-Latin	鏔	yí
Han-Latin	鏕	lù
Han-Latin	鏖	áo
Han-Latin	鏗	kēng
Han-Latin	鏘	qiāng
Han-Latin	鏙	cuī
Han-Latin	鏚	qī
Han-Latin	鏛	cháng
Han-Latin	鏜	tāng
Han-Latin	鏝	màn
Han-Latin	鏞	yōng
Han-Latin	鏟	chǎn
Han-Latin	鏠	fēng
Han-Latin	鏡	jìng
Han-Latin	鏢	biāo
Han-Latin	鏣	shù
Han-Latin	鏤	lòu
Han-Latin	鏥	xiù
Han-Latin	鏦	cōng
Han-Latin	鏧	lóng
Han-Latin	鏨	zàn
Han-Latin	鏩	jiàn
Han-Latin	鏪	cáo
Han-Latin	鏫	lí
Han-Latin	鏬	xià
Han-Latin	鏭	xī
Han-Latin	鏮	kāng
Han-Latin	鏯	shuǎng
Han-Latin	鏰	bèng
Han-Latin	鏱	jǐn
Han-Latin	鏲	qiān
Han-Latin	鏳	chēng
Han-Latin	鏴	lù
Han-Latin	鏵	huá
Han-Latin	鏶	jí
Han-Latin	鏷	pú
Han-Latin	鏸	huì
Han-Latin	鏹	qiǎng
Han-Latin	鏺	pō
Han-Latin	鏻	lín
Han-Latin	鏼	sè
Han-Latin	鏽	xiù
Han-Latin	鏾	sǎn
Han-Latin	鏿	chēng
Han-Latin	鐀	kuì
Han-Latin	鐁	sī
Han-Latin	鐂	liú
Han-Latin	鐃	náo
Han-Latin	鐄	huáng
Han-Latin	鐅	piě
Han-Latin	鐆	suì
Han-Latin	鐇	fán
Han-Latin	鐈	qiáo
Han-Latin	鐉	quān
Han-Latin	鐊	yáng
Han-Latin	鐋	tāng
Han-Latin	鐌	xiàng
Han-Latin	鐍	jué
Han-Latin	鐎	jiāo
Han-Latin	鐏	zūn
Han-Latin	鐐	liáo
Han-Latin	鐑	qiè
Han-Latin	鐒	láo
Han-Latin	鐓	duì
Han-Latin	鐔	xín
Han-Latin	鐕	zān
Han-Latin	鐖	jī
Han-Latin	鐗	jiǎn
Han-Latin	鐘	zhōng
Han-Latin	鐙	dèng
Han-Latin	鐚	yā
Han-Latin	鐛	yǐng
Han-Latin	鐜	duī
Han-Latin	鐝	jué
Han-Latin	鐞	nòu
Han-Latin	鐟	zān
Han-Latin	鐠	pǔ
Han-Latin	鐡	tiě
Han-Latin	鐢	fán
Han-Latin	鐣	chēng
Han-Latin	鐤	dǐng
Han-Latin	鐥	shàn
Han-Latin	鐦	kāi
Han-Latin	鐧	jiān
Han-Latin	鐨	fèi
Han-Latin	鐩	suì
Han-Latin	鐪	lǔ
Han-Latin	鐫	juān
Han-Latin	鐬	huì
Han-Latin	鐭	yù
Han-Latin	鐮	lián
Han-Latin	鐯	zhuó
Han-Latin	鐰	qiāo
Han-Latin	鐱	jiàn
Han-Latin	鐲	zhuó
Han-Latin	鐳	léi
Han-Latin	鐴	bì
Han-Latin	鐵	tiě
Han-Latin	鐶	huán
Han-Latin	鐷	yè
Han-Latin	鐸	duó
Han-Latin	鐹	guǒ
Han-Latin	鐺	dāng
Han-Latin	鐻	jù
Han-Latin	鐼	fén
Han-Latin	鐽	dá
Han-Latin	鐾	bèi
Han-Latin	鐿	yì
Han-Latin	鑀	ài
Han-Latin	鑁	zōng
Han-Latin	鑂	xùn
Han-Latin	鑃	diào
Han-Latin	鑄	zhù
Han-Latin	鑅	héng
Han-Latin	鑆	zhuì
Han-Latin	鑇	jī
Han-Latin	鑈	niè
Han-Latin	鑉	hé
Han-Latin	鑊	huò
Han-Latin	鑋	qīng
Han-Latin	鑌	bīn
Han-Latin	鑍	yīng
Han-Latin	鑎	kuì
Han-Latin	鑏	níng
Han-Latin	鑐	xū
Han-Latin	鑑	jiàn
Han-Latin	鑒	jiàn
Han-Latin	鑓	qiǎn
Han-Latin	鑔	chǎ
Han-Latin	鑕	zhì
Han-Latin	鑖	miè
Han-Latin	鑗	lí
Han-Latin	鑘	léi
Han-Latin	鑙	jī
Han-Latin	鑚	zuàn
Han-Latin	鑛	kuàng
Han-Latin	鑜	shǎng
Han-Latin	鑝	péng
Han-Latin	鑞	là
Han-Latin	鑟	dú
Han-Latin	鑠	shuò
Han-Latin	鑡	chuò
Han-Latin	鑢	lǜ
Han-Latin	鑣	biāo
Han-Latin	鑤	bào
Han-Latin	鑥	lǔ
Han-Latin	鑦	xián
Han-Latin	鑧	kuān
Han-Latin	鑨	lóng
Han-Latin	鑩	è
Han-Latin	鑪	lú
Han-Latin	鑫	xīn
Han-Latin	鑬	jiàn
Han-Latin	鑭	làn
Han-Latin	鑮	bó
Han-Latin	鑯	jiān
Han-Latin	鑰	yào
Han-Latin	鑱	chán
Han-Latin	鑲	xiāng
Han-Latin	鑳	jiàn
Han-Latin	鑴	xī
Han-Latin	鑵	guàn
Han-Latin	鑶	cáng
Han-Latin	鑷	niè
Han-Latin	鑸	lěi
Han-Latin	鑹	cuān
Han-Latin	鑺	qú
Han-Latin	鑻	pàn
Han-Latin	鑼	luó
Han-Latin	鑽	zuān
Han-Latin	鑾	luán
Han-Latin	鑿	záo
Han-Latin	钀	niè
Han-Latin	钁	jué
Han-Latin	钂	tǎng
Han-Latin	钃	zhú
Han-Latin	钄	lán
Han-Latin	钅	jīn
Han-Latin	钆	gá
Han-Latin	钇	yǐ
Han-Latin	针	zhēn
Han-Latin	钉	dīng
Han-Latin	钊	zhāo
Han-Latin	钋	pō
Han-Latin	钌	liǎo
Han-Latin	钍	tǔ
Han-Latin	钎	qiān
Han-Latin	钏	chuàn
Han-Latin	钐	shān
Han-Latin	钑	sà
Han-Latin	钒	fán
Han-Latin	钓	diào
Han-Latin	钔	mén
Han-Latin	钕	nǚ
Han-Latin	钖	yáng
Han-Latin	钗	chāi
Han-Latin	钘	xíng
Han-Latin	钙	gài
Han-Latin	钚	bù
Han-Latin	钛	tài
Han-Latin	钜	jù
Han-Latin	钝	dùn
Han-Latin	钞	chāo
Han-Latin	钟	zhōng
Han-Latin	钠	nà
Han-Latin	钡	bèi
Han-Latin	钢	gāng
Han-Latin	钣	bǎn
Han-Latin	钤	qián
Han-Latin	钥	yào
Han-Latin	钦	qīn
Han-Latin	钧	jūn
Han-Latin	钨	wū
Han-Latin	钩	gōu
Han-Latin	钪	kàng
Han-Latin	钫	fāng
Han-Latin	钬	huǒ
Han-Latin	钭	dǒu
Han-Latin	钮	niǔ
Han-Latin	钯	bǎ
Han-Latin	钰	yù
Han-Latin	钱	qián
Han-Latin	钲	zhēng
Han-Latin	钳	qián
Han-Latin	钴	gǔ
Han-Latin	钵	bō
Han-Latin	钶	kē
Han-Latin	钷	pǒ
Han-Latin	钸	bū
Han-Latin	钹	bó
Han-Latin	钺	yuè
Han-Latin	钻	zuān
Han-Latin	钼	mù
Han-Latin	钽	tǎn
Han-Latin	钾	jiǎ
Han-Latin	钿	diàn
Han-Latin	铀	yóu
Han-Latin	铁	tiě
Han-Latin	铂	bó
Han-Latin	铃	líng
Han-Latin	铄	shuò
Han-Latin	铅	qiān
Han-Latin	铆	mǎo
Han-Latin	铇	bào
Han-Latin	铈	shì
Han-Latin	铉	xuàn
Han-Latin	铊	tā
Han-Latin	铋	bì
Han-Latin	铌	ní
Han-Latin	铍	pí
Han-Latin	铎	duó
Han-Latin	铏	xíng
Han-Latin	铐	kào
Han-Latin	铑	lǎo
Han-Latin	铒	ěr
Han-Latin	铓	máng
Han-Latin	铔	yā
Han-Latin	铕	yǒu
Han-Latin	铖	chéng
Han-Latin	铗	jiá
Han-Latin	铘	yé
Han-Latin	铙	náo
Han-Latin	铚	zhì
Han-Latin	铛	dāng
Han-Latin	铜	tóng
Han-Latin	铝	lǚ
Han-Latin	铞	diào
Han-Latin	铟	yīn
Han-Latin	铠	kǎi
Han-Latin	铡	zhá
Han-Latin	铢	zhū
Han-Latin	铣	xǐ
Han-Latin	铤	tǐng
Han-Latin	铥	diū
Han-Latin	铦	xiān
Han-Latin	铧	huá
Han-Latin	铨	quán
Han-Latin	铩	shā
Han-Latin	铪	hā
Han-Latin	铫	diào
Han-Latin	铬	gè
Han-Latin	铭	míng
Han-Latin	铮	zhēng
Han-Latin	铯	sè
Han-Latin	铰	jiǎo
Han-Latin	铱	yī
Han-Latin	铲	chǎn
Han-Latin	铳	chòng
Han-Latin	铴	tāng
Han-Latin	铵	ǎn
Han-Latin	银	yín
Han-Latin	铷	rú
Han-Latin	铸	zhù
Han-Latin	铹	láo
Han-Latin	铺	pù
Han-Latin	铻	wú
Han-Latin	铼	lái
Han-Latin	铽	tè
Han-Latin	链	liàn
Han-Latin	铿	kēng
Han-Latin	销	xiāo
Han-Latin	锁	suǒ
Han-Latin	锂	lǐ
Han-Latin	锃	zèng
Han-Latin	锄	chú
Han-Latin	锅	guō
Han-Latin	锆	gào
Han-Latin	锇	é
Han-Latin	锈	xiù
Han-Latin	锉	cuò
Han-Latin	锊	lüè
Han-Latin	锋	fēng
Han-Latin	锌	xīn
Han-Latin	锍	liǔ
Han-Latin	锎	kāi
Han-Latin	锏	jiǎn
Han-Latin	锐	ruì
Han-Latin	锑	tī
Han-Latin	锒	láng
Han-Latin	锓	qǐn
Han-Latin	锔	jū
Han-Latin	锕	ā
Han-Latin	锖	qiāng
Han-Latin	锗	zhě
Han-Latin	锘	nuò
Han-Latin	错	cuò
Han-Latin	锚	máo
Han-Latin	锛	bēn
Han-Latin	锜	qí
Han-Latin	锝	dé
Han-Latin	锞	kè
Han-Latin	锟	kūn
Han-Latin	锠	chāng
Han-Latin	锡	xī
Han-Latin	锢	gù
Han-Latin	锣	luó
Han-Latin	锤	chuí
Han-Latin	锥	zhuī
Han-Latin	锦	jǐn
Han-Latin	锧	zhì
Han-Latin	锨	xiān
Han-Latin	锩	juǎn
Han-Latin	锪	huō
Han-Latin	锫	péi
Han-Latin	锬	tán
Han-Latin	锭	dìng
Han-Latin	键	jiàn
Han-Latin	锯	jù
Han-Latin	锰	měng
Han-Latin	锱	zī
Han-Latin	锲	qiè
Han-Latin	锳	yīng
Han-Latin	锴	kǎi
Han-Latin	锵	qiāng
Han-Latin	锶	sī
Han-Latin	锷	è
Han-Latin	锸	chā
Han-Latin	锹	qiāo
Han-Latin	锺	zhōng
Han-Latin	锻	duàn
Han-Latin	锼	sōu
Han-Latin	锽	huáng
Han-Latin	锾	huán
Han-Latin	锿	āi
Han-Latin	镀	dù
Han-Latin	镁	měi
Han-Latin	镂	lòu
Han-Latin	镃	zī
Han-Latin	镄	fèi
Han-Latin	镅	méi
Han-Latin	镆	mò
Han-Latin	镇	zhèn
Han-Latin	镈	bó
Han-Latin	镉	gé
Han-Latin	镊	niè
Han-Latin	镋	tǎng
Han-Latin	镌	juān
Han-Latin	镍	niè
Han-Latin	镎	ná
Han-Latin	镏	liú
Han-Latin	镐	gǎo
Han-Latin	镑	bàng
Han-Latin	镒	yì
Han-Latin	镓	jiā
Han-Latin	镔	bīn
Han-Latin	镕	róng
Han-Latin	镖	biāo
Han-Latin	镗	tāng
Han-Latin	镘	màn
Han-Latin	镙	luó
Han-Latin	镚	bèng
Han-Latin	镛	yōng
Han-Latin	镜	jìng
Han-Latin	镝	dī
Han-Latin	镞	zú
Han-Latin	镟	xuàn
Han-Latin	镠	liú
Han-Latin	镡	chán
Han-Latin	镢	jué
Han-Latin	镣	liào
Han-Latin	镤	pú
Han-Latin	镥	lǔ
Han-Latin	镦	dūn
Han-Latin	镧	lán
Han-Latin	镨	pǔ
Han-Latin	镩	cuān
Han-Latin	镪	qiāng
Han-Latin	镫	dèng
Han-Latin	镬	huò
Han-Latin	镭	léi
Han-Latin	镮	huán
Han-Latin	镯	zhuó
Han-Latin	镰	lián
Han-Latin	镱	yì
Han-Latin	镲	chǎ
Han-Latin	镳	biāo
Han-Latin	镴	là
Han-Latin	镵	chán
Han-Latin	镶	xiāng
Han-Latin	長	zhǎng
Han-Latin	镸	cháng
Han-Latin	镹	jiǔ
Han-Latin	镺	ǎo
Han-Latin	镻	dié
Han-Latin	镼	qū
Han-Latin	镽	liǎo
Han-Latin	镾	mí
Han-Latin	长	zhǎng
Han-Latin	門	mén
Han-Latin	閁	mà
Han-Latin	閂	shuān
Han-Latin	閃	shǎn
Han-Latin	閄	huò
Han-Latin	閅	mén
Han-Latin	閆	yán
Han-Latin	閇	bì
Han-Latin	閈	hàn
Han-Latin	閉	bì
Han-Latin	閊	shān
Han-Latin	開	kāi
Han-Latin	閌	kàng
Han-Latin	閍	bēng
Han-Latin	閎	hóng
Han-Latin	閏	rùn
Han-Latin	閐	sàn
Han-Latin	閑	xián
Han-Latin	閒	xián
Han-Latin	間	jiān
Han-Latin	閔	mǐn
Han-Latin	閕	xiā
Han-Latin	閖	shuǐ
Han-Latin	閗	dòu
Han-Latin	閘	zhá
Han-Latin	閙	nào
Han-Latin	閚	zhān
Han-Latin	閛	pēng
Han-Latin	閜	xiǎ
Han-Latin	閝	líng
Han-Latin	閞	biàn
Han-Latin	閟	bì
Han-Latin	閠	rùn
Han-Latin	閡	ài
Han-Latin	関	guān
Han-Latin	閣	gé
Han-Latin	閤	gé
Han-Latin	閥	fá
Han-Latin	閦	chù
Han-Latin	閧	hòng
Han-Latin	閨	guī
Han-Latin	閩	mǐn
Han-Latin	閪	sē
Han-Latin	閫	kǔn
Han-Latin	閬	làng
Han-Latin	閭	lǘ
Han-Latin	閮	tíng
Han-Latin	閯	shà
Han-Latin	閰	jú
Han-Latin	閱	yuè
Han-Latin	閲	yuè
Han-Latin	閳	chǎn
Han-Latin	閴	qù
Han-Latin	閵	lìn
Han-Latin	閶	chāng
Han-Latin	閷	shài
Han-Latin	閸	kǔn
Han-Latin	閹	yān
Han-Latin	閺	wén
Han-Latin	閻	yán
Han-Latin	閼	è
Han-Latin	閽	hūn
Han-Latin	閾	yù
Han-Latin	閿	wén
Han-Latin	闀	hòng
Han-Latin	闁	bāo
Han-Latin	闂	hòng
Han-Latin	闃	qù
Han-Latin	闄	yǎo
Han-Latin	闅	wén
Han-Latin	闆	bǎn
Han-Latin	闇	àn
Han-Latin	闈	wéi
Han-Latin	闉	yīn
Han-Latin	闊	kuò
Han-Latin	闋	què
Han-Latin	闌	lán
Han-Latin	闍	dū
Han-Latin	闎	quán
Han-Latin	闏	fēng
Han-Latin	闐	tián
Han-Latin	闑	niè
Han-Latin	闒	tà
Han-Latin	闓	kǎi
Han-Latin	闔	hé
Han-Latin	闕	què
Han-Latin	闖	chuǎng
Han-Latin	闗	guān
Han-Latin	闘	dòu
Han-Latin	闙	qǐ
Han-Latin	闚	kuī
Han-Latin	闛	táng
Han-Latin	關	guān
Han-Latin	闝	piáo
Han-Latin	闞	kàn
Han-Latin	闟	xì
Han-Latin	闠	huì
Han-Latin	闡	chǎn
Han-Latin	闢	pì
Han-Latin	闣	dàng
Han-Latin	闤	huán
Han-Latin	闥	tà
Han-Latin	闦	wén
Han-Latin	闧	tā
Han-Latin	门	mén
Han-Latin	闩	shuān
Han-Latin	闪	shǎn
Han-Latin	闫	yán
Han-Latin	闬	hàn
Han-Latin	闭	bì
Han-Latin	问	wèn
Han-Latin	闯	chuǎng
Han-Latin	闰	rùn
Han-Latin	闱	wéi
Han-Latin	闲	xián
Han-Latin	闳	hóng
Han-Latin	间	jiān
Han-Latin	闵	mǐn
Han-Latin	闶	kàng
Han-Latin	闷	mèn
Han-Latin	闸	zhá
Han-Latin	闹	nào
Han-Latin	闺	guī
Han-Latin	闻	wén
Han-Latin	闼	tà
Han-Latin	闽	mǐn
Han-Latin	闾	lǘ
Han-Latin	闿	kǎi
Han-Latin	阀	fá
Han-Latin	阁	gé
Han-Latin	阂	hé
Han-Latin	阃	kǔn
Han-Latin	阄	jiū
Han-Latin	阅	yuè
Han-Latin	阆	làng
Han-Latin	阇	dū
Han-Latin	阈	yù
Han-Latin	阉	yān
Han-Latin	阊	chāng
Han-Latin	阋	xì
Han-Latin	阌	wén
Han-Latin	阍	hūn
Han-Latin	阎	yán
Han-Latin	阏	yān
Han-Latin	阐	chǎn
Han-Latin	阑	lán
Han-Latin	阒	qù
Han-Latin	阓	huì
Han-Latin	阔	kuò
Han-Latin	阕	què
Han-Latin	阖	hé
Han-Latin	阗	tián
Han-Latin	阘	tà
Han-Latin	阙	quē
Han-Latin	阚	kàn
Han-Latin	阛	huán
Han-Latin	阜	fù
Han-Latin	阝	fù
Han-Latin	阞	lè
Han-Latin	队	duì
Han-Latin	阠	xìn
Han-Latin	阡	qiān
Han-Latin	阢	wù
Han-Latin	阣	gài
Han-Latin	阤	zhì
Han-Latin	阥	yīn
Han-Latin	阦	yáng
Han-Latin	阧	dǒu
Han-Latin	阨	è
Han-Latin	阩	shēng
Han-Latin	阪	bǎn
Han-Latin	阫	péi
Han-Latin	阬	kēng
Han-Latin	阭	yǔn
Han-Latin	阮	ruǎn
Han-Latin	阯	zhǐ
Han-Latin	阰	pí
Han-Latin	阱	jǐng
Han-Latin	防	fáng
Han-Latin	阳	yáng
Han-Latin	阴	yīn
Han-Latin	阵	zhèn
Han-Latin	阶	jiē
Han-Latin	阷	chēng
Han-Latin	阸	è
Han-Latin	阹	qū
Han-Latin	阺	dǐ
Han-Latin	阻	zǔ
Han-Latin	阼	zuò
Han-Latin	阽	diàn
Han-Latin	阾	lǐng
Han-Latin	阿	ā
Han-Latin	陀	tuó
Han-Latin	陁	tuó
Han-Latin	陂	pí
Han-Latin	陃	bǐng
Han-Latin	附	fù
Han-Latin	际	jì
Han-Latin	陆	lù
Han-Latin	陇	lǒng
Han-Latin	陈	chén
Han-Latin	陉	xíng
Han-Latin	陊	duò
Han-Latin	陋	lòu
Han-Latin	陌	mò
Han-Latin	降	jiàng
Han-Latin	陎	shū
Han-Latin	陏	duò
Han-Latin	限	xiàn
Han-Latin	陑	ér
Han-Latin	陒	guǐ
Han-Latin	陓	yū
Han-Latin	陔	gāi
Han-Latin	陕	shǎn
Han-Latin	陖	jùn
Han-Latin	陗	qiào
Han-Latin	陘	xíng
Han-Latin	陙	chún
Han-Latin	陚	fù
Han-Latin	陛	bì
Han-Latin	陜	xiá
Han-Latin	陝	shǎn
Han-Latin	陞	shēng
Han-Latin	陟	zhì
Han-Latin	陠	pū
Han-Latin	陡	dǒu
Han-Latin	院	yuàn
Han-Latin	陣	zhèn
Han-Latin	除	chú
Han-Latin	陥	xiàn
Han-Latin	陦	dǎo
Han-Latin	陧	niè
Han-Latin	陨	yǔn
Han-Latin	险	xiǎn
Han-Latin	陪	péi
Han-Latin	陫	fèi
Han-Latin	陬	zōu
Han-Latin	陭	yì
Han-Latin	陮	duì
Han-Latin	陯	lún
Han-Latin	陰	yīn
Han-Latin	陱	jū
Han-Latin	陲	chuí
Han-Latin	陳	chén
Han-Latin	陴	pí
Han-Latin	陵	líng
Han-Latin	陶	táo
Han-Latin	陷	xiàn
Han-Latin	陸	lù
Han-Latin	陹	shēng
Han-Latin	険	xiǎn
Han-Latin	陻	yīn
Han-Latin	陼	zhǔ
Han-Latin	陽	yáng
Han-Latin	陾	réng
Han-Latin	陿	xiá
Han-Latin	隀	chóng
Han-Latin	隁	yàn
Han-Latin	隂	yīn
Han-Latin	隃	shù
Han-Latin	隄	dī
Han-Latin	隅	yú
Han-Latin	隆	lóng
Han-Latin	隇	wēi
Han-Latin	隈	wēi
Han-Latin	隉	niè
Han-Latin	隊	duì
Han-Latin	隋	suí
Han-Latin	隌	ǎn
Han-Latin	隍	huáng
Han-Latin	階	jiē
Han-Latin	随	suí
Han-Latin	隐	yǐn
Han-Latin	隑	gài
Han-Latin	隒	yǎn
Han-Latin	隓	huī
Han-Latin	隔	gé
Han-Latin	隕	yǔn
Han-Latin	隖	wù
Han-Latin	隗	wěi
Han-Latin	隘	ài
Han-Latin	隙	xì
Han-Latin	隚	táng
Han-Latin	際	jì
Han-Latin	障	zhàng
Han-Latin	隝	dǎo
Han-Latin	隞	áo
Han-Latin	隟	xì
Han-Latin	隠	yǐn
Han-Latin	隡	sà
Han-Latin	隢	rǎo
Han-Latin	隣	lín
Han-Latin	隤	tuí
Han-Latin	隥	dèng
Han-Latin	隦	jiǎo
Han-Latin	隧	suì
Han-Latin	隨	suí
Han-Latin	隩	ào
Han-Latin	險	xiǎn
Han-Latin	隫	fén
Han-Latin	隬	nǐ
Han-Latin	隭	ér
Han-Latin	隮	jī
Han-Latin	隯	dǎo
Han-Latin	隰	xí
Han-Latin	隱	yǐn
Han-Latin	隲	zhì
Han-Latin	隳	huī
Han-Latin	隴	lǒng
Han-Latin	隵	xī
Han-Latin	隶	lì
Han-Latin	隷	lì
Han-Latin	隸	lì
Han-Latin	隹	zhuī
Han-Latin	隺	hè
Han-Latin	隻	zhī
Han-Latin	隼	sǔn
Han-Latin	隽	juàn
Han-Latin	难	nán
Han-Latin	隿	yì
Han-Latin	雀	què
Han-Latin	雁	yàn
Han-Latin	雂	qín
Han-Latin	雃	qiān
Han-Latin	雄	xióng
Han-Latin	雅	yǎ
Han-Latin	集	jí
Han-Latin	雇	gù
Han-Latin	雈	huán
Han-Latin	雉	zhì
Han-Latin	雊	gòu
Han-Latin	雋	juàn
Han-Latin	雌	cí
Han-Latin	雍	yōng
Han-Latin	雎	jū
Han-Latin	雏	chú
Han-Latin	雐	hū
Han-Latin	雑	zá
Han-Latin	雒	luò
Han-Latin	雓	yú
Han-Latin	雔	chóu
Han-Latin	雕	diāo
Han-Latin	雖	suī
Han-Latin	雗	hàn
Han-Latin	雘	wò
Han-Latin	雙	shuāng
Han-Latin	雚	guàn
Han-Latin	雛	chú
Han-Latin	雜	zá
Han-Latin	雝	yōng
Han-Latin	雞	jī
Han-Latin	雟	xī
Han-Latin	雠	chóu
Han-Latin	雡	liù
Han-Latin	離	lí
Han-Latin	難	nán
Han-Latin	雤	xué
Han-Latin	雥	zá
Han-Latin	雦	jí
Han-Latin	雧	jí
Han-Latin	雨	yǔ
Han-Latin	雩	yú
Han-Latin	雪	xuě
Han-Latin	雫	nǎ
Han-Latin	雬	fǒu
Han-Latin	雭	sè
Han-Latin	雮	mù
Han-Latin	雯	wén
Han-Latin	雰	fēn
Han-Latin	雱	pāng
Han-Latin	雲	yún
Han-Latin	雳	lì
Han-Latin	雴	chì
Han-Latin	雵	yāng
Han-Latin	零	líng
Han-Latin	雷	léi
Han-Latin	雸	án
Han-Latin	雹	báo
Han-Latin	雺	wù
Han-Latin	電	diàn
Han-Latin	雼	dàng
Han-Latin	雽	hù
Han-Latin	雾	wù
Han-Latin	雿	diào
Han-Latin	需	xū
Han-Latin	霁	jì
Han-Latin	霂	mù
Han-Latin	霃	chén
Han-Latin	霄	xiāo
Han-Latin	霅	zhà
Han-Latin	霆	tíng
Han-Latin	震	zhèn
Han-Latin	霈	pèi
Han-Latin	霉	méi
Han-Latin	霊	líng
Han-Latin	霋	qī
Han-Latin	霌	zhōu
Han-Latin	霍	huò
Han-Latin	霎	shà
Han-Latin	霏	fēi
Han-Latin	霐	hóng
Han-Latin	霑	zhān
Han-Latin	霒	yīn
Han-Latin	霓	ní
Han-Latin	霔	zhù
Han-Latin	霕	tún
Han-Latin	霖	lín
Han-Latin	霗	líng
Han-Latin	霘	dòng
Han-Latin	霙	yīng
Han-Latin	霚	wù
Han-Latin	霛	líng
Han-Latin	霜	shuāng
Han-Latin	霝	líng
Han-Latin	霞	xiá
Han-Latin	霟	hóng
Han-Latin	霠	yīn
Han-Latin	霡	mài
Han-Latin	霢	mài
Han-Latin	霣	yǔn
Han-Latin	霤	liù
Han-Latin	霥	mèng
Han-Latin	霦	bīn
Han-Latin	霧	wù
Han-Latin	霨	wèi
Han-Latin	霩	kuò
Han-Latin	霪	yín
Han-Latin	霫	xí
Han-Latin	霬	yì
Han-Latin	霭	ǎi
Han-Latin	霮	dàn
Han-Latin	霯	tèng
Han-Latin	霰	xiàn
Han-Latin	霱	yù
Han-Latin	露	lù
Han-Latin	霳	lóng
Han-Latin	霴	dài
Han-Latin	霵	jí
Han-Latin	霶	pāng
Han-Latin	霷	yáng
Han-Latin	霸	bà
Han-Latin	霹	pī
Han-Latin	霺	wéi
Han-Latin	霻	fēng
Han-Latin	霼	xì
Han-Latin	霽	jì
Han-Latin	霾	mái
Han-Latin	霿	méng
Han-Latin	靀	méng
Han-Latin	靁	léi
Han-Latin	靂	lì
Han-Latin	靃	huò
Han-Latin	靄	ǎi
Han-Latin	靅	fèi
Han-Latin	靆	dài
Han-Latin	靇	lóng
Han-Latin	靈	líng
Han-Latin	靉	ài
Han-Latin	靊	fēng
Han-Latin	靋	lì
Han-Latin	靌	bǎo
Han-Latin	靍	hè
Han-Latin	靎	hè
Han-Latin	靏	hè
Han-Latin	靐	bìng
Han-Latin	靑	qīng
Han-Latin	青	qīng
Han-Latin	靓	jìng
Han-Latin	靔	tiān
Han-Latin	靕	zhēn
Han-Latin	靖	jìng
Han-Latin	靗	chēng
Han-Latin	靘	qìng
Han-Latin	静	jìng
Han-Latin	靚	jìng
Han-Latin	靛	diàn
Han-Latin	靜	jìng
Han-Latin	靝	tiān
Han-Latin	非	fēi
Han-Latin	靟	fēi
Han-Latin	靠	kào
Han-Latin	靡	mí
Han-Latin	面	miàn
Han-Latin	靣	miàn
Han-Latin	靤	bào
Han-Latin	靥	yè
Han-Latin	靦	tiǎn
Han-Latin	靧	huì
Han-Latin	靨	yè
Han-Latin	革	gé
Han-Latin	靪	dīng
Han-Latin	靫	chá
Han-Latin	靬	qián
Han-Latin	靭	rèn
Han-Latin	靮	dí
Han-Latin	靯	dù
Han-Latin	靰	wù
Han-Latin	靱	rèn
Han-Latin	靲	qín
Han-Latin	靳	jìn
Han-Latin	靴	xuē
Han-Latin	靵	niǔ
Han-Latin	靶	bǎ
Han-Latin	靷	yǐn
Han-Latin	靸	sǎ
Han-Latin	靹	nà
Han-Latin	靺	mò
Han-Latin	靻	zǔ
Han-Latin	靼	dá
Han-Latin	靽	bàn
Han-Latin	靾	yì
Han-Latin	靿	yào
Han-Latin	鞀	táo
Han-Latin	鞁	bèi
Han-Latin	鞂	jiē
Han-Latin	鞃	hóng
Han-Latin	鞄	páo
Han-Latin	鞅	yāng
Han-Latin	鞆	bǐng
Han-Latin	鞇	yīn
Han-Latin	鞈	gé
Han-Latin	鞉	táo
Han-Latin	鞊	jié
Han-Latin	鞋	xié
Han-Latin	鞌	ān
Han-Latin	鞍	ān
Han-Latin	鞎	hén
Han-Latin	鞏	gǒng
Han-Latin	鞐	qiǎ
Han-Latin	鞑	dá
Han-Latin	鞒	qiáo
Han-Latin	鞓	tīng
Han-Latin	鞔	mán
Han-Latin	鞕	yìng
Han-Latin	鞖	suī
Han-Latin	鞗	tiáo
Han-Latin	鞘	qiào
Han-Latin	鞙	xuàn
Han-Latin	鞚	kòng
Han-Latin	鞛	běng
Han-Latin	鞜	tà
Han-Latin	鞝	shàng
Han-Latin	鞞	bǐng
Han-Latin	鞟	kuò
Han-Latin	鞠	jū
Han-Latin	鞡	la
Han-Latin	鞢	xiè
Han-Latin	鞣	róu
Han-Latin	鞤	bāng
Han-Latin	鞥	ēng
Han-Latin	鞦	qiū
Han-Latin	鞧	qiū
Han-Latin	鞨	hé
Han-Latin	鞩	qiào
Han-Latin	鞪	mù
Han-Latin	鞫	jū
Han-Latin	鞬	jiān
Han-Latin	鞭	biān
Han-Latin	鞮	dī
Han-Latin	鞯	jiān
Han-Latin	鞰	wēn
Han-Latin	鞱	tāo
Han-Latin	鞲	gōu
Han-Latin	鞳	tà
Han-Latin	鞴	bèi
Han-Latin	鞵	xié
Han-Latin	鞶	pán
Han-Latin	鞷	gé
Han-Latin	鞸	bì
Han-Latin	鞹	kuò
Han-Latin	鞺	tāng
Han-Latin	鞻	lóu
Han-Latin	鞼	guì
Han-Latin	鞽	qiáo
Han-Latin	鞾	xuē
Han-Latin	鞿	jī
Han-Latin	韀	jiān
Han-Latin	韁	jiāng
Han-Latin	韂	chàn
Han-Latin	韃	dá
Han-Latin	韄	hù
Han-Latin	韅	xiǎn
Han-Latin	韆	qiān
Han-Latin	韇	dú
Han-Latin	韈	wà
Han-Latin	韉	jiān
Han-Latin	韊	lán
Han-Latin	韋	wéi
Han-Latin	韌	rèn
Han-Latin	韍	fú
Han-Latin	韎	mèi
Han-Latin	韏	quàn
Han-Latin	韐	gé
Han-Latin	韑	wěi
Han-Latin	韒	qiào
Han-Latin	韓	hán
Han-Latin	韔	chàng
Han-Latin	韕	kuò
Han-Latin	韖	rǒu
Han-Latin	韗	yùn
Han-Latin	韘	shè
Han-Latin	韙	wěi
Han-Latin	韚	gé
Han-Latin	韛	bài
Han-Latin	韜	tāo
Han-Latin	韝	gōu
Han-Latin	韞	yùn
Han-Latin	韟	gāo
Han-Latin	韠	bì
Han-Latin	韡	wěi
Han-Latin	韢	suì
Han-Latin	韣	dú
Han-Latin	韤	wà
Han-Latin	韥	dú
Han-Latin	韦	wéi
Han-Latin	韧	rèn
Han-Latin	韨	fú
Han-Latin	韩	hán
Han-Latin	韪	wěi
Han-Latin	韫	yùn
Han-Latin	韬	tāo
Han-Latin	韭	jiǔ
Han-Latin	韮	jiǔ
Han-Latin	韯	xiān
Han-Latin	韰	xiè
Han-Latin	韱	xiān
Han-Latin	韲	jī
Han-Latin	音	yīn
Han-Latin	韴	zá
Han-Latin	韵	yùn
Han-Latin	韶	sháo
Han-Latin	韷	lè
Han-Latin	韸	péng
Han-Latin	韹	huáng
Han-Latin	韺	yīng
Han-Latin	韻	yùn
Han-Latin	韼	péng
Han-Latin	韽	ān
Han-Latin	韾	yīn
Han-Latin	響	xiǎng
Han-Latin	頀	hù
Han-Latin	頁	yè
Han-Latin	頂	dǐng
Han-Latin	頃	qǐng
Han-Latin	頄	kuí
Han-Latin	項	xiàng
Han-Latin	順	shùn
Han-Latin	頇	hān
Han-Latin	須	xū
Han-Latin	頉	yí
Han-Latin	頊	xū
Han-Latin	頋	ě
Han-Latin	頌	sòng
Han-Latin	頍	kuǐ
Han-Latin	頎	qí
Han-Latin	頏	háng
Han-Latin	預	yù
Han-Latin	頑	wán
Han-Latin	頒	bān
Han-Latin	頓	dùn
Han-Latin	頔	dí
Han-Latin	頕	dān
Han-Latin	頖	pàn
Han-Latin	頗	pō
Han-Latin	領	lǐng
Han-Latin	頙	chè
Han-Latin	頚	jǐng
Han-Latin	頛	lèi
Han-Latin	頜	hé
Han-Latin	頝	qiāo
Han-Latin	頞	è
Han-Latin	頟	é
Han-Latin	頠	wěi
Han-Latin	頡	xié
Han-Latin	頢	kuò
Han-Latin	頣	shěn
Han-Latin	頤	yí
Han-Latin	頥	yí
Han-Latin	頦	hái
Han-Latin	頧	duǐ
Han-Latin	頨	yǔ
Han-Latin	頩	pīng
Han-Latin	頪	lèi
Han-Latin	頫	fǔ
Han-Latin	頬	jiá
Han-Latin	頭	tóu
Han-Latin	頮	huì
Han-Latin	頯	kuí
Han-Latin	頰	jiá
Han-Latin	頱	luō
Han-Latin	頲	tǐng
Han-Latin	頳	chēng
Han-Latin	頴	yǐng
Han-Latin	頵	yūn
Han-Latin	頶	hú
Han-Latin	頷	hàn
Han-Latin	頸	jǐng
Han-Latin	頹	tuí
Han-Latin	頺	tuí
Han-Latin	頻	pín
Han-Latin	頼	lài
Han-Latin	頽	tuí
Han-Latin	頾	zī
Han-Latin	頿	zī
Han-Latin	顀	chuí
Han-Latin	顁	dìng
Han-Latin	顂	lài
Han-Latin	顃	tán
Han-Latin	顄	hàn
Han-Latin	顅	qiān
Han-Latin	顆	kē
Han-Latin	顇	cuì
Han-Latin	顈	xuǎn
Han-Latin	顉	qīn
Han-Latin	顊	yí
Han-Latin	顋	sāi
Han-Latin	題	tí
Han-Latin	額	é
Han-Latin	顎	è
Han-Latin	顏	yán
Han-Latin	顐	wèn
Han-Latin	顑	kǎn
Han-Latin	顒	yóng
Han-Latin	顓	zhuān
Han-Latin	顔	yán
Han-Latin	顕	xiǎn
Han-Latin	顖	xìn
Han-Latin	顗	yǐ
Han-Latin	願	yuàn
Han-Latin	顙	sǎng
Han-Latin	顚	diān
Han-Latin	顛	diān
Han-Latin	顜	jiǎng
Han-Latin	顝	kuī
Han-Latin	類	lèi
Han-Latin	顟	láo
Han-Latin	顠	piǎo
Han-Latin	顡	wài
Han-Latin	顢	mán
Han-Latin	顣	cù
Han-Latin	顤	yáo
Han-Latin	顥	hào
Han-Latin	顦	qiáo
Han-Latin	顧	gù
Han-Latin	顨	xùn
Han-Latin	顩	yǎn
Han-Latin	顪	huì
Han-Latin	顫	chàn
Han-Latin	顬	rú
Han-Latin	顭	méng
Han-Latin	顮	bīn
Han-Latin	顯	xiǎn
Han-Latin	顰	pín
Han-Latin	顱	lú
Han-Latin	顲	lǎn
Han-Latin	顳	niè
Han-Latin	顴	quán
Han-Latin	页	yè
Han-Latin	顶	dǐng
Han-Latin	顷	qǐng
Han-Latin	顸	hān
Han-Latin	项	xiàng
Han-Latin	顺	shùn
Han-Latin	须	xū
Han-Latin	顼	xū
Han-Latin	顽	wán
Han-Latin	顾	gù
Han-Latin	顿	dùn
Han-Latin	颀	qí
Han-Latin	颁	bān
Han-Latin	颂	sòng
Han-Latin	颃	háng
Han-Latin	预	yù
Han-Latin	颅	lú
Han-Latin	领	lǐng
Han-Latin	颇	pō
Han-Latin	颈	jǐng
Han-Latin	颉	jié
Han-Latin	颊	jiá
Han-Latin	颋	tǐng
Han-Latin	颌	hé
Han-Latin	颍	yǐng
Han-Latin	颎	jiǒng
Han-Latin	颏	kē
Han-Latin	颐	yí
Han-Latin	频	pín
Han-Latin	颒	huì
Han-Latin	颓	tuí
Han-Latin	颔	hàn
Han-Latin	颕	yǐng
Han-Latin	颖	yǐng
Han-Latin	颗	kē
Han-Latin	题	tí
Han-Latin	颙	yóng
Han-Latin	颚	è
Han-Latin	颛	zhuān
Han-Latin	颜	yán
Han-Latin	额	é
Han-Latin	颞	niè
Han-Latin	颟	mān
Han-Latin	颠	diān
Han-Latin	颡	sǎng
Han-Latin	颢	hào
Han-Latin	颣	lèi
Han-Latin	颤	chàn
Han-Latin	颥	rú
Han-Latin	颦	pín
Han-Latin	颧	quán
Han-Latin	風	fēng
Han-Latin	颩	biāo
Han-Latin	颪	guā
Han-Latin	颫	fú
Han-Latin	颬	xiā
Han-Latin	颭	zhǎn
Han-Latin	颮	biāo
Han-Latin	颯	sà
Han-Latin	颰	bá
Han-Latin	颱	tái
Han-Latin	颲	liè
Han-Latin	颳	guā
Han-Latin	颴	xuàn
Han-Latin	颵	shāo
Han-Latin	颶	jù
Han-Latin	颷	biāo
Han-Latin	颸	sī
Han-Latin	颹	wěi
Han-Latin	颺	yáng
Han-Latin	颻	yáo
Han-Latin	颼	sōu
Han-Latin	颽	kǎi
Han-Latin	颾	sōu
Han-Latin	颿	fān
Han-Latin	飀	liú
Han-Latin	飁	xí
Han-Latin	飂	liù
Han-Latin	飃	piāo
Han-Latin	飄	piāo
Han-Latin	飅	liú
Han-Latin	飆	biāo
Han-Latin	飇	biāo
Han-Latin	飈	biāo
Han-Latin	飉	liáo
Han-Latin	飊	biāo
Han-Latin	飋	sè
Han-Latin	飌	fēng
Han-Latin	飍	xiū
Han-Latin	风	fēng
Han-Latin	飏	yáng
Han-Latin	飐	zhǎn
Han-Latin	飑	biāo
Han-Latin	飒	sà
Han-Latin	飓	jù
Han-Latin	飔	sī
Han-Latin	飕	sōu
Han-Latin	飖	yáo
Han-Latin	飗	liú
Han-Latin	飘	piāo
Han-Latin	飙	biāo
Han-Latin	飚	biāo
Han-Latin	飛	fēi
Han-Latin	飜	fān
Han-Latin	飝	fēi
Han-Latin	飞	fēi
Han-Latin	食	shí
Han-Latin	飠	shí
Han-Latin	飡	cān
Han-Latin	飢	jī
Han-Latin	飣	dìng
Han-Latin	飤	sì
Han-Latin	飥	tuō
Han-Latin	飦	zhān
Han-Latin	飧	sūn
Han-Latin	飨	xiǎng
Han-Latin	飩	tún
Han-Latin	飪	rèn
Han-Latin	飫	yù
Han-Latin	飬	juàn
Han-Latin	飭	chì
Han-Latin	飮	yǐn
Han-Latin	飯	fàn
Han-Latin	飰	fàn
Han-Latin	飱	sūn
Han-Latin	飲	yǐn
Han-Latin	飳	tǒu
Han-Latin	飴	yí
Han-Latin	飵	zuò
Han-Latin	飶	bì
Han-Latin	飷	jiě
Han-Latin	飸	tāo
Han-Latin	飹	bǎo
Han-Latin	飺	cí
Han-Latin	飻	tiè
Han-Latin	飼	sì
Han-Latin	飽	bǎo
Han-Latin	飾	shì
Han-Latin	飿	duò
Han-Latin	餀	hài
Han-Latin	餁	rèn
Han-Latin	餂	tiǎn
Han-Latin	餃	jiǎo
Han-Latin	餄	jiá
Han-Latin	餅	bǐng
Han-Latin	餆	yáo
Han-Latin	餇	tóng
Han-Latin	餈	cí
Han-Latin	餉	xiǎng
Han-Latin	養	yǎng
Han-Latin	餋	juàn
Han-Latin	餌	ěr
Han-Latin	餍	yàn
Han-Latin	餎	gē
Han-Latin	餏	xī
Han-Latin	餐	cān
Han-Latin	餑	bō
Han-Latin	餒	něi
Han-Latin	餓	è
Han-Latin	餔	bù
Han-Latin	餕	jùn
Han-Latin	餖	dòu
Han-Latin	餗	sù
Han-Latin	餘	yú
Han-Latin	餙	shì
Han-Latin	餚	yáo
Han-Latin	餛	hún
Han-Latin	餜	guǒ
Han-Latin	餝	shì
Han-Latin	餞	jiàn
Han-Latin	餟	zhuì
Han-Latin	餠	bǐng
Han-Latin	餡	xiàn
Han-Latin	餢	bù
Han-Latin	餣	yè
Han-Latin	餤	tán
Han-Latin	餥	fēi
Han-Latin	餦	zhāng
Han-Latin	餧	wèi
Han-Latin	館	guǎn
Han-Latin	餩	è
Han-Latin	餪	nuǎn
Han-Latin	餫	yùn
Han-Latin	餬	hú
Han-Latin	餭	huáng
Han-Latin	餮	tiè
Han-Latin	餯	huì
Han-Latin	餰	jiān
Han-Latin	餱	hóu
Han-Latin	餲	ài
Han-Latin	餳	táng
Han-Latin	餴	fēn
Han-Latin	餵	wèi
Han-Latin	餶	gǔ
Han-Latin	餷	chā
Han-Latin	餸	sòng
Han-Latin	餹	táng
Han-Latin	餺	bó
Han-Latin	餻	gāo
Han-Latin	餼	xì
Han-Latin	餽	kuì
Han-Latin	餾	liù
Han-Latin	餿	sōu
Han-Latin	饀	táo
Han-Latin	饁	yè
Han-Latin	饂	wēn
Han-Latin	饃	mó
Han-Latin	饄	táng
Han-Latin	饅	mán
Han-Latin	饆	bì
Han-Latin	饇	yù
Han-Latin	饈	xiū
Han-Latin	饉	jǐn
Han-Latin	饊	sǎn
Han-Latin	饋	kuì
Han-Latin	饌	zhuàn
Han-Latin	饍	shàn
Han-Latin	饎	chì
Han-Latin	饏	dàn
Han-Latin	饐	yì
Han-Latin	饑	jī
Han-Latin	饒	ráo
Han-Latin	饓	chēng
Han-Latin	饔	yōng
Han-Latin	饕	tāo
Han-Latin	饖	wèi
Han-Latin	饗	xiǎng
Han-Latin	饘	zhān
Han-Latin	饙	fēn
Han-Latin	饚	hài
Han-Latin	饛	méng
Han-Latin	饜	yàn
Han-Latin	饝	mó
Han-Latin	饞	chán
Han-Latin	饟	xiǎng
Han-Latin	饠	luó
Han-Latin	饡	zàn
Han-Latin	饢	náng
Han-Latin	饣	shí
Han-Latin	饤	dìng
Han-Latin	饥	jī
Han-Latin	饦	tuō
Han-Latin	饧	xíng
Han-Latin	饨	tún
Han-Latin	饩	xì
Han-Latin	饪	rèn
Han-Latin	饫	yù
Han-Latin	饬	chì
Han-Latin	饭	fàn
Han-Latin	饮	yǐn
Han-Latin	饯	jiàn
Han-Latin	饰	shì
Han-Latin	饱	bǎo
Han-Latin	饲	sì
Han-Latin	饳	duò
Han-Latin	饴	yí
Han-Latin	饵	ěr
Han-Latin	饶	ráo
Han-Latin	饷	xiǎng
Han-Latin	饸	hé
Han-Latin	饹	gē
Han-Latin	饺	jiǎo
Han-Latin	饻	xī
Han-Latin	饼	bǐng
Han-Latin	饽	bō
Han-Latin	饾	dòu
Han-Latin	饿	è
Han-Latin	馀	yú
Han-Latin	馁	něi
Han-Latin	馂	jùn
Han-Latin	馃	guǒ
Han-Latin	馄	hún
Han-Latin	馅	xiàn
Han-Latin	馆	guǎn
Han-Latin	馇	chā
Han-Latin	馈	kuì
Han-Latin	馉	gǔ
Han-Latin	馊	sōu
Han-Latin	馋	chán
Han-Latin	馌	yè
Han-Latin	馍	mó
Han-Latin	馎	bó
Han-Latin	馏	liú
Han-Latin	馐	xiū
Han-Latin	馑	jǐn
Han-Latin	馒	mán
Han-Latin	馓	sǎn
Han-Latin	馔	zhuàn
Han-Latin	馕	náng
Han-Latin	首	shǒu
Han-Latin	馗	kuí
Han-Latin	馘	guó
Han-Latin	香	xiāng
Han-Latin	馚	fén
Han-Latin	馛	bó
Han-Latin	馜	nǐ
Han-Latin	馝	bì
Han-Latin	馞	bó
Han-Latin	馟	tú
Han-Latin	馠	hān
Han-Latin	馡	fēi
Han-Latin	馢	jiān
Han-Latin	馣	ān
Han-Latin	馤	ài
Han-Latin	馥	fù
Han-Latin	馦	xiān
Han-Latin	馧	yūn
Han-Latin	馨	xīn
Han-Latin	馩	fén
Han-Latin	馪	pīn
Han-Latin	馫	xīn
Han-Latin	馬	mǎ
Han-Latin	馭	yù
Han-Latin	馮	féng
Han-Latin	馯	hàn
Han-Latin	馰	dí
Han-Latin	馱	tuó
Han-Latin	馲	zhé
Han-Latin	馳	chí
Han-Latin	馴	xún
Han-Latin	馵	zhù
Han-Latin	馶	zhī
Han-Latin	馷	pèi
Han-Latin	馸	xìn
Han-Latin	馹	rì
Han-Latin	馺	sà
Han-Latin	馻	yǔn
Han-Latin	馼	wén
Han-Latin	馽	zhí
Han-Latin	馾	dàn
Han-Latin	馿	lǘ
Han-Latin	駀	yóu
Han-Latin	駁	bó
Han-Latin	駂	bǎo
Han-Latin	駃	jué
Han-Latin	駄	tuó
Han-Latin	駅	yì
Han-Latin	駆	qū
Han-Latin	駇	wén
Han-Latin	駈	qū
Han-Latin	駉	jiōng
Han-Latin	駊	pǒ
Han-Latin	駋	zhāo
Han-Latin	駌	yuān
Han-Latin	駍	pēng
Han-Latin	駎	zhòu
Han-Latin	駏	jù
Han-Latin	駐	zhù
Han-Latin	駑	nú
Han-Latin	駒	jū
Han-Latin	駓	pī
Han-Latin	駔	zǎng
Han-Latin	駕	jià
Han-Latin	駖	líng
Han-Latin	駗	zhěn
Han-Latin	駘	tái
Han-Latin	駙	fù
Han-Latin	駚	yǎng
Han-Latin	駛	shǐ
Han-Latin	駜	bì
Han-Latin	駝	tuó
Han-Latin	駞	tuó
Han-Latin	駟	sì
Han-Latin	駠	liú
Han-Latin	駡	mà
Han-Latin	駢	pián
Han-Latin	駣	táo
Han-Latin	駤	zhì
Han-Latin	駥	róng
Han-Latin	駦	téng
Han-Latin	駧	dòng
Han-Latin	駨	xūn
Han-Latin	駩	quān
Han-Latin	駪	shēn
Han-Latin	駫	jiōng
Han-Latin	駬	ěr
Han-Latin	駭	hài
Han-Latin	駮	bó
Han-Latin	駯	zhū
Han-Latin	駰	yīn
Han-Latin	駱	luò
Han-Latin	駲	zhōu
Han-Latin	駳	dàn
Han-Latin	駴	hài
Han-Latin	駵	liú
Han-Latin	駶	jú
Han-Latin	駷	sǒng
Han-Latin	駸	qīn
Han-Latin	駹	máng
Han-Latin	駺	láng
Han-Latin	駻	hàn
Han-Latin	駼	tú
Han-Latin	駽	xuān
Han-Latin	駾	tuì
Han-Latin	駿	jùn
Han-Latin	騀	ě
Han-Latin	騁	chěng
Han-Latin	騂	xīng
Han-Latin	騃	ái
Han-Latin	騄	lù
Han-Latin	騅	zhuī
Han-Latin	騆	zhōu
Han-Latin	騇	shè
Han-Latin	騈	pián
Han-Latin	騉	kūn
Han-Latin	騊	táo
Han-Latin	騋	lái
Han-Latin	騌	zōng
Han-Latin	騍	kè
Han-Latin	騎	qí
Han-Latin	騏	qí
Han-Latin	騐	yàn
Han-Latin	騑	fēi
Han-Latin	騒	sāo
Han-Latin	験	yàn
Han-Latin	騔	gé
Han-Latin	騕	yǎo
Han-Latin	騖	wù
Han-Latin	騗	piàn
Han-Latin	騘	cōng
Han-Latin	騙	piàn
Han-Latin	騚	qián
Han-Latin	騛	fēi
Han-Latin	騜	huáng
Han-Latin	騝	qián
Han-Latin	騞	huō
Han-Latin	騟	yú
Han-Latin	騠	tí
Han-Latin	騡	quán
Han-Latin	騢	xiá
Han-Latin	騣	zōng
Han-Latin	騤	kuí
Han-Latin	騥	róu
Han-Latin	騦	sī
Han-Latin	騧	guā
Han-Latin	騨	tuó
Han-Latin	騩	guī
Han-Latin	騪	sōu
Han-Latin	騫	qiān
Han-Latin	騬	chéng
Han-Latin	騭	zhì
Han-Latin	騮	liú
Han-Latin	騯	péng
Han-Latin	騰	téng
Han-Latin	騱	xí
Han-Latin	騲	cǎo
Han-Latin	騳	dú
Han-Latin	騴	yàn
Han-Latin	騵	yuán
Han-Latin	騶	zōu
Han-Latin	騷	sāo
Han-Latin	騸	shàn
Han-Latin	騹	qí
Han-Latin	騺	zhì
Han-Latin	騻	shuāng
Han-Latin	騼	lù
Han-Latin	騽	xí
Han-Latin	騾	luó
Han-Latin	騿	zhāng
Han-Latin	驀	mò
Han-Latin	驁	ào
Han-Latin	驂	cān
Han-Latin	驃	biāo
Han-Latin	驄	cōng
Han-Latin	驅	qū
Han-Latin	驆	bì
Han-Latin	驇	zhì
Han-Latin	驈	yù
Han-Latin	驉	xū
Han-Latin	驊	huá
Han-Latin	驋	bō
Han-Latin	驌	sù
Han-Latin	驍	xiāo
Han-Latin	驎	lín
Han-Latin	驏	zhàn
Han-Latin	驐	dūn
Han-Latin	驑	liú
Han-Latin	驒	tuó
Han-Latin	驓	céng
Han-Latin	驔	diàn
Han-Latin	驕	jiāo
Han-Latin	驖	tiě
Han-Latin	驗	yàn
Han-Latin	驘	luó
Han-Latin	驙	zhān
Han-Latin	驚	jīng
Han-Latin	驛	yì
Han-Latin	驜	yè
Han-Latin	驝	tuō
Han-Latin	驞	pīn
Han-Latin	驟	zhòu
Han-Latin	驠	yàn
Han-Latin	驡	lóng
Han-Latin	驢	lǘ
Han-Latin	驣	téng
Han-Latin	驤	xiāng
Han-Latin	驥	jì
Han-Latin	驦	shuāng
Han-Latin	驧	jú
Han-Latin	驨	xí
Han-Latin	驩	huān
Han-Latin	驪	lí
Han-Latin	驫	biāo
Han-Latin	马	mǎ
Han-Latin	驭	yù
Han-Latin	驮	tuó
Han-Latin	驯	xùn
Han-Latin	驰	chí
Han-Latin	驱	qū
Han-Latin	驲	rì
Han-Latin	驳	bó
Han-Latin	驴	lǘ
Han-Latin	驵	zǎng
Han-Latin	驶	shǐ
Han-Latin	驷	sì
Han-Latin	驸	fù
Han-Latin	驹	jū
Han-Latin	驺	zōu
Han-Latin	驻	zhù
Han-Latin	驼	tuó
Han-Latin	驽	nú
Han-Latin	驾	jià
Han-Latin	驿	yì
Han-Latin	骀	dài
Han-Latin	骁	xiāo
Han-Latin	骂	mà
Han-Latin	骃	yīn
Han-Latin	骄	jiāo
Han-Latin	骅	huá
Han-Latin	骆	luò
Han-Latin	骇	hài
Han-Latin	骈	pián
Han-Latin	骉	biāo
Han-Latin	骊	lí
Han-Latin	骋	chěng
Han-Latin	验	yàn
Han-Latin	骍	xīng
Han-Latin	骎	qīn
Han-Latin	骏	jùn
Han-Latin	骐	qí
Han-Latin	骑	qí
Han-Latin	骒	kè
Han-Latin	骓	zhuī
Han-Latin	骔	zōng
Han-Latin	骕	sù
Han-Latin	骖	cān
Han-Latin	骗	piàn
Han-Latin	骘	zhì
Han-Latin	骙	kuí
Han-Latin	骚	sāo
Han-Latin	骛	wù
Han-Latin	骜	ào
Han-Latin	骝	liú
Han-Latin	骞	qiān
Han-Latin	骟	shàn
Han-Latin	骠	biāo
Han-Latin	骡	luó
Han-Latin	骢	cōng
Han-Latin	骣	chǎn
Han-Latin	骤	zhòu
Han-Latin	骥	jì
Han-Latin	骦	shuāng
Han-Latin	骧	xiāng
Han-Latin	骨	gǔ
Han-Latin	骩	wěi
Han-Latin	骪	wěi
Han-Latin	骫	wěi
Han-Latin	骬	yú
Han-Latin	骭	gàn
Han-Latin	骮	yì
Han-Latin	骯	āng
Han-Latin	骰	tóu
Han-Latin	骱	jiè
Han-Latin	骲	bào
Han-Latin	骳	bèi
Han-Latin	骴	cī
Han-Latin	骵	tǐ
Han-Latin	骶	dǐ
Han-Latin	骷	kū
Han-Latin	骸	hái
Han-Latin	骹	qiāo
Han-Latin	骺	hóu
Han-Latin	骻	kuà
Han-Latin	骼	gé
Han-Latin	骽	tuǐ
Han-Latin	骾	gěng
Han-Latin	骿	pián
Han-Latin	髀	bì
Han-Latin	髁	kē
Han-Latin	髂	qià
Han-Latin	髃	yú
Han-Latin	髄	suǐ
Han-Latin	髅	lóu
Han-Latin	髆	bó
Han-Latin	髇	xiāo
Han-Latin	髈	bǎng
Han-Latin	髉	bó
Han-Latin	髊	cī
Han-Latin	髋	kuān
Han-Latin	髌	bìn
Han-Latin	髍	mó
Han-Latin	髎	liáo
Han-Latin	髏	lóu
Han-Latin	髐	xiāo
Han-Latin	髑	dú
Han-Latin	髒	zāng
Han-Latin	髓	suǐ
Han-Latin	體	tǐ
Han-Latin	髕	bìn
Han-Latin	髖	kuān
Han-Latin	髗	lú
Han-Latin	高	gāo
Han-Latin	髙	gāo
Han-Latin	髚	qiào
Han-Latin	髛	kāo
Han-Latin	髜	qiǎo
Han-Latin	髝	láo
Han-Latin	髞	sào
Han-Latin	髟	biāo
Han-Latin	髠	kūn
Han-Latin	髡	kūn
Han-Latin	髢	dí
Han-Latin	髣	fǎng
Han-Latin	髤	xiū
Han-Latin	髥	rán
Han-Latin	髦	máo
Han-Latin	髧	dàn
Han-Latin	髨	kūn
Han-Latin	髩	bìn
Han-Latin	髪	fà
Han-Latin	髫	tiáo
Han-Latin	髬	pī
Han-Latin	髭	zī
Han-Latin	髮	fà
Han-Latin	髯	rán
Han-Latin	髰	tì
Han-Latin	髱	bào
Han-Latin	髲	bì
Han-Latin	髳	máo
Han-Latin	髴	fú
Han-Latin	髵	ér
Han-Latin	髶	róng
Han-Latin	髷	qū
Han-Latin	髸	gōng
Han-Latin	髹	xiū
Han-Latin	髺	kuò
Han-Latin	髻	jì
Han-Latin	髼	péng
Han-Latin	髽	zhuā
Han-Latin	髾	shāo
Han-Latin	髿	suō
Han-Latin	鬀	tì
Han-Latin	鬁	lì
Han-Latin	鬂	bìn
Han-Latin	鬃	zōng
Han-Latin	鬄	dí
Han-Latin	鬅	péng
Han-Latin	鬆	sōng
Han-Latin	鬇	zhēng
Han-Latin	鬈	quán
Han-Latin	鬉	zōng
Han-Latin	鬊	shùn
Han-Latin	鬋	jiǎn
Han-Latin	鬌	tuǒ
Han-Latin	鬍	hú
Han-Latin	鬎	là
Han-Latin	鬏	jiū
Han-Latin	鬐	qí
Han-Latin	鬑	lián
Han-Latin	鬒	zhěn
Han-Latin	鬓	bìn
Han-Latin	鬔	péng
Han-Latin	鬕	mà
Han-Latin	鬖	sān
Han-Latin	鬗	mán
Han-Latin	鬘	mán
Han-Latin	鬙	sēng
Han-Latin	鬚	xū
Han-Latin	鬛	liè
Han-Latin	鬜	qiān
Han-Latin	鬝	qiān
Han-Latin	鬞	náng
Han-Latin	鬟	huán
Han-Latin	鬠	kuò
Han-Latin	鬡	níng
Han-Latin	鬢	bìn
Han-Latin	鬣	liè
Han-Latin	鬤	ráng
Han-Latin	鬥	dòu
Han-Latin	鬦	dòu
Han-Latin	鬧	nào
Han-Latin	鬨	hòng
Han-Latin	鬩	xì
Han-Latin	鬪	dòu
Han-Latin	鬫	hǎn
Han-Latin	鬬	dòu
Han-Latin	鬭	dòu
Han-Latin	鬮	jiū
Han-Latin	鬯	chàng
Han-Latin	鬰	yù
Han-Latin	鬱	yù
Han-Latin	鬲	gé
Han-Latin	鬳	yàn
Han-Latin	鬴	fǔ
Han-Latin	鬵	qín
Han-Latin	鬶	guī
Han-Latin	鬷	zōng
Han-Latin	鬸	liù
Han-Latin	鬹	guī
Han-Latin	鬺	shāng
Han-Latin	鬻	yù
Han-Latin	鬼	guǐ
Han-Latin	鬽	mèi
Han-Latin	鬾	jì
Han-Latin	鬿	qí
Han-Latin	魀	gà
Han-Latin	魁	kuí
Han-Latin	魂	hún
Han-Latin	魃	bá
Han-Latin	魄	pò
Han-Latin	魅	mèi
Han-Latin	魆	xū
Han-Latin	魇	yǎn
Han-Latin	魈	xiāo
Han-Latin	魉	liǎng
Han-Latin	魊	yù
Han-Latin	魋	tuí
Han-Latin	魌	qī
Han-Latin	魍	wǎng
Han-Latin	魎	liǎng
Han-Latin	魏	wèi
Han-Latin	魐	gān
Han-Latin	魑	chī
Han-Latin	魒	piāo
Han-Latin	魓	bì
Han-Latin	魔	mó
Han-Latin	魕	jǐ
Han-Latin	魖	xū
Han-Latin	魗	chǒu
Han-Latin	魘	yǎn
Han-Latin	魙	zhān
Han-Latin	魚	yú
Han-Latin	魛	dāo
Han-Latin	魜	rén
Han-Latin	魝	jié
Han-Latin	魞	bā
Han-Latin	魟	hóng
Han-Latin	魠	tuō
Han-Latin	魡	diào
Han-Latin	魢	jǐ
Han-Latin	魣	xù
Han-Latin	魤	é
Han-Latin	魥	è
Han-Latin	魦	shā
Han-Latin	魧	háng
Han-Latin	魨	tún
Han-Latin	魩	mò
Han-Latin	魪	jiè
Han-Latin	魫	shěn
Han-Latin	魬	bǎn
Han-Latin	魭	yuán
Han-Latin	魮	pí
Han-Latin	魯	lǔ
Han-Latin	魰	wén
Han-Latin	魱	hú
Han-Latin	魲	lú
Han-Latin	魳	zā
Han-Latin	魴	fáng
Han-Latin	魵	fén
Han-Latin	魶	nà
Han-Latin	魷	yóu
Han-Latin	魸	piàn
Han-Latin	魹	mó
Han-Latin	魺	hé
Han-Latin	魻	xiá
Han-Latin	魼	qū
Han-Latin	魽	hán
Han-Latin	魾	pī
Han-Latin	魿	líng
Han-Latin	鮀	tuó
Han-Latin	鮁	bō
Han-Latin	鮂	qiú
Han-Latin	鮃	píng
Han-Latin	鮄	fú
Han-Latin	鮅	bì
Han-Latin	鮆	cǐ
Han-Latin	鮇	wèi
Han-Latin	鮈	jū
Han-Latin	鮉	diāo
Han-Latin	鮊	bà
Han-Latin	鮋	yóu
Han-Latin	鮌	gǔn
Han-Latin	鮍	pī
Han-Latin	鮎	nián
Han-Latin	鮏	xīng
Han-Latin	鮐	tái
Han-Latin	鮑	bào
Han-Latin	鮒	fù
Han-Latin	鮓	zhǎ
Han-Latin	鮔	jù
Han-Latin	鮕	gū
Han-Latin	鮖	shí
Han-Latin	鮗	dōng
Han-Latin	鮘	dài
Han-Latin	鮙	tà
Han-Latin	鮚	jié
Han-Latin	鮛	shū
Han-Latin	鮜	hòu
Han-Latin	鮝	xiǎng
Han-Latin	鮞	ér
Han-Latin	鮟	àn
Han-Latin	鮠	wéi
Han-Latin	鮡	zhào
Han-Latin	鮢	zhū
Han-Latin	鮣	yìn
Han-Latin	鮤	liè
Han-Latin	鮥	luò
Han-Latin	鮦	tóng
Han-Latin	鮧	tǐ
Han-Latin	鮨	yì
Han-Latin	鮩	bìng
Han-Latin	鮪	wěi
Han-Latin	鮫	jiāo
Han-Latin	鮬	kū
Han-Latin	鮭	guī
Han-Latin	鮮	xiān
Han-Latin	鮯	gé
Han-Latin	鮰	huí
Han-Latin	鮱	lǎo
Han-Latin	鮲	fú
Han-Latin	鮳	kào
Han-Latin	鮴	xiū
Han-Latin	鮵	duó
Han-Latin	鮶	jūn
Han-Latin	鮷	tí
Han-Latin	鮸	miǎn
Han-Latin	鮹	shāo
Han-Latin	鮺	zhǎ
Han-Latin	鮻	suō
Han-Latin	鮼	qīn
Han-Latin	鮽	yú
Han-Latin	鮾	něi
Han-Latin	鮿	zhé
Han-Latin	鯀	gǔn
Han-Latin	鯁	gěng
Han-Latin	鯂	sū
Han-Latin	鯃	wú
Han-Latin	鯄	qiú
Han-Latin	鯅	shān
Han-Latin	鯆	pū
Han-Latin	鯇	huàn
Han-Latin	鯈	tiáo
Han-Latin	鯉	lǐ
Han-Latin	鯊	shā
Han-Latin	鯋	shā
Han-Latin	鯌	kào
Han-Latin	鯍	méng
Han-Latin	鯎	chéng
Han-Latin	鯏	lí
Han-Latin	鯐	zǒu
Han-Latin	鯑	xī
Han-Latin	鯒	yǒng
Han-Latin	鯓	shēn
Han-Latin	鯔	zī
Han-Latin	鯕	qí
Han-Latin	鯖	zhēng
Han-Latin	鯗	xiǎng
Han-Latin	鯘	něi
Han-Latin	鯙	chún
Han-Latin	鯚	jì
Han-Latin	鯛	diāo
Han-Latin	鯜	qiè
Han-Latin	鯝	gù
Han-Latin	鯞	zhǒu
Han-Latin	鯟	dōng
Han-Latin	鯠	lái
Han-Latin	鯡	fèi
Han-Latin	鯢	ní
Han-Latin	鯣	yì
Han-Latin	鯤	kūn
Han-Latin	鯥	lù
Han-Latin	鯦	jiù
Han-Latin	鯧	chāng
Han-Latin	鯨	jīng
Han-Latin	鯩	lún
Han-Latin	鯪	líng
Han-Latin	鯫	zōu
Han-Latin	鯬	lí
Han-Latin	鯭	měng
Han-Latin	鯮	zōng
Han-Latin	鯯	zhì
Han-Latin	鯰	nián
Han-Latin	鯱	hǔ
Han-Latin	鯲	yú
Han-Latin	鯳	dǐ
Han-Latin	鯴	shī
Han-Latin	鯵	shēn
Han-Latin	鯶	huàn
Han-Latin	鯷	tí
Han-Latin	鯸	hóu
Han-Latin	鯹	xīng
Han-Latin	鯺	zhū
Han-Latin	鯻	là
Han-Latin	鯼	zōng
Han-Latin	鯽	zéi
Han-Latin	鯾	biān
Han-Latin	鯿	biān
Han-Latin	鰀	huàn
Han-Latin	鰁	quán
Han-Latin	鰂	zéi
Han-Latin	鰃	wēi
Han-Latin	鰄	wēi
Han-Latin	鰅	yú
Han-Latin	鰆	chūn
Han-Latin	鰇	róu
Han-Latin	鰈	dié
Han-Latin	鰉	huáng
Han-Latin	鰊	liàn
Han-Latin	鰋	yǎn
Han-Latin	鰌	qiū
Han-Latin	鰍	qiū
Han-Latin	鰎	jiǎn
Han-Latin	鰏	bī
Han-Latin	鰐	è
Han-Latin	鰑	yáng
Han-Latin	鰒	fù
Han-Latin	鰓	sāi
Han-Latin	鰔	gǎn
Han-Latin	鰕	xiā
Han-Latin	鰖	tuǒ
Han-Latin	鰗	hú
Han-Latin	鰘	shì
Han-Latin	鰙	ruò
Han-Latin	鰚	xuān
Han-Latin	鰛	wēn
Han-Latin	鰜	qiàn
Han-Latin	鰝	hào
Han-Latin	鰞	wū
Han-Latin	鰟	fáng
Han-Latin	鰠	sāo
Han-Latin	鰡	liú
Han-Latin	鰢	mǎ
Han-Latin	鰣	shí
Han-Latin	鰤	shī
Han-Latin	鰥	guān
Han-Latin	鰦	zī
Han-Latin	鰧	téng
Han-Latin	鰨	tǎ
Han-Latin	鰩	yáo
Han-Latin	鰪	é
Han-Latin	鰫	yóng
Han-Latin	鰬	qián
Han-Latin	鰭	qí
Han-Latin	鰮	wēn
Han-Latin	鰯	ruò
Han-Latin	鰰	shén
Han-Latin	鰱	lián
Han-Latin	鰲	áo
Han-Latin	鰳	lè
Han-Latin	鰴	huī
Han-Latin	鰵	mǐn
Han-Latin	鰶	jì
Han-Latin	鰷	tiáo
Han-Latin	鰸	qū
Han-Latin	鰹	jiān
Han-Latin	鰺	shēn
Han-Latin	鰻	mán
Han-Latin	鰼	xí
Han-Latin	鰽	qiú
Han-Latin	鰾	biào
Han-Latin	鰿	jì
Han-Latin	鱀	jì
Han-Latin	鱁	zhú
Han-Latin	鱂	jiāng
Han-Latin	鱃	xiū
Han-Latin	鱄	zhuān
Han-Latin	鱅	yōng
Han-Latin	鱆	zhāng
Han-Latin	鱇	kāng
Han-Latin	鱈	xuě
Han-Latin	鱉	biē
Han-Latin	鱊	yù
Han-Latin	鱋	qū
Han-Latin	鱌	xiàng
Han-Latin	鱍	bō
Han-Latin	鱎	jiǎo
Han-Latin	鱏	xún
Han-Latin	鱐	sù
Han-Latin	鱑	huáng
Han-Latin	鱒	zūn
Han-Latin	鱓	shàn
Han-Latin	鱔	shàn
Han-Latin	鱕	fān
Han-Latin	鱖	guì
Han-Latin	鱗	lín
Han-Latin	鱘	xún
Han-Latin	鱙	miáo
Han-Latin	鱚	xǐ
Han-Latin	鱛	zēng
Han-Latin	鱜	xiāng
Han-Latin	鱝	fèn
Han-Latin	鱞	guān
Han-Latin	鱟	hòu
Han-Latin	鱠	kuài
Han-Latin	鱡	zéi
Han-Latin	鱢	sāo
Han-Latin	鱣	zhān
Han-Latin	鱤	gǎn
Han-Latin	鱥	guì
Han-Latin	鱦	yìng
Han-Latin	鱧	lǐ
Han-Latin	鱨	cháng
Han-Latin	鱩	léi
Han-Latin	鱪	shǔ
Han-Latin	鱫	ài
Han-Latin	鱬	rú
Han-Latin	鱭	jì
Han-Latin	鱮	xù
Han-Latin	鱯	hù
Han-Latin	鱰	shǔ
Han-Latin	鱱	lì
Han-Latin	鱲	liè
Han-Latin	鱳	lì
Han-Latin	鱴	miè
Han-Latin	鱵	zhēn
Han-Latin	鱶	xiǎng
Han-Latin	鱷	è
Han-Latin	鱸	lú
Han-Latin	鱹	guàn
Han-Latin	鱺	lí
Han-Latin	鱻	xiān
Han-Latin	鱼	yú
Han-Latin	鱽	dāo
Han-Latin	鱾	jǐ
Han-Latin	鱿	yóu
Han-Latin	鲀	tún
Han-Latin	鲁	lǔ
Han-Latin	鲂	fáng
Han-Latin	鲃	bā
Han-Latin	鲄	hé
Han-Latin	鲅	bà
Han-Latin	鲆	píng
Han-Latin	鲇	nián
Han-Latin	鲈	lú
Han-Latin	鲉	yóu
Han-Latin	鲊	zhǎ
Han-Latin	鲋	fù
Han-Latin	鲌	bó
Han-Latin	鲍	bào
Han-Latin	鲎	hòu
Han-Latin	鲏	pí
Han-Latin	鲐	tái
Han-Latin	鲑	guī
Han-Latin	鲒	jié
Han-Latin	鲓	kào
Han-Latin	鲔	wěi
Han-Latin	鲕	ér
Han-Latin	鲖	tóng
Han-Latin	鲗	zéi
Han-Latin	鲘	hòu
Han-Latin	鲙	kuài
Han-Latin	鲚	jì
Han-Latin	鲛	jiāo
Han-Latin	鲜	xiān
Han-Latin	鲝	zhǎ
Han-Latin	鲞	xiǎng
Han-Latin	鲟	xún
Han-Latin	鲠	gěng
Han-Latin	鲡	lí
Han-Latin	鲢	lián
Han-Latin	鲣	jiān
Han-Latin	鲤	lǐ
Han-Latin	鲥	shí
Han-Latin	鲦	tiáo
Han-Latin	鲧	gǔn
Han-Latin	鲨	shā
Han-Latin	鲩	huàn
Han-Latin	鲪	jūn
Han-Latin	鲫	jì
Han-Latin	鲬	yǒng
Han-Latin	鲭	qīng
Han-Latin	鲮	líng
Han-Latin	鲯	qí
Han-Latin	鲰	zōu
Han-Latin	鲱	fēi
Han-Latin	鲲	kūn
Han-Latin	鲳	chāng
Han-Latin	鲴	gù
Han-Latin	鲵	ní
Han-Latin	鲶	nián
Han-Latin	鲷	diāo
Han-Latin	鲸	jīng
Han-Latin	鲹	shēn
Han-Latin	鲺	shī
Han-Latin	鲻	zī
Han-Latin	鲼	fèn
Han-Latin	鲽	dié
Han-Latin	鲾	bī
Han-Latin	鲿	cháng
Han-Latin	鳀	tí
Han-Latin	鳁	wēn
Han-Latin	鳂	wēi
Han-Latin	鳃	sāi
Han-Latin	鳄	è
Han-Latin	鳅	qiū
Han-Latin	鳆	fù
Han-Latin	鳇	huáng
Han-Latin	鳈	quán
Han-Latin	鳉	jiāng
Han-Latin	鳊	biān
Han-Latin	鳋	sāo
Han-Latin	鳌	áo
Han-Latin	鳍	qí
Han-Latin	鳎	tǎ
Han-Latin	鳏	guān
Han-Latin	鳐	yáo
Han-Latin	鳑	páng
Han-Latin	鳒	jiān
Han-Latin	鳓	lè
Han-Latin	鳔	biào
Han-Latin	鳕	xuě
Han-Latin	鳖	biē
Han-Latin	鳗	mán
Han-Latin	鳘	mǐn
Han-Latin	鳙	yōng
Han-Latin	鳚	wèi
Han-Latin	鳛	xí
Han-Latin	鳜	guì
Han-Latin	鳝	shàn
Han-Latin	鳞	lín
Han-Latin	鳟	zūn
Han-Latin	鳠	hù
Han-Latin	鳡	gǎn
Han-Latin	鳢	lǐ
Han-Latin	鳣	zhān
Han-Latin	鳤	guǎn
Han-Latin	鳥	niǎo
Han-Latin	鳦	yǐ
Han-Latin	鳧	fú
Han-Latin	鳨	lì
Han-Latin	鳩	jiū
Han-Latin	鳪	bú
Han-Latin	鳫	yàn
Han-Latin	鳬	fǔ
Han-Latin	鳭	diāo
Han-Latin	鳮	jī
Han-Latin	鳯	fèng
Han-Latin	鳰	rù
Han-Latin	鳱	gān
Han-Latin	鳲	shī
Han-Latin	鳳	fèng
Han-Latin	鳴	míng
Han-Latin	鳵	bǎo
Han-Latin	鳶	yuān
Han-Latin	鳷	zhī
Han-Latin	鳸	hù
Han-Latin	鳹	qín
Han-Latin	鳺	fū
Han-Latin	鳻	bān
Han-Latin	鳼	wén
Han-Latin	鳽	jiān
Han-Latin	鳾	shī
Han-Latin	鳿	yù
Han-Latin	鴀	fǒu
Han-Latin	鴁	yāo
Han-Latin	鴂	jué
Han-Latin	鴃	jué
Han-Latin	鴄	pǐ
Han-Latin	鴅	huān
Han-Latin	鴆	zhèn
Han-Latin	鴇	bǎo
Han-Latin	鴈	yàn
Han-Latin	鴉	yā
Han-Latin	鴊	zhèng
Han-Latin	鴋	fāng
Han-Latin	鴌	fèng
Han-Latin	鴍	wén
Han-Latin	鴎	ōu
Han-Latin	鴏	dài
Han-Latin	鴐	gē
Han-Latin	鴑	rú
Han-Latin	鴒	líng
Han-Latin	鴓	miè
Han-Latin	鴔	fú
Han-Latin	鴕	tuó
Han-Latin	鴖	mín
Han-Latin	鴗	lì
Han-Latin	鴘	biǎn
Han-Latin	鴙	zhì
Han-Latin	鴚	gē
Han-Latin	鴛	yuān
Han-Latin	鴜	cí
Han-Latin	鴝	qú
Han-Latin	鴞	xiāo
Han-Latin	鴟	chī
Han-Latin	鴠	dàn
Han-Latin	鴡	jū
Han-Latin	鴢	yǎo
Han-Latin	鴣	gū
Han-Latin	鴤	zhōng
Han-Latin	鴥	yù
Han-Latin	鴦	yāng
Han-Latin	鴧	yù
Han-Latin	鴨	yā
Han-Latin	鴩	tiě
Han-Latin	鴪	yù
Han-Latin	鴫	tián
Han-Latin	鴬	yīng
Han-Latin	鴭	duī
Han-Latin	鴮	wū
Han-Latin	鴯	ér
Han-Latin	鴰	guā
Han-Latin	鴱	ài
Han-Latin	鴲	zhī
Han-Latin	鴳	yàn
Han-Latin	鴴	héng
Han-Latin	鴵	xiāo
Han-Latin	鴶	jiá
Han-Latin	鴷	liè
Han-Latin	鴸	zhū
Han-Latin	鴹	yáng
Han-Latin	鴺	tí
Han-Latin	鴻	hóng
Han-Latin	鴼	luò
Han-Latin	鴽	rú
Han-Latin	鴾	móu
Han-Latin	鴿	gē
Han-Latin	鵀	rén
Han-Latin	鵁	jiāo
Han-Latin	鵂	xiū
Han-Latin	鵃	zhōu
Han-Latin	鵄	chī
Han-Latin	鵅	luò
Han-Latin	鵆	héng
Han-Latin	鵇	nián
Han-Latin	鵈	ě
Han-Latin	鵉	luán
Han-Latin	鵊	jiá
Han-Latin	鵋	jì
Han-Latin	鵌	tú
Han-Latin	鵍	huān
Han-Latin	鵎	tuǒ
Han-Latin	鵏	bǔ
Han-Latin	鵐	wú
Han-Latin	鵑	juān
Han-Latin	鵒	yù
Han-Latin	鵓	bó
Han-Latin	鵔	jùn
Han-Latin	鵕	jùn
Han-Latin	鵖	bī
Han-Latin	鵗	xī
Han-Latin	鵘	jùn
Han-Latin	鵙	jú
Han-Latin	鵚	tū
Han-Latin	鵛	jīng
Han-Latin	鵜	tí
Han-Latin	鵝	é
Han-Latin	鵞	é
Han-Latin	鵟	kuáng
Han-Latin	鵠	hú
Han-Latin	鵡	wǔ
Han-Latin	鵢	shēn
Han-Latin	鵣	lài
Han-Latin	鵤	zān
Han-Latin	鵥	pàn
Han-Latin	鵦	lù
Han-Latin	鵧	pí
Han-Latin	鵨	shū
Han-Latin	鵩	fú
Han-Latin	鵪	ān
Han-Latin	鵫	zhuó
Han-Latin	鵬	péng
Han-Latin	鵭	qín
Han-Latin	鵮	qiān
Han-Latin	鵯	bēi
Han-Latin	鵰	diāo
Han-Latin	鵱	lù
Han-Latin	鵲	què
Han-Latin	鵳	jiān
Han-Latin	鵴	jú
Han-Latin	鵵	tù
Han-Latin	鵶	yā
Han-Latin	鵷	yuān
Han-Latin	鵸	qí
Han-Latin	鵹	lí
Han-Latin	鵺	yè
Han-Latin	鵻	zhuī
Han-Latin	鵼	kōng
Han-Latin	鵽	duò
Han-Latin	鵾	kūn
Han-Latin	鵿	shēng
Han-Latin	鶀	qí
Han-Latin	鶁	jīng
Han-Latin	鶂	yì
Han-Latin	鶃	yì
Han-Latin	鶄	jīng
Han-Latin	鶅	zī
Han-Latin	鶆	lái
Han-Latin	鶇	dōng
Han-Latin	鶈	qī
Han-Latin	鶉	chún
Han-Latin	鶊	gēng
Han-Latin	鶋	jū
Han-Latin	鶌	jué
Han-Latin	鶍	yì
Han-Latin	鶎	zūn
Han-Latin	鶏	jī
Han-Latin	鶐	shù
Han-Latin	鶑	yīng
Han-Latin	鶒	chì
Han-Latin	鶓	miáo
Han-Latin	鶔	róu
Han-Latin	鶕	ān
Han-Latin	鶖	qiū
Han-Latin	鶗	tí
Han-Latin	鶘	hú
Han-Latin	鶙	tí
Han-Latin	鶚	è
Han-Latin	鶛	jiē
Han-Latin	鶜	máo
Han-Latin	鶝	fú
Han-Latin	鶞	chūn
Han-Latin	鶟	tú
Han-Latin	鶠	yǎn
Han-Latin	鶡	hé
Han-Latin	鶢	yuán
Han-Latin	鶣	piān
Han-Latin	鶤	kūn
Han-Latin	鶥	méi
Han-Latin	鶦	hú
Han-Latin	鶧	yīng
Han-Latin	鶨	chuàn
Han-Latin	鶩	wù
Han-Latin	鶪	jú
Han-Latin	鶫	dōng
Han-Latin	鶬	cāng
Han-Latin	鶭	fǎng
Han-Latin	鶮	hè
Han-Latin	鶯	yīng
Han-Latin	鶰	yuán
Han-Latin	鶱	xiān
Han-Latin	鶲	wēng
Han-Latin	鶳	shī
Han-Latin	鶴	hè
Han-Latin	鶵	chú
Han-Latin	鶶	táng
Han-Latin	鶷	xiá
Han-Latin	鶸	ruò
Han-Latin	鶹	liú
Han-Latin	鶺	jí
Han-Latin	鶻	gú
Han-Latin	鶼	jiān
Han-Latin	鶽	sǔn
Han-Latin	鶾	hàn
Han-Latin	鶿	cí
Han-Latin	鷀	cí
Han-Latin	鷁	yì
Han-Latin	鷂	yào
Han-Latin	鷃	yàn
Han-Latin	鷄	jī
Han-Latin	鷅	lì
Han-Latin	鷆	tián
Han-Latin	鷇	kòu
Han-Latin	鷈	tī
Han-Latin	鷉	tī
Han-Latin	鷊	yì
Han-Latin	鷋	tú
Han-Latin	鷌	mǎ
Han-Latin	鷍	xiāo
Han-Latin	鷎	gāo
Han-Latin	鷏	tián
Han-Latin	鷐	chén
Han-Latin	鷑	jí
Han-Latin	鷒	tuán
Han-Latin	鷓	zhè
Han-Latin	鷔	áo
Han-Latin	鷕	yǎo
Han-Latin	鷖	yī
Han-Latin	鷗	ōu
Han-Latin	鷘	chì
Han-Latin	鷙	zhì
Han-Latin	鷚	liù
Han-Latin	鷛	yōng
Han-Latin	鷜	lǘ
Han-Latin	鷝	bì
Han-Latin	鷞	shuāng
Han-Latin	鷟	zhuó
Han-Latin	鷠	yú
Han-Latin	鷡	wú
Han-Latin	鷢	jué
Han-Latin	鷣	yín
Han-Latin	鷤	tí
Han-Latin	鷥	sī
Han-Latin	鷦	jiāo
Han-Latin	鷧	yì
Han-Latin	鷨	huá
Han-Latin	鷩	bì
Han-Latin	鷪	yīng
Han-Latin	鷫	sù
Han-Latin	鷬	huáng
Han-Latin	鷭	fán
Han-Latin	鷮	jiāo
Han-Latin	鷯	liáo
Han-Latin	鷰	yàn
Han-Latin	鷱	gāo
Han-Latin	鷲	jiù
Han-Latin	鷳	xián
Han-Latin	鷴	xián
Han-Latin	鷵	tú
Han-Latin	鷶	mǎi
Han-Latin	鷷	zūn
Han-Latin	鷸	yù
Han-Latin	鷹	yīng
Han-Latin	鷺	lù
Han-Latin	鷻	tuán
Han-Latin	鷼	xián
Han-Latin	鷽	xué
Han-Latin	鷾	yì
Han-Latin	鷿	pì
Han-Latin	鸀	shǔ
Han-Latin	鸁	luó
Han-Latin	鸂	xī
Han-Latin	鸃	yí
Han-Latin	鸄	jī
Han-Latin	鸅	zé
Han-Latin	鸆	yú
Han-Latin	鸇	zhān
Han-Latin	鸈	yè
Han-Latin	鸉	yáng
Han-Latin	鸊	pì
Han-Latin	鸋	níng
Han-Latin	鸌	hù
Han-Latin	鸍	mí
Han-Latin	鸎	yīng
Han-Latin	鸏	méng
Han-Latin	鸐	dí
Han-Latin	鸑	yuè
Han-Latin	鸒	yù
Han-Latin	鸓	lěi
Han-Latin	鸔	bǔ
Han-Latin	鸕	lú
Han-Latin	鸖	hè
Han-Latin	鸗	lóng
Han-Latin	鸘	shuāng
Han-Latin	鸙	yuè
Han-Latin	鸚	yīng
Han-Latin	鸛	guàn
Han-Latin	鸜	qú
Han-Latin	鸝	lí
Han-Latin	鸞	luán
Han-Latin	鸟	niǎo
Han-Latin	鸠	jiū
Han-Latin	鸡	jī
Han-Latin	鸢	yuān
Han-Latin	鸣	míng
Han-Latin	鸤	shī
Han-Latin	鸥	ōu
Han-Latin	鸦	yā
Han-Latin	鸧	cāng
Han-Latin	鸨	bǎo
Han-Latin	鸩	zhèn
Han-Latin	鸪	gū
Han-Latin	鸫	dōng
Han-Latin	鸬	lú
Han-Latin	鸭	yā
Han-Latin	鸮	xiāo
Han-Latin	鸯	yāng
Han-Latin	鸰	líng
Han-Latin	鸱	chī
Han-Latin	鸲	qú
Han-Latin	鸳	yuān
Han-Latin	鸴	xué
Han-Latin	鸵	tuó
Han-Latin	鸶	sī
Han-Latin	鸷	zhì
Han-Latin	鸸	ér
Han-Latin	鸹	guā
Han-Latin	鸺	xiū
Han-Latin	鸻	héng
Han-Latin	鸼	zhōu
Han-Latin	鸽	gē
Han-Latin	鸾	luán
Han-Latin	鸿	hóng
Han-Latin	鹀	wú
Han-Latin	鹁	bó
Han-Latin	鹂	lí
Han-Latin	鹃	juān
Han-Latin	鹄	gǔ
Han-Latin	鹅	é
Han-Latin	鹆	yù
Han-Latin	鹇	xián
Han-Latin	鹈	tí
Han-Latin	鹉	wǔ
Han-Latin	鹊	què
Han-Latin	鹋	miáo
Han-Latin	鹌	ān
Han-Latin	鹍	kūn
Han-Latin	鹎	bēi
Han-Latin	鹏	péng
Han-Latin	鹐	qiān
Han-Latin	鹑	chún
Han-Latin	鹒	gēng
Han-Latin	鹓	yuān
Han-Latin	鹔	sù
Han-Latin	鹕	hú
Han-Latin	鹖	hé
Han-Latin	鹗	è
Han-Latin	鹘	gǔ
Han-Latin	鹙	qiū
Han-Latin	鹚	cí
Han-Latin	鹛	méi
Han-Latin	鹜	wù
Han-Latin	鹝	yì
Han-Latin	鹞	yào
Han-Latin	鹟	wēng
Han-Latin	鹠	liú
Han-Latin	鹡	jí
Han-Latin	鹢	yì
Han-Latin	鹣	jiān
Han-Latin	鹤	hè
Han-Latin	鹥	yī
Han-Latin	鹦	yīng
Han-Latin	鹧	zhè
Han-Latin	鹨	liù
Han-Latin	鹩	liáo
Han-Latin	鹪	jiāo
Han-Latin	鹫	jiù
Han-Latin	鹬	yù
Han-Latin	鹭	lù
Han-Latin	鹮	huán
Han-Latin	鹯	zhān
Han-Latin	鹰	yīng
Han-Latin	鹱	hù
Han-Latin	鹲	méng
Han-Latin	鹳	guàn
Han-Latin	鹴	shuāng
Han-Latin	鹵	lǔ
Han-Latin	鹶	jīn
Han-Latin	鹷	líng
Han-Latin	鹸	jiǎn
Han-Latin	鹹	xián
Han-Latin	鹺	cuó
Han-Latin	鹻	jiǎn
Han-Latin	鹼	jiǎn
Han-Latin	鹽	yán
Han-Latin	鹾	cuó
Han-Latin	鹿	lù
Han-Latin	麀	yōu
Han-Latin	麁	cū
Han-Latin	麂	jǐ
Han-Latin	麃	páo
Han-Latin	麄	cū
Han-Latin	麅	páo
Han-Latin	麆	zhù
Han-Latin	麇	jūn
Han-Latin	麈	zhǔ
Han-Latin	麉	jiān
Han-Latin	麊	mí
Han-Latin	麋	mí
Han-Latin	麌	yǔ
Han-Latin	麍	liú
Han-Latin	麎	chén
Han-Latin	麏	jūn
Han-Latin	麐	lín
Han-Latin	麑	ní
Han-Latin	麒	qí
Han-Latin	麓	lù
Han-Latin	麔	jiù
Han-Latin	麕	jūn
Han-Latin	麖	jīng
Han-Latin	麗	lì
Han-Latin	麘	xiāng
Han-Latin	麙	xián
Han-Latin	麚	jiā
Han-Latin	麛	mí
Han-Latin	麜	lì
Han-Latin	麝	shè
Han-Latin	麞	zhāng
Han-Latin	麟	lín
Han-Latin	麠	jīng
Han-Latin	麡	qí
Han-Latin	麢	líng
Han-Latin	麣	yán
Han-Latin	麤	cū
Han-Latin	麥	mài
Han-Latin	麦	mài
Han-Latin	麧	hé
Han-Latin	麨	chǎo
Han-Latin	麩	fū
Han-Latin	麪	miàn
Han-Latin	麫	miàn
Han-Latin	麬	fū
Han-Latin	麭	pào
Han-Latin	麮	qù
Han-Latin	麯	qū
Han-Latin	麰	móu
Han-Latin	麱	fū
Han-Latin	麲	xiàn
Han-Latin	麳	lái
Han-Latin	麴	qū
Han-Latin	麵	miàn
Han-Latin	麶	chī
Han-Latin	麷	fēng
Han-Latin	麸	fū
Han-Latin	麹	qū
Han-Latin	麺	miàn
Han-Latin	麻	má
Han-Latin	麼	me
Han-Latin	麽	mó
Han-Latin	麾	huī
Han-Latin	麿	mǒ
Han-Latin	黀	zōu
Han-Latin	黁	nún
Han-Latin	黂	fén
Han-Latin	黃	huáng
Han-Latin	黄	huáng
Han-Latin	黅	jīn
Han-Latin	黆	guāng
Han-Latin	黇	tiān
Han-Latin	黈	tǒu
Han-Latin	黉	hóng
Han-Latin	黊	huà
Han-Latin	黋	kuàng
Han-Latin	黌	hóng
Han-Latin	黍	shǔ
Han-Latin	黎	lí
Han-Latin	黏	nián
Han-Latin	黐	chī
Han-Latin	黑	hēi
Han-Latin	黒	hēi
Han-Latin	黓	yì
Han-Latin	黔	qián
Han-Latin	黕	dǎn
Han-Latin	黖	xì
Han-Latin	黗	tūn
Han-Latin	默	mò
Han-Latin	黙	mò
Han-Latin	黚	qián
Han-Latin	黛	dài
Han-Latin	黜	chù
Han-Latin	黝	yǒu
Han-Latin	點	diǎn
Han-Latin	黟	yī
Han-Latin	黠	xiá
Han-Latin	黡	yǎn
Han-Latin	黢	qū
Han-Latin	黣	měi
Han-Latin	黤	yǎn
Han-Latin	黥	qíng
Han-Latin	黦	yuè
Han-Latin	黧	lí
Han-Latin	黨	dǎng
Han-Latin	黩	dú
Han-Latin	黪	cǎn
Han-Latin	黫	yān
Han-Latin	黬	yán
Han-Latin	黭	yǎn
Han-Latin	黮	dǎn
Han-Latin	黯	àn
Han-Latin	黰	zhěn
Han-Latin	黱	dài
Han-Latin	黲	cǎn
Han-Latin	黳	yī
Han-Latin	黴	méi
Han-Latin	黵	zhǎn
Han-Latin	黶	yǎn
Han-Latin	黷	dú
Han-Latin	黸	lú
Han-Latin	黹	zhǐ
Han-Latin	黺	fěn
Han-Latin	黻	fú
Han-Latin	黼	fǔ
Han-Latin	黽	miǎn
Han-Latin	黾	mǐn
Han-Latin	黿	yuán
Han-Latin	鼀	cù
Han-Latin	鼁	qù
Han-Latin	鼂	cháo
Han-Latin	鼃	wā
Han-Latin	鼄	zhū
Han-Latin	鼅	zhī
Han-Latin	鼆	méng
Han-Latin	鼇	áo
Han-Latin	鼈	biē
Han-Latin	鼉	tuó
Han-Latin	鼊	bì
Han-Latin	鼋	yuán
Han-Latin	鼌	cháo
Han-Latin	鼍	tuó
Han-Latin	鼎	dǐng
Han-Latin	鼏	mì
Han-Latin	鼐	nài
Han-Latin	鼑	dǐng
Han-Latin	鼒	zī
Han-Latin	鼓	gǔ
Han-Latin	鼔	gǔ
Han-Latin	鼕	dōng
Han-Latin	鼖	fén
Han-Latin	鼗	táo
Han-Latin	鼘	yuān
Han-Latin	鼙	pí
Han-Latin	鼚	chāng
Han-Latin	鼛	gāo
Han-Latin	鼜	qì
Han-Latin	鼝	yuān
Han-Latin	鼞	tāng
Han-Latin	鼟	tēng
Han-Latin	鼠	shǔ
Han-Latin	鼡	shǔ
Han-Latin	鼢	fén
Han-Latin	鼣	fèi
Han-Latin	鼤	wén
Han-Latin	鼥	bá
Han-Latin	鼦	diāo
Han-Latin	鼧	tuó
Han-Latin	鼨	zhōng
Han-Latin	鼩	qú
Han-Latin	鼪	shēng
Han-Latin	鼫	shí
Han-Latin	鼬	yòu
Han-Latin	鼭	shí
Han-Latin	鼮	tíng
Han-Latin	鼯	wú
Han-Latin	鼰	jú
Han-Latin	鼱	jīng
Han-Latin	鼲	hún
Han-Latin	鼳	jú
Han-Latin	鼴	yǎn
Han-Latin	鼵	tū
Han-Latin	鼶	sī
Han-Latin	鼷	xī
Han-Latin	鼸	xiàn
Han-Latin	鼹	yǎn
Han-Latin	鼺	léi
Han-Latin	鼻	bí
Han-Latin	鼼	yào
Han-Latin	鼽	qiú
Han-Latin	鼾	hān
Han-Latin	鼿	wù
Han-Latin	齀	wù
Han-Latin	齁	hōu
Han-Latin	齂	xiè
Han-Latin	齃	è
Han-Latin	齄	zhā
Han-Latin	齅	xiù
Han-Latin	齆	wèng
Han-Latin	齇	zhā
Han-Latin	齈	nòng
Han-Latin	齉	nàng
Han-Latin	齊	qí
Han-Latin	齋	zhāi
Han-Latin	齌	jì
Han-Latin	齍	zī
Han-Latin	齎	jī
Han-Latin	齏	jī
Han-Latin	齐	qí
Han-Latin	齑	jī
Han-Latin	齒	chǐ
Han-Latin	齓	chèn
Han-Latin	齔	chèn
Han-Latin	齕	hé
Han-Latin	齖	yá
Han-Latin	齗	yín
Han-Latin	齘	xiè
Han-Latin	齙	bāo
Han-Latin	齚	zé
Han-Latin	齛	xiè
Han-Latin	齜	chái
Han-Latin	齝	chī
Han-Latin	齞	yǎn
Han-Latin	齟	jǔ
Han-Latin	齠	tiáo
Han-Latin	齡	líng
Han-Latin	齢	líng
Han-Latin	齣	chū
Han-Latin	齤	quán
Han-Latin	齥	xiè
Han-Latin	齦	kěn
Han-Latin	齧	niè
Han-Latin	齨	jiù
Han-Latin	齩	yǎo
Han-Latin	齪	chuò
Han-Latin	齫	yǔn
Han-Latin	齬	yǔ
Han-Latin	齭	chǔ
Han-Latin	齮	yǐ
Han-Latin	齯	ní
Han-Latin	齰	zé
Han-Latin	齱	zōu
Han-Latin	齲	qǔ
Han-Latin	齳	yǔn
Han-Latin	齴	yǎn
Han-Latin	齵	óu
Han-Latin	齶	è
Han-Latin	齷	wò
Han-Latin	齸	yì
Han-Latin	齹	cī
Han-Latin	齺	zōu
Han-Latin	齻	diān
Han-Latin	齼	chǔ
Han-Latin	齽	jìn
Han-Latin	齾	yà
Han-Latin	齿	chǐ
Han-Latin	龀	chèn
Han-Latin	龁	hé
Han-Latin	龂	yín
Han-Latin	龃	jǔ
Han-Latin	龄	líng
Han-Latin	龅	bāo
Han-Latin	龆	tiáo
Han-Latin	龇	zī
Han-Latin	龈	yín
Han-Latin	龉	yǔ
Han-Latin	龊	chuò
Han-Latin	龋	qǔ
Han-Latin	龌	wò
Han-Latin	龍	lóng
Han-Latin	龎	páng
Han-Latin	龏	gōng
Han-Latin	龐	páng
Han-Latin	龑	yǎn
Han-Latin	龒	lóng
Han-Latin	龓	lǒng
Han-Latin	龔	gōng
Han-Latin	龕	kān
Han-Latin	龖	dá
Han-Latin	龗	líng
Han-Latin	龘	dá
Han-Latin	龙	lóng
Han-Latin	龚	gōng
Han-Latin	龛	kān
Han-Latin	龜	guī
Han-Latin	龝	qiū
Han-Latin	龞	biē
Han-Latin	龟	guī
Han-Latin	龠	yuè
Han-Latin	龡	chuī
Han-Latin	龢	hé
Han-Latin	龣	jué
Han-Latin	龤	xié
Han-Latin	龥	yù
Han-Latin	龪	zhān
Han-Latin	龬	wǎng
Han-Latin	龰	zǒu
Han-Latin	龵	shǒu
Han-Latin	龻	luán
Han-Latin	鿃	shǎn
Han-Latin	鿄	liáng
Han-Latin	鿇	zhēng
Han-Latin	鿌	liáng
Han-Latin	鿍	gàng
Han-Latin	鿎	tǎ
Han-Latin	鿏	mài
Han-Latin	鿔	gē
Han-Latin	鿕	dān
Han-Latin	鿫	ào
Han-Latin	鿬	tián
Han-Latin	鿭	nǐ
Han-Latin	鿰	hán
Han-Latin	鿱	bā
Han-Latin	鿲	láo
Han-Latin	鿳	tuò
Han-Latin	鿴	dōng
Han-Latin	鿵	zhì
Han-Latin	鿶	láng
Han-Latin	鿷	àn
Han-Latin	鿸	tuò
Han-Latin	鿹	mì
Han-Latin	鿺	mài
Han-Latin	鿻	bù
Han-Latin	鿼	jiā
Han-Latin	鿾	làng
Han-Latin	鿿	xìng
Han-Latin	𠀀	hē
Han-Latin	𠀁	qī
Han-Latin	𠀃	qiě
Han-Latin	𠀅	hài
Han-Latin	𠀉	qiū
Han-Latin	𠀊	cāo
Han-Latin	𠀍	shì
Han-Latin	𠀓	sī
Han-Latin	𠀔	jué
Han-Latin	𠀛	yù
Han-Latin	𠀝	kōng
Han-Latin	𠀢	zī
Han-Latin	𠀦	xíng
Han-Latin	𠀱	mǒu
Han-Latin	𠀷	jī
Han-Latin	𠀸	yè
Han-Latin	𠀹	jūn
Han-Latin	𠀼	qián
Han-Latin	𠀽	lù
Han-Latin	𠁁	dòu
Han-Latin	𠁉	chū
Han-Latin	𠁗	shì
Han-Latin	𠁠	qiè
Han-Latin	𠁥	gǎ
Han-Latin	𠁭	qí
Han-Latin	𠁷	chǎn
Han-Latin	𠂄	huān
Han-Latin	𠂆	yì
Han-Latin	𠂇	zuǒ
Han-Latin	𠂈	jié
Han-Latin	𠂑	zōu
Han-Latin	𠂔	zǐ
Han-Latin	𠂝	zā
Han-Latin	𠂟	jīn
Han-Latin	𠂢	pài
Han-Latin	𠂤	duī
Han-Latin	𠂥	cóng
Han-Latin	𠂧	shèn
Han-Latin	𠂸	huáng
Han-Latin	𠃊	yǐn
Han-Latin	𠃌	gǔn
Han-Latin	𠃓	yáng
Han-Latin	𠃖	jiū
Han-Latin	𠃫	shēn
Han-Latin	𠃺	jiù
Han-Latin	𠄅	yè
Han-Latin	𠄉	dòng
Han-Latin	𠄌	jué
Han-Latin	𠄍	jié
Han-Latin	𠄏	diǎo
Han-Latin	𠄑	jué
Han-Latin	𠄒	chuí
Han-Latin	𠄖	líng
Han-Latin	𠄚	tīng
Han-Latin	𠄣	gèn
Han-Latin	𠄮	yà
Han-Latin	𠄱	yí
Han-Latin	𠄿	wéi
Han-Latin	𠅂	jié
Han-Latin	𠅌	yí
Han-Latin	𠅗	diè
Han-Latin	𠅚	qí
Han-Latin	𠅤	xí
Han-Latin	𠅬	bāo
Han-Latin	𠅱	xiè
Han-Latin	𠅹	zhàng
Han-Latin	𠆌	yōng
Han-Latin	𠆐	xù
Han-Latin	𠆙	diè
Han-Latin	𠆛	dān
Han-Latin	𠆟	wěi
Han-Latin	𠆣	guǎ
Han-Latin	𠆩	fàn
Han-Latin	𠆮	mò
Han-Latin	𠆱	xī
Han-Latin	𠆲	yǎn
Han-Latin	𠆵	ní
Han-Latin	𠆶	dàn
Han-Latin	𠇋	dǎn
Han-Latin	𠇏	tāo
Han-Latin	𠇐	yú
Han-Latin	𠇒	gōng
Han-Latin	𠇗	kuā
Han-Latin	𠇘	chù
Han-Latin	𠇯	qù
Han-Latin	𠇱	mò
Han-Latin	𠇳	shī
Han-Latin	𠇵	gǎn
Han-Latin	𠇷	shēng
Han-Latin	𠇹	jìng
Han-Latin	𠈁	tuō
Han-Latin	𠈅	shōu
Han-Latin	𠈊	niě
Han-Latin	𠈤	yùn
Han-Latin	𠈥	guǎ
Han-Latin	𠈬	xiāo
Han-Latin	𠈭	láo
Han-Latin	𠈰	dàn
Han-Latin	𠈱	suō
Han-Latin	𠈵	mǎng
Han-Latin	𠈶	yí
Han-Latin	𠈸	tè
Han-Latin	𠈺	bì
Han-Latin	𠉂	tà
Han-Latin	𠉗	luò
Han-Latin	𠉢	xǐ
Han-Latin	𠉣	hūn
Han-Latin	𠉤	dá
Han-Latin	𠉧	jù
Han-Latin	𠉩	dú
Han-Latin	𠉬	ǎn
Han-Latin	𠊉	mèi
Han-Latin	𠊌	rán
Han-Latin	𠊎	ái
Han-Latin	𠊏	yù
Han-Latin	𠊒	jiàn
Han-Latin	𠊔	qì
Han-Latin	𠊟	mǐn
Han-Latin	𠊣	zhòu
Han-Latin	𠊤	zhì
Han-Latin	𠊥	zhǒng
Han-Latin	𠊦	nǎo
Han-Latin	𠊧	bìng
Han-Latin	𠊩	zhuàn
Han-Latin	𠊪	shù
Han-Latin	𠊫	xùn
Han-Latin	𠊬	jué
Han-Latin	𠊭	qiǎn
Han-Latin	𠊰	guǎ
Han-Latin	𠊲	tū
Han-Latin	𠊶	yìng
Han-Latin	𠊷	zhì
Han-Latin	𠊾	kuí
Han-Latin	𠋆	chèn
Han-Latin	𠋖	liàn
Han-Latin	𠋗	yā
Han-Latin	𠋜	guò
Han-Latin	𠋝	miǎo
Han-Latin	𠋞	shé
Han-Latin	𠋟	yǔ
Han-Latin	𠋡	sì
Han-Latin	𠋢	sǒu
Han-Latin	𠋤	zhì
Han-Latin	𠋧	qiē
Han-Latin	𠋩	fù
Han-Latin	𠋬	jú
Han-Latin	𠋭	bèi
Han-Latin	𠋯	bì
Han-Latin	𠋲	suǒ
Han-Latin	𠋵	qiǎn
Han-Latin	𠋶	mǐng
Han-Latin	𠋷	chǎn
Han-Latin	𠋺	sāo
Han-Latin	𠋻	jī
Han-Latin	𠌕	gòng
Han-Latin	𠌖	qióng
Han-Latin	𠌚	ròng
Han-Latin	𠌞	sǒu
Han-Latin	𠌟	sǒu
Han-Latin	𠌠	yáo
Han-Latin	𠌪	chōu
Han-Latin	𠌭	shuài
Han-Latin	𠌮	zhē
Han-Latin	𠌯	lì
Han-Latin	𠌰	gài
Han-Latin	𠌱	suī
Han-Latin	𠌲	zhān
Han-Latin	𠌴	zhuàng
Han-Latin	𠌽	fù
Han-Latin	𠍃	jī
Han-Latin	𠍄	dōu
Han-Latin	𠍗	huì
Han-Latin	𠍚	jiǎn
Han-Latin	𠍛	yǎn
Han-Latin	𠍜	zhì
Han-Latin	𠍨	měi
Han-Latin	𠍩	yào
Han-Latin	𠍪	dī
Han-Latin	𠍫	yí
Han-Latin	𠍯	bié
Han-Latin	𠍲	qú
Han-Latin	𠍳	yì
Han-Latin	𠍵	yàng
Han-Latin	𠍹	zhá
Han-Latin	𠍽	shà
Han-Latin	𠎙	lái
Han-Latin	𠎮	jué
Han-Latin	𠎰	qī
Han-Latin	𠎳	yú
Han-Latin	𠎶	zǎi
Han-Latin	𠎷	sà
Han-Latin	𠎸	sè
Han-Latin	𠎻	dùn
Han-Latin	𠎿	jiě
Han-Latin	𠏀	kē
Han-Latin	𠏃	yuē
Han-Latin	𠏇	jiǎn
Han-Latin	𠏈	yáo
Han-Latin	𠏓	xiān
Han-Latin	𠏕	xiào
Han-Latin	𠏖	qiāo
Han-Latin	𠏚	yù
Han-Latin	𠏛	qú
Han-Latin	𠏡	xiān
Han-Latin	𠏢	luò
Han-Latin	𠏤	guǎng
Han-Latin	𠏧	chēng
Han-Latin	𠏨	chuǎng
Han-Latin	𠏩	yí
Han-Latin	𠏫	zhěng
Han-Latin	𠏭	zòng
Han-Latin	𠏮	duì
Han-Latin	𠏰	zhǎi
Han-Latin	𠏿	fěi
Han-Latin	𠐀	yí
Han-Latin	𠐁	méng
Han-Latin	𠐈	biān
Han-Latin	𠐉	jié
Han-Latin	𠐊	shù
Han-Latin	𠐋	liáo
Han-Latin	𠐌	bǐ
Han-Latin	𠐍	sú
Han-Latin	𠐑	dì
Han-Latin	𠐡	bèi
Han-Latin	𠐢	wèn
Han-Latin	𠐧	méng
Han-Latin	𠐩	chǎn
Han-Latin	𠐵	dǎo
Han-Latin	𠐺	pín
Han-Latin	𠐻	jiǎn
Han-Latin	𠐼	lìn
Han-Latin	𠐽	guì
Han-Latin	𠐾	qī
Han-Latin	𠐿	hōng
Han-Latin	𠑃	jí
Han-Latin	𠑄	xiè
Han-Latin	𠑅	zhēng
Han-Latin	𠑆	chǎn
Han-Latin	𠑐	yáo
Han-Latin	𠑑	chǎn
Han-Latin	𠑘	diān
Han-Latin	𠑙	chòng
Han-Latin	𠑚	néi
Han-Latin	𠑛	néi
Han-Latin	𠑞	zhài
Han-Latin	𠑟	biān
Han-Latin	𠑡	chǎn
Han-Latin	𠑪	xiāo
Han-Latin	𠑯	cù
Han-Latin	𠑰	xīn
Han-Latin	𠑱	jǐng
Han-Latin	𠑲	qiān
Han-Latin	𠑴	qīng
Han-Latin	𠑹	gǔ
Han-Latin	𠒄	wù
Han-Latin	𠒜	yuǎn
Han-Latin	𠒝	bǐng
Han-Latin	𠒢	wán
Han-Latin	𠒰	niǎo
Han-Latin	𠒵	liàn
Han-Latin	𠒸	rǎo
Han-Latin	𠒾	fàn
Han-Latin	𠒿	dí
Han-Latin	𠓊	huī
Han-Latin	𠓋	yì
Han-Latin	𠓌	xián
Han-Latin	𠓖	lán
Han-Latin	𠓗	fù
Han-Latin	𠓙	xiòng
Han-Latin	𠓜	liǎng
Han-Latin	𠓝	tāo
Han-Latin	𠓞	jí
Han-Latin	𠓢	jiè
Han-Latin	𠓣	zhá
Han-Latin	𠓤	shī
Han-Latin	𠓪	qí
Han-Latin	𠓫	biǎn
Han-Latin	𠓭	lǎn
Han-Latin	𠓮	lǐn
Han-Latin	𠓶	zhì
Han-Latin	𠓷	bì
Han-Latin	𠓸	shèng
Han-Latin	𠓽	shèng
Han-Latin	𠓿	qín
Han-Latin	𠔂	biāo
Han-Latin	𠔃	xī
Han-Latin	𠔉	juàn
Han-Latin	𠔋	jī
Han-Latin	𠔍	xī
Han-Latin	𠔎	qǐn
Han-Latin	𠔑	hài
Han-Latin	𠔕	lún
Han-Latin	𠔠	yuè
Han-Latin	𠔨	lián
Han-Latin	𠔯	bān
Han-Latin	𠔲	héng
Han-Latin	𠔶	qī
Han-Latin	𠔺	qiān
Han-Latin	𠔻	zhèng
Han-Latin	𠔼	mǎo
Han-Latin	𠕁	cóng
Han-Latin	𠕄	nà
Han-Latin	𠕊	tǐng
Han-Latin	𠕌	zōng
Han-Latin	𠕕	jiōng
Han-Latin	𠕖	zhǎo
Han-Latin	𠕟	niǎn
Han-Latin	𠕠	chéng
Han-Latin	𠕣	qià
Han-Latin	𠕦	yù
Han-Latin	𠕧	jiǎo
Han-Latin	𠕭	zhào
Han-Latin	𠕳	dí
Han-Latin	𠕴	jiū
Han-Latin	𠕸	suǐ
Han-Latin	𠕻	yāo
Han-Latin	𠕿	wāng
Han-Latin	𠖂	liáo
Han-Latin	𠖄	tóng
Han-Latin	𠖆	mèng
Han-Latin	𠖋	yǒu
Han-Latin	𠖓	sī
Han-Latin	𠖛	lòu
Han-Latin	𠖟	yīn
Han-Latin	𠖥	chǒng
Han-Latin	𠖫	gǎn
Han-Latin	𠖬	jiū
Han-Latin	𠖶	qìn
Han-Latin	𠖷	jiǒng
Han-Latin	𠖹	xié
Han-Latin	𠗂	hè
Han-Latin	𠗆	tāo
Han-Latin	𠗈	qiú
Han-Latin	𠗉	xié
Han-Latin	𠗊	jìng
Han-Latin	𠗋	niǎn
Han-Latin	𠗌	jìng
Han-Latin	𠗏	jí
Han-Latin	𠗘	tiǎn
Han-Latin	𠗚	cuì
Han-Latin	𠗛	dié
Han-Latin	𠗝	qǐng
Han-Latin	𠗥	pìng
Han-Latin	𠗦	píng
Han-Latin	𠗨	dié
Han-Latin	𠗩	lòu
Han-Latin	𠗳	liǎn
Han-Latin	𠗴	hán
Han-Latin	𠗵	pāng
Han-Latin	𠗶	táng
Han-Latin	𠗺	yí
Han-Latin	𠗻	xuán
Han-Latin	𠗼	suò
Han-Latin	𠗽	liú
Han-Latin	𠗾	shuǎng
Han-Latin	𠗿	shèn
Han-Latin	𠘁	bù
Han-Latin	𠘂	sōu
Han-Latin	𠘅	qín
Han-Latin	𠘆	shěn
Han-Latin	𠘊	nòng
Han-Latin	𠘋	tǐng
Han-Latin	𠘌	jiāng
Han-Latin	𠘕	xī
Han-Latin	𠘖	zhì
Han-Latin	𠘝	lài
Han-Latin	𠘞	lì
Han-Latin	𠘟	lì
Han-Latin	𠘢	hé
Han-Latin	𠘣	jiào
Han-Latin	𠘥	yán
Han-Latin	𠘧	shū
Han-Latin	𠘪	shǐ
Han-Latin	𠘱	zhěn
Han-Latin	𠘳	yōu
Han-Latin	𠘺	suò
Han-Latin	𠘻	wú
Han-Latin	𠙁	cháng
Han-Latin	𠙂	cóng
Han-Latin	𠙆	jù
Han-Latin	𠙎	shū
Han-Latin	𠙔	jiù
Han-Latin	𠙕	wéi
Han-Latin	𠙞	huò
Han-Latin	𠙤	jiē
Han-Latin	𠙬	zǎo
Han-Latin	𠙶	ǒu
Han-Latin	𠙼	guǎ
Han-Latin	𠚃	háo
Han-Latin	𠚄	lǐ
Han-Latin	𠚅	zhì
Han-Latin	𠚆	xiàn
Han-Latin	𠚉	bū
Han-Latin	𠚊	chàng
Han-Latin	𠚓	yūn
Han-Latin	𠚔	hé
Han-Latin	𠚜	tāo
Han-Latin	𠚠	biāo
Han-Latin	𠚥	diāo
Han-Latin	𠚧	èr
Han-Latin	𠚨	jiū
Han-Latin	𠚭	dì
Han-Latin	𠚮	yì
Han-Latin	𠚯	kūn
Han-Latin	𠚱	zhé
Han-Latin	𠚳	kuò
Han-Latin	𠚴	zhōu
Han-Latin	𠚵	jù
Han-Latin	𠚹	shàn
Han-Latin	𠚺	shà
Han-Latin	𠚻	diāo
Han-Latin	𠚼	bān
Han-Latin	𠚽	jī
Han-Latin	𠛀	zhōng
Han-Latin	𠛃	yí
Han-Latin	𠛅	kōu
Han-Latin	𠛆	wū
Han-Latin	𠛊	gē
Han-Latin	𠛋	bā
Han-Latin	𠛎	gōu
Han-Latin	𠛑	xián
Han-Latin	𠛒	guā
Han-Latin	𠛓	liǔ
Han-Latin	𠛔	chǐ
Han-Latin	𠛕	guāi
Han-Latin	𠛖	chuān
Han-Latin	𠛘	lí
Han-Latin	𠛙	cù
Han-Latin	𠛚	shuā
Han-Latin	𠛡	bǐ
Han-Latin	𠛥	bǐng
Han-Latin	𠛦	lì
Han-Latin	𠛩	jiǔ
Han-Latin	𠛪	tiāo
Han-Latin	𠛫	duǒ
Han-Latin	𠛭	yān
Han-Latin	𠛮	quān
Han-Latin	𠛱	liè
Han-Latin	𠛳	kè
Han-Latin	𠛵	gēn
Han-Latin	𠛶	zhēn
Han-Latin	𠛸	fén
Han-Latin	𠜁	yí
Han-Latin	𠜃	jiù
Han-Latin	𠜄	xù
Han-Latin	𠜅	jiǎo
Han-Latin	𠜈	lǜ
Han-Latin	𠜉	jiǔ
Han-Latin	𠜋	chǒu
Han-Latin	𠜎	xiàn
Han-Latin	𠜐	kuài
Han-Latin	𠜑	duì
Han-Latin	𠜖	luō
Han-Latin	𠜗	xī
Han-Latin	𠜘	qìn
Han-Latin	𠜙	bù
Han-Latin	𠜤	qià
Han-Latin	𠜱	pī
Han-Latin	𠜲	yā
Han-Latin	𠜳	bēng
Han-Latin	𠜴	guǒ
Han-Latin	𠜵	guā
Han-Latin	𠜹	jú
Han-Latin	𠜼	qiā
Han-Latin	𠜾	jué
Han-Latin	𠝄	lì
Han-Latin	𠝐	huā
Han-Latin	𠝑	jiāo
Han-Latin	𠝘	qià
Han-Latin	𠝚	zhá
Han-Latin	𠝛	qiā
Han-Latin	𠝝	zhé
Han-Latin	𠝞	chā
Han-Latin	𠝟	yǐng
Han-Latin	𠝢	yān
Han-Latin	𠝤	chōng
Han-Latin	𠝨	chǐ
Han-Latin	𠝪	wān
Han-Latin	𠝬	sōu
Han-Latin	𠝲	kǎn
Han-Latin	𠝳	yuán
Han-Latin	𠝽	chóu
Han-Latin	𠝿	suǒ
Han-Latin	𠞀	tū
Han-Latin	𠞃	zhé
Han-Latin	𠞄	tī
Han-Latin	𠞆	wū
Han-Latin	𠞈	dā
Han-Latin	𠞉	lì
Han-Latin	𠞊	chā
Han-Latin	𠞕	róng
Han-Latin	𠞖	gòng
Han-Latin	𠞗	què
Han-Latin	𠞙	lí
Han-Latin	𠞞	tāo
Han-Latin	𠞤	lì
Han-Latin	𠞧	mí
Han-Latin	𠞩	chì
Han-Latin	𠞬	gùn
Han-Latin	𠞭	lóu
Han-Latin	𠞮	chuǎng
Han-Latin	𠞯	suǒ
Han-Latin	𠞰	jiǎo
Han-Latin	𠞱	jìn
Han-Latin	𠞵	fá
Han-Latin	𠞶	zhāi
Han-Latin	𠞾	jìn
Han-Latin	𠞿	cuì
Han-Latin	𠟂	cèng
Han-Latin	𠟃	zǔn
Han-Latin	𠟅	zhào
Han-Latin	𠟈	piē
Han-Latin	𠟉	zhǎn
Han-Latin	𠟊	xī
Han-Latin	𠟋	yào
Han-Latin	𠟌	fǔ
Han-Latin	𠟍	chōng
Han-Latin	𠟓	cuì
Han-Latin	𠟗	guā
Han-Latin	𠟣	jī
Han-Latin	𠟦	sè
Han-Latin	𠟧	zhān
Han-Latin	𠟨	lìng
Han-Latin	𠟩	sè
Han-Latin	𠟪	yè
Han-Latin	𠟰	jū
Han-Latin	𠟶	tū
Han-Latin	𠟺	rú
Han-Latin	𠟻	zé
Han-Latin	𠟼	huán
Han-Latin	𠠁	xiǎn
Han-Latin	𠠃	qiān
Han-Latin	𠠄	zhào
Han-Latin	𠠋	cán
Han-Latin	𠠎	kuò
Han-Latin	𠠏	lì
Han-Latin	𠠐	róu
Han-Latin	𠠔	dú
Han-Latin	𠠗	liè
Han-Latin	𠠜	yīng
Han-Latin	𠠝	lì
Han-Latin	𠠠	dú
Han-Latin	𠠢	líng
Han-Latin	𠠪	wān
Han-Latin	𠠯	dié
Han-Latin	𠠳	jiū
Han-Latin	𠠵	lì
Han-Latin	𠠶	kū
Han-Latin	𠠷	kēng
Han-Latin	𠠹	zhěn
Han-Latin	𠡀	hè
Han-Latin	𠡂	bì
Han-Latin	𠡄	pī
Han-Latin	𠡊	hāng
Han-Latin	𠡑	zhuó
Han-Latin	𠡒	duǐ
Han-Latin	𠡔	yì
Han-Latin	𠡜	kè
Han-Latin	𠡝	yì
Han-Latin	𠡞	mò
Han-Latin	𠡠	chì
Han-Latin	𠡡	cán
Han-Latin	𠡣	gěng
Han-Latin	𠡤	kè
Han-Latin	𠡥	shì
Han-Latin	𠡭	líng
Han-Latin	𠡮	bēng
Han-Latin	𠡱	duàn
Han-Latin	𠡶	juān
Han-Latin	𠡷	nǎo
Han-Latin	𠡸	zǐ
Han-Latin	𠡻	zòng
Han-Latin	𠢃	táng
Han-Latin	𠢆	xiá
Han-Latin	𠢇	hàn
Han-Latin	𠢌	lüè
Han-Latin	𠢍	qián
Han-Latin	𠢓	mò
Han-Latin	𠢔	ōu
Han-Latin	𠢕	háo
Han-Latin	𠢙	zhá
Han-Latin	𠢚	juàn
Han-Latin	𠢛	cóng
Han-Latin	𠢠	lì
Han-Latin	𠢡	zhá
Han-Latin	𠢢	yǒu
Han-Latin	𠢣	diàn
Han-Latin	𠢤	jué
Han-Latin	𠢥	bèi
Han-Latin	𠢩	yǎo
Han-Latin	𠢪	piē
Han-Latin	𠢱	jìn
Han-Latin	𠢲	kǎi
Han-Latin	𠢳	sè
Han-Latin	𠢴	yǎng
Han-Latin	𠢵	jìn
Han-Latin	𠢹	kè
Han-Latin	𠣄	chān
Han-Latin	𠣇	niǎn
Han-Latin	𠣉	wàn
Han-Latin	𠣊	lǜ
Han-Latin	𠣐	yún
Han-Latin	𠣑	yāo
Han-Latin	𠣒	bāo
Han-Latin	𠣕	jūn
Han-Latin	𠣖	xuán
Han-Latin	𠣘	zhōu
Han-Latin	𠣠	kuì
Han-Latin	𠣪	qú
Han-Latin	𠣫	shào
Han-Latin	𠣬	sǔn
Han-Latin	𠣰	dū
Han-Latin	𠣲	kuǎi
Han-Latin	𠣳	pào
Han-Latin	𠣺	bào
Han-Latin	𠣾	fù
Han-Latin	𠣿	jiù
Han-Latin	𠤀	rán
Han-Latin	𠤄	jū
Han-Latin	𠤊	qióng
Han-Latin	𠤍	zhōu
Han-Latin	𠤎	huà
Han-Latin	𠤏	bǎo
Han-Latin	𠤕	yí
Han-Latin	𠤗	yí
Han-Latin	𠤘	yí
Han-Latin	𠤝	mào
Han-Latin	𠤦	ruǎn
Han-Latin	𠤫	cí
Han-Latin	𠤮	hán
Han-Latin	𠤰	cóng
Han-Latin	𠤴	xì
Han-Latin	𠤹	quán
Han-Latin	𠤺	tiáo
Han-Latin	𠤼	diào
Han-Latin	𠤾	hán
Han-Latin	𠥇	yě
Han-Latin	𠥍	ē
Han-Latin	𠥎	wéi
Han-Latin	𠥐	cāng
Han-Latin	𠥑	diào
Han-Latin	𠥕	è
Han-Latin	𠥖	dì
Han-Latin	𠥘	suǎn
Han-Latin	𠥙	quán
Han-Latin	𠥜	è
Han-Latin	𠥝	ōu
Han-Latin	𠥞	xuán
Han-Latin	𠥢	wǔ
Han-Latin	𠥦	yì
Han-Latin	𠥨	móu
Han-Latin	𠥰	hū
Han-Latin	𠥴	hán
Han-Latin	𠥿	shí
Han-Latin	𠦃	sà
Han-Latin	𠦈	bì
Han-Latin	𠦊	hán
Han-Latin	𠦋	jìng
Han-Latin	𠦌	xì
Han-Latin	𠦎	qìn
Han-Latin	𠦏	cuó
Han-Latin	𠦐	cì
Han-Latin	𠦒	bān
Han-Latin	𠦗	duī
Han-Latin	𠦜	xì
Han-Latin	𠦧	zhī
Han-Latin	𠦨	luàn
Han-Latin	𠦪	hū
Han-Latin	𠦫	jí
Han-Latin	𠦬	guāi
Han-Latin	𠦲	pāng
Han-Latin	𠧀	zhū
Han-Latin	𠧅	bǐ
Han-Latin	𠧇	yú
Han-Latin	𠧒	qǐ
Han-Latin	𠧕	hé
Han-Latin	𠧖	chǔ
Han-Latin	𠧙	shào
Han-Latin	𠧚	chì
Han-Latin	𠧛	bó
Han-Latin	𠧟	réng
Han-Latin	𠧠	yóu
Han-Latin	𠧤	nǎi
Han-Latin	𠧩	huì
Han-Latin	𠧪	tiáo
Han-Latin	𠧫	bǎn
Han-Latin	𠧰	xū
Han-Latin	𠧴	yóu
Han-Latin	𠧵	chì
Han-Latin	𠧿	héng
Han-Latin	𠨃	wài
Han-Latin	𠨆	xiè
Han-Latin	𠨊	jué
Han-Latin	𠨌	suī
Han-Latin	𠨍	qīng
Han-Latin	𠨎	zhuàn
Han-Latin	𠨕	jì
Han-Latin	𠨘	bì
Han-Latin	𠨚	xī
Han-Latin	𠨠	jí
Han-Latin	𠨢	jùn
Han-Latin	𠨥	liáo
Han-Latin	𠨦	yōu
Han-Latin	𠨭	jú
Han-Latin	𠨲	yuè
Han-Latin	𠨵	bàng
Han-Latin	𠨸	pí
Han-Latin	𠨻	zè
Han-Latin	𠨾	yì
Han-Latin	𠨿	dǐ
Han-Latin	𠩂	qiè
Han-Latin	𠩄	suǒ
Han-Latin	𠩆	cì
Han-Latin	𠩈	zhù
Han-Latin	𠩉	yuè
Han-Latin	𠩏	jiāo
Han-Latin	𠩔	shí
Han-Latin	𠩗	yí
Han-Latin	𠩘	xiá
Han-Latin	𠩠	yuán
Han-Latin	𠩥	guó
Han-Latin	𠩧	kè
Han-Latin	𠩪	cuì
Han-Latin	𠩫	yì
Han-Latin	𠩵	lì
Han-Latin	𠩷	diǎn
Han-Latin	𠩺	xī
Han-Latin	𠩿	bì
Han-Latin	𠪂	biǎn
Han-Latin	𠪃	méi
Han-Latin	𠪄	lì
Han-Latin	𠪇	sǒu
Han-Latin	𠪐	liú
Han-Latin	𠪑	guì
Han-Latin	𠪒	kè
Han-Latin	𠪗	yí
Han-Latin	𠪙	xǐ
Han-Latin	𠪚	yín
Han-Latin	𠪟	kè
Han-Latin	𠪣	shè
Han-Latin	𠪧	wǒ
Han-Latin	𠪮	pì
Han-Latin	𠪶	yuè
Han-Latin	𠪷	hóng
Han-Latin	𠪺	lì
Han-Latin	𠪻	fù
Han-Latin	𠫃	jué
Han-Latin	𠫄	xiān
Han-Latin	𠫉	diān
Han-Latin	𠫌	lì
Han-Latin	𠫓	tū
Han-Latin	𠫘	jiān
Han-Latin	𠫛	bǎi
Han-Latin	𠫜	dì
Han-Latin	𠫝	zhǎng
Han-Latin	𠫣	yù
Han-Latin	𠫨	duì
Han-Latin	𠫭	cān
Han-Latin	𠫮	tú
Han-Latin	𠫶	tān
Han-Latin	𠫷	jí
Han-Latin	𠫸	qí
Han-Latin	𠫹	shàn
Han-Latin	𠫺	nián
Han-Latin	𠬆	guàn
Han-Latin	𠬈	bǐ
Han-Latin	𠬋	xīng
Han-Latin	𠬓	zhěn
Han-Latin	𠬙	sā
Han-Latin	𠬛	mò
Han-Latin	𠬝	fú
Han-Latin	𠬢	tāo
Han-Latin	𠬣	bàng
Han-Latin	𠬤	yì
Han-Latin	𠬪	biào
Han-Latin	𠬬	xī
Han-Latin	𠬮	jié
Han-Latin	𠬶	jìn
Han-Latin	𠬾	qiān
Han-Latin	𠭈	sì
Han-Latin	𠭉	jǐng
Han-Latin	𠭋	chǐ
Han-Latin	𠭗	jǐng
Han-Latin	𠭥	suì
Han-Latin	𠭯	zhā
Han-Latin	𠭰	lí
Han-Latin	𠭴	zhuō
Han-Latin	𠭹	biàn
Han-Latin	𠭿	tún
Han-Latin	𠮃	bì
Han-Latin	𠮆	fèi
Han-Latin	𠮊	dé
Han-Latin	𠮌	zhú
Han-Latin	𠮑	jū
Han-Latin	𠮙	yǐ
Han-Latin	𠮜	yà
Han-Latin	𠮟	chì
Han-Latin	𠮠	guǎ
Han-Latin	𠮡	zhǐ
Han-Latin	𠮨	réng
Han-Latin	𠮫	yōu
Han-Latin	𠮭	bó
Han-Latin	𠮯	jǐ
Han-Latin	𠮰	pǐn
Han-Latin	𠮳	yīng
Han-Latin	𠮴	yāng
Han-Latin	𠮵	màng
Han-Latin	𠮽	lòng
Han-Latin	𠮾	ǹ
Han-Latin	𠮿	sa
Han-Latin	𠯀	chuān
Han-Latin	𠯂	cí
Han-Latin	𠯃	wǔ
Han-Latin	𠯄	rèn
Han-Latin	𠯈	dài
Han-Latin	𠯉	jí
Han-Latin	𠯋	yǐ
Han-Latin	𠯍	rán
Han-Latin	𠯐	huò
Han-Latin	𠯑	guā
Han-Latin	𠯓	zhé
Han-Latin	𠯔	pì
Han-Latin	𠯗	zā
Han-Latin	𠯘	bàn
Han-Latin	𠯙	jié
Han-Latin	𠯜	hōu
Han-Latin	𠯟	xiàn
Han-Latin	𠯠	huī
Han-Latin	𠯩	zhā
Han-Latin	𠯪	dāi
Han-Latin	𠯫	gē
Han-Latin	𠯭	pì
Han-Latin	𠯯	piàn
Han-Latin	𠯰	shí
Han-Latin	𠯱	liǎng
Han-Latin	𠯲	yuè
Han-Latin	𠯳	hù
Han-Latin	𠯴	biàn
Han-Latin	𠯷	réng
Han-Latin	𠯹	réng
Han-Latin	𠰄	yī
Han-Latin	𠰅	zhī
Han-Latin	𠰇	jīn
Han-Latin	𠰈	wēng
Han-Latin	𠰉	chāo
Han-Latin	𠰋	qiū
Han-Latin	𠰍	zhǔ
Han-Latin	𠰏	zhá
Han-Latin	𠰐	pǒ
Han-Latin	𠰑	àn
Han-Latin	𠰓	hé
Han-Latin	𠰕	chū
Han-Latin	𠰖	yán
Han-Latin	𠰚	shì
Han-Latin	𠰛	hù
Han-Latin	𠰜	è
Han-Latin	𠰴	shí
Han-Latin	𠰷	lú
Han-Latin	𠰹	tuō
Han-Latin	𠰺	dài
Han-Latin	𠰻	wài
Han-Latin	𠰼	pō
Han-Latin	𠰽	rǒng
Han-Latin	𠰾	jū
Han-Latin	𠱀	bō
Han-Latin	𠱐	yǔ
Han-Latin	𠱑	dōu
Han-Latin	𠱓	guǐ
Han-Latin	𠱔	shòu
Han-Latin	𠱗	suō
Han-Latin	𠱘	nì
Han-Latin	𠱙	zhōu
Han-Latin	𠱚	lòng
Han-Latin	𠱛	bǐng
Han-Latin	𠱜	zùn
Han-Latin	𠱝	yè
Han-Latin	𠱞	rǎn
Han-Latin	𠱠	líng
Han-Latin	𠱡	sà
Han-Latin	𠱤	lěi
Han-Latin	𠱥	è
Han-Latin	𠱧	zhòng
Han-Latin	𠱨	jǐ
Han-Latin	𠱫	è
Han-Latin	𠱯	zuò
Han-Latin	𠱲	nà
Han-Latin	𠱳	yǔn
Han-Latin	𠲊	xiè
Han-Latin	𠲋	zuǐ
Han-Latin	𠲌	shù
Han-Latin	𠲍	diū
Han-Latin	𠲎	fèi
Han-Latin	𠲏	rěn
Han-Latin	𠲑	bāng
Han-Latin	𠲒	hán
Han-Latin	𠲓	hóng
Han-Latin	𠲔	yī
Han-Latin	𠲖	yī
Han-Latin	𠲙	kē
Han-Latin	𠲚	yì
Han-Latin	𠲛	huí
Han-Latin	𠲜	zhēng
Han-Latin	𠲮	jìng
Han-Latin	𠲱	gé
Han-Latin	𠲴	nóu
Han-Latin	𠲵	qiè
Han-Latin	𠲷	dié
Han-Latin	𠲹	jì
Han-Latin	𠲺	yì
Han-Latin	𠲻	yí
Han-Latin	𠲽	fú
Han-Latin	𠲾	shuò
Han-Latin	𠲿	shuò
Han-Latin	𠳀	yǒng
Han-Latin	𠳁	kěn
Han-Latin	𠳂	huá
Han-Latin	𠳃	hòng
Han-Latin	𠳇	hé
Han-Latin	𠳊	hē
Han-Latin	𠳋	qiǎn
Han-Latin	𠳌	qià
Han-Latin	𠳎	sì
Han-Latin	𠳐	bāng
Han-Latin	𠳞	què
Han-Latin	𠳬	jīng
Han-Latin	𠳭	kè
Han-Latin	𠳳	āi
Han-Latin	𠳴	lóu
Han-Latin	𠳶	tū
Han-Latin	𠳹	chuáng
Han-Latin	𠳼	sòng
Han-Latin	𠳽	chéng
Han-Latin	𠳿	wēi
Han-Latin	𠴂	nǔ
Han-Latin	𠴄	jiǔ
Han-Latin	𠴇	bīn
Han-Latin	𠴡	xiào
Han-Latin	𠴢	shēng
Han-Latin	𠴣	hǒu
Han-Latin	𠴦	zhù
Han-Latin	𠴨	guān
Han-Latin	𠴩	jī
Han-Latin	𠴫	jì
Han-Latin	𠴭	xī
Han-Latin	𠴯	shè
Han-Latin	𠴰	ǒu
Han-Latin	𠴱	hú
Han-Latin	𠴲	tà
Han-Latin	𠴳	xiáo
Han-Latin	𠴵	zào
Han-Latin	𠴸	bò
Han-Latin	𠴹	qì
Han-Latin	𠴺	wā
Han-Latin	𠴻	tuō
Han-Latin	𠴼	dào
Han-Latin	𠴾	nà
Han-Latin	𠵠	zhāi
Han-Latin	𠵣	yà
Han-Latin	𠵦	wǔ
Han-Latin	𠵧	zhén
Han-Latin	𠵨	de
Han-Latin	𠵩	hē
Han-Latin	𠵫	āng
Han-Latin	𠵬	pí
Han-Latin	𠵭	sè
Han-Latin	𠵮	fěn
Han-Latin	𠵯	guā
Han-Latin	𠵳	pǒ
Han-Latin	𠵷	xuàn
Han-Latin	𠵸	hān
Han-Latin	𠵹	gāng
Han-Latin	𠵺	bā
Han-Latin	𠵻	zōng
Han-Latin	𠵼	mèng
Han-Latin	𠵾	huò
Han-Latin	𠶧	diān
Han-Latin	𠶨	xī
Han-Latin	𠶫	dà
Han-Latin	𠶬	nàng
Han-Latin	𠶰	diāo
Han-Latin	𠶱	luò
Han-Latin	𠶲	kè
Han-Latin	𠶷	yì
Han-Latin	𠶸	jué
Han-Latin	𠶹	hé
Han-Latin	𠶻	jí
Han-Latin	𠶾	hè
Han-Latin	𠶿	niè
Han-Latin	𠷀	rǔn
Han-Latin	𠷁	qián
Han-Latin	𠷂	dài
Han-Latin	𠷃	shāo
Han-Latin	𠷄	kè
Han-Latin	𠷅	zhú
Han-Latin	𠷇	shī
Han-Latin	𠷈	lǜ
Han-Latin	𠷉	jiā
Han-Latin	𠷊	pián
Han-Latin	𠷋	hòu
Han-Latin	𠷌	jī
Han-Latin	𠷍	tà
Han-Latin	𠷎	chóu
Han-Latin	𠷏	wō
Han-Latin	𠷐	jìng
Han-Latin	𠷑	pō
Han-Latin	𠷒	zhāi
Han-Latin	𠷓	xīn
Han-Latin	𠷖	biàn
Han-Latin	𠷙	xù
Han-Latin	𠷞	gū
Han-Latin	𠷟	jiè
Han-Latin	𠷢	xián
Han-Latin	𠷸	é
Han-Latin	𠷺	bó
Han-Latin	𠷻	piāo
Han-Latin	𠷿	zǎ
Han-Latin	𠸁	pài
Han-Latin	𠸂	tū
Han-Latin	𠸄	yīng
Han-Latin	𠸮	xiǎng
Han-Latin	𠸱	nuò
Han-Latin	𠸲	gē
Han-Latin	𠸳	bó
Han-Latin	𠸴	xiè
Han-Latin	𠸸	zhēn
Han-Latin	𠸹	yú
Han-Latin	𠸺	nì
Han-Latin	𠹀	xùn
Han-Latin	𠹁	wà
Han-Latin	𠹃	àng
Han-Latin	𠹄	hàn
Han-Latin	𠹅	hōng
Han-Latin	𠹆	dān
Han-Latin	𠹈	nuó
Han-Latin	𠹊	cǎo
Han-Latin	𠹋	jí
Han-Latin	𠹌	něng
Han-Latin	𠹍	yǒng
Han-Latin	𠹎	xiāo
Han-Latin	𠹐	chuǎ
Han-Latin	𠹑	yào
Han-Latin	𠹓	gé
Han-Latin	𠹔	táng
Han-Latin	𠹕	bào
Han-Latin	𠹖	chǎn
Han-Latin	𠹘	xù
Han-Latin	𠹛	hái
Han-Latin	𠹝	chóu
Han-Latin	𠹟	jiǎn
Han-Latin	𠹠	zuō
Han-Latin	𠹤	wèi
Han-Latin	𠹥	dā
Han-Latin	𠹦	pī
Han-Latin	𠺐	huàn
Han-Latin	𠺒	xī
Han-Latin	𠺔	pèn
Han-Latin	𠺕	liū
Han-Latin	𠺖	mǔ
Han-Latin	𠺗	miē
Han-Latin	𠺘	làng
Han-Latin	𠺙	tuì
Han-Latin	𠺚	bān
Han-Latin	𠺝	gē
Han-Latin	𠺟	kù
Han-Latin	𠺢	jiā
Han-Latin	𠺣	bō
Han-Latin	𠻍	huàn
Han-Latin	𠻏	zú
Han-Latin	𠻐	luò
Han-Latin	𠻗	lí
Han-Latin	𠻙	hé
Han-Latin	𠻚	mó
Han-Latin	𠻜	shuì
Han-Latin	𠻝	shēn
Han-Latin	𠻞	kǎng
Han-Latin	𠻟	chì
Han-Latin	𠻠	líng
Han-Latin	𠻡	luǒ
Han-Latin	𠻤	yǎn
Han-Latin	𠻥	zhào
Han-Latin	𠻦	chuǎ
Han-Latin	𠻧	gǔ
Han-Latin	𠻨	qǐn
Han-Latin	𠻪	tán
Han-Latin	𠻫	fèn
Han-Latin	𠻬	tú
Han-Latin	𠻱	líng
Han-Latin	𠻴	lǎng
Han-Latin	𠼖	lán
Han-Latin	𠼗	zàn
Han-Latin	𠼘	wù
Han-Latin	𠼝	lí
Han-Latin	𠼞	ā
Han-Latin	𠼟	lüè
Han-Latin	𠼠	zhǐ
Han-Latin	𠼡	chóu
Han-Latin	𠼢	jiàng
Han-Latin	𠼤	jiān
Han-Latin	𠼩	lún
Han-Latin	𠼪	yí
Han-Latin	𠼬	shāng
Han-Latin	𠼻	jī
Han-Latin	𠽜	yì
Han-Latin	𠽝	nín
Han-Latin	𠽡	huì
Han-Latin	𠽣	zhā
Han-Latin	𠽦	hǎn
Han-Latin	𠽨	yǐn
Han-Latin	𠽩	bì
Han-Latin	𠽪	ān
Han-Latin	𠽫	xiā
Han-Latin	𠽬	ní
Han-Latin	𠽰	dī
Han-Latin	𠽱	jiǎn
Han-Latin	𠽲	pán
Han-Latin	𠽵	yù
Han-Latin	𠽶	chuài
Han-Latin	𠽷	zā
Han-Latin	𠽹	chá
Han-Latin	𠽻	zhé
Han-Latin	𠽼	sè
Han-Latin	𠽾	pēn
Han-Latin	𠽿	gū
Han-Latin	𠾀	zhé
Han-Latin	𠾆	lí
Han-Latin	𠾇	dōu
Han-Latin	𠾉	chóu
Han-Latin	𠾋	zuǐ
Han-Latin	𠾌	pò
Han-Latin	𠾏	shē
Han-Latin	𠾐	lóng
Han-Latin	𠾢	shù
Han-Latin	𠾤	jìn
Han-Latin	𠾥	líng
Han-Latin	𠾨	kāng
Han-Latin	𠾩	là
Han-Latin	𠾫	xū
Han-Latin	𠾬	jìn
Han-Latin	𠾮	chuān
Han-Latin	𠾲	yuè
Han-Latin	𠿆	mǎi
Han-Latin	𠿇	xiè
Han-Latin	𠿈	jiū
Han-Latin	𠿉	jì
Han-Latin	𠿋	yuè
Han-Latin	𠿏	jiān
Han-Latin	𠿑	hán
Han-Latin	𠿓	sà
Han-Latin	𠿔	huì
Han-Latin	𠿕	qiào
Han-Latin	𠿗	sè
Han-Latin	𠿘	zuǐ
Han-Latin	𠿛	lǔ
Han-Latin	𠿜	huà
Han-Latin	𠿝	chū
Han-Latin	𠿞	shǎn
Han-Latin	𠿟	wò
Han-Latin	𠿠	jí
Han-Latin	𠿡	zhuó
Han-Latin	𠿢	xián
Han-Latin	𠿣	yī
Han-Latin	𠿤	guó
Han-Latin	𠿥	kuì
Han-Latin	𡀑	zhōu
Han-Latin	𡀔	lù
Han-Latin	𡀖	bō
Han-Latin	𡀗	shí
Han-Latin	𡀘	yìng
Han-Latin	𡀙	kū
Han-Latin	𡀹	zhì
Han-Latin	𡀺	xié
Han-Latin	𡀽	yè
Han-Latin	𡀾	è
Han-Latin	𡀿	lǜ
Han-Latin	𡁀	hàn
Han-Latin	𡁁	yè
Han-Latin	𡁆	luò
Han-Latin	𡁇	chuò
Han-Latin	𡁈	fàn
Han-Latin	𡁉	zhí
Han-Latin	𡁊	yìng
Han-Latin	𡁋	wěn
Han-Latin	𡁌	wā
Han-Latin	𡁍	ài
Han-Latin	𡁎	yú
Han-Latin	𡁑	huā
Han-Latin	𡁓	liè
Han-Latin	𡁔	jīng
Han-Latin	𡁕	zá
Han-Latin	𡁧	zāng
Han-Latin	𡁨	duì
Han-Latin	𡁪	jì
Han-Latin	𡁮	wō
Han-Latin	𡁰	jí
Han-Latin	𡁱	xī
Han-Latin	𡁳	zhàn
Han-Latin	𡁴	tuán
Han-Latin	𡂊	yú
Han-Latin	𡂏	liè
Han-Latin	𡂒	zhì
Han-Latin	𡂓	shī
Han-Latin	𡂕	lǎo
Han-Latin	𡂖	lài
Han-Latin	𡂗	wěi
Han-Latin	𡂘	páo
Han-Latin	𡂙	chí
Han-Latin	𡂚	yǐng
Han-Latin	𡂛	dòu
Han-Latin	𡂝	dòu
Han-Latin	𡂟	bào
Han-Latin	𡂠	qiè
Han-Latin	𡂡	shù
Han-Latin	𡂣	zhí
Han-Latin	𡂩	liè
Han-Latin	𡂫	péng
Han-Latin	𡂭	zhē
Han-Latin	𡂿	ōu
Han-Latin	𡃂	xiè
Han-Latin	𡃃	jí
Han-Latin	𡃄	lài
Han-Latin	𡃅	yíng
Han-Latin	𡃆	cēng
Han-Latin	𡃖	lē
Han-Latin	𡃝	lùn
Han-Latin	𡃡	lóng
Han-Latin	𡃢	xì
Han-Latin	𡃦	lìn
Han-Latin	𡃩	guī
Han-Latin	𡃳	xīng
Han-Latin	𡃷	lí
Han-Latin	𡃸	cī
Han-Latin	𡄇	qǐng
Han-Latin	𡄑	jiān
Han-Latin	𡄒	dào
Han-Latin	𡄓	jiǎn
Han-Latin	𡄔	qìng
Han-Latin	𡄕	xiè
Han-Latin	𡄖	yìng
Han-Latin	𡄟	há
Han-Latin	𡄡	zhe
Han-Latin	𡄢	shē
Han-Latin	𡄣	mí
Han-Latin	𡄤	huán
Han-Latin	𡄱	cù
Han-Latin	𡄲	rú
Han-Latin	𡄳	sǎ
Han-Latin	𡄴	huò
Han-Latin	𡄵	yī
Han-Latin	𡄷	dī
Han-Latin	𡄹	luàn
Han-Latin	𡄻	yì
Han-Latin	𡅂	bò
Han-Latin	𡅃	páng
Han-Latin	𡅄	tán
Han-Latin	𡅅	é
Han-Latin	𡅆	zāng
Han-Latin	𡅇	cóng
Han-Latin	𡅓	zhāi
Han-Latin	𡅕	xǐ
Han-Latin	𡅖	mǎng
Han-Latin	𡅘	là
Han-Latin	𡅙	yùn
Han-Latin	𡅡	è
Han-Latin	𡅥	dié
Han-Latin	𡅭	guān
Han-Latin	𡅱	huàn
Han-Latin	𡅵	shì
Han-Latin	𡅶	jiǎn
Han-Latin	𡅹	zhān
Han-Latin	𡅺	jí
Han-Latin	𡅻	huàn
Han-Latin	𡆅	wàn
Han-Latin	𡆆	luǒ
Han-Latin	𡆏	dòu
Han-Latin	𡆕	liàn
Han-Latin	𡆣	niè
Han-Latin	𡆤	nǎn
Han-Latin	𡆥	jiù
Han-Latin	𡆦	yuè
Han-Latin	𡆩	yāo
Han-Latin	𡆪	chuāng
Han-Latin	𡆮	cǎn
Han-Latin	𡆯	lǐ
Han-Latin	𡆰	dùn
Han-Latin	𡆱	nǎn
Han-Latin	𡆲	nǎn
Han-Latin	𡆸	rì
Han-Latin	𡆽	yuè
Han-Latin	𡇀	yóu
Han-Latin	𡇂	yīn
Han-Latin	𡇄	guó
Han-Latin	𡇈	dàng
Han-Latin	𡇑	zhēn
Han-Latin	𡇒	mí
Han-Latin	𡇓	dié
Han-Latin	𡇖	zhēn
Han-Latin	𡇚	kuā
Han-Latin	𡇜	hán
Han-Latin	𡇝	sòng
Han-Latin	𡇞	hé
Han-Latin	𡇟	jī
Han-Latin	𡇠	zhé
Han-Latin	𡇤	bǐng
Han-Latin	𡇦	wéi
Han-Latin	𡇧	tōu
Han-Latin	𡇩	tú
Han-Latin	𡇬	gāng
Han-Latin	𡇭	lóu
Han-Latin	𡇮	quán
Han-Latin	𡇯	hùn
Han-Latin	𡇰	zhuǎn
Han-Latin	𡇱	què
Han-Latin	𡇳	hóng
Han-Latin	𡇵	dàng
Han-Latin	𡇶	hé
Han-Latin	𡇷	tài
Han-Latin	𡇸	guāi
Han-Latin	𡇺	yù
Han-Latin	𡇼	yà
Han-Latin	𡇿	wān
Han-Latin	𡈀	qūn
Han-Latin	𡈅	jué
Han-Latin	𡈆	ōu
Han-Latin	𡈉	quān
Han-Latin	𡈊	zhí
Han-Latin	𡈍	líng
Han-Latin	𡈎	wū
Han-Latin	𡈏	xìn
Han-Latin	𡈐	dá
Han-Latin	𡈒	yuān
Han-Latin	𡈓	yuàn
Han-Latin	𡈗	mò
Han-Latin	𡈙	yóu
Han-Latin	𡈛	yuān
Han-Latin	𡈞	wǔ
Han-Latin	𡈠	zhāng
Han-Latin	𡈣	xuān
Han-Latin	𡈦	rǎo
Han-Latin	𡈧	gǔn
Han-Latin	𡈨	yù
Han-Latin	𡈮	xiá
Han-Latin	𡈯	biǎn
Han-Latin	𡈰	yóu
Han-Latin	𡈲	yīn
Han-Latin	𡈴	xuán
Han-Latin	𡈵	yóu
Han-Latin	𡈶	léi
Han-Latin	𡈼	tǐng
Han-Latin	𡈿	zhēn
Han-Latin	𡉄	zài
Han-Latin	𡉅	gā
Han-Latin	𡉆	lá
Han-Latin	𡉉	què
Han-Latin	𡉎	jú
Han-Latin	𡉐	chūn
Han-Latin	𡉑	dā
Han-Latin	𡉒	tún
Han-Latin	𡉓	āi
Han-Latin	𡉗	zǐ
Han-Latin	𡉚	huáng
Han-Latin	𡉛	yì
Han-Latin	𡉩	bào
Han-Latin	𡉪	chí
Han-Latin	𡉭	rì
Han-Latin	𡉴	lú
Han-Latin	𡉷	jié
Han-Latin	𡉸	shì
Han-Latin	𡉺	zuān
Han-Latin	𡊁	yì
Han-Latin	𡊄	fèn
Han-Latin	𡊅	fèn
Han-Latin	𡊉	mò
Han-Latin	𡊍	shù
Han-Latin	𡊑	xǐ
Han-Latin	𡊛	áo
Han-Latin	𡊝	pǐ
Han-Latin	𡊞	píng
Han-Latin	𡊟	pō
Han-Latin	𡊠	jiá
Han-Latin	𡊡	zhóu
Han-Latin	𡊣	qiū
Han-Latin	𡊧	yǒu
Han-Latin	𡊨	tán
Han-Latin	𡊫	rǒng
Han-Latin	𡊭	mì
Han-Latin	𡊶	yì
Han-Latin	𡊸	rǒng
Han-Latin	𡊻	liè
Han-Latin	𡊼	qióng
Han-Latin	𡋙	huí
Han-Latin	𡋚	jì
Han-Latin	𡋟	gào
Han-Latin	𡋤	jìn
Han-Latin	𡋧	yóu
Han-Latin	𡋨	chā
Han-Latin	𡋩	dé
Han-Latin	𡋪	yīn
Han-Latin	𡋬	yù
Han-Latin	𡋭	bèi
Han-Latin	𡋯	bó
Han-Latin	𡌔	qiāo
Han-Latin	𡌚	chǎ
Han-Latin	𡌜	xīn
Han-Latin	𡌞	chí
Han-Latin	𡌣	zào
Han-Latin	𡌤	kuí
Han-Latin	𡌦	fèi
Han-Latin	𡌩	tā
Han-Latin	𡌪	guài
Han-Latin	𡌭	duō
Han-Latin	𡌲	guī
Han-Latin	𡌴	zhí
Han-Latin	𡍌	chǎn
Han-Latin	𡍍	nǎo
Han-Latin	𡍐	hú
Han-Latin	𡍒	táo
Han-Latin	𡍡	yì
Han-Latin	𡍤	niè
Han-Latin	𡍥	zhài
Han-Latin	𡍦	huán
Han-Latin	𡍨	dù
Han-Latin	𡍪	qì
Han-Latin	𡍫	cè
Han-Latin	𡍮	chuí
Han-Latin	𡍲	dā
Han-Latin	𡍶	zhì
Han-Latin	𡍷	gèng
Han-Latin	𡍻	wèng
Han-Latin	𡎉	dù
Han-Latin	𡎍	chí
Han-Latin	𡎑	àn
Han-Latin	𡎒	kuò
Han-Latin	𡎔	wò
Han-Latin	𡎘	yīng
Han-Latin	𡎚	piǎn
Han-Latin	𡎫	zhá
Han-Latin	𡎬	zhuǎ
Han-Latin	𡎮	sù
Han-Latin	𡎳	nì
Han-Latin	𡎺	zhú
Han-Latin	𡎻	chán
Han-Latin	𡎾	bèng
Han-Latin	𡎿	ní
Han-Latin	𡏀	zhí
Han-Latin	𡏁	huì
Han-Latin	𡏘	xià
Han-Latin	𡏚	zhì
Han-Latin	𡏛	xī
Han-Latin	𡏞	jiǎng
Han-Latin	𡏩	duī
Han-Latin	𡏪	fū
Han-Latin	𡏭	jiāo
Han-Latin	𡏮	cháo
Han-Latin	𡏯	bài
Han-Latin	𡏵	liè
Han-Latin	𡏼	áo
Han-Latin	𡐋	zāo
Han-Latin	𡐌	chù
Han-Latin	𡐏	tuǒ
Han-Latin	𡐒	háo
Han-Latin	𡐓	kāng
Han-Latin	𡐔	yín
Han-Latin	𡐖	xiàn
Han-Latin	𡐝	fù
Han-Latin	𡐞	biē
Han-Latin	𡐠	kuī
Han-Latin	𡐤	qiè
Han-Latin	𡐥	sà
Han-Latin	𡐿	dā
Han-Latin	𡑀	yě
Han-Latin	𡑄	zhǎng
Han-Latin	𡑆	liáng
Han-Latin	𡑈	duǐ
Han-Latin	𡑍	láo
Han-Latin	𡑎	xūn
Han-Latin	𡑘	zhì
Han-Latin	𡑚	kū
Han-Latin	𡑞	suì
Han-Latin	𡑟	wō
Han-Latin	𡑣	kū
Han-Latin	𡑯	jiǎn
Han-Latin	𡑶	jiǎng
Han-Latin	𡑻	zhuì
Han-Latin	𡑽	shuǎng
Han-Latin	𡑾	yú
Han-Latin	𡒁	sà
Han-Latin	𡒃	yù
Han-Latin	𡒄	lǎn
Han-Latin	𡒊	yù
Han-Latin	𡒌	qiǎn
Han-Latin	𡒍	jù
Han-Latin	𡒏	liè
Han-Latin	𡒒	shú
Han-Latin	𡒓	xiàn
Han-Latin	𡒖	gài
Han-Latin	𡒢	tái
Han-Latin	𡒧	tiǎn
Han-Latin	𡒯	mèng
Han-Latin	𡒱	dí
Han-Latin	𡒳	mián
Han-Latin	𡒾	huī
Han-Latin	𡓉	duò
Han-Latin	𡓍	liè
Han-Latin	𡓒	lài
Han-Latin	𡓓	yín
Han-Latin	𡓔	lǎn
Han-Latin	𡓖	jiāo
Han-Latin	𡓘	huò
Han-Latin	𡓣	guō
Han-Latin	𡓦	zhàn
Han-Latin	𡓭	mǐ
Han-Latin	𡓰	kuī
Han-Latin	𡓷	duò
Han-Latin	𡓿	yín
Han-Latin	𡔇	lèi
Han-Latin	𡔕	gòng
Han-Latin	𡔛	tǐng
Han-Latin	𡔜	yáo
Han-Latin	𡔞	wǎng
Han-Latin	𡔣	jié
Han-Latin	𡔨	xiū
Han-Latin	𡔪	shù
Han-Latin	𡔱	wèi
Han-Latin	𡔴	yù
Han-Latin	𡕁	zhān
Han-Latin	𡕉	āng
Han-Latin	𡕏	sǎng
Han-Latin	𡕐	chóu
Han-Latin	𡕒	kuà
Han-Latin	𡕖	jǔ
Han-Latin	𡕗	hài
Han-Latin	𡕢	miǎn
Han-Latin	𡕧	hàng
Han-Latin	𡕪	chóu
Han-Latin	𡕮	líng
Han-Latin	𡕰	zōng
Han-Latin	𡖉	kūn
Han-Latin	𡖌	zhōng
Han-Latin	𡖎	zhāo
Han-Latin	𡖐	diě
Han-Latin	𡖑	gǒu
Han-Latin	𡖒	yún
Han-Latin	𡖓	dān
Han-Latin	𡖔	nuǒ
Han-Latin	𡖛	bǐng
Han-Latin	𡖝	rán
Han-Latin	𡖞	chān
Han-Latin	𡖢	rǒng
Han-Latin	𡖣	yīn
Han-Latin	𡖤	chān
Han-Latin	𡖧	zhì
Han-Latin	𡖪	guài
Han-Latin	𡖫	nuó
Han-Latin	𡖬	shēn
Han-Latin	𡖯	sù
Han-Latin	𡖲	wǒ
Han-Latin	𡖳	chǐ
Han-Latin	𡖺	miè
Han-Latin	𡖻	zhí
Han-Latin	𡖾	qī
Han-Latin	𡗁	gōu
Han-Latin	𡗆	lǒu
Han-Latin	𡗈	zī
Han-Latin	𡗍	dǎng
Han-Latin	𡗏	xiǎn
Han-Latin	𡗑	rǒu
Han-Latin	𡗗	pěng
Han-Latin	𡗞	xī
Han-Latin	𡗢	kuā
Han-Latin	𡗤	guì
Han-Latin	𡗥	chún
Han-Latin	𡗦	jiè
Han-Latin	𡗲	jiè
Han-Latin	𡗳	xī
Han-Latin	𡗵	kū
Han-Latin	𡗷	gū
Han-Latin	𡗸	zhà
Han-Latin	𡗹	fàn
Han-Latin	𡗼	xiè
Han-Latin	𡘍	huán
Han-Latin	𡘏	niǎo
Han-Latin	𡘐	xì
Han-Latin	𡘛	cū
Han-Latin	𡘝	gǔn
Han-Latin	𡘡	xī
Han-Latin	𡘧	qiá
Han-Latin	𡘪	māng
Han-Latin	𡘭	zhé
Han-Latin	𡘰	juàn
Han-Latin	𡘴	biē
Han-Latin	𡙀	biē
Han-Latin	𡙅	quán
Han-Latin	𡙋	xì
Han-Latin	𡙎	jiǎo
Han-Latin	𡙐	quán
Han-Latin	𡙑	zhǐ
Han-Latin	𡙒	tiān
Han-Latin	𡙓	kāi
Han-Latin	𡙘	sǎn
Han-Latin	𡙛	zī
Han-Latin	𡙣	jié
Han-Latin	𡙪	bié
Han-Latin	𡙬	dòu
Han-Latin	𡙭	zuī
Han-Latin	𡙶	yǎn
Han-Latin	𡚁	bì
Han-Latin	𡚅	kuǎi
Han-Latin	𡚇	yàn
Han-Latin	𡚈	wéi
Han-Latin	𡚊	huān
Han-Latin	𡚌	hào
Han-Latin	𡚑	gōng
Han-Latin	𡚔	méng
Han-Latin	𡚗	lěi
Han-Latin	𡚙	dì
Han-Latin	𡚛	bǐng
Han-Latin	𡚜	huān
Han-Latin	𡚟	wā
Han-Latin	𡚠	jué
Han-Latin	𡚨	chì
Han-Latin	𡚭	bā
Han-Latin	𡚮	jiǔ
Han-Latin	𡚷	dì
Han-Latin	𡚹	zhàng
Han-Latin	𡚻	dà
Han-Latin	𡚼	shí
Han-Latin	𡚽	hào
Han-Latin	𡛌	yè
Han-Latin	𡛗	bì
Han-Latin	𡛘	pǐ
Han-Latin	𡛙	yǎo
Han-Latin	𡛜	dī
Han-Latin	𡛝	càn
Han-Latin	𡛞	pín
Han-Latin	𡛟	yuè
Han-Latin	𡛠	qiē
Han-Latin	𡛡	pī
Han-Latin	𡛵	tuǒ
Han-Latin	𡛶	xiè
Han-Latin	𡛽	yè
Han-Latin	𡜀	fàn
Han-Latin	𡜁	guā
Han-Latin	𡜂	hù
Han-Latin	𡜃	rǔ
Han-Latin	𡜉	rǎn
Han-Latin	𡜊	fǒu
Han-Latin	𡜋	huāng
Han-Latin	𡜚	rú
Han-Latin	𡜢	mǎo
Han-Latin	𡜥	duī
Han-Latin	𡜦	huì
Han-Latin	𡜧	xì
Han-Latin	𡜨	xiū
Han-Latin	𡜫	rǎn
Han-Latin	𡜬	yī
Han-Latin	𡜯	zhé
Han-Latin	𡜱	jì
Han-Latin	𡜲	gào
Han-Latin	𡜳	yòu
Han-Latin	𡜵	pū
Han-Latin	𡝈	chù
Han-Latin	𡝉	cū
Han-Latin	𡝊	zhé
Han-Latin	𡝋	niǎo
Han-Latin	𡝍	qiè
Han-Latin	𡝐	chá
Han-Latin	𡝒	niǎo
Han-Latin	𡝓	suī
Han-Latin	𡝙	chá
Han-Latin	𡝚	chéng
Han-Latin	𡝛	yáo
Han-Latin	𡝜	dù
Han-Latin	𡝝	wāng
Han-Latin	𡝟	niàn
Han-Latin	𡝠	mí
Han-Latin	𡝦	nǒu
Han-Latin	𡝧	xì
Han-Latin	𡝩	yāo
Han-Latin	𡝫	chān
Han-Latin	𡞋	cān
Han-Latin	𡞘	xiè
Han-Latin	𡞙	miè
Han-Latin	𡞚	kěng
Han-Latin	𡞜	cù
Han-Latin	𡞞	shěng
Han-Latin	𡞟	pàn
Han-Latin	𡞠	hù
Han-Latin	𡞢	kè
Han-Latin	𡞣	xiàn
Han-Latin	𡞥	hóu
Han-Latin	𡞦	qióng
Han-Latin	𡞧	zōng
Han-Latin	𡞪	fú
Han-Latin	𡞫	nài
Han-Latin	𡞭	nì
Han-Latin	𡞯	kǔ
Han-Latin	𡞾	nèn
Han-Latin	𡟍	gē
Han-Latin	𡟑	hóu
Han-Latin	𡟓	āi
Han-Latin	𡟕	shī
Han-Latin	𡟞	xiū
Han-Latin	𡟟	cōng
Han-Latin	𡟠	jiāo
Han-Latin	𡟢	zhá
Han-Latin	𡟣	xiāo
Han-Latin	𡟤	liàn
Han-Latin	𡟥	qǔ
Han-Latin	𡟨	shǎn
Han-Latin	𡟩	xiè
Han-Latin	𡟫	gòng
Han-Latin	𡟬	miè
Han-Latin	𡟭	chái
Han-Latin	𡟯	ēn
Han-Latin	𡟳	dòu
Han-Latin	𡠆	kòu
Han-Latin	𡠊	tiáo
Han-Latin	𡠋	shī
Han-Latin	𡠏	sāng
Han-Latin	𡠒	guān
Han-Latin	𡠖	hào
Han-Latin	𡠗	zhì
Han-Latin	𡠘	yàng
Han-Latin	𡠙	tōng
Han-Latin	𡠚	bì
Han-Latin	𡠜	mó
Han-Latin	𡠞	fú
Han-Latin	𡠟	zhú
Han-Latin	𡠥	qiáng
Han-Latin	𡠹	zhì
Han-Latin	𡠼	sōu
Han-Latin	𡠿	niǎo
Han-Latin	𡡀	juàn
Han-Latin	𡡂	yàng
Han-Latin	𡡄	huāng
Han-Latin	𡡈	bēng
Han-Latin	𡡉	mó
Han-Latin	𡡊	cháo
Han-Latin	𡡎	lǚ
Han-Latin	𡡏	shāo
Han-Latin	𡡐	bǔ
Han-Latin	𡡑	zēng
Han-Latin	𡡒	sī
Han-Latin	𡡔	zuì
Han-Latin	𡡕	yuē
Han-Latin	𡡖	zān
Han-Latin	𡡗	luǎn
Han-Latin	𡡥	qú
Han-Latin	𡡺	miǎo
Han-Latin	𡢀	zhuàn
Han-Latin	𡢈	dàng
Han-Latin	𡢊	yuān
Han-Latin	𡢒	jǔ
Han-Latin	𡢕	huǐ
Han-Latin	𡢖	qì
Han-Latin	𡢘	yùn
Han-Latin	𡢚	màn
Han-Latin	𡢜	mǒ
Han-Latin	𡢱	piāo
Han-Latin	𡢳	jìn
Han-Latin	𡢹	yāo
Han-Latin	𡣀	chì
Han-Latin	𡣁	nì
Han-Latin	𡣂	sōu
Han-Latin	𡣈	shù
Han-Latin	𡣋	piāo
Han-Latin	𡣔	hàn
Han-Latin	𡣠	yāo
Han-Latin	𡣢	néi
Han-Latin	𡣪	shì
Han-Latin	𡣬	yuān
Han-Latin	𡣮	cài
Han-Latin	𡣯	jié
Han-Latin	𡣹	xiè
Han-Latin	𡣽	yán
Han-Latin	𡣾	xiāo
Han-Latin	𡤋	xiè
Han-Latin	𡤌	lì
Han-Latin	𡤎	fàn
Han-Latin	𡤗	zhù
Han-Latin	𡤙	nà
Han-Latin	𡤛	zhuǎn
Han-Latin	𡤞	kuī
Han-Latin	𡤢	luó
Han-Latin	𡤫	qiā
Han-Latin	𡤶	wān
Han-Latin	𡤽	shǔ
Han-Latin	𡤿	chèng
Han-Latin	𡥁	yì
Han-Latin	𡥆	hǎo
Han-Latin	𡥈	jiào
Han-Latin	𡥋	huì
Han-Latin	𡥍	xiào
Han-Latin	𡥎	cí
Han-Latin	𡥞	jì
Han-Latin	𡥦	nǐ
Han-Latin	𡥧	jìn
Han-Latin	𡥨	nǐ
Han-Latin	𡥩	tǐ
Han-Latin	𡥶	jù
Han-Latin	𡥸	mìng
Han-Latin	𡥽	lí
Han-Latin	𡥿	zhòng
Han-Latin	𡦁	xù
Han-Latin	𡦃	qióng
Han-Latin	𡦄	fú
Han-Latin	𡦆	bìn
Han-Latin	𡦊	jì
Han-Latin	𡦍	qí
Han-Latin	𡦎	xì
Han-Latin	𡦔	dèng
Han-Latin	𡦕	ér
Han-Latin	𡦛	shú
Han-Latin	𡦜	tóng
Han-Latin	𡦝	xiáo
Han-Latin	𡦟	pí
Han-Latin	𡦨	dǎn
Han-Latin	𡦪	jí
Han-Latin	𡦳	xiào
Han-Latin	𡦷	cóng
Han-Latin	𡦻	bīn
Han-Latin	𡦼	rǒng
Han-Latin	𡧍	miàn
Han-Latin	𡧒	miàn
Han-Latin	𡧔	shū
Han-Latin	𡧕	xiáo
Han-Latin	𡧖	bǎo
Han-Latin	𡧗	wà
Han-Latin	𡧙	pào
Han-Latin	𡧣	gǎi
Han-Latin	𡧥	hū
Han-Latin	𡧦	héng
Han-Latin	𡧨	zhú
Han-Latin	𡧩	guāi
Han-Latin	𡧭	guì
Han-Latin	𡧹	dài
Han-Latin	𡧼	bīn
Han-Latin	𡧽	huǎng
Han-Latin	𡨀	chá
Han-Latin	𡨄	xià
Han-Latin	𡨅	jú
Han-Latin	𡨇	yǎo
Han-Latin	𡨖	fěn
Han-Latin	𡨗	zào
Han-Latin	𡨛	fēng
Han-Latin	𡨢	jū
Han-Latin	𡨣	yù
Han-Latin	𡨩	hūn
Han-Latin	𡨲	jié
Han-Latin	𡨳	xiòng
Han-Latin	𡨵	nài
Han-Latin	𡨻	nǒu
Han-Latin	𡨽	shěng
Han-Latin	𡨿	yù
Han-Latin	𡩂	huán
Han-Latin	𡩃	gěng
Han-Latin	𡩄	wǎn
Han-Latin	𡩆	tuó
Han-Latin	𡩇	qiāo
Han-Latin	𡩘	yìn
Han-Latin	𡩚	jiā
Han-Latin	𡩡	suǒ
Han-Latin	𡩣	jié
Han-Latin	𡩤	xī
Han-Latin	𡩥	wěng
Han-Latin	𡩩	máng
Han-Latin	𡩶	yáng
Han-Latin	𡩸	yáo
Han-Latin	𡩽	máng
Han-Latin	𡩾	ōu
Han-Latin	𡪁	án
Han-Latin	𡪅	lòu
Han-Latin	𡪑	è
Han-Latin	𡪒	zǐ
Han-Latin	𡪗	è
Han-Latin	𡪙	àn
Han-Latin	𡪞	huò
Han-Latin	𡪠	céng
Han-Latin	𡪰	xiòng
Han-Latin	𡪱	jì
Han-Latin	𡪳	zuó
Han-Latin	𡪵	qí
Han-Latin	𡪺	zhēng
Han-Latin	𡫀	jī
Han-Latin	𡫁	qī
Han-Latin	𡫂	juǎn
Han-Latin	𡫃	níng
Han-Latin	𡫟	sè
Han-Latin	𡫥	hè
Han-Latin	𡫦	rǒng
Han-Latin	𡫧	qǐn
Han-Latin	𡫬	jū
Han-Latin	𡫯	lì
Han-Latin	𡫵	shí
Han-Latin	𡫸	nì
Han-Latin	𡫹	xián
Han-Latin	𡫺	fū
Han-Latin	𡫽	rǔ
Han-Latin	𡬁	xiòng
Han-Latin	𡬂	guì
Han-Latin	𡬄	jì
Han-Latin	𡬆	měng
Han-Latin	𡬇	fū
Han-Latin	𡬉	sài
Han-Latin	𡬊	yù
Han-Latin	𡬋	jiào
Han-Latin	𡬌	mèng
Han-Latin	𡬍	lóng
Han-Latin	𡬎	qiāng
Han-Latin	𡬐	mí
Han-Latin	𡬓	yí
Han-Latin	𡬕	lóng
Han-Latin	𡬖	hān
Han-Latin	𡬗	nì
Han-Latin	𡬘	lào
Han-Latin	𡬙	sèng
Han-Latin	𡬜	lǐn
Han-Latin	𡬞	yù
Han-Latin	𡬥	nuó
Han-Latin	𡬫	wù
Han-Latin	𡬯	biǎn
Han-Latin	𡬲	biǎn
Han-Latin	𡬳	xuān
Han-Latin	𡬵	jiān
Han-Latin	𡬸	biǎn
Han-Latin	𡭂	dé
Han-Latin	𡭇	zhuān
Han-Latin	𡭋	rǒng
Han-Latin	𡭐	shuàn
Han-Latin	𡭘	jiā
Han-Latin	𡭛	huǐ
Han-Latin	𡭞	zhān
Han-Latin	𡭢	bài
Han-Latin	𡭣	liè
Han-Latin	𡭥	xiē
Han-Latin	𡭭	jiǎn
Han-Latin	𡭮	shǒu
Han-Latin	𡭳	kào
Han-Latin	𡭷	guān
Han-Latin	𡭸	luàn
Han-Latin	𡭾	nǒu
Han-Latin	𡭿	chǎng
Han-Latin	𡮎	liáng
Han-Latin	𡮙	nài
Han-Latin	𡮚	rǔ
Han-Latin	𡮞	zhì
Han-Latin	𡮦	cáo
Han-Latin	𡮰	lì
Han-Latin	𡮻	lán
Han-Latin	𡮿	chān
Han-Latin	𡯁	wāng
Han-Latin	𡯄	lì
Han-Latin	𡯇	wù
Han-Latin	𡯈	páo
Han-Latin	𡯉	yòu
Han-Latin	𡯋	gān
Han-Latin	𡯏	ān
Han-Latin	𡯐	xiū
Han-Latin	𡯑	shuǐ
Han-Latin	𡯒	ruǐ
Han-Latin	𡯘	bǎn
Han-Latin	𡯙	yóu
Han-Latin	𡯢	huó
Han-Latin	𡯥	huī
Han-Latin	𡯨	zuò
Han-Latin	𡯩	xiāo
Han-Latin	𡯫	mián
Han-Latin	𡯰	gà
Han-Latin	𡯱	yuǎn
Han-Latin	𡯳	bò
Han-Latin	𡯴	chào
Han-Latin	𡯵	tuǐ
Han-Latin	𡯷	bò
Han-Latin	𡯽	gà
Han-Latin	𡯿	tiāo
Han-Latin	𡰀	ná
Han-Latin	𡰅	hú
Han-Latin	𡰆	niè
Han-Latin	𡰋	huí
Han-Latin	𡰌	lǒu
Han-Latin	𡰎	tí
Han-Latin	𡰐	qiào
Han-Latin	𡰑	qiáo
Han-Latin	𡰒	zhǒng
Han-Latin	𡰖	dī
Han-Latin	𡰚	lín
Han-Latin	𡰝	quán
Han-Latin	𡰞	zhuān
Han-Latin	𡰠	léi
Han-Latin	𡰢	xié
Han-Latin	𡰥	rén
Han-Latin	𡰨	dāng
Han-Latin	𡰪	dū
Han-Latin	𡰫	niǎn
Han-Latin	𡰯	shǐ
Han-Latin	𡰲	xián
Han-Latin	𡰹	zhí
Han-Latin	𡰽	ài
Han-Latin	𡰾	cī
Han-Latin	𡰿	pú
Han-Latin	𡱁	shǐ
Han-Latin	𡱅	qū
Han-Latin	𡱆	shǔ
Han-Latin	𡱇	diān
Han-Latin	𡱉	xiǎo
Han-Latin	𡱊	shuǐ
Han-Latin	𡱌	huán
Han-Latin	𡱐	yí
Han-Latin	𡱑	juān
Han-Latin	𡱔	zhǐ
Han-Latin	𡱜	zhào
Han-Latin	𡱣	xù
Han-Latin	𡱯	lòng
Han-Latin	𡱱	zhù
Han-Latin	𡱳	suǒ
Han-Latin	𡱷	dié
Han-Latin	𡱺	qú
Han-Latin	𡱼	kè
Han-Latin	𡱽	hū
Han-Latin	𡱾	jū
Han-Latin	𡲀	qǐng
Han-Latin	𡲍	bīng
Han-Latin	𡲕	tì
Han-Latin	𡲗	jué
Han-Latin	𡲚	qiú
Han-Latin	𡲣	jiàng
Han-Latin	𡲪	yùn
Han-Latin	𡲭	mèi
Han-Latin	𡲮	pī
Han-Latin	𡲰	qú
Han-Latin	𡲼	mì
Han-Latin	𡲿	tì
Han-Latin	𡳂	kài
Han-Latin	𡳄	bǐ
Han-Latin	𡳆	qū
Han-Latin	𡳏	tiāo
Han-Latin	𡳑	chù
Han-Latin	𡳘	jú
Han-Latin	𡳚	xī
Han-Latin	𡳞	lìn
Han-Latin	𡳭	chǐ
Han-Latin	𡳮	jī
Han-Latin	𡳴	lú
Han-Latin	𡳸	lì
Han-Latin	𡳾	jué
Han-Latin	𡴅	zhū
Han-Latin	𡴆	lù
Han-Latin	𡴎	niè
Han-Latin	𡴔	quán
Han-Latin	𡴭	yà
Han-Latin	𡴯	è
Han-Latin	𡴱	hù
Han-Latin	𡵀	máng
Han-Latin	𡵉	wù
Han-Latin	𡵌	chā
Han-Latin	𡵑	qīn
Han-Latin	𡵒	jié
Han-Latin	𡵓	hóng
Han-Latin	𡵕	dān
Han-Latin	𡵖	ěn
Han-Latin	𡵗	zè
Han-Latin	𡵘	hù
Han-Latin	𡵙	àng
Han-Latin	𡵚	jiè
Han-Latin	𡵛	fù
Han-Latin	𡵜	yòng
Han-Latin	𡵝	zōng
Han-Latin	𡵞	fēng
Han-Latin	𡵬	mù
Han-Latin	𡵶	sè
Han-Latin	𡵷	cóng
Han-Latin	𡵻	kāng
Han-Latin	𡶂	yào
Han-Latin	𡶃	ài
Han-Latin	𡶄	bāo
Han-Latin	𡶆	pǒ
Han-Latin	𡶈	shǐ
Han-Latin	𡶉	fàn
Han-Latin	𡶋	jú
Han-Latin	𡶌	pí
Han-Latin	𡶎	wèi
Han-Latin	𡶏	kū
Han-Latin	𡶐	qié
Han-Latin	𡶑	gān
Han-Latin	𡶢	kuàng
Han-Latin	𡶣	suì
Han-Latin	𡶤	bēng
Han-Latin	𡶥	jiā
Han-Latin	𡶦	yà
Han-Latin	𡶪	kàn
Han-Latin	𡶫	niè
Han-Latin	𡶭	xíng
Han-Latin	𡶯	xì
Han-Latin	𡶱	lìn
Han-Latin	𡶲	duǒ
Han-Latin	𡶴	chǎn
Han-Latin	𡷈	shì
Han-Latin	𡷋	duì
Han-Latin	𡷍	jiāng
Han-Latin	𡷎	yǔ
Han-Latin	𡷏	lù
Han-Latin	𡷐	ěn
Han-Latin	𡷓	gǔ
Han-Latin	𡷕	wěi
Han-Latin	𡷖	chē
Han-Latin	𡷗	huàn
Han-Latin	𡷘	bié
Han-Latin	𡷛	hàn
Han-Latin	𡷜	tuí
Han-Latin	𡷝	nà
Han-Latin	𡷞	qǐ
Han-Latin	𡷠	tóu
Han-Latin	𡷡	yuān
Han-Latin	𡷢	wáng
Han-Latin	𡷤	wú
Han-Latin	𡷥	gào
Han-Latin	𡷨	kēng
Han-Latin	𡷪	yí
Han-Latin	𡷸	xiāo
Han-Latin	𡷺	guǐ
Han-Latin	𡷻	yà
Han-Latin	𡷼	suì
Han-Latin	𡷽	sǒng
Han-Latin	𡷿	zhuó
Han-Latin	𡸂	tū
Han-Latin	𡸃	xiǎn
Han-Latin	𡸈	zè
Han-Latin	𡸉	lì
Han-Latin	𡸌	zhù
Han-Latin	𡸎	jié
Han-Latin	𡸑	tì
Han-Latin	𡸔	xié
Han-Latin	𡸕	qióng
Han-Latin	𡸗	yà
Han-Latin	𡸘	jū
Han-Latin	𡸛	yín
Han-Latin	𡸜	zhí
Han-Latin	𡸞	kǎn
Han-Latin	𡸟	zī
Han-Latin	𡸡	kē
Han-Latin	𡸣	niè
Han-Latin	𡸤	qiáng
Han-Latin	𡸥	wǎn
Han-Latin	𡸦	zé
Han-Latin	𡸨	jū
Han-Latin	𡸪	zì
Han-Latin	𡹄	yà
Han-Latin	𡹇	lín
Han-Latin	𡹉	qí
Han-Latin	𡹎	huí
Han-Latin	𡹓	qì
Han-Latin	𡹕	yáng
Han-Latin	𡹖	suì
Han-Latin	𡹘	qǐ
Han-Latin	𡹙	guī
Han-Latin	𡹢	qìn
Han-Latin	𡹣	ē
Han-Latin	𡹥	zuò
Han-Latin	𡹨	zè
Han-Latin	𡹩	qì
Han-Latin	𡹪	jí
Han-Latin	𡹬	tuó
Han-Latin	𡹭	dié
Han-Latin	𡹯	huì
Han-Latin	𡹰	máo
Han-Latin	𡹲	xǔ
Han-Latin	𡹵	hóu
Han-Latin	𡹶	yǎn
Han-Latin	𡹷	xiáng
Han-Latin	𡹸	cōng
Han-Latin	𡹹	hú
Han-Latin	𡹼	àn
Han-Latin	𡹾	bǐng
Han-Latin	𡺃	qiāng
Han-Latin	𡺇	duǒ
Han-Latin	𡺐	zhǔ
Han-Latin	𡺑	dié
Han-Latin	𡺒	yōu
Han-Latin	𡺓	qǐ
Han-Latin	𡺔	shí
Han-Latin	𡺕	xūn
Han-Latin	𡺖	yōu
Han-Latin	𡺗	kān
Han-Latin	𡺘	qiǎo
Han-Latin	𡺛	qiāng
Han-Latin	𡺜	pén
Han-Latin	𡺟	quán
Han-Latin	𡺡	yíng
Han-Latin	𡺧	shā
Han-Latin	𡺫	tāo
Han-Latin	𡺭	hòng
Han-Latin	𡺮	pǐ
Han-Latin	𡺯	yáo
Han-Latin	𡺴	tú
Han-Latin	𡺵	chái
Han-Latin	𡺷	xià
Han-Latin	𡺸	qí
Han-Latin	𡺺	qióng
Han-Latin	𡺽	jìn
Han-Latin	𡻈	zhēn
Han-Latin	𡻌	zhū
Han-Latin	𡻎	xī
Han-Latin	𡻐	wēng
Han-Latin	𡻑	zhǒng
Han-Latin	𡻕	suì
Han-Latin	𡻘	kē
Han-Latin	𡻙	kuò
Han-Latin	𡻚	kǎng
Han-Latin	𡻝	cháo
Han-Latin	𡻞	bì
Han-Latin	𡻟	mò
Han-Latin	𡻠	zhù
Han-Latin	𡻡	hàn
Han-Latin	𡻢	yǔ
Han-Latin	𡻣	yí
Han-Latin	𡻤	má
Han-Latin	𡻧	qì
Han-Latin	𡻨	gùn
Han-Latin	𡻩	màn
Han-Latin	𡻪	liáo
Han-Latin	𡻫	lín
Han-Latin	𡻬	zú
Han-Latin	𡻭	lěi
Han-Latin	𡻮	hù
Han-Latin	𡻯	chuǎng
Han-Latin	𡻰	qì
Han-Latin	𡻱	léi
Han-Latin	𡼁	chī
Han-Latin	𡼃	pó
Han-Latin	𡼄	dié
Han-Latin	𡼊	lěi
Han-Latin	𡼎	yǐ
Han-Latin	𡼓	diàn
Han-Latin	𡼖	dūn
Han-Latin	𡼗	gāo
Han-Latin	𡼘	hū
Han-Latin	𡼚	xiāo
Han-Latin	𡼛	gá
Han-Latin	𡼜	pēng
Han-Latin	𡼬	shěn
Han-Latin	𡼱	wéi
Han-Latin	𡼻	duì
Han-Latin	𡼼	cháo
Han-Latin	𡼽	yǐn
Han-Latin	𡼾	kuài
Han-Latin	𡼿	kū
Han-Latin	𡽁	zuì
Han-Latin	𡽂	gǔ
Han-Latin	𡽅	yùn
Han-Latin	𡽆	zhì
Han-Latin	𡽉	jì
Han-Latin	𡽊	chēng
Han-Latin	𡽖	xiè
Han-Latin	𡽗	xiǎn
Han-Latin	𡽛	zuǐ
Han-Latin	𡽜	án
Han-Latin	𡽝	hāo
Han-Latin	𡽠	pǒ
Han-Latin	𡽢	dí
Han-Latin	𡽣	yè
Han-Latin	𡽧	náo
Han-Latin	𡽱	jié
Han-Latin	𡽲	bàng
Han-Latin	𡽳	lǎn
Han-Latin	𡽴	cáng
Han-Latin	𡽶	bì
Han-Latin	𡽻	zhǎn
Han-Latin	𡽼	qì
Han-Latin	𡾂	náo
Han-Latin	𡾅	lǜ
Han-Latin	𡾇	kuàng
Han-Latin	𡾉	mó
Han-Latin	𡾋	lěi
Han-Latin	𡾌	páo
Han-Latin	𡾒	lì
Han-Latin	𡾓	céng
Han-Latin	𡾕	dàng
Han-Latin	𡾖	lěi
Han-Latin	𡾙	è
Han-Latin	𡾛	bèng
Han-Latin	𡾜	jué
Han-Latin	𡾥	xuán
Han-Latin	𡾦	niè
Han-Latin	𡾨	hài
Han-Latin	𡾮	xiǎn
Han-Latin	𡾰	jiǎn
Han-Latin	𡾱	mí
Han-Latin	𡾲	niè
Han-Latin	𡾻	cáng
Han-Latin	𡾼	sǒng
Han-Latin	𡾽	zēng
Han-Latin	𡾾	yì
Han-Latin	𡿂	chóng
Han-Latin	𡿄	cáng
Han-Latin	𡿉	lěi
Han-Latin	𡿊	nuó
Han-Latin	𡿋	lì
Han-Latin	𡿎	lí
Han-Latin	𡿏	luó
Han-Latin	𡿓	tǎng
Han-Latin	𡿖	niè
Han-Latin	𡿗	niè
Han-Latin	𡿙	jī
Han-Latin	𡿛	lěi
Han-Latin	𡿝	nàng
Han-Latin	𡿠	lín
Han-Latin	𡿡	líng
Han-Latin	𡿤	xián
Han-Latin	𡿥	yù
Han-Latin	𡿧	zāi
Han-Latin	𡿨	quǎn
Han-Latin	𡿩	liè
Han-Latin	𡿪	liè
Han-Latin	𡿯	yù
Han-Latin	𡿰	huāng
Han-Latin	𡿺	nǎo
Han-Latin	𡿼	xùn
Han-Latin	𡿾	jú
Han-Latin	𡿿	huò
Han-Latin	𢀁	yì
Han-Latin	𢀊	xī
Han-Latin	𢀋	sè
Han-Latin	𢀌	jiǎo
Han-Latin	𢀍	yōng
Han-Latin	𢀕	shī
Han-Latin	𢀖	jīng
Han-Latin	𢀗	wàn
Han-Latin	𢀘	yě
Han-Latin	𢀙	jiū
Han-Latin	𢀜	gǒng
Han-Latin	𢀡	huī
Han-Latin	𢀪	ěr
Han-Latin	𢀵	hàn
Han-Latin	𢀼	fú
Han-Latin	𢁀	fú
Han-Latin	𢁁	zhuó
Han-Latin	𢁂	jī
Han-Latin	𢁏	bāng
Han-Latin	𢁒	qí
Han-Latin	𢁓	shǐ
Han-Latin	𢁕	diǎo
Han-Latin	𢁖	pèi
Han-Latin	𢁗	xiǎn
Han-Latin	𢁘	sān
Han-Latin	𢁝	cháng
Han-Latin	𢁞	yuē
Han-Latin	𢁠	gōng
Han-Latin	𢁢	wū
Han-Latin	𢁤	fēn
Han-Latin	𢁧	chǎn
Han-Latin	𢁩	nèi
Han-Latin	𢁪	jué
Han-Latin	𢁬	zhǎo
Han-Latin	𢁮	qián
Han-Latin	𢁱	ǎo
Han-Latin	𢁶	wǎng
Han-Latin	𢁷	zhōng
Han-Latin	𢁹	huāng
Han-Latin	𢁻	bù
Han-Latin	𢁼	zhǔ
Han-Latin	𢁽	bì
Han-Latin	𢁾	chāo
Han-Latin	𢁿	zhēng
Han-Latin	𢂀	fú
Han-Latin	𢂁	kōu
Han-Latin	𢂃	zuó
Han-Latin	𢂄	xuàn
Han-Latin	𢂆	fù
Han-Latin	𢂊	yǎo
Han-Latin	𢂍	bō
Han-Latin	𢂏	bèi
Han-Latin	𢂐	xié
Han-Latin	𢂑	shì
Han-Latin	𢂒	yí
Han-Latin	𢂔	hóng
Han-Latin	𢂕	cuì
Han-Latin	𢂗	yì
Han-Latin	𢂘	zhuān
Han-Latin	𢂝	chì
Han-Latin	𢂤	pō
Han-Latin	𢂨	yín
Han-Latin	𢂱	yuàn
Han-Latin	𢂶	jiōng
Han-Latin	𢂹	mào
Han-Latin	𢂺	qiàn
Han-Latin	𢂼	yì
Han-Latin	𢃀	wú
Han-Latin	𢃍	bēi
Han-Latin	𢃎	huò
Han-Latin	𢃏	cóng
Han-Latin	𢃐	kōng
Han-Latin	𢃕	tà
Han-Latin	𢃗	hàn
Han-Latin	𢃘	qiàn
Han-Latin	𢃜	zhí
Han-Latin	𢃢	sè
Han-Latin	𢃥	qiān
Han-Latin	𢃦	guǒ
Han-Latin	𢃩	gǔn
Han-Latin	𢃬	jiān
Han-Latin	𢃭	zhōng
Han-Latin	𢃮	miǎn
Han-Latin	𢃯	guǐ
Han-Latin	𢃰	shì
Han-Latin	𢃱	móu
Han-Latin	𢃲	è
Han-Latin	𢃳	bǎ
Han-Latin	𢃴	là
Han-Latin	𢃸	zhòu
Han-Latin	𢃺	jí
Han-Latin	𢄀	zǎo
Han-Latin	𢄄	zhā
Han-Latin	𢄅	yì
Han-Latin	𢄇	gǒu
Han-Latin	𢄊	guī
Han-Latin	𢄋	yīng
Han-Latin	𢄌	shǎi
Han-Latin	𢄍	hé
Han-Latin	𢄎	bàng
Han-Latin	𢄏	mò
Han-Latin	𢄐	méng
Han-Latin	𢄓	wù
Han-Latin	𢄔	dài
Han-Latin	𢄗	jiǒng
Han-Latin	𢄜	hàn
Han-Latin	𢄟	tōng
Han-Latin	𢄠	kōu
Han-Latin	𢄡	lí
Han-Latin	𢄢	zhì
Han-Latin	𢄣	huì
Han-Latin	𢄤	zǎn
Han-Latin	𢄦	diǎo
Han-Latin	𢄧	cù
Han-Latin	𢄱	zhì
Han-Latin	𢄳	kuǎ
Han-Latin	𢄵	xiàng
Han-Latin	𢄶	huà
Han-Latin	𢄷	liáo
Han-Latin	𢄸	cuì
Han-Latin	𢄹	qiāo
Han-Latin	𢄺	jiǎo
Han-Latin	𢄼	xū
Han-Latin	𢄽	èr
Han-Latin	𢄿	tuō
Han-Latin	𢅀	tán
Han-Latin	𢅁	zhì
Han-Latin	𢅈	nǎo
Han-Latin	𢅉	mào
Han-Latin	𢅊	dì
Han-Latin	𢅋	céng
Han-Latin	𢅎	jiǎo
Han-Latin	𢅏	lián
Han-Latin	𢅑	shā
Han-Latin	𢅒	dàn
Han-Latin	𢅕	suì
Han-Latin	𢅖	lián
Han-Latin	𢅗	guò
Han-Latin	𢅚	biǎo
Han-Latin	𢅜	cì
Han-Latin	𢅝	diàn
Han-Latin	𢅞	lǜ
Han-Latin	𢅟	nǐ
Han-Latin	𢅠	yǎn
Han-Latin	𢅡	lán
Han-Latin	𢅤	gài
Han-Latin	𢅥	chú
Han-Latin	𢅩	bì
Han-Latin	𢅪	zú
Han-Latin	𢅫	huì
Han-Latin	𢅭	lǎi
Han-Latin	𢅮	xián
Han-Latin	𢅯	fèn
Han-Latin	𢅰	hè
Han-Latin	𢅹	yào
Han-Latin	𢅺	zhǎn
Han-Latin	𢅼	néi
Han-Latin	𢅾	luǒ
Han-Latin	𢆀	yuán
Han-Latin	𢆂	néng
Han-Latin	𢆉	rěn
Han-Latin	𢆜	gé
Han-Latin	𢆞	jiǎn
Han-Latin	𢆟	píng
Han-Latin	𢆣	biè
Han-Latin	𢆦	jiàn
Han-Latin	𢆩	bìng
Han-Latin	𢆯	mì
Han-Latin	𢆰	hù
Han-Latin	𢆴	diǎo
Han-Latin	𢆶	yōu
Han-Latin	𢆷	yāo
Han-Latin	𢆸	bēng
Han-Latin	𢆺	chén
Han-Latin	𢆻	jī
Han-Latin	𢆽	yāo
Han-Latin	𢇇	guān
Han-Latin	𢇈	yàn
Han-Latin	𢇕	chǐ
Han-Latin	𢇗	shà
Han-Latin	𢇘	yǎn
Han-Latin	𢇙	yì
Han-Latin	𢇚	yì
Han-Latin	𢇛	chè
Han-Latin	𢇞	hàn
Han-Latin	𢇟	huāng
Han-Latin	𢇤	shuì
Han-Latin	𢇥	suì
Han-Latin	𢇦	rén
Han-Latin	𢇧	tán
Han-Latin	𢇨	zhǐ
Han-Latin	𢇪	fàn
Han-Latin	𢇫	fěng
Han-Latin	𢇰	tán
Han-Latin	𢇲	mí
Han-Latin	𢇳	pí
Han-Latin	𢇴	bù
Han-Latin	𢇵	nà
Han-Latin	𢇶	tián
Han-Latin	𢇷	bá
Han-Latin	𢇸	yì
Han-Latin	𢈂	yǎn
Han-Latin	𢈄	tiāo
Han-Latin	𢈆	yáo
Han-Latin	𢈇	shěn
Han-Latin	𢈈	kē
Han-Latin	𢈉	tóng
Han-Latin	𢈋	xuǎn
Han-Latin	𢈓	yòu
Han-Latin	𢈕	bài
Han-Latin	𢈙	xiá
Han-Latin	𢈚	lǚ
Han-Latin	𢈛	kùn
Han-Latin	𢈜	zāng
Han-Latin	𢈝	qiú
Han-Latin	𢈠	cù
Han-Latin	𢈡	zuī
Han-Latin	𢈢	lǒu
Han-Latin	𢈤	xiá
Han-Latin	𢈯	shēn
Han-Latin	𢈲	pú
Han-Latin	𢈴	jīng
Han-Latin	𢈵	qiāng
Han-Latin	𢈶	yì
Han-Latin	𢈸	niè
Han-Latin	𢈹	duī
Han-Latin	𢈻	jié
Han-Latin	𢈼	suì
Han-Latin	𢈽	zhàn
Han-Latin	𢈾	cōu
Han-Latin	𢉁	bēng
Han-Latin	𢉂	guān
Han-Latin	𢉃	shě
Han-Latin	𢉅	jìn
Han-Latin	𢉆	dì
Han-Latin	𢉑	dān
Han-Latin	𢉓	nǎi
Han-Latin	𢉕	nóu
Han-Latin	𢉗	jí
Han-Latin	𢉘	yán
Han-Latin	𢉚	nòu
Han-Latin	𢉜	dù
Han-Latin	𢉝	wèi
Han-Latin	𢉞	piān
Han-Latin	𢉢	hú
Han-Latin	𢉤	jià
Han-Latin	𢉥	yè
Han-Latin	𢉦	jǔn
Han-Latin	𢉧	lán
Han-Latin	𢉨	là
Han-Latin	𢉩	yīn
Han-Latin	𢉭	tuí
Han-Latin	𢉵	nǎo
Han-Latin	𢉺	zǔ
Han-Latin	𢉿	mà
Han-Latin	𢊀	sī
Han-Latin	𢊁	zhì
Han-Latin	𢊄	huī
Han-Latin	𢊅	zhuì
Han-Latin	𢊇	huì
Han-Latin	𢊍	chú
Han-Latin	𢊏	chè
Han-Latin	𢊒	xiū
Han-Latin	𢊓	lán
Han-Latin	𢊕	cōng
Han-Latin	𢊖	shèn
Han-Latin	𢊗	mò
Han-Latin	𢊘	yī
Han-Latin	𢊙	yáo
Han-Latin	𢊚	xǐ
Han-Latin	𢊛	zuǐ
Han-Latin	𢊜	bìng
Han-Latin	𢊧	yú
Han-Latin	𢊩	lù
Han-Latin	𢊮	tuí
Han-Latin	𢊯	wěi
Han-Latin	𢊱	fén
Han-Latin	𢊲	shěn
Han-Latin	𢊻	liáo
Han-Latin	𢋂	shǔ
Han-Latin	𢋃	dǎn
Han-Latin	𢋄	juǎn
Han-Latin	𢋅	yú
Han-Latin	𢋆	xìn
Han-Latin	𢋇	yáo
Han-Latin	𢋈	sū
Han-Latin	𢋒	huó
Han-Latin	𢋔	qiān
Han-Latin	𢋚	má
Han-Latin	𢋝	kǎi
Han-Latin	𢋡	lǔ
Han-Latin	𢋣	yōu
Han-Latin	𢋮	xiàn
Han-Latin	𢋹	wú
Han-Latin	𢋻	yǐn
Han-Latin	𢋼	xī
Han-Latin	𢋿	zhāi
Han-Latin	𢌀	xiè
Han-Latin	𢌄	qú
Han-Latin	𢌈	lí
Han-Latin	𢌍	qiān
Han-Latin	𢌔	líng
Han-Latin	𢌕	luán
Han-Latin	𢌚	chān
Han-Latin	𢌦	zhèng
Han-Latin	𢌨	yán
Han-Latin	𢌲	yìn
Han-Latin	𢌳	kuí
Han-Latin	𢌷	qū
Han-Latin	𢌹	fú
Han-Latin	𢌻	yù
Han-Latin	𢍁	qí
Han-Latin	𢍆	qì
Han-Latin	𢍇	jì
Han-Latin	𢍈	yuān
Han-Latin	𢍎	gào
Han-Latin	𢍏	juàn
Han-Latin	𢍑	qí
Han-Latin	𢍓	gǎi
Han-Latin	𢍕	quàn
Han-Latin	𢍚	wèi
Han-Latin	𢍧	zhì
Han-Latin	𢍫	jiǎn
Han-Latin	𢍭	sì
Han-Latin	𢍰	yì
Han-Latin	𢍱	qiān
Han-Latin	𢍼	lì
Han-Latin	𢍿	zāng
Han-Latin	𢎀	yì
Han-Latin	𢎂	cái
Han-Latin	𢎃	yì
Han-Latin	𢎄	gē
Han-Latin	𢎆	dié
Han-Latin	𢎈	zhī
Han-Latin	𢎉	yì
Han-Latin	𢎋	zāi
Han-Latin	𢎌	dài
Han-Latin	𢎎	sù
Han-Latin	𢎔	jié
Han-Latin	𢎕	chèn
Han-Latin	𢎖	qú
Han-Latin	𢎘	hàn
Han-Latin	𢎙	xián
Han-Latin	𢎠	quán
Han-Latin	𢎡	jié
Han-Latin	𢎥	juàn
Han-Latin	𢎪	dàn
Han-Latin	𢎭	jīn
Han-Latin	𢎴	bīng
Han-Latin	𢎵	hú
Han-Latin	𢎹	jué
Han-Latin	𢎻	yú
Han-Latin	𢏃	lǐ
Han-Latin	𢏄	qiáng
Han-Latin	𢏅	shuǐ
Han-Latin	𢏆	kū
Han-Latin	𢏈	zhěn
Han-Latin	𢏍	fú
Han-Latin	𢏎	shēn
Han-Latin	𢏒	chuí
Han-Latin	𢏕	tóng
Han-Latin	𢏗	yì
Han-Latin	𢏙	yáng
Han-Latin	𢏜	tuó
Han-Latin	𢏝	zhōu
Han-Latin	𢏞	jí
Han-Latin	𢏤	xùn
Han-Latin	𢏦	shěn
Han-Latin	𢏧	xuān
Han-Latin	𢏭	liú
Han-Latin	𢏮	yuān
Han-Latin	𢏯	hú
Han-Latin	𢏰	zhèng
Han-Latin	𢏳	pēng
Han-Latin	𢏷	jué
Han-Latin	𢐂	zhì
Han-Latin	𢐃	piān
Han-Latin	𢐄	yuàn
Han-Latin	𢐆	jiān
Han-Latin	𢐊	páng
Han-Latin	𢐎	zhuàn
Han-Latin	𢐐	xián
Han-Latin	𢐒	bēng
Han-Latin	𢐔	cōng
Han-Latin	𢐖	mò
Han-Latin	𢐚	guó
Han-Latin	𢐞	chéng
Han-Latin	𢐟	qiāo
Han-Latin	𢐦	bì
Han-Latin	𢐩	qiǎng
Han-Latin	𢐫	zhōu
Han-Latin	𢐲	fán
Han-Latin	𢐳	biē
Han-Latin	𢐾	bó
Han-Latin	𢐿	rǒng
Han-Latin	𢑅	dǐng
Han-Latin	𢑆	quán
Han-Latin	𢑇	jiù
Han-Latin	𢑈	yáo
Han-Latin	𢑓	xiá
Han-Latin	𢑖	zǎo
Han-Latin	𢑝	dān
Han-Latin	𢑟	wǔ
Han-Latin	𢑠	tuó
Han-Latin	𢑢	hū
Han-Latin	𢑧	xī
Han-Latin	𢑬	lái
Han-Latin	𢑮	fēi
Han-Latin	𢑹	hú
Han-Latin	𢒆	xiān
Han-Latin	𢒉	shǎn
Han-Latin	𢒍	fèi
Han-Latin	𢒐	cuò
Han-Latin	𢒒	fú
Han-Latin	𢒔	chù
Han-Latin	𢒝	diū
Han-Latin	𢒞	làn
Han-Latin	𢒩	xǐ
Han-Latin	𢒯	biāo
Han-Latin	𢒰	yù
Han-Latin	𢒱	suì
Han-Latin	𢒲	xǐ
Han-Latin	𢒷	póu
Han-Latin	𢒹	shǎn
Han-Latin	𢒾	jiào
Han-Latin	𢓀	yì
Han-Latin	𢓃	wán
Han-Latin	𢓄	jǐ
Han-Latin	𢓆	wán
Han-Latin	𢓇	tuì
Han-Latin	𢓋	àng
Han-Latin	𢓍	tiān
Han-Latin	𢓎	chí
Han-Latin	𢓒	rán
Han-Latin	𢓔	sà
Han-Latin	𢓕	yín
Han-Latin	𢓖	pī
Han-Latin	𢓗	cǐ
Han-Latin	𢓘	tóng
Han-Latin	𢓙	yǐn
Han-Latin	𢓜	gé
Han-Latin	𢓝	tiāo
Han-Latin	𢓞	zhēng
Han-Latin	𢓟	zhòu
Han-Latin	𢓡	yí
Han-Latin	𢓢	kuà
Han-Latin	𢓣	sōng
Han-Latin	𢓧	dì
Han-Latin	𢓬	xié
Han-Latin	𢓮	xiāo
Han-Latin	𢓯	guàng
Han-Latin	𢓰	tuǒ
Han-Latin	𢓱	fēng
Han-Latin	𢓲	wú
Han-Latin	𢓵	xiù
Han-Latin	𢓿	yóu
Han-Latin	𢔁	líng
Han-Latin	𢔂	yàn
Han-Latin	𢔅	dōng
Han-Latin	𢔆	qì
Han-Latin	𢔇	táo
Han-Latin	𢔈	hán
Han-Latin	𢔊	chí
Han-Latin	𢔋	sōng
Han-Latin	𢔑	quǎn
Han-Latin	𢔔	hàn
Han-Latin	𢔟	rǒu
Han-Latin	𢔠	qì
Han-Latin	𢔡	kāi
Han-Latin	𢔢	yú
Han-Latin	𢔣	chā
Han-Latin	𢔤	chèng
Han-Latin	𢔥	yù
Han-Latin	𢔧	bìng
Han-Latin	𢔩	cōng
Han-Latin	𢔪	zhū
Han-Latin	𢔬	yù
Han-Latin	𢔱	jué
Han-Latin	𢔲	liù
Han-Latin	𢔳	sāo
Han-Latin	𢔴	yù
Han-Latin	𢕅	shuài
Han-Latin	𢕋	yuàn
Han-Latin	𢕎	zhāng
Han-Latin	𢕑	shuài
Han-Latin	𢕓	chǔ
Han-Latin	𢕔	zhāng
Han-Latin	𢕕	sǎn
Han-Latin	𢕖	xiān
Han-Latin	𢕘	cuī
Han-Latin	𢕙	měng
Han-Latin	𢕚	dí
Han-Latin	𢕞	zhì
Han-Latin	𢕟	ào
Han-Latin	𢕦	xiū
Han-Latin	𢕨	pián
Han-Latin	𢕪	jiào
Han-Latin	𢕫	kuǎn
Han-Latin	𢕬	sà
Han-Latin	𢕭	xiàn
Han-Latin	𢕮	zhà
Han-Latin	𢕯	diàn
Han-Latin	𢕷	yí
Han-Latin	𢕺	huì
Han-Latin	𢕻	shàn
Han-Latin	𢖄	chóng
Han-Latin	𢖅	yí
Han-Latin	𢖆	xiè
Han-Latin	𢖇	zhì
Han-Latin	𢖈	tiào
Han-Latin	𢖊	pīng
Han-Latin	𢖋	xián
Han-Latin	𢖎	xiān
Han-Latin	𢖏	sù
Han-Latin	𢖑	cuán
Han-Latin	𢖗	sǒng
Han-Latin	𢖛	hēi
Han-Latin	𢖝	xiàn
Han-Latin	𢖟	yóu
Han-Latin	𢖡	yù
Han-Latin	𢖤	tái
Han-Latin	𢖦	jué
Han-Latin	𢖧	nàng
Han-Latin	𢖩	diān
Han-Latin	𢖫	yì
Han-Latin	𢖬	bì
Han-Latin	𢖳	xū
Han-Latin	𢖴	yì
Han-Latin	𢖵	rù
Han-Latin	𢖷	gōng
Han-Latin	𢖺	yì
Han-Latin	𢖿	zhì
Han-Latin	𢗀	xīn
Han-Latin	𢗂	jì
Han-Latin	𢗄	xià
Han-Latin	𢗈	zhāo
Han-Latin	𢗉	nè
Han-Latin	𢗊	xiè
Han-Latin	𢗎	yì
Han-Latin	𢗓	yǔ
Han-Latin	𢗫	fǔ
Han-Latin	𢗭	shè
Han-Latin	𢗯	yuán
Han-Latin	𢗰	fǎn
Han-Latin	𢗲	fū
Han-Latin	𢗳	wù
Han-Latin	𢗴	xī
Han-Latin	𢗵	hǒng
Han-Latin	𢗹	jì
Han-Latin	𢗺	chàng
Han-Latin	𢗿	mò
Han-Latin	𢘀	pèi
Han-Latin	𢘃	mú
Han-Latin	𢘄	qiú
Han-Latin	𢘅	mào
Han-Latin	𢘇	dá
Han-Latin	𢘉	xiá
Han-Latin	𢘊	shēn
Han-Latin	𢘋	tè
Han-Latin	𢘌	hóng
Han-Latin	𢘍	bì
Han-Latin	𢘙	lǒng
Han-Latin	𢘝	nǐ
Han-Latin	𢘟	qiáo
Han-Latin	𢘧	ruǎn
Han-Latin	𢘷	chōng
Han-Latin	𢘸	jiàng
Han-Latin	𢘹	chā
Han-Latin	𢘺	mǐ
Han-Latin	𢘽	yì
Han-Latin	𢘿	suō
Han-Latin	𢙁	wù
Han-Latin	𢙂	xuān
Han-Latin	𢙅	xí
Han-Latin	𢙇	yǐ
Han-Latin	𢙐	náo
Han-Latin	𢙑	mái
Han-Latin	𢙒	xiāo
Han-Latin	𢙓	wèi
Han-Latin	𢙮	kàn
Han-Latin	𢙱	lòng
Han-Latin	𢙲	lǚ
Han-Latin	𢙳	zhuǎng
Han-Latin	𢙺	zhì
Han-Latin	𢙼	xìng
Han-Latin	𢙾	gěng
Han-Latin	𢙿	jìn
Han-Latin	𢚀	xiàn
Han-Latin	𢚁	jì
Han-Latin	𢚂	cuò
Han-Latin	𢚄	láo
Han-Latin	𢚅	fěn
Han-Latin	𢚆	jù
Han-Latin	𢚋	miào
Han-Latin	𢚌	xiá
Han-Latin	𢚑	sù
Han-Latin	𢚨	zhì
Han-Latin	𢚪	hù
Han-Latin	𢚫	kòu
Han-Latin	𢚭	suǒ
Han-Latin	𢚮	nì
Han-Latin	𢚺	tēng
Han-Latin	𢚻	zhù
Han-Latin	𢛁	dá
Han-Latin	𢛃	qiú
Han-Latin	𢛄	yà
Han-Latin	𢛆	xián
Han-Latin	𢛉	nèi
Han-Latin	𢛍	zhǐ
Han-Latin	𢛎	bié
Han-Latin	𢛒	chǒng
Han-Latin	𢛓	lán
Han-Latin	𢛔	dōng
Han-Latin	𢛕	qūn
Han-Latin	𢛖	xiàng
Han-Latin	𢛘	xiáo
Han-Latin	𢛙	wǎn
Han-Latin	𢛚	rù
Han-Latin	𢛛	wàng
Han-Latin	𢛜	nì
Han-Latin	𢛞	bāi
Han-Latin	𢛟	yà
Han-Latin	𢛥	sī
Han-Latin	𢛦	yǐn
Han-Latin	𢛨	yù
Han-Latin	𢛮	lí
Han-Latin	𢛯	huò
Han-Latin	𢜗	bàng
Han-Latin	𢜣	xī
Han-Latin	𢜥	jiū
Han-Latin	𢜨	xiè
Han-Latin	𢜩	qiān
Han-Latin	𢜪	nuò
Han-Latin	𢜫	xǐng
Han-Latin	𢜬	duó
Han-Latin	𢜭	jǐ
Han-Latin	𢜮	wǔ
Han-Latin	𢜯	mú
Han-Latin	𢜰	yàn
Han-Latin	𢜱	qì
Han-Latin	𢜲	ná
Han-Latin	𢜳	chì
Han-Latin	𢜴	hóu
Han-Latin	𢜶	sào
Han-Latin	𢜸	náo
Han-Latin	𢜻	chěng
Han-Latin	𢜼	chěng
Han-Latin	𢜽	kuǐ
Han-Latin	𢜿	jià
Han-Latin	𢝀	tú
Han-Latin	𢝁	hōng
Han-Latin	𢝂	dú
Han-Latin	𢝅	xiá
Han-Latin	𢝆	zhòng
Han-Latin	𢝇	huò
Han-Latin	𢝈	chóng
Han-Latin	𢝉	dá
Han-Latin	𢝌	mào
Han-Latin	𢝍	yào
Han-Latin	𢝓	juān
Han-Latin	𢝬	shì
Han-Latin	𢝯	yín
Han-Latin	𢝳	gǔ
Han-Latin	𢝴	wù
Han-Latin	𢝸	guò
Han-Latin	𢝹	tì
Han-Latin	𢝻	hū
Han-Latin	𢞇	rě
Han-Latin	𢞉	yí
Han-Latin	𢞋	tǔn
Han-Latin	𢞏	qióng
Han-Latin	𢞐	hài
Han-Latin	𢞒	qì
Han-Latin	𢞕	huò
Han-Latin	𢞖	tì
Han-Latin	𢞗	pī
Han-Latin	𢞚	gěng
Han-Latin	𢞜	xiè
Han-Latin	𢞞	mì
Han-Latin	𢞟	gào
Han-Latin	𢞠	tā
Han-Latin	𢞡	xiǎng
Han-Latin	𢞣	shū
Han-Latin	𢞦	fú
Han-Latin	𢞬	zhuān
Han-Latin	𢞭	liù
Han-Latin	𢟅	yóu
Han-Latin	𢟊	chěng
Han-Latin	𢟋	duī
Han-Latin	𢟢	lí
Han-Latin	𢟣	yàng
Han-Latin	𢟤	lí
Han-Latin	𢟧	lǔ
Han-Latin	𢟨	mǔ
Han-Latin	𢟩	suì
Han-Latin	𢟪	ài
Han-Latin	𢟭	kòu
Han-Latin	𢟯	zhé
Han-Latin	𢟰	ài
Han-Latin	𢟱	téng
Han-Latin	𢟳	lǜ
Han-Latin	𢟴	tuí
Han-Latin	𢟵	bī
Han-Latin	𢟼	méng
Han-Latin	𢟾	huì
Han-Latin	𢟿	huán
Han-Latin	𢠛	kuò
Han-Latin	𢠝	xīn
Han-Latin	𢠡	sào
Han-Latin	𢠫	shù
Han-Latin	𢠬	què
Han-Latin	𢠭	bā
Han-Latin	𢠮	tuì
Han-Latin	𢠲	fù
Han-Latin	𢠳	biē
Han-Latin	𢠵	tǎng
Han-Latin	𢠷	xiàng
Han-Latin	𢠹	sī
Han-Latin	𢠺	bó
Han-Latin	𢠼	mái
Han-Latin	𢠽	dàng
Han-Latin	𢠿	guì
Han-Latin	𢡀	hēi
Han-Latin	𢡁	xī
Han-Latin	𢡂	dàng
Han-Latin	𢡃	yì
Han-Latin	𢡅	bī
Han-Latin	𢡇	gū
Han-Latin	𢡈	cuì
Han-Latin	𢡉	sè
Han-Latin	𢡍	gé
Han-Latin	𢡎	yù
Han-Latin	𢡏	nǎ
Han-Latin	𢡑	lì
Han-Latin	𢡒	zhì
Han-Latin	𢡰	zhào
Han-Latin	𢡴	jī
Han-Latin	𢡵	ruǎn
Han-Latin	𢡹	chòng
Han-Latin	𢢂	jié
Han-Latin	𢢌	chàng
Han-Latin	𢢍	zhé
Han-Latin	𢢒	sù
Han-Latin	𢢓	yōng
Han-Latin	𢢖	qì
Han-Latin	𢢗	zhuó
Han-Latin	𢢚	kài
Han-Latin	𢢜	yè
Han-Latin	𢢞	qì
Han-Latin	𢢹	xiòng
Han-Latin	𢣉	yī
Han-Latin	𢣊	chǒu
Han-Latin	𢣎	tuǎn
Han-Latin	𢣏	ài
Han-Latin	𢣐	pīn
Han-Latin	𢣓	liè
Han-Latin	𢣔	mián
Han-Latin	𢣕	ài
Han-Latin	𢣗	mǒ
Han-Latin	𢣘	wèi
Han-Latin	𢣙	yìng
Han-Latin	𢣚	nǐ
Han-Latin	𢣞	bó
Han-Latin	𢣠	liù
Han-Latin	𢣳	ruì
Han-Latin	𢣵	chú
Han-Latin	𢣻	lǘ
Han-Latin	𢣼	chá
Han-Latin	𢣿	chù
Han-Latin	𢤁	sào
Han-Latin	𢤂	lí
Han-Latin	𢤄	sōng
Han-Latin	𢤆	lì
Han-Latin	𢤋	xì
Han-Latin	𢤍	yān
Han-Latin	𢤎	cuō
Han-Latin	𢤐	liú
Han-Latin	𢤘	méng
Han-Latin	𢤚	zhàn
Han-Latin	𢤤	zhuàng
Han-Latin	𢤧	miǎo
Han-Latin	𢤩	lì
Han-Latin	𢤫	jǔ
Han-Latin	𢤯	xiè
Han-Latin	𢤰	xiè
Han-Latin	𢤱	lǒng
Han-Latin	𢤲	lóng
Han-Latin	𢥂	téng
Han-Latin	𢥃	zhù
Han-Latin	𢥋	chán
Han-Latin	𢥌	xiǎn
Han-Latin	𢥏	yíng
Han-Latin	𢥐	pèi
Han-Latin	𢥘	xié
Han-Latin	𢥚	jiào
Han-Latin	𢥞	chōng
Han-Latin	𢥳	hē
Han-Latin	𢥽	tǔn
Han-Latin	𢦅	hǒng
Han-Latin	𢦈	mán
Han-Latin	𢦊	jīn
Han-Latin	𢦌	qú
Han-Latin	𢦍	dǒu
Han-Latin	𢦎	qiú
Han-Latin	𢦏	zāi
Han-Latin	𢦑	shēng
Han-Latin	𢦒	zāi
Han-Latin	𢦕	yǐ
Han-Latin	𢦚	huà
Han-Latin	𢦟	kān
Han-Latin	𢦰	yuè
Han-Latin	𢦱	nì
Han-Latin	𢦲	sī
Han-Latin	𢦴	wǒ
Han-Latin	𢦸	cán
Han-Latin	𢦺	jiān
Han-Latin	𢦼	miè
Han-Latin	𢦽	sháo
Han-Latin	𢦿	rǒng
Han-Latin	𢧀	gān
Han-Latin	𢧅	qiáng
Han-Latin	𢧇	shú
Han-Latin	𢧈	zhuó
Han-Latin	𢧏	shī
Han-Latin	𢧐	zhàn
Han-Latin	𢧑	tì
Han-Latin	𢧖	zhá
Han-Latin	𢧗	zhān
Han-Latin	𢧝	fèn
Han-Latin	𢧞	miè
Han-Latin	𢧠	zè
Han-Latin	𢧤	zhì
Han-Latin	𢧥	qiān
Han-Latin	𢧦	hàn
Han-Latin	𢧧	gé
Han-Latin	𢧮	cán
Han-Latin	𢧰	guó
Han-Latin	𢧱	jiāo
Han-Latin	𢧳	yōng
Han-Latin	𢧴	áo
Han-Latin	𢧻	zhá
Han-Latin	𢧽	xì
Han-Latin	𢨁	xū
Han-Latin	𢨂	wǔ
Han-Latin	𢨏	jué
Han-Latin	𢨐	jī
Han-Latin	𢨒	chì
Han-Latin	𢨔	wǎn
Han-Latin	𢨖	miè
Han-Latin	𢨗	zéi
Han-Latin	𢨜	jié
Han-Latin	𢨝	shí
Han-Latin	𢨟	xī
Han-Latin	𢨡	è
Han-Latin	𢨥	hù
Han-Latin	𢨦	hù
Han-Latin	𢨨	lì
Han-Latin	𢨫	chù
Han-Latin	𢨮	yī
Han-Latin	𢨯	mǎo
Han-Latin	𢨰	xū
Han-Latin	𢨱	zhōng
Han-Latin	𢨳	yì
Han-Latin	𢨺	liáo
Han-Latin	𢨿	jiān
Han-Latin	𢩀	jiǎn
Han-Latin	𢩁	jú
Han-Latin	𢩄	zhù
Han-Latin	𢩈	wǔ
Han-Latin	𢩏	kè
Han-Latin	𢩐	kě
Han-Latin	𢩑	lì
Han-Latin	𢩒	bǐ
Han-Latin	𢩓	gé
Han-Latin	𢩕	xū
Han-Latin	𢩖	shā
Han-Latin	𢩗	líng
Han-Latin	𢩘	kē
Han-Latin	𢩞	bó
Han-Latin	𢩟	biān
Han-Latin	𢩠	shuān
Han-Latin	𢩡	qí
Han-Latin	𢩢	shàn
Han-Latin	𢩦	jī
Han-Latin	𢩨	qiǎo
Han-Latin	𢩮	yì
Han-Latin	𢩯	jué
Han-Latin	𢩰	zhǎng
Han-Latin	𢩲	xìn
Han-Latin	𢩷	tuō
Han-Latin	𢩸	hài
Han-Latin	𢩹	xià
Han-Latin	𢩻	tuó
Han-Latin	𢩼	yí
Han-Latin	𢪃	cù
Han-Latin	𢪇	jiāng
Han-Latin	𢪈	nán
Han-Latin	𢪋	pěng
Han-Latin	𢪍	jié
Han-Latin	𢪎	xuē
Han-Latin	𢪏	hú
Han-Latin	𢪓	yú
Han-Latin	𢪥	yǒu
Han-Latin	𢪦	nǔ
Han-Latin	𢪧	yè
Han-Latin	𢪪	yìn
Han-Latin	𢪬	kǒng
Han-Latin	𢪶	xiāo
Han-Latin	𢪷	xiāng
Han-Latin	𢪼	náo
Han-Latin	𢪾	zhàng
Han-Latin	𢫐	jié
Han-Latin	𢫓	nǔ
Han-Latin	𢫔	shàn
Han-Latin	𢫘	lú
Han-Latin	𢫢	jiá
Han-Latin	𢫧	zhǒu
Han-Latin	𢫨	rǒng
Han-Latin	𢫫	lù
Han-Latin	𢫬	sà
Han-Latin	𢫭	nù
Han-Latin	𢫯	bó
Han-Latin	𢫰	zhé
Han-Latin	𢫲	qǐn
Han-Latin	𢫴	cī
Han-Latin	𢫵	zú
Han-Latin	𢫷	wǒ
Han-Latin	𢫸	wǔ
Han-Latin	𢫻	nié
Han-Latin	𢫿	xiān
Han-Latin	𢬀	hóng
Han-Latin	𢬍	yè
Han-Latin	𢬫	tìng
Han-Latin	𢬬	jǐn
Han-Latin	𢬱	jié
Han-Latin	𢬲	hè
Han-Latin	𢬳	tū
Han-Latin	𢬴	zhé
Han-Latin	𢬵	pīn
Han-Latin	𢬶	jìn
Han-Latin	𢬷	nàn
Han-Latin	𢬼	dùn
Han-Latin	𢬾	xī
Han-Latin	𢬿	xiè
Han-Latin	𢭁	xì
Han-Latin	𢭂	láo
Han-Latin	𢭃	duǎn
Han-Latin	𢭄	jì
Han-Latin	𢭅	chā
Han-Latin	𢭆	chōu
Han-Latin	𢭈	gāng
Han-Latin	𢭎	xiáng
Han-Latin	𢭏	dǎo
Han-Latin	𢭥	biàn
Han-Latin	𢭦	xiāo
Han-Latin	𢭧	xīn
Han-Latin	𢮁	yǔ
Han-Latin	𢮂	xián
Han-Latin	𢮃	lí
Han-Latin	𢮄	qiǎn
Han-Latin	𢮇	měi
Han-Latin	𢮉	qiāo
Han-Latin	𢮊	yà
Han-Latin	𢮌	qiā
Han-Latin	𢮍	qiòng
Han-Latin	𢮏	bàng
Han-Latin	𢮐	zhēng
Han-Latin	𢮚	zè
Han-Latin	𢮛	shuàn
Han-Latin	𢮞	sào
Han-Latin	𢯅	lù
Han-Latin	𢯉	xié
Han-Latin	𢯋	fǔ
Han-Latin	𢯌	zhài
Han-Latin	𢯩	zè
Han-Latin	𢯫	duàn
Han-Latin	𢯭	dèng
Han-Latin	𢯮	yù
Han-Latin	𢯰	lǜ
Han-Latin	𢯲	wàn
Han-Latin	𢯳	xué
Han-Latin	𢯴	jiǎo
Han-Latin	𢯵	yuě
Han-Latin	𢯶	zhì
Han-Latin	𢯷	wěi
Han-Latin	𢯹	gé
Han-Latin	𢯺	jǔ
Han-Latin	𢯼	yǎn
Han-Latin	𢯽	cuò
Han-Latin	𢯾	mào
Han-Latin	𢰆	fú
Han-Latin	𢰇	āi
Han-Latin	𢰊	xuān
Han-Latin	𢰌	gāng
Han-Latin	𢰍	ān
Han-Latin	𢰒	jí
Han-Latin	𢰘	pí
Han-Latin	𢰙	zhǐ
Han-Latin	𢰜	nuó
Han-Latin	𢰿	pàn
Han-Latin	𢱁	yí
Han-Latin	𢱄	jié
Han-Latin	𢱆	zī
Han-Latin	𢱈	jià
Han-Latin	𢱉	wǎi
Han-Latin	𢱌	jià
Han-Latin	𢱟	chǎn
Han-Latin	𢱡	suǒ
Han-Latin	𢱢	suǒ
Han-Latin	𢱣	jí
Han-Latin	𢱤	sǒng
Han-Latin	𢱦	tī
Han-Latin	𢱧	pī
Han-Latin	𢱨	pó
Han-Latin	𢱮	mì
Han-Latin	𢱴	yè
Han-Latin	𢱶	qìn
Han-Latin	𢱷	jìn
Han-Latin	𢱺	juē
Han-Latin	𢱽	yuān
Han-Latin	𢱾	ruán
Han-Latin	𢲔	bàn
Han-Latin	𢲰	bīn
Han-Latin	𢲴	wèi
Han-Latin	𢲵	zào
Han-Latin	𢲶	qiè
Han-Latin	𢲷	sōu
Han-Latin	𢲸	lǔ
Han-Latin	𢲼	dié
Han-Latin	𢲽	chuāi
Han-Latin	𢲾	bì
Han-Latin	𢲿	zhú
Han-Latin	𢳀	mā
Han-Latin	𢳁	fèi
Han-Latin	𢳂	piē
Han-Latin	𢳃	yìn
Han-Latin	𢳄	xuàn
Han-Latin	𢳆	ào
Han-Latin	𢳇	zhuó
Han-Latin	𢳈	zú
Han-Latin	𢳋	bǐ
Han-Latin	𢳑	làng
Han-Latin	𢳓	tì
Han-Latin	𢳙	tiǎo
Han-Latin	𢳚	jiān
Han-Latin	𢳟	tǒng
Han-Latin	𢳽	duō
Han-Latin	𢳾	dòng
Han-Latin	𢴂	biǎn
Han-Latin	𢴠	zhì
Han-Latin	𢴢	fén
Han-Latin	𢴦	káng
Han-Latin	𢴧	zhì
Han-Latin	𢴨	zhāi
Han-Latin	𢴩	bì
Han-Latin	𢴪	kuǎn
Han-Latin	𢴬	bàn
Han-Latin	𢴭	juē
Han-Latin	𢴮	qū
Han-Latin	𢴰	qī
Han-Latin	𢴱	léi
Han-Latin	𢴲	xié
Han-Latin	𢴳	tāng
Han-Latin	𢴼	sōu
Han-Latin	𢴾	bèi
Han-Latin	𢵇	yàng
Han-Latin	𢵈	jiǎn
Han-Latin	𢵥	zào
Han-Latin	𢵮	lū
Han-Latin	𢶀	zhuài
Han-Latin	𢶃	fán
Han-Latin	𢶅	shé
Han-Latin	𢶇	qióng
Han-Latin	𢶉	pò
Han-Latin	𢶋	tiě
Han-Latin	𢶌	shā
Han-Latin	𢶍	zá
Han-Latin	𢶑	niǎo
Han-Latin	𢶒	guài
Han-Latin	𢶓	cuǐ
Han-Latin	𢶡	qiào
Han-Latin	𢶣	dié
Han-Latin	𢶳	pīn
Han-Latin	𢶴	cí
Han-Latin	𢶶	bàng
Han-Latin	𢷍	yìn
Han-Latin	𢷑	xiǎn
Han-Latin	𢷔	yǐ
Han-Latin	𢷕	miǎo
Han-Latin	𢷖	duǎn
Han-Latin	𢷗	zhòu
Han-Latin	𢷙	kōng
Han-Latin	𢷢	zhāng
Han-Latin	𢷶	liú
Han-Latin	𢷸	zhǐ
Han-Latin	𢷹	chǎn
Han-Latin	𢷺	dú
Han-Latin	𢷻	yuán
Han-Latin	𢷾	suò
Han-Latin	𢷿	jié
Han-Latin	𢸀	lì
Han-Latin	𢸁	gǒng
Han-Latin	𢸌	bāng
Han-Latin	𢸗	guó
Han-Latin	𢸘	liáo
Han-Latin	𢸙	shěn
Han-Latin	𢸣	niǎo
Han-Latin	𢸥	cuàn
Han-Latin	𢸦	wěi
Han-Latin	𢸨	tuō
Han-Latin	𢸫	sū
Han-Latin	𢸭	lóng
Han-Latin	𢸳	xiāo
Han-Latin	𢸴	yǎn
Han-Latin	𢹃	qǐng
Han-Latin	𢹍	xī
Han-Latin	𢹏	yú
Han-Latin	𢹑	zhèng
Han-Latin	𢹒	xiè
Han-Latin	𢹓	chāi
Han-Latin	𢹔	fèn
Han-Latin	𢹖	guó
Han-Latin	𢹘	jǐng
Han-Latin	𢹙	làn
Han-Latin	𢹚	xiān
Han-Latin	𢹝	líng
Han-Latin	𢹮	lěi
Han-Latin	𢹲	jùn
Han-Latin	𢹳	xiào
Han-Latin	𢹼	zá
Han-Latin	𢺄	guān
Han-Latin	𢺅	qiè
Han-Latin	𢺆	luò
Han-Latin	𢺇	yào
Han-Latin	𢺈	luán
Han-Latin	𢺉	tà
Han-Latin	𢺑	luò
Han-Latin	𢺞	bǎ
Han-Latin	𢺟	chàn
Han-Latin	𢺡	zhuó
Han-Latin	𢺫	tiǎo
Han-Latin	𢺯	wān
Han-Latin	𢺰	líng
Han-Latin	𢺴	yù
Han-Latin	𢺵	qì
Han-Latin	𢺷	qí
Han-Latin	𢺼	jì
Han-Latin	𢺽	bó
Han-Latin	𢺿	shī
Han-Latin	𢻀	fǔ
Han-Latin	𢻂	guī
Han-Latin	𢻅	diǎn
Han-Latin	𢻇	hāo
Han-Latin	𢻉	gǎi
Han-Latin	𢻋	qí
Han-Latin	𢻓	chéng
Han-Latin	𢻔	huì
Han-Latin	𢻗	xiá
Han-Latin	𢻘	shí
Han-Latin	𢻙	zhì
Han-Latin	𢻚	qí
Han-Latin	𢻜	hài
Han-Latin	𢻟	jiǎo
Han-Latin	𢻠	lì
Han-Latin	𢻢	liǎo
Han-Latin	𢻤	qiāo
Han-Latin	𢻨	sà
Han-Latin	𢻪	qī
Han-Latin	𢻫	shī
Han-Latin	𢻮	jié
Han-Latin	𢻵	bèi
Han-Latin	𢻶	biān
Han-Latin	𢻷	bā
Han-Latin	𢻸	jūn
Han-Latin	𢻹	pī
Han-Latin	𢻼	dǎn
Han-Latin	𢻿	táng
Han-Latin	𢼀	kuǐ
Han-Latin	𢼁	kū
Han-Latin	𢼃	kǒu
Han-Latin	𢼉	shī
Han-Latin	𢼊	shī
Han-Latin	𢼋	jī
Han-Latin	𢼌	bào
Han-Latin	𢼐	kě
Han-Latin	𢼑	kuāng
Han-Latin	𢼖	mǐn
Han-Latin	𢼙	liáo
Han-Latin	𢼚	è
Han-Latin	𢼛	gé
Han-Latin	𢼟	wǎng
Han-Latin	𢼠	duó
Han-Latin	𢼣	qià
Han-Latin	𢼤	huá
Han-Latin	𢼦	hǒng
Han-Latin	𢼩	pēng
Han-Latin	𢼫	jiào
Han-Latin	𢼰	qū
Han-Latin	𢼱	zì
Han-Latin	𢼲	zhòu
Han-Latin	𢼳	kuāng
Han-Latin	𢼵	shā
Han-Latin	𢼷	jì
Han-Latin	𢼸	wēi
Han-Latin	𢼹	pū
Han-Latin	𢼺	xué
Han-Latin	𢼼	shāo
Han-Latin	𢽂	láng
Han-Latin	𢽃	zhǐ
Han-Latin	𢽄	tǐng
Han-Latin	𢽇	dà
Han-Latin	𢽕	yáng
Han-Latin	𢽖	jìn
Han-Latin	𢽗	zhǐ
Han-Latin	𢽚	zhuó
Han-Latin	𢽜	zá
Han-Latin	𢽝	chán
Han-Latin	𢽢	mào
Han-Latin	𢽦	kōng
Han-Latin	𢽧	zhōu
Han-Latin	𢽨	hū
Han-Latin	𢽩	pēng
Han-Latin	𢽭	jiù
Han-Latin	𢽸	chuò
Han-Latin	𢽹	mǐn
Han-Latin	𢽾	xiào
Han-Latin	𢾀	dǔ
Han-Latin	𢾁	wéi
Han-Latin	𢾃	cán
Han-Latin	𢾄	yú
Han-Latin	𢾅	dù
Han-Latin	𢾆	kāi
Han-Latin	𢾇	pì
Han-Latin	𢾊	chéng
Han-Latin	𢾎	chǔn
Han-Latin	𢾐	shǎo
Han-Latin	𢾑	yǎn
Han-Latin	𢾒	kuài
Han-Latin	𢾔	yuē
Han-Latin	𢾦	qí
Han-Latin	𢾧	zhēng
Han-Latin	𢾩	kè
Han-Latin	𢾪	qí
Han-Latin	𢾫	zhǐ
Han-Latin	𢾬	lù
Han-Latin	𢾱	pī
Han-Latin	𢾲	nuò
Han-Latin	𢾳	pǎo
Han-Latin	𢾺	fěi
Han-Latin	𢾿	wén
Han-Latin	𢿂	méng
Han-Latin	𢿈	shǎn
Han-Latin	𢿌	xiòng
Han-Latin	𢿎	duò
Han-Latin	𢿏	biào
Han-Latin	𢿚	yōu
Han-Latin	𢿜	màn
Han-Latin	𢿞	liǎo
Han-Latin	𢿡	xié
Han-Latin	𢿢	luàn
Han-Latin	𢿣	qiāo
Han-Latin	𢿤	dèng
Han-Latin	𢿦	chéng
Han-Latin	𢿧	chéng
Han-Latin	𢿭	chuò
Han-Latin	𢿸	cè
Han-Latin	𣀀	léi
Han-Latin	𣀁	zhǎn
Han-Latin	𣀂	lǐ
Han-Latin	𣀃	lián
Han-Latin	𣀄	qún
Han-Latin	𣀍	chén
Han-Latin	𣀏	chéng
Han-Latin	𣀐	gū
Han-Latin	𣀒	zòng
Han-Latin	𣀓	chóu
Han-Latin	𣀔	chuàn
Han-Latin	𣀜	lèi
Han-Latin	𣀝	shuò
Han-Latin	𣀞	lǜ
Han-Latin	𣀣	fú
Han-Latin	𣀥	lì
Han-Latin	𣀧	sàn
Han-Latin	𣀫	sān
Han-Latin	𣀯	sà
Han-Latin	𣀳	niè
Han-Latin	𣀶	zuān
Han-Latin	𣀷	lǐ
Han-Latin	𣀻	shǔ
Han-Latin	𣀾	fú
Han-Latin	𣁉	bì
Han-Latin	𣁍	dào
Han-Latin	𣁒	shī
Han-Latin	𣁖	gàn
Han-Latin	𣁗	tàn
Han-Latin	𣁜	màn
Han-Latin	𣁟	lí
Han-Latin	𣁢	bì
Han-Latin	𣁦	pán
Han-Latin	𣁨	yōu
Han-Latin	𣁭	jiū
Han-Latin	𣁯	guō
Han-Latin	𣁰	liáo
Han-Latin	𣁳	wò
Han-Latin	𣁴	qià
Han-Latin	𣁵	dǒu
Han-Latin	𣁷	liè
Han-Latin	𣁹	jiǎo
Han-Latin	𣁻	liè
Han-Latin	𣂁	tiāo
Han-Latin	𣂄	guō
Han-Latin	𣂆	pāng
Han-Latin	𣂇	qiāo
Han-Latin	𣂉	dí
Han-Latin	𣂊	yùn
Han-Latin	𣂒	lè
Han-Latin	𣂖	sī
Han-Latin	𣂗	xīn
Han-Latin	𣂜	xīn
Han-Latin	𣂝	xiàng
Han-Latin	𣂞	luǒ
Han-Latin	𣂤	bēng
Han-Latin	𣂥	tiāo
Han-Latin	𣂬	xiào
Han-Latin	𣂮	dōu
Han-Latin	𣂳	dàng
Han-Latin	𣂴	tíng
Han-Latin	𣂵	zhuàn
Han-Latin	𣂻	ōu
Han-Latin	𣂽	wò
Han-Latin	𣃁	zhú
Han-Latin	𣃄	xīn
Han-Latin	𣃅	ruǎn
Han-Latin	𣃈	zhuó
Han-Latin	𣃉	dàng
Han-Latin	𣃍	cuì
Han-Latin	𣃑	zhuó
Han-Latin	𣃗	cóng
Han-Latin	𣃘	chǎn
Han-Latin	𣃝	yǎng
Han-Latin	𣃧	yǎn
Han-Latin	𣃳	yǎn
Han-Latin	𣃵	zhèn
Han-Latin	𣃽	nuǒ
Han-Latin	𣃾	yàn
Han-Latin	𣄅	fǎng
Han-Latin	𣄉	yǎn
Han-Latin	𣄊	yú
Han-Latin	𣄍	tí
Han-Latin	𣄎	fù
Han-Latin	𣄏	běn
Han-Latin	𣄑	yǎn
Han-Latin	𣄓	huī
Han-Latin	𣄙	huǎng
Han-Latin	𣄜	guì
Han-Latin	𣄝	yàn
Han-Latin	𣄟	hú
Han-Latin	𣄠	biāo
Han-Latin	𣄧	suì
Han-Latin	𣄮	zì
Han-Latin	𣄯	jì
Han-Latin	𣄰	ě
Han-Latin	𣄱	jì
Han-Latin	𣄲	kuǐ
Han-Latin	𣄴	liàng
Han-Latin	𣄸	huò
Han-Latin	𣄺	wéi
Han-Latin	𣄻	zhuō
Han-Latin	𣄿	tǐng
Han-Latin	𣅃	zǎi
Han-Latin	𣅄	yòu
Han-Latin	𣅉	rèn
Han-Latin	𣅍	miàn
Han-Latin	𣅚	nà
Han-Latin	𣅝	tū
Han-Latin	𣅟	dān
Han-Latin	𣅡	jué
Han-Latin	𣅤	xū
Han-Latin	𣅥	dī
Han-Latin	𣅰	xiàng
Han-Latin	𣅷	xiòng
Han-Latin	𣅺	yǒu
Han-Latin	𣅻	guǎ
Han-Latin	𣅾	xī
Han-Latin	𣆈	hè
Han-Latin	𣆍	dǐng
Han-Latin	𣆐	lú
Han-Latin	𣆒	xú
Han-Latin	𣆔	zhòu
Han-Latin	𣆕	xiàn
Han-Latin	𣆖	huāng
Han-Latin	𣆗	chā
Han-Latin	𣆘	shǐ
Han-Latin	𣆙	gàn
Han-Latin	𣆚	nuǒ
Han-Latin	𣆛	àn
Han-Latin	𣆟	xiē
Han-Latin	𣆧	hào
Han-Latin	𣆲	qīn
Han-Latin	𣆳	gěng
Han-Latin	𣆴	shān
Han-Latin	𣆵	fú
Han-Latin	𣆽	zè
Han-Latin	𣇇	dàn
Han-Latin	𣇖	diǎn
Han-Latin	𣇗	shēn
Han-Latin	𣇙	zǔ
Han-Latin	𣇢	biē
Han-Latin	𣇦	chuí
Han-Latin	𣇧	zhè
Han-Latin	𣇨	dài
Han-Latin	𣇫	wǒ
Han-Latin	𣇬	qióng
Han-Latin	𣇰	lín
Han-Latin	𣇲	hūn
Han-Latin	𣇳	jī
Han-Latin	𣈅	cáo
Han-Latin	𣈊	mù
Han-Latin	𣈍	dié
Han-Latin	𣈎	wèi
Han-Latin	𣈠	biàn
Han-Latin	𣈡	tǐ
Han-Latin	𣈣	yìng
Han-Latin	𣈥	tú
Han-Latin	𣈶	gèng
Han-Latin	𣉄	chí
Han-Latin	𣉅	còu
Han-Latin	𣉆	tǐ
Han-Latin	𣉒	huò
Han-Latin	𣉓	qī
Han-Latin	𣉔	sāo
Han-Latin	𣉕	sàng
Han-Latin	𣉖	xuǎn
Han-Latin	𣉗	àng
Han-Latin	𣉘	nài
Han-Latin	𣉚	yáng
Han-Latin	𣉛	shū
Han-Latin	𣉜	shā
Han-Latin	𣉡	tǐng
Han-Latin	𣉩	yà
Han-Latin	𣉪	huǎng
Han-Latin	𣉮	bīn
Han-Latin	𣉼	ài
Han-Latin	𣉾	òu
Han-Latin	𣉿	cáo
Han-Latin	𣊁	áo
Han-Latin	𣊃	mào
Han-Latin	𣊔	méng
Han-Latin	𣊖	tiān
Han-Latin	𣊝	sàng
Han-Latin	𣊞	xù
Han-Latin	𣊟	kàn
Han-Latin	𣊧	lǎng
Han-Latin	𣊶	biē
Han-Latin	𣊷	cóng
Han-Latin	𣊺	xián
Han-Latin	𣋄	tūn
Han-Latin	𣋉	yù
Han-Latin	𣋊	dàn
Han-Latin	𣋋	yìng
Han-Latin	𣋍	zhāo
Han-Latin	𣋏	pù
Han-Latin	𣋘	huì
Han-Latin	𣋞	ài
Han-Latin	𣋟	mǒ
Han-Latin	𣋢	jīng
Han-Latin	𣋣	lán
Han-Latin	𣋲	liè
Han-Latin	𣋳	piǎo
Han-Latin	𣋵	bó
Han-Latin	𣋶	qióng
Han-Latin	𣋹	bì
Han-Latin	𣋿	yōng
Han-Latin	𣌅	lì
Han-Latin	𣌍	niè
Han-Latin	𣌏	dé
Han-Latin	𣌓	huān
Han-Latin	𣌗	yuè
Han-Latin	𣌚	chūn
Han-Latin	𣌜	lì
Han-Latin	𣌞	zhāng
Han-Latin	𣌟	líng
Han-Latin	𣌠	chún
Han-Latin	𣌧	cè
Han-Latin	𣌨	xún
Han-Latin	𣌬	jǔ
Han-Latin	𣌭	huì
Han-Latin	𣌾	tōng
Han-Latin	𣍆	níng
Han-Latin	𣍇	jù
Han-Latin	𣍏	chà
Han-Latin	𣍖	zāo
Han-Latin	𣍛	yù
Han-Latin	𣍟	kěn
Han-Latin	𣍦	kuàng
Han-Latin	𣍧	fěi
Han-Latin	𣍯	yùn
Han-Latin	𣍰	qiǎn
Han-Latin	𣍴	quán
Han-Latin	𣍸	pò
Han-Latin	𣍺	pěi
Han-Latin	𣎄	gèng
Han-Latin	𣎅	yì
Han-Latin	𣎆	luò
Han-Latin	𣎑	kuān
Han-Latin	𣎓	xuǎn
Han-Latin	𣎔	niàn
Han-Latin	𣎚	hú
Han-Latin	𣎛	jú
Han-Latin	𣎩	yè
Han-Latin	𣎮	xī
Han-Latin	𣎱	yuè
Han-Latin	𣎲	tǎng
Han-Latin	𣎳	pìn
Han-Latin	𣎴	dǔn
Han-Latin	𣎵	bèi
Han-Latin	𣎸	liǎo
Han-Latin	𣏀	yǒng
Han-Latin	𣏎	yā
Han-Latin	𣏑	jiǎo
Han-Latin	𣏔	kùn
Han-Latin	𣏖	zhèn
Han-Latin	𣏗	shù
Han-Latin	𣏚	shí
Han-Latin	𣏞	yóu
Han-Latin	𣏟	pài
Han-Latin	𣏠	xiáo
Han-Latin	𣏡	jí
Han-Latin	𣏢	tuán
Han-Latin	𣏶	qī
Han-Latin	𣏷	hé
Han-Latin	𣏺	kǒng
Han-Latin	𣐂	yè
Han-Latin	𣐃	chì
Han-Latin	𣐊	kǎo
Han-Latin	𣐋	yuè
Han-Latin	𣐎	wǎ
Han-Latin	𣐏	niǎn
Han-Latin	𣐑	cí
Han-Latin	𣐓	yí
Han-Latin	𣐕	jìng
Han-Latin	𣐤	jiù
Han-Latin	𣐫	yāng
Han-Latin	𣐬	lí
Han-Latin	𣐮	dāi
Han-Latin	𣐯	chóng
Han-Latin	𣐵	yí
Han-Latin	𣐺	hàn
Han-Latin	𣐿	yī
Han-Latin	𣑁	chòng
Han-Latin	𣑂	hù
Han-Latin	𣑃	zhuǎ
Han-Latin	𣑝	tuán
Han-Latin	𣑦	qióng
Han-Latin	𣑧	duò
Han-Latin	𣑸	tóng
Han-Latin	𣑹	xiān
Han-Latin	𣑿	fú
Han-Latin	𣒂	diàn
Han-Latin	𣒃	xí
Han-Latin	𣒄	xiē
Han-Latin	𣒅	zhèn
Han-Latin	𣒆	qiào
Han-Latin	𣒇	tū
Han-Latin	𣒌	guō
Han-Latin	𣒗	què
Han-Latin	𣒷	hàn
Han-Latin	𣒸	kuàng
Han-Latin	𣒹	suō
Han-Latin	𣒻	shòu
Han-Latin	𣒼	tiáo
Han-Latin	𣓀	zhēn
Han-Latin	𣓃	nèi
Han-Latin	𣓅	qiǎn
Han-Latin	𣓆	yín
Han-Latin	𣓈	liǎng
Han-Latin	𣓉	shà
Han-Latin	𣓊	zì
Han-Latin	𣓋	pí
Han-Latin	𣓌	gāo
Han-Latin	𣓏	jìn
Han-Latin	𣓐	yóu
Han-Latin	𣓒	shàn
Han-Latin	𣓔	mì
Han-Latin	𣓕	òu
Han-Latin	𣓗	hū
Han-Latin	𣓛	yòu
Han-Latin	𣓝	měng
Han-Latin	𣓿	lào
Han-Latin	𣔐	zhǐ
Han-Latin	𣔓	bǐ
Han-Latin	𣔗	shēn
Han-Latin	𣔘	qì
Han-Latin	𣔙	xiān
Han-Latin	𣔚	pán
Han-Latin	𣔛	kǎng
Han-Latin	𣔫	shuān
Han-Latin	𣔬	pí
Han-Latin	𣔮	zāi
Han-Latin	𣔯	zhǔ
Han-Latin	𣔱	sōu
Han-Latin	𣔲	jiǒng
Han-Latin	𣔵	chán
Han-Latin	𣔶	fán
Han-Latin	𣔷	xiáo
Han-Latin	𣔸	yǐn
Han-Latin	𣔹	hóu
Han-Latin	𣔺	mào
Han-Latin	𣔻	tú
Han-Latin	𣔼	gān
Han-Latin	𣔽	jì
Han-Latin	𣕁	yí
Han-Latin	𣕃	yù
Han-Latin	𣕄	jiōng
Han-Latin	𣕅	pào
Han-Latin	𣕇	xiāo
Han-Latin	𣕉	gǒu
Han-Latin	𣕌	gōu
Han-Latin	𣕍	sǔn
Han-Latin	𣕎	xiǎn
Han-Latin	𣕏	zhuǎn
Han-Latin	𣕲	héng
Han-Latin	𣕾	chóu
Han-Latin	𣖄	qiāo
Han-Latin	𣖅	tí
Han-Latin	𣖆	yún
Han-Latin	𣖉	shān
Han-Latin	𣖊	liè
Han-Latin	𣖌	zhǐ
Han-Latin	𣖐	pāi
Han-Latin	𣖣	jú
Han-Latin	𣖤	lái
Han-Latin	𣖨	zǐ
Han-Latin	𣖪	qú
Han-Latin	𣖫	gǔ
Han-Latin	𣖬	jué
Han-Latin	𣖭	zhí
Han-Latin	𣖮	àng
Han-Latin	𣖯	qìn
Han-Latin	𣖰	pí
Han-Latin	𣖱	zuī
Han-Latin	𣖳	qián
Han-Latin	𣖵	cuó
Han-Latin	𣖷	jí
Han-Latin	𣖸	tí
Han-Latin	𣖹	rú
Han-Latin	𣖻	hǎi
Han-Latin	𣖼	xún
Han-Latin	𣖾	bèi
Han-Latin	𣖿	zhí
Han-Latin	𣗁	dùn
Han-Latin	𣗊	mán
Han-Latin	𣗋	dǎng
Han-Latin	𣗐	réng
Han-Latin	𣗙	nuó
Han-Latin	𣗲	gān
Han-Latin	𣗵	gàng
Han-Latin	𣗶	tà
Han-Latin	𣗸	tuò
Han-Latin	𣗹	yàng
Han-Latin	𣗺	kū
Han-Latin	𣗻	zhì
Han-Latin	𣘐	jí
Han-Latin	𣘖	jiān
Han-Latin	𣘗	nì
Han-Latin	𣘘	shēn
Han-Latin	𣘙	bàng
Han-Latin	𣘚	shuài
Han-Latin	𣘛	dōu
Han-Latin	𣘝	qiān
Han-Latin	𣘞	hán
Han-Latin	𣘟	qiā
Han-Latin	𣘠	gǎn
Han-Latin	𣘣	chún
Han-Latin	𣘤	chá
Han-Latin	𣘥	bì
Han-Latin	𣘦	yī
Han-Latin	𣘧	fū
Han-Latin	𣘨	ě
Han-Latin	𣘪	láo
Han-Latin	𣘫	háo
Han-Latin	𣘬	lí
Han-Latin	𣘱	tè
Han-Latin	𣘲	shēn
Han-Latin	𣘴	yín
Han-Latin	𣘷	jiān
Han-Latin	𣘻	chá
Han-Latin	𣙗	niè
Han-Latin	𣙘	còu
Han-Latin	𣙛	yí
Han-Latin	𣙟	táng
Han-Latin	𣙢	juàn
Han-Latin	𣙰	chì
Han-Latin	𣙱	gǒu
Han-Latin	𣙴	jié
Han-Latin	𣙵	zhé
Han-Latin	𣙶	hú
Han-Latin	𣙷	máng
Han-Latin	𣙻	zōu
Han-Latin	𣙼	sì
Han-Latin	𣙿	fèi
Han-Latin	𣚀	zī
Han-Latin	𣚁	zī
Han-Latin	𣚃	jié
Han-Latin	𣚄	sī
Han-Latin	𣚆	chūn
Han-Latin	𣚇	pào
Han-Latin	𣚋	yé
Han-Latin	𣚌	dī
Han-Latin	𣚎	léi
Han-Latin	𣚏	xū
Han-Latin	𣚐	rú
Han-Latin	𣚒	pá
Han-Latin	𣚓	juàn
Han-Latin	𣚔	xì
Han-Latin	𣚕	yè
Han-Latin	𣚖	ān
Han-Latin	𣚘	yì
Han-Latin	𣚙	jiān
Han-Latin	𣚚	zhú
Han-Latin	𣚜	sōng
Han-Latin	𣚝	wǒ
Han-Latin	𣚟	sè
Han-Latin	𣚠	zhǐ
Han-Latin	𣚡	bī
Han-Latin	𣚢	zhuàn
Han-Latin	𣚦	jiàng
Han-Latin	𣚧	hào
Han-Latin	𣚩	chì
Han-Latin	𣚪	dùn
Han-Latin	𣛓	bó
Han-Latin	𣛔	jí
Han-Latin	𣛕	chuǎ
Han-Latin	𣛗	luò
Han-Latin	𣛚	ruǐ
Han-Latin	𣛫	hú
Han-Latin	𣛱	dàn
Han-Latin	𣛴	hǎn
Han-Latin	𣛵	què
Han-Latin	𣛶	shā
Han-Latin	𣛷	zhǎn
Han-Latin	𣛸	zé
Han-Latin	𣛹	chuán
Han-Latin	𣛺	qī
Han-Latin	𣛻	dié
Han-Latin	𣛽	zhà
Han-Latin	𣛾	tòu
Han-Latin	𣜁	cī
Han-Latin	𣜂	sà
Han-Latin	𣜄	luó
Han-Latin	𣜇	jí
Han-Latin	𣜢	luǒ
Han-Latin	𣜣	qín
Han-Latin	𣜧	qióng
Han-Latin	𣜨	juàn
Han-Latin	𣜬	ài
Han-Latin	𣜭	jiǎn
Han-Latin	𣜹	tì
Han-Latin	𣜺	wén
Han-Latin	𣜽	qiāo
Han-Latin	𣝁	pái
Han-Latin	𣝂	hún
Han-Latin	𣝅	ài
Han-Latin	𣝇	shuò
Han-Latin	𣝈	lián
Han-Latin	𣝉	duì
Han-Latin	𣝋	tà
Han-Latin	𣝌	jǐn
Han-Latin	𣝍	bì
Han-Latin	𣝎	yǎn
Han-Latin	𣝏	gào
Han-Latin	𣝐	piáo
Han-Latin	𣝑	yù
Han-Latin	𣝒	shè
Han-Latin	𣝕	jiān
Han-Latin	𣝗	hú
Han-Latin	𣝚	liè
Han-Latin	𣝜	biàn
Han-Latin	𣝝	sù
Han-Latin	𣝞	jiāo
Han-Latin	𣝸	zhuì
Han-Latin	𣝽	hān
Han-Latin	𣞇	dùn
Han-Latin	𣞐	xiě
Han-Latin	𣞑	méng
Han-Latin	𣞒	fū
Han-Latin	𣞓	lù
Han-Latin	𣞔	tàn
Han-Latin	𣞗	liú
Han-Latin	𣞘	xiān
Han-Latin	𣞙	sǎng
Han-Latin	𣞜	còu
Han-Latin	𣞝	zhuāng
Han-Latin	𣞟	chēn
Han-Latin	𣞰	liàn
Han-Latin	𣞴	lí
Han-Latin	𣟀	pèng
Han-Latin	𣟁	tuǒ
Han-Latin	𣟄	tuò
Han-Latin	𣟆	liáo
Han-Latin	𣟇	xiào
Han-Latin	𣟈	chuì
Han-Latin	𣟉	huài
Han-Latin	𣟊	niǎo
Han-Latin	𣟋	qiān
Han-Latin	𣟌	lì
Han-Latin	𣟏	pāo
Han-Latin	𣟐	tiáo
Han-Latin	𣟑	liú
Han-Latin	𣟒	wú
Han-Latin	𣟤	yǐng
Han-Latin	𣟦	zhá
Han-Latin	𣟰	yú
Han-Latin	𣟲	xiǎn
Han-Latin	𣟳	xuán
Han-Latin	𣟴	shuān
Han-Latin	𣟵	xī
Han-Latin	𣟸	méi
Han-Latin	𣟹	sēn
Han-Latin	𣟺	liàn
Han-Latin	𣟼	jiū
Han-Latin	𣟽	lào
Han-Latin	𣠎	xiāo
Han-Latin	𣠏	zōu
Han-Latin	𣠚	liú
Han-Latin	𣠜	zhào
Han-Latin	𣠞	zhé
Han-Latin	𣠠	lěi
Han-Latin	𣠭	duǎn
Han-Latin	𣠷	jiǎn
Han-Latin	𣠸	shuān
Han-Latin	𣠹	zuó
Han-Latin	𣠺	qiè
Han-Latin	𣠼	lǎo
Han-Latin	𣡉	yù
Han-Latin	𣡊	yì
Han-Latin	𣡋	nǐ
Han-Latin	𣡎	cén
Han-Latin	𣡕	yàn
Han-Latin	𣡗	ruǎn
Han-Latin	𣡞	yán
Han-Latin	𣡟	dié
Han-Latin	𣡠	mián
Han-Latin	𣡧	léi
Han-Latin	𣡩	wān
Han-Latin	𣡰	nǎ
Han-Latin	𣡶	yán
Han-Latin	𣡺	lěi
Han-Latin	𣡽	shā
Han-Latin	𣡾	hū
Han-Latin	𣢁	xī
Han-Latin	𣢂	xī
Han-Latin	𣢄	yǒu
Han-Latin	𣢅	hān
Han-Latin	𣢇	hāi
Han-Latin	𣢉	wā
Han-Latin	𣢊	xù
Han-Latin	𣢋	pī
Han-Latin	𣢌	tān
Han-Latin	𣢍	xī
Han-Latin	𣢎	xī
Han-Latin	𣢏	bīn
Han-Latin	𣢐	qīn
Han-Latin	𣢑	xī
Han-Latin	𣢒	yú
Han-Latin	𣢓	xì
Han-Latin	𣢕	cì
Han-Latin	𣢖	qiàn
Han-Latin	𣢗	xiā
Han-Latin	𣢚	wá
Han-Latin	𣢛	è
Han-Latin	𣢜	yǒu
Han-Latin	𣢝	xìng
Han-Latin	𣢞	ní
Han-Latin	𣢟	hán
Han-Latin	𣢠	bì
Han-Latin	𣢡	shēng
Han-Latin	𣢤	zhān
Han-Latin	𣢥	diàn
Han-Latin	𣢦	yǔ
Han-Latin	𣢨	ǒu
Han-Latin	𣢪	guǐ
Han-Latin	𣢫	wǎng
Han-Latin	𣢬	qiān
Han-Latin	𣢭	yí
Han-Latin	𣢰	zú
Han-Latin	𣢲	qiān
Han-Latin	𣢳	dìng
Han-Latin	𣢴	kēng
Han-Latin	𣢶	chù
Han-Latin	𣢷	yī
Han-Latin	𣢺	hān
Han-Latin	𣢻	kuǎn
Han-Latin	𣣈	diàn
Han-Latin	𣣉	xì
Han-Latin	𣣊	zī
Han-Latin	𣣋	líng
Han-Latin	𣣌	zì
Han-Latin	𣣎	yù
Han-Latin	𣣏	hūn
Han-Latin	𣣑	sǐ
Han-Latin	𣣒	kǎn
Han-Latin	𣣚	àn
Han-Latin	𣣜	yǒu
Han-Latin	𣣝	jí
Han-Latin	𣣞	hùn
Han-Latin	𣣟	qiā
Han-Latin	𣣠	hóu
Han-Latin	𣣡	hóu
Han-Latin	𣣣	diàn
Han-Latin	𣣩	xiē
Han-Latin	𣣭	shè
Han-Latin	𣣮	shà
Han-Latin	𣣲	xié
Han-Latin	𣣳	yáo
Han-Latin	𣣴	dà
Han-Latin	𣣶	xiè
Han-Latin	𣣷	chī
Han-Latin	𣣸	yǒu
Han-Latin	𣣹	hē
Han-Latin	𣣺	shà
Han-Latin	𣣿	tái
Han-Latin	𣤁	zhú
Han-Latin	𣤃	ǎi
Han-Latin	𣤇	què
Han-Latin	𣤈	zé
Han-Latin	𣤊	lā
Han-Latin	𣤋	lòu
Han-Latin	𣤌	chuài
Han-Latin	𣤎	yǒu
Han-Latin	𣤖	tì
Han-Latin	𣤘	shī
Han-Latin	𣤡	xiào
Han-Latin	𣤢	xì
Han-Latin	𣤨	huò
Han-Latin	𣤩	chì
Han-Latin	𣤪	yì
Han-Latin	𣤯	shú
Han-Latin	𣤰	yuè
Han-Latin	𣤱	chán
Han-Latin	𣤲	è
Han-Latin	𣤳	xī
Han-Latin	𣤴	xī
Han-Latin	𣤵	yǐng
Han-Latin	𣤶	zú
Han-Latin	𣤷	zā
Han-Latin	𣤺	zā
Han-Latin	𣥂	tà
Han-Latin	𣥃	wàn
Han-Latin	𣥇	xìn
Han-Latin	𣥊	wàng
Han-Latin	𣥋	fǔ
Han-Latin	𣥐	lǔ
Han-Latin	𣥞	jiǎn
Han-Latin	𣥡	yán
Han-Latin	𣥣	bì
Han-Latin	𣥤	kěn
Han-Latin	𣥥	guàn
Han-Latin	𣥨	zī
Han-Latin	𣥮	kuǐ
Han-Latin	𣥯	zhǒu
Han-Latin	𣥰	zhì
Han-Latin	𣥳	tú
Han-Latin	𣥷	tà
Han-Latin	𣥹	chù
Han-Latin	𣥺	chēng
Han-Latin	𣥻	chěng
Han-Latin	𣥼	zhù
Han-Latin	𣥾	dà
Han-Latin	𣦇	bì
Han-Latin	𣦉	jiǎ
Han-Latin	𣦌	yì
Han-Latin	𣦏	yuè
Han-Latin	𣦐	gāng
Han-Latin	𣦖	gān
Han-Latin	𣦜	qiāo
Han-Latin	𣦠	chú
Han-Latin	𣦡	chú
Han-Latin	𣦢	bì
Han-Latin	𣦦	guì
Han-Latin	𣦩	gǔ
Han-Latin	𣦪	bǐng
Han-Latin	𣦫	yìn
Han-Latin	𣦬	zhuì
Han-Latin	𣦭	gǔ
Han-Latin	𣦯	lì
Han-Latin	𣦵	è
Han-Latin	𣦶	dǎi
Han-Latin	𣦼	cán
Han-Latin	𣧂	tì
Han-Latin	𣧃	dù
Han-Latin	𣧄	yì
Han-Latin	𣧈	dié
Han-Latin	𣧊	niǔ
Han-Latin	𣧌	xuè
Han-Latin	𣧍	nè
Han-Latin	𣧎	guì
Han-Latin	𣧏	kǎo
Han-Latin	𣧒	chuǎn
Han-Latin	𣧖	zhá
Han-Latin	𣧗	yóu
Han-Latin	𣧙	bài
Han-Latin	𣧚	shí
Han-Latin	𣧛	diàn
Han-Latin	𣧜	pā
Han-Latin	𣧝	qiú
Han-Latin	𣧡	xuè
Han-Latin	𣧣	mò
Han-Latin	𣧤	kē
Han-Latin	𣧥	yǒu
Han-Latin	𣧦	jiǎo
Han-Latin	𣧧	bó
Han-Latin	𣧬	xiǔ
Han-Latin	𣧲	mǐ
Han-Latin	𣧳	luò
Han-Latin	𣧵	xuè
Han-Latin	𣧷	duò
Han-Latin	𣧹	èr
Han-Latin	𣧺	shān
Han-Latin	𣧼	kuì
Han-Latin	𣧽	nào
Han-Latin	𣧾	miǎn
Han-Latin	𣧿	lì
Han-Latin	𣨀	luàn
Han-Latin	𣨂	dié
Han-Latin	𣨄	qià
Han-Latin	𣨅	lèi
Han-Latin	𣨇	mào
Han-Latin	𣨉	hēng
Han-Latin	𣨊	chè
Han-Latin	𣨋	zhì
Han-Latin	𣨍	gǔ
Han-Latin	𣨎	cuō
Han-Latin	𣨓	wù
Han-Latin	𣨔	tào
Han-Latin	𣨗	xī
Han-Latin	𣨘	yāo
Han-Latin	𣨙	wěi
Han-Latin	𣨛	zú
Han-Latin	𣨜	mà
Han-Latin	𣨝	yǔ
Han-Latin	𣨞	pěng
Han-Latin	𣨟	yì
Han-Latin	𣨠	qìn
Han-Latin	𣨡	yuè
Han-Latin	𣨢	juè
Han-Latin	𣨣	jiàng
Han-Latin	𣨤	xù
Han-Latin	𣨥	bēng
Han-Latin	𣨪	luǒ
Han-Latin	𣨫	zhuī
Han-Latin	𣨲	dù
Han-Latin	𣨳	xiàng
Han-Latin	𣨶	huì
Han-Latin	𣨺	gǔ
Han-Latin	𣨻	kǎo
Han-Latin	𣨼	tì
Han-Latin	𣨾	xīng
Han-Latin	𣨿	hún
Han-Latin	𣩀	biān
Han-Latin	𣩄	kè
Han-Latin	𣩅	kǎo
Han-Latin	𣩈	cuó
Han-Latin	𣩏	lù
Han-Latin	𣩑	zuì
Han-Latin	𣩒	zāo
Han-Latin	𣩓	jiǎo
Han-Latin	𣩔	guàn
Han-Latin	𣩙	yān
Han-Latin	𣩚	ér
Han-Latin	𣩜	qíng
Han-Latin	𣩟	dèng
Han-Latin	𣩠	sì
Han-Latin	𣩡	suì
Han-Latin	𣩢	liào
Han-Latin	𣩧	shàn
Han-Latin	𣩩	bì
Han-Latin	𣩪	wèi
Han-Latin	𣩫	yè
Han-Latin	𣩭	zhài
Han-Latin	𣩯	yé
Han-Latin	𣩰	diào
Han-Latin	𣩱	ài
Han-Latin	𣩴	jiàng
Han-Latin	𣩷	sū
Han-Latin	𣩹	huài
Han-Latin	𣩺	yù
Han-Latin	𣩽	rǎng
Han-Latin	𣪀	diān
Han-Latin	𣪁	zuān
Han-Latin	𣪂	bān
Han-Latin	𣪄	qín
Han-Latin	𣪇	jiā
Han-Latin	𣪉	pí
Han-Latin	𣪌	tóu
Han-Latin	𣪐	chóu
Han-Latin	𣪕	guǐ
Han-Latin	𣪠	jī
Han-Latin	𣪨	xuè
Han-Latin	𣪪	diàn
Han-Latin	𣪭	biàn
Han-Latin	𣪮	zǎi
Han-Latin	𣪯	tóng
Han-Latin	𣪶	shǎn
Han-Latin	𣪸	gù
Han-Latin	𣪹	què
Han-Latin	𣫀	gǔ
Han-Latin	𣫈	hú
Han-Latin	𣫉	kuǎi
Han-Latin	𣫌	gòu
Han-Latin	𣫎	sù
Han-Latin	𣫐	chóu
Han-Latin	𣫒	kēng
Han-Latin	𣫔	dū
Han-Latin	𣫙	yì
Han-Latin	𣫜	dào
Han-Latin	𣫝	qiāng
Han-Latin	𣫣	lóng
Han-Latin	𣫥	lí
Han-Latin	𣫧	lì
Han-Latin	𣫨	qīng
Han-Latin	𣫪	wēi
Han-Latin	𣫬	móu
Han-Latin	𣫱	qì
Han-Latin	𣫳	jiǎng
Han-Latin	𣫴	xié
Han-Latin	𣫹	dài
Han-Latin	𣫻	lóu
Han-Latin	𣬂	guàn
Han-Latin	𣬆	péi
Han-Latin	𣬉	pí
Han-Latin	𣬋	juàn
Han-Latin	𣬍	bēi
Han-Latin	𣬎	jué
Han-Latin	𣬏	juàn
Han-Latin	𣬐	shì
Han-Latin	𣬕	xiě
Han-Latin	𣬘	ruí
Han-Latin	𣬙	jìng
Han-Latin	𣬚	pò
Han-Latin	𣬛	sān
Han-Latin	𣬠	jī
Han-Latin	𣬩	fēn
Han-Latin	𣬪	bèi
Han-Latin	𣬫	jiè
Han-Latin	𣬬	sā
Han-Latin	𣬮	pī
Han-Latin	𣬴	dì
Han-Latin	𣬵	máo
Han-Latin	𣬶	bā
Han-Latin	𣬷	ba
Han-Latin	𣬸	tiáo
Han-Latin	𣬹	líng
Han-Latin	𣬺	shēng
Han-Latin	𣬻	zhěn
Han-Latin	𣬼	pī
Han-Latin	𣬽	wù
Han-Latin	𣬿	zè
Han-Latin	𣭀	bào
Han-Latin	𣭇	lǚ
Han-Latin	𣭖	hāo
Han-Latin	𣭗	dǒu
Han-Latin	𣭘	fú
Han-Latin	𣭙	ní
Han-Latin	𣭝	gé
Han-Latin	𣭠	rú
Han-Latin	𣭡	xiǎn
Han-Latin	𣭤	bì
Han-Latin	𣭮	máo
Han-Latin	𣭲	rǒng
Han-Latin	𣭳	qiú
Han-Latin	𣭷	bó
Han-Latin	𣭹	hāo
Han-Latin	𣭺	nǎo
Han-Latin	𣭻	yán
Han-Latin	𣮃	páo
Han-Latin	𣮄	suī
Han-Latin	𣮆	tuò
Han-Latin	𣮈	qū
Han-Latin	𣮉	lí
Han-Latin	𣮊	dé
Han-Latin	𣮌	jié
Han-Latin	𣮍	jié
Han-Latin	𣮎	gǔn
Han-Latin	𣮏	jiān
Han-Latin	𣮐	bì
Han-Latin	𣮠	sàn
Han-Latin	𣮡	bāng
Han-Latin	𣮢	chún
Han-Latin	𣮦	nài
Han-Latin	𣮧	bǎng
Han-Latin	𣮪	róng
Han-Latin	𣮫	jiā
Han-Latin	𣮬	sōu
Han-Latin	𣮰	dé
Han-Latin	𣮾	xiān
Han-Latin	𣮿	zhān
Han-Latin	𣯀	mào
Han-Latin	𣯃	zī
Han-Latin	𣯅	jì
Han-Latin	𣯆	qí
Han-Latin	𣯋	rù
Han-Latin	𣯌	suō
Han-Latin	𣯍	rǒng
Han-Latin	𣯎	wù
Han-Latin	𣯏	róng
Han-Latin	𣯐	róng
Han-Latin	𣯚	tà
Han-Latin	𣯜	sōu
Han-Latin	𣯣	mén
Han-Latin	𣯤	lí
Han-Latin	𣯧	cuǐ
Han-Latin	𣯨	zōng
Han-Latin	𣯩	mén
Han-Latin	𣯪	xǐ
Han-Latin	𣯬	mǎng
Han-Latin	𣯭	niè
Han-Latin	𣯯	suī
Han-Latin	𣯱	péi
Han-Latin	𣯴	bì
Han-Latin	𣯵	dì
Han-Latin	𣯶	sān
Han-Latin	𣯸	qú
Han-Latin	𣯹	qiáo
Han-Latin	𣯻	fēn
Han-Latin	𣯼	sù
Han-Latin	𣰃	xū
Han-Latin	𣰇	rǒng
Han-Latin	𣰈	jī
Han-Latin	𣰋	qú
Han-Latin	𣰌	liè
Han-Latin	𣰕	sào
Han-Latin	𣰘	kùn
Han-Latin	𣰚	cuì
Han-Latin	𣰛	yè
Han-Latin	𣰜	bìng
Han-Latin	𣰞	jié
Han-Latin	𣰠	qú
Han-Latin	𣰡	qú
Han-Latin	𣰥	méng
Han-Latin	𣰦	rán
Han-Latin	𣰨	bīn
Han-Latin	𣰩	cháo
Han-Latin	𣰬	dú
Han-Latin	𣰶	ráng
Han-Latin	𣰷	xiān
Han-Latin	𣰺	táo
Han-Latin	𣰻	qú
Han-Latin	𣰼	niè
Han-Latin	𣰿	shū
Han-Latin	𣱀	lǔ
Han-Latin	𣱂	kùn
Han-Latin	𣱈	mín
Han-Latin	𣱉	mǐn
Han-Latin	𣱍	dàn
Han-Latin	𣱐	yìn
Han-Latin	𣱓	xiào
Han-Latin	𣱗	jì
Han-Latin	𣱜	yīn
Han-Latin	𣱝	dōng
Han-Latin	𣱦	fēn
Han-Latin	𣱧	zhòng
Han-Latin	𣱫	gǔ
Han-Latin	𣱱	chá
Han-Latin	𣱳	liú
Han-Latin	𣱶	bǔ
Han-Latin	𣱺	pā
Han-Latin	𣱻	sì
Han-Latin	𣱼	dāo
Han-Latin	𣱽	zhěn
Han-Latin	𣲀	shān
Han-Latin	𣲂	chuǎi
Han-Latin	𣲄	jiǔ
Han-Latin	𣲊	kè
Han-Latin	𣲋	chí
Han-Latin	𣲑	hù
Han-Latin	𣲒	lì
Han-Latin	𣲓	shā
Han-Latin	𣲖	pài
Han-Latin	𣲗	wéi
Han-Latin	𣲘	wǔ
Han-Latin	𣲜	yíng
Han-Latin	𣲡	shā
Han-Latin	𣲢	dī
Han-Latin	𣲥	dān
Han-Latin	𣲱	tū
Han-Latin	𣲲	hé
Han-Latin	𣲳	pǒ
Han-Latin	𣲵	zhǐ
Han-Latin	𣲶	niǔ
Han-Latin	𣲷	nì
Han-Latin	𣲽	rǒng
Han-Latin	𣲾	guài
Han-Latin	𣳀	zhí
Han-Latin	𣳃	jí
Han-Latin	𣳆	píng
Han-Latin	𣳜	fàn
Han-Latin	𣳟	jié
Han-Latin	𣳠	hǎi
Han-Latin	𣳤	zhàn
Han-Latin	𣳦	xì
Han-Latin	𣳩	zī
Han-Latin	𣳬	xí
Han-Latin	𣳭	piào
Han-Latin	𣳰	bēn
Han-Latin	𣳲	jiǎn
Han-Latin	𣴓	jiàn
Han-Latin	𣴖	zá
Han-Latin	𣴞	bèn
Han-Latin	𣴟	mào
Han-Latin	𣴢	zào
Han-Latin	𣴣	zhuàng
Han-Latin	𣴥	kuáng
Han-Latin	𣴨	bí
Han-Latin	𣴪	pài
Han-Latin	𣴼	mào
Han-Latin	𣴽	tàn
Han-Latin	𣵞	tǔn
Han-Latin	𣵟	luǒ
Han-Latin	𣵢	tān
Han-Latin	𣵱	án
Han-Latin	𣵷	hán
Han-Latin	𣵸	zhú
Han-Latin	𣵺	duò
Han-Latin	𣵻	duò
Han-Latin	𣵼	gàn
Han-Latin	𣶆	qiòng
Han-Latin	𣶈	wǎng
Han-Latin	𣶊	mò
Han-Latin	𣶋	zhè
Han-Latin	𣶌	wěn
Han-Latin	𣶍	zhuàng
Han-Latin	𣶏	jiē
Han-Latin	𣶐	pào
Han-Latin	𣶘	sù
Han-Latin	𣶝	jù
Han-Latin	𣶠	qī
Han-Latin	𣶡	càn
Han-Latin	𣶣	tuán
Han-Latin	𣶤	shā
Han-Latin	𣶦	tuó
Han-Latin	𣶩	huà
Han-Latin	𣶫	yì
Han-Latin	𣷠	mín
Han-Latin	𣷡	zhōng
Han-Latin	𣷥	shuò
Han-Latin	𣷩	yì
Han-Latin	𣷪	wǎng
Han-Latin	𣷫	áo
Han-Latin	𣷶	sǔ
Han-Latin	𣷾	guǐ
Han-Latin	𣷿	tuǒ
Han-Latin	𣸀	huǐ
Han-Latin	𣸃	xù
Han-Latin	𣸄	zǎn
Han-Latin	𣸆	zǐ
Han-Latin	𣸇	biàn
Han-Latin	𣸉	dá
Han-Latin	𣸊	yīn
Han-Latin	𣸋	quǎn
Han-Latin	𣸎	huài
Han-Latin	𣸏	ná
Han-Latin	𣸐	zá
Han-Latin	𣸒	tí
Han-Latin	𣸘	yí
Han-Latin	𣸙	tān
Han-Latin	𣸚	shé
Han-Latin	𣸛	shuò
Han-Latin	𣸝	xíng
Han-Latin	𣸠	yǒu
Han-Latin	𣸣	fén
Han-Latin	𣹇	kè
Han-Latin	𣹋	fú
Han-Latin	𣹒	mǐn
Han-Latin	𣹚	pì
Han-Latin	𣹜	jí
Han-Latin	𣹝	qiào
Han-Latin	𣹞	zhǒng
Han-Latin	𣹟	gàn
Han-Latin	𣹠	yuān
Han-Latin	𣹡	chí
Han-Latin	𣹥	qiàn
Han-Latin	𣹧	zuó
Han-Latin	𣹩	xié
Han-Latin	𣹪	máo
Han-Latin	𣹬	hú
Han-Latin	𣹮	pì
Han-Latin	𣹯	xùn
Han-Latin	𣹱	xiá
Han-Latin	𣹲	tí
Han-Latin	𣹵	nà
Han-Latin	𣹶	chuǎ
Han-Latin	𣺀	wǔ
Han-Latin	𣺬	huāng
Han-Latin	𣺭	xuè
Han-Latin	𣺮	tào
Han-Latin	𣺰	qiào
Han-Latin	𣺳	jiāo
Han-Latin	𣺼	dǎng
Han-Latin	𣺽	bài
Han-Latin	𣻍	dàng
Han-Latin	𣻎	kòu
Han-Latin	𣻐	jū
Han-Latin	𣻑	shā
Han-Latin	𣻒	jīng
Han-Latin	𣻕	mó
Han-Latin	𣻖	nóu
Han-Latin	𣻘	shuò
Han-Latin	𣻚	shù
Han-Latin	𣻛	zhuāng
Han-Latin	𣻜	fú
Han-Latin	𣻟	zāng
Han-Latin	𣻠	xié
Han-Latin	𣻡	làng
Han-Latin	𣻢	tōng
Han-Latin	𣻩	zhé
Han-Latin	𣻬	càn
Han-Latin	𣻮	yuè
Han-Latin	𣻱	zhòu
Han-Latin	𣼚	tān
Han-Latin	𣼞	yán
Han-Latin	𣼟	lù
Han-Latin	𣼠	yǎn
Han-Latin	𣼦	zé
Han-Latin	𣼧	shuài
Han-Latin	𣽅	guō
Han-Latin	𣽆	zhú
Han-Latin	𣽈	rú
Han-Latin	𣽉	rú
Han-Latin	𣽌	kǎn
Han-Latin	𣽍	jì
Han-Latin	𣽎	gāo
Han-Latin	𣽒	xiè
Han-Latin	𣽕	òu
Han-Latin	𣽖	jiān
Han-Latin	𣽚	zhí
Han-Latin	𣽛	zhá
Han-Latin	𣽝	hǒng
Han-Latin	𣽟	kuǎn
Han-Latin	𣽡	bó
Han-Latin	𣽤	sè
Han-Latin	𣽥	àn
Han-Latin	𣽦	jiàn
Han-Latin	𣽨	téng
Han-Latin	𣽫	sōng
Han-Latin	𣽭	mèng
Han-Latin	𣽮	yín
Han-Latin	𣽯	tān
Han-Latin	𣽰	guō
Han-Latin	𣽳	ruán
Han-Latin	𣽴	wèi
Han-Latin	𣽷	sì
Han-Latin	𣾍	lián
Han-Latin	𣾤	qì
Han-Latin	𣾦	zhǎng
Han-Latin	𣿅	dǒng
Han-Latin	𣿆	fú
Han-Latin	𣿇	shěn
Han-Latin	𣿈	sù
Han-Latin	𣿉	yì
Han-Latin	𣿊	liàn
Han-Latin	𣿌	hé
Han-Latin	𣿎	zhēn
Han-Latin	𣿐	zé
Han-Latin	𣿒	cuǐ
Han-Latin	𣿓	cuǐ
Han-Latin	𣿝	fèng
Han-Latin	𣿞	lǐ
Han-Latin	𣿟	kòu
Han-Latin	𣿣	xiào
Han-Latin	𣿤	yǒu
Han-Latin	𤀃	háo
Han-Latin	𤀉	hàn
Han-Latin	𤀊	kěn
Han-Latin	𤀝	yù
Han-Latin	𤀣	huǎn
Han-Latin	𤀤	suō
Han-Latin	𤀦	là
Han-Latin	𤀨	dòu
Han-Latin	𤀩	jiàn
Han-Latin	𤀪	pō
Han-Latin	𤀫	biǎn
Han-Latin	𤀰	xuè
Han-Latin	𤀲	biàn
Han-Latin	𤀷	wèi
Han-Latin	𤁡	dàn
Han-Latin	𤁢	jié
Han-Latin	𤁣	bài
Han-Latin	𤁥	niǎn
Han-Latin	𤁦	xiàn
Han-Latin	𤁧	sè
Han-Latin	𤁪	huá
Han-Latin	𤁫	chuā
Han-Latin	𤁮	òu
Han-Latin	𤁯	liè
Han-Latin	𤁰	dí
Han-Latin	𤁱	cài
Han-Latin	𤁳	zhá
Han-Latin	𤁵	lǘ
Han-Latin	𤁹	huò
Han-Latin	𤁼	lì
Han-Latin	𤁽	yǐng
Han-Latin	𤁿	wěi
Han-Latin	𤂀	bì
Han-Latin	𤂁	guó
Han-Latin	𤂃	pì
Han-Latin	𤂆	biāo
Han-Latin	𤂠	yǎn
Han-Latin	𤂤	zhuàn
Han-Latin	𤂲	hóng
Han-Latin	𤂶	lìn
Han-Latin	𤂷	è
Han-Latin	𤂹	yǐn
Han-Latin	𤂺	làn
Han-Latin	𤂼	yào
Han-Latin	𤂿	xuàn
Han-Latin	𤃀	lì
Han-Latin	𤃨	làn
Han-Latin	𤃩	líng
Han-Latin	𤃪	xī
Han-Latin	𤃫	hōng
Han-Latin	𤃭	jiǎo
Han-Latin	𤃮	zhuó
Han-Latin	𤃲	zhí
Han-Latin	𤃵	bó
Han-Latin	𤃶	tēng
Han-Latin	𤃷	ǎn
Han-Latin	𤃺	xún
Han-Latin	𤃻	lěi
Han-Latin	𤃼	zāng
Han-Latin	𤃽	huǐ
Han-Latin	𤄎	xì
Han-Latin	𤄏	hóng
Han-Latin	𤄑	fàn
Han-Latin	𤄒	jiǎn
Han-Latin	𤄓	cóng
Han-Latin	𤄔	zá
Han-Latin	𤄖	cā
Han-Latin	𤄘	yōu
Han-Latin	𤄛	duì
Han-Latin	𤄜	pān
Han-Latin	𤄥	tà
Han-Latin	𤄧	pàn
Han-Latin	𤄫	fān
Han-Latin	𤄬	xī
Han-Latin	𤄶	yào
Han-Latin	𤄷	luó
Han-Latin	𤄺	biān
Han-Latin	𤄼	jìn
Han-Latin	𤄽	lì
Han-Latin	𤅊	yàn
Han-Latin	𤅋	dòu
Han-Latin	𤅎	màn
Han-Latin	𤅐	gōng
Han-Latin	𤅑	rǎng
Han-Latin	𤅒	càn
Han-Latin	𤅣	mén
Han-Latin	𤅱	gǔ
Han-Latin	𤅲	shuàn
Han-Latin	𤅸	yán
Han-Latin	𤅹	bì
Han-Latin	𤆀	biāo
Han-Latin	𤆁	chéng
Han-Latin	𤆂	kuì
Han-Latin	𤆄	huǒ
Han-Latin	𤆍	chì
Han-Latin	𤆏	wò
Han-Latin	𤆑	còu
Han-Latin	𤆒	zhì
Han-Latin	𤆙	shuǐ
Han-Latin	𤆜	guà
Han-Latin	𤆝	pū
Han-Latin	𤆞	xù
Han-Latin	𤆟	sī
Han-Latin	𤆡	wǔ
Han-Latin	𤆢	lún
Han-Latin	𤆮	fū
Han-Latin	𤆰	shì
Han-Latin	𤆳	huì
Han-Latin	𤆴	huāng
Han-Latin	𤆵	pā
Han-Latin	𤆼	zhǔ
Han-Latin	𤆾	yí
Han-Latin	𤇃	lì
Han-Latin	𤇄	shǎn
Han-Latin	𤇜	mín
Han-Latin	𤇞	gē
Han-Latin	𤇠	hū
Han-Latin	𤇭	lóng
Han-Latin	𤇯	ēn
Han-Latin	𤇰	fá
Han-Latin	𤇳	xù
Han-Latin	𤇴	yí
Han-Latin	𤇾	yìng
Han-Latin	𤈔	chí
Han-Latin	𤈙	yí
Han-Latin	𤈥	dí
Han-Latin	𤈦	huǐ
Han-Latin	𤈧	hé
Han-Latin	𤈩	zhǎ
Han-Latin	𤈶	yún
Han-Latin	𤈷	xiān
Han-Latin	𤉌	xián
Han-Latin	𤉍	lào
Han-Latin	𤉎	shào
Han-Latin	𤉏	shì
Han-Latin	𤉐	zhuó
Han-Latin	𤉤	biē
Han-Latin	𤉥	jiǔ
Han-Latin	𤉦	wō
Han-Latin	𤉧	jiǎo
Han-Latin	𤉨	fú
Han-Latin	𤉪	xiāng
Han-Latin	𤉫	kài
Han-Latin	𤊲	nǎo
Han-Latin	𤊴	huò
Han-Latin	𤊵	jí
Han-Latin	𤊶	là
Han-Latin	𤊻	fōu
Han-Latin	𤊼	shǎn
Han-Latin	𤊽	liào
Han-Latin	𤊾	miè
Han-Latin	𤊿	chè
Han-Latin	𤋂	mó
Han-Latin	𤋏	lóu
Han-Latin	𤋨	duò
Han-Latin	𤋫	nǎo
Han-Latin	𤋭	jī
Han-Latin	𤋰	zhù
Han-Latin	𤌂	sù
Han-Latin	𤌃	duò
Han-Latin	𤌇	jiǒng
Han-Latin	𤌊	zǎi
Han-Latin	𤌋	huǐ
Han-Latin	𤌌	yǐng
Han-Latin	𤌍	hú
Han-Latin	𤌎	lìn
Han-Latin	𤌏	wěng
Han-Latin	𤌐	hàn
Han-Latin	𤌔	nán
Han-Latin	𤌷	xì
Han-Latin	𤌹	gàn
Han-Latin	𤌾	hè
Han-Latin	𤌿	jī
Han-Latin	𤍀	xiǎng
Han-Latin	𤍁	shā
Han-Latin	𤍐	tuì
Han-Latin	𤍒	zhāo
Han-Latin	𤍓	shù
Han-Latin	𤍕	yǒu
Han-Latin	𤍖	jiān
Han-Latin	𤍜	zào
Han-Latin	𤍠	rè
Han-Latin	𤍤	zhāng
Han-Latin	𤍽	ruò
Han-Latin	𤎄	yān
Han-Latin	𤎋	cuì
Han-Latin	𤎗	jí
Han-Latin	𤎘	shāng
Han-Latin	𤎣	è
Han-Latin	𤎤	láo
Han-Latin	𤎥	tǎn
Han-Latin	𤎧	zhù
Han-Latin	𤎭	lǐn
Han-Latin	𤎯	zēng
Han-Latin	𤎱	juǎn
Han-Latin	𤎲	hū
Han-Latin	𤎻	xiāo
Han-Latin	𤏗	shěn
Han-Latin	𤏘	huò
Han-Latin	𤏜	kuì
Han-Latin	𤏱	chù
Han-Latin	𤏲	zhòu
Han-Latin	𤏶	āo
Han-Latin	𤏸	zhuó
Han-Latin	𤏽	xīng
Han-Latin	𤏿	miè
Han-Latin	𤐀	hū
Han-Latin	𤐔	tán
Han-Latin	𤐙	bì
Han-Latin	𤐣	dǐng
Han-Latin	𤐩	kài
Han-Latin	𤐫	biāo
Han-Latin	𤐰	huò
Han-Latin	𤐱	liè
Han-Latin	𤐲	cuàn
Han-Latin	𤑃	xiàn
Han-Latin	𤑄	rè
Han-Latin	𤑓	yuè
Han-Latin	𤑕	xūn
Han-Latin	𤑗	liǎo
Han-Latin	𤑣	shā
Han-Latin	𤑦	shì
Han-Latin	𤑪	xiè
Han-Latin	𤑳	xiāo
Han-Latin	𤑷	yé
Han-Latin	𤑸	lǎn
Han-Latin	𤑹	yì
Han-Latin	𤑿	liǎn
Han-Latin	𤒔	bó
Han-Latin	𤒕	cāo
Han-Latin	𤒝	yào
Han-Latin	𤒦	liàn
Han-Latin	𤒻	tà
Han-Latin	𤓑	jì
Han-Latin	𤓔	xī
Han-Latin	𤓕	zhì
Han-Latin	𤓚	xī
Han-Latin	𤓝	yuè
Han-Latin	𤓤	xiǎn
Han-Latin	𤓦	zhuò
Han-Latin	𤓯	zhǎng
Han-Latin	𤓵	zǔ
Han-Latin	𤓷	ná
Han-Latin	𤓾	dào
Han-Latin	𤓿	liè
Han-Latin	𤔀	ná
Han-Latin	𤔉	páo
Han-Latin	𤔋	jù
Han-Latin	𤔔	luàn
Han-Latin	𤔖	luǒ
Han-Latin	𤔙	shuǎ
Han-Latin	𤔚	shàng
Han-Latin	𤔝	luǒ
Han-Latin	𤔟	fēn
Han-Latin	𤔣	bào
Han-Latin	𤔨	lì
Han-Latin	𤔫	xiòng
Han-Latin	𤔶	dāng
Han-Latin	𤕀	chèng
Han-Latin	𤕄	zhǎng
Han-Latin	𤕇	sǒu
Han-Latin	𤕊	shén
Han-Latin	𤕒	gě
Han-Latin	𤕘	yū
Han-Latin	𤕚	huī
Han-Latin	𤕛	chè
Han-Latin	𤕝	jiào
Han-Latin	𤕞	zhù
Han-Latin	𤕟	shū
Han-Latin	𤕢	xiáo
Han-Latin	𤕦	níng
Han-Latin	𤕭	jiāng
Han-Latin	𤕯	jiāng
Han-Latin	𤕷	diào
Han-Latin	𤕽	qiáng
Han-Latin	𤕾	qiú
Han-Latin	𤖀	fēng
Han-Latin	𤖆	zhàn
Han-Latin	𤖇	kē
Han-Latin	𤖒	dié
Han-Latin	𤖓	zé
Han-Latin	𤖖	guāng
Han-Latin	𤖗	sè
Han-Latin	𤖘	fèn
Han-Latin	𤖛	jiǎng
Han-Latin	𤖝	yán
Han-Latin	𤖞	zhì
Han-Latin	𤖢	lì
Han-Latin	𤖦	líng
Han-Latin	𤖪	yí
Han-Latin	𤖬	qǔ
Han-Latin	𤖭	pán
Han-Latin	𤖮	gōu
Han-Latin	𤖰	jiǎ
Han-Latin	𤖱	hé
Han-Latin	𤖳	pèng
Han-Latin	𤖵	jù
Han-Latin	𤖷	chè
Han-Latin	𤖺	liè
Han-Latin	𤖻	shì
Han-Latin	𤖼	pò
Han-Latin	𤖽	xiàng
Han-Latin	𤖿	pì
Han-Latin	𤗀	luǒ
Han-Latin	𤗁	cù
Han-Latin	𤗃	yǔ
Han-Latin	𤗇	kòng
Han-Latin	𤗈	xiè
Han-Latin	𤗍	wǎn
Han-Latin	𤗎	yǎn
Han-Latin	𤗏	péi
Han-Latin	𤗓	chéng
Han-Latin	𤗘	tí
Han-Latin	𤗙	chè
Han-Latin	𤗚	bì
Han-Latin	𤗛	liàn
Han-Latin	𤗜	jiǎ
Han-Latin	𤗞	tíng
Han-Latin	𤗢	tī
Han-Latin	𤗨	dié
Han-Latin	𤗪	shù
Han-Latin	𤗫	lí
Han-Latin	𤗬	lǘ
Han-Latin	𤗭	xiā
Han-Latin	𤗯	cuī
Han-Latin	𤗳	bō
Han-Latin	𤗴	tuí
Han-Latin	𤗵	pú
Han-Latin	𤗷	lìn
Han-Latin	𤗸	fèn
Han-Latin	𤗺	bó
Han-Latin	𤗻	chàn
Han-Latin	𤗾	dāng
Han-Latin	𤗿	tǎi
Han-Latin	𤘀	dào
Han-Latin	𤘃	lì
Han-Latin	𤘅	yá
Han-Latin	𤘆	yá
Han-Latin	𤘇	zhān
Han-Latin	𤘊	yí
Han-Latin	𤘌	qī
Han-Latin	𤘔	hù
Han-Latin	𤘖	tīng
Han-Latin	𤘘	kǒu
Han-Latin	𤘛	chún
Han-Latin	𤘜	yóu
Han-Latin	𤘝	fèn
Han-Latin	𤘟	nuó
Han-Latin	𤘠	tiàn
Han-Latin	𤘡	jìn
Han-Latin	𤘢	pí
Han-Latin	𤘣	chén
Han-Latin	𤘤	pì
Han-Latin	𤘦	jiè
Han-Latin	𤘧	guǐ
Han-Latin	𤘲	zhuàng
Han-Latin	𤘵	hú
Han-Latin	𤘶	chǒu
Han-Latin	𤘷	shù
Han-Latin	𤘸	tāo
Han-Latin	𤘹	pí
Han-Latin	𤘺	rǒng
Han-Latin	𤘻	rǒng
Han-Latin	𤘽	hǒu
Han-Latin	𤘾	pēng
Han-Latin	𤙅	bài
Han-Latin	𤙇	xiá
Han-Latin	𤙋	qǐn
Han-Latin	𤙌	nǐ
Han-Latin	𤙎	tāo
Han-Latin	𤙏	qù
Han-Latin	𤙒	xié
Han-Latin	𤙔	zhào
Han-Latin	𤙕	huā
Han-Latin	𤙖	xīn
Han-Latin	𤙘	shōu
Han-Latin	𤙛	tú
Han-Latin	𤙝	liáng
Han-Latin	𤙞	bì
Han-Latin	𤙟	chū
Han-Latin	𤙡	xīng
Han-Latin	𤙣	xīn
Han-Latin	𤙤	fū
Han-Latin	𤙩	jiè
Han-Latin	𤙭	fǔ
Han-Latin	𤙯	láo
Han-Latin	𤙰	tè
Han-Latin	𤙱	shè
Han-Latin	𤙴	chāo
Han-Latin	𤙵	chuī
Han-Latin	𤙼	rán
Han-Latin	𤙽	hǒu
Han-Latin	𤙾	bēng
Han-Latin	𤚀	cǎi
Han-Latin	𤚅	mú
Han-Latin	𤚉	xū
Han-Latin	𤚊	dié
Han-Latin	𤚍	chǎn
Han-Latin	𤚎	yú
Han-Latin	𤚏	zhòng
Han-Latin	𤚓	lí
Han-Latin	𤚔	shōu
Han-Latin	𤚚	dú
Han-Latin	𤚜	māo
Han-Latin	𤚝	huáng
Han-Latin	𤚟	táo
Han-Latin	𤚡	dù
Han-Latin	𤚢	tí
Han-Latin	𤚣	shēng
Han-Latin	𤚤	méi
Han-Latin	𤚨	zhēn
Han-Latin	𤚩	qín
Han-Latin	𤚪	pì
Han-Latin	𤚫	táng
Han-Latin	𤚬	cāng
Han-Latin	𤚭	yáo
Han-Latin	𤚯	xiù
Han-Latin	𤚰	bāng
Han-Latin	𤚱	gǔ
Han-Latin	𤚵	bù
Han-Latin	𤚼	gòu
Han-Latin	𤚽	bó
Han-Latin	𤛁	wèn
Han-Latin	𤛄	jì
Han-Latin	𤛊	lā
Han-Latin	𤛍	cuī
Han-Latin	𤛎	mǐn
Han-Latin	𤛏	cǔ
Han-Latin	𤛐	ōu
Han-Latin	𤛑	yōng
Han-Latin	𤛖	máo
Han-Latin	𤛗	kè
Han-Latin	𤛘	māng
Han-Latin	𤛙	dǐng
Han-Latin	𤛚	huān
Han-Latin	𤛛	duǒ
Han-Latin	𤛜	jiāng
Han-Latin	𤛝	sù
Han-Latin	𤛢	céng
Han-Latin	𤛣	tà
Han-Latin	𤛥	huáng
Han-Latin	𤛦	jué
Han-Latin	𤛧	xún
Han-Latin	𤛪	xiòng
Han-Latin	𤛬	mì
Han-Latin	𤛭	qún
Han-Latin	𤛮	láo
Han-Latin	𤛱	zhì
Han-Latin	𤛲	wěi
Han-Latin	𤛷	sè
Han-Latin	𤛻	zāng
Han-Latin	𤜁	ǎn
Han-Latin	𤜂	wèi
Han-Latin	𤜄	huài
Han-Latin	𤜇	zhàn
Han-Latin	𤜉	yīng
Han-Latin	𤜊	gē
Han-Latin	𤜋	huì
Han-Latin	𤜍	quán
Han-Latin	𤜓	liè
Han-Latin	𤜔	jú
Han-Latin	𤜕	bà
Han-Latin	𤜖	léi
Han-Latin	𤜘	mán
Han-Latin	𤜙	líng
Han-Latin	𤜜	lì
Han-Latin	𤜝	jǐ
Han-Latin	𤜡	huí
Han-Latin	𤜢	xìn
Han-Latin	𤜣	shì
Han-Latin	𤜤	zhé
Han-Latin	𤜧	bō
Han-Latin	𤜫	chā
Han-Latin	𤜯	chā
Han-Latin	𤜰	jīng
Han-Latin	𤜱	bā
Han-Latin	𤜲	bèi
Han-Latin	𤜵	yàn
Han-Latin	𤜷	hù
Han-Latin	𤜹	yú
Han-Latin	𤜻	bì
Han-Latin	𤜼	chuán
Han-Latin	𤜾	jǐ
Han-Latin	𤝂	mù
Han-Latin	𤝄	máo
Han-Latin	𤝅	zhōng
Han-Latin	𤝇	yè
Han-Latin	𤝈	dōu
Han-Latin	𤝉	yě
Han-Latin	𤝍	rì
Han-Latin	𤝎	yīn
Han-Latin	𤝐	hào
Han-Latin	𤝒	nà
Han-Latin	𤝓	tiè
Han-Latin	𤝔	fù
Han-Latin	𤝕	mǔ
Han-Latin	𤝖	zǎi
Han-Latin	𤝘	hú
Han-Latin	𤝚	chēn
Han-Latin	𤝛	tuó
Han-Latin	𤝞	chù
Han-Latin	𤝟	fú
Han-Latin	𤝢	zé
Han-Latin	𤝧	bào
Han-Latin	𤝬	dǐ
Han-Latin	𤝭	cǎi
Han-Latin	𤝮	lù
Han-Latin	𤝯	pǒ
Han-Latin	𤝰	dá
Han-Latin	𤝱	yè
Han-Latin	𤝳	yǐ
Han-Latin	𤝷	xiáng
Han-Latin	𤝸	bī
Han-Latin	𤝹	zhū
Han-Latin	𤝻	yí
Han-Latin	𤝽	lǜ
Han-Latin	𤝿	kuāng
Han-Latin	𤞂	zhì
Han-Latin	𤞃	huì
Han-Latin	𤞇	wá
Han-Latin	𤞈	dī
Han-Latin	𤞉	shù
Han-Latin	𤞊	liè
Han-Latin	𤞋	zǎo
Han-Latin	𤞌	zhì
Han-Latin	𤞍	náo
Han-Latin	𤞗	chái
Han-Latin	𤞚	xiāo
Han-Latin	𤞛	zàng
Han-Latin	𤞞	yù
Han-Latin	𤞟	dòu
Han-Latin	𤞠	chà
Han-Latin	𤞡	xié
Han-Latin	𤞢	yáng
Han-Latin	𤞤	xiǎn
Han-Latin	𤞥	bǎo
Han-Latin	𤞮	zhāi
Han-Latin	𤞰	qiú
Han-Latin	𤞲	hú
Han-Latin	𤞳	zài
Han-Latin	𤞴	jué
Han-Latin	𤞶	hān
Han-Latin	𤞿	àn
Han-Latin	𤟀	zào
Han-Latin	𤟃	shà
Han-Latin	𤟅	xiàn
Han-Latin	𤟆	chǐ
Han-Latin	𤟇	yǎn
Han-Latin	𤟉	àn
Han-Latin	𤟍	zhé
Han-Latin	𤟎	jué
Han-Latin	𤟑	lì
Han-Latin	𤟓	lè
Han-Latin	𤟖	cǎi
Han-Latin	𤟘	lù
Han-Latin	𤟚	jiā
Han-Latin	𤟝	xià
Han-Latin	𤟞	xiào
Han-Latin	𤟟	yān
Han-Latin	𤟠	xū
Han-Latin	𤟢	dùn
Han-Latin	𤟣	yíng
Han-Latin	𤟤	huī
Han-Latin	𤟥	tí
Han-Latin	𤟦	nóu
Han-Latin	𤟧	xǐ
Han-Latin	𤟪	tú
Han-Latin	𤟷	wāi
Han-Latin	𤟸	chēn
Han-Latin	𤟼	hōng
Han-Latin	𤟾	tí
Han-Latin	𤟿	xuān
Han-Latin	𤠀	zá
Han-Latin	𤠇	gé
Han-Latin	𤠋	lóu
Han-Latin	𤠌	chái
Han-Latin	𤠍	pán
Han-Latin	𤠎	jí
Han-Latin	𤠐	tà
Han-Latin	𤠓	xī
Han-Latin	𤠖	xiāo
Han-Latin	𤠘	sāo
Han-Latin	𤠙	jiā
Han-Latin	𤠚	sù
Han-Latin	𤠛	huāng
Han-Latin	𤠝	cuō
Han-Latin	𤠟	tà
Han-Latin	𤠠	shuāi
Han-Latin	𤠪	fú
Han-Latin	𤠫	lì
Han-Latin	𤠭	shè
Han-Latin	𤠯	táng
Han-Latin	𤠶	diān
Han-Latin	𤠺	bì
Han-Latin	𤠼	gòu
Han-Latin	𤠽	cù
Han-Latin	𤠿	qiān
Han-Latin	𤡂	léi
Han-Latin	𤡃	sù
Han-Latin	𤡆	zòng
Han-Latin	𤡇	hāo
Han-Latin	𤡏	chì
Han-Latin	𤡐	cáo
Han-Latin	𤡓	wò
Han-Latin	𤡔	xiāo
Han-Latin	𤡕	liè
Han-Latin	𤡖	yān
Han-Latin	𤡝	bì
Han-Latin	𤡟	huàn
Han-Latin	𤡡	xī
Han-Latin	𤡢	chī
Han-Latin	𤡣	xū
Han-Latin	𤡤	náo
Han-Latin	𤡥	yán
Han-Latin	𤡧	xiè
Han-Latin	𤡨	zhá
Han-Latin	𤡪	suì
Han-Latin	𤡬	xì
Han-Latin	𤡭	bēng
Han-Latin	𤡮	rán
Han-Latin	𤡯	shuò
Han-Latin	𤡰	bān
Han-Latin	𤡱	guì
Han-Latin	𤡲	kāi
Han-Latin	𤡳	chēn
Han-Latin	𤡶	xù
Han-Latin	𤡾	è
Han-Latin	𤡿	lì
Han-Latin	𤢀	xī
Han-Latin	𤢁	huàn
Han-Latin	𤢂	sù
Han-Latin	𤢄	chǎng
Han-Latin	𤢊	lù
Han-Latin	𤢋	yán
Han-Latin	𤢎	dāng
Han-Latin	𤢏	dǎn
Han-Latin	𤢐	yāng
Han-Latin	𤢒	zhǎi
Han-Latin	𤢓	jù
Han-Latin	𤢕	duó
Han-Latin	𤢖	sāo
Han-Latin	𤢗	lái
Han-Latin	𤢘	sù
Han-Latin	𤢟	zé
Han-Latin	𤢣	bì
Han-Latin	𤢦	yìn
Han-Latin	𤢨	hāo
Han-Latin	𤢪	liè
Han-Latin	𤢭	háo
Han-Latin	𤢮	yáng
Han-Latin	𤢴	shuò
Han-Latin	𤢵	ài
Han-Latin	𤢶	qióng
Han-Latin	𤢹	lěi
Han-Latin	𤢺	xié
Han-Latin	𤢼	shì
Han-Latin	𤣃	lǔ
Han-Latin	𤣅	què
Han-Latin	𤣆	lián
Han-Latin	𤣌	xiào
Han-Latin	𤣎	yīng
Han-Latin	𤣑	xié
Han-Latin	𤣘	líng
Han-Latin	𤣙	yōu
Han-Latin	𤣞	dǎng
Han-Latin	𤣟	lǎn
Han-Latin	𤣠	xiāo
Han-Latin	𤣨	yì
Han-Latin	𤣬	wū
Han-Latin	𤣮	yì
Han-Latin	𤣯	tuō
Han-Latin	𤣰	bǔ
Han-Latin	𤣲	xìn
Han-Latin	𤣵	sī
Han-Latin	𤣶	jīn
Han-Latin	𤣸	bā
Han-Latin	𤣹	fǎ
Han-Latin	𤣻	mò
Han-Latin	𤣼	ruò
Han-Latin	𤤊	dà
Han-Latin	𤤋	jì
Han-Latin	𤤐	sù
Han-Latin	𤤑	qióng
Han-Latin	𤤒	bā
Han-Latin	𤤦	tián
Han-Latin	𤤧	yóu
Han-Latin	𤤩	tuó
Han-Latin	𤤫	wài
Han-Latin	𤤬	yòu
Han-Latin	𤤮	dōng
Han-Latin	𤤱	xǐ
Han-Latin	𤤲	kǒng
Han-Latin	𤤶	qióng
Han-Latin	𤤷	duī
Han-Latin	𤤸	duò
Han-Latin	𤤺	yì
Han-Latin	𤥒	xī
Han-Latin	𤥓	qīn
Han-Latin	𤥔	sù
Han-Latin	𤥗	liú
Han-Latin	𤥙	wán
Han-Latin	𤥭	chē
Han-Latin	𤥮	zhū
Han-Latin	𤥰	mào
Han-Latin	𤥷	quán
Han-Latin	𤥽	yū
Han-Latin	𤥿	yì
Han-Latin	𤦀	mí
Han-Latin	𤦃	lái
Han-Latin	𤦄	zhì
Han-Latin	𤦤	ní
Han-Latin	𤦦	bān
Han-Latin	𤦪	dōng
Han-Latin	𤦮	zhì
Han-Latin	𤧕	yì
Han-Latin	𤧘	líng
Han-Latin	𤧙	yú
Han-Latin	𤧚	cōng
Han-Latin	𤧛	dì
Han-Latin	𤧜	zhì
Han-Latin	𤧠	ruǎn
Han-Latin	𤧣	jiàn
Han-Latin	𤧩	wàn
Han-Latin	𤧫	jìn
Han-Latin	𤧭	páng
Han-Latin	𤨍	lù
Han-Latin	𤨎	qú
Han-Latin	𤨐	xǐ
Han-Latin	𤨑	dá
Han-Latin	𤨖	hù
Han-Latin	𤨗	luǒ
Han-Latin	𤨙	lè
Han-Latin	𤨶	gǒng
Han-Latin	𤨻	lìng
Han-Latin	𤩂	láo
Han-Latin	𤩄	zhuàn
Han-Latin	𤩨	zǎo
Han-Latin	𤩩	hào
Han-Latin	𤩪	xiàng
Han-Latin	𤩭	hào
Han-Latin	𤩮	lì
Han-Latin	𤩱	diàn
Han-Latin	𤩲	gé
Han-Latin	𤩽	huán
Han-Latin	𤪄	è
Han-Latin	𤪆	xiá
Han-Latin	𤪋	jiān
Han-Latin	𤪌	qí
Han-Latin	𤪍	xiá
Han-Latin	𤪎	yǒu
Han-Latin	𤪡	zhēng
Han-Latin	𤪪	zhuàn
Han-Latin	𤪮	chàn
Han-Latin	𤫉	xiè
Han-Latin	𤫕	náo
Han-Latin	𤫝	jì
Han-Latin	𤫞	tián
Han-Latin	𤫣	yǎn
Han-Latin	𤫧	hǎo
Han-Latin	𤫨	xín
Han-Latin	𤫩	líng
Han-Latin	𤫫	bān
Han-Latin	𤫬	běng
Han-Latin	𤫱	gōu
Han-Latin	𤫲	líng
Han-Latin	𤫵	kuò
Han-Latin	𤫶	qià
Han-Latin	𤫷	jiào
Han-Latin	𤫹	ēn
Han-Latin	𤫺	yáo
Han-Latin	𤫻	dū
Han-Latin	𤬁	huǒ
Han-Latin	𤬂	dǔ
Han-Latin	𤬃	pēi
Han-Latin	𤬌	yuán
Han-Latin	𤬏	lóu
Han-Latin	𤬐	xíng
Han-Latin	𤬓	lián
Han-Latin	𤬔	yáo
Han-Latin	𤬕	xī
Han-Latin	𤬖	yáo
Han-Latin	𤬘	xī
Han-Latin	𤬛	lú
Han-Latin	𤬝	yàn
Han-Latin	𤬠	quán
Han-Latin	𤬥	ráng
Han-Latin	𤬦	wà
Han-Latin	𤬧	zú
Han-Latin	𤬨	fàn
Han-Latin	𤬩	yì
Han-Latin	𤬪	dù
Han-Latin	𤬫	suì
Han-Latin	𤬭	pī
Han-Latin	𤬯	hán
Han-Latin	𤬱	xù
Han-Latin	𤬳	gǒng
Han-Latin	𤬵	dì
Han-Latin	𤬷	nà
Han-Latin	𤬾	duò
Han-Latin	𤬿	wā
Han-Latin	𤭂	niè
Han-Latin	𤭈	diào
Han-Latin	𤭉	huāng
Han-Latin	𤭌	tí
Han-Latin	𤭍	fàn
Han-Latin	𤭑	wú
Han-Latin	𤭒	áng
Han-Latin	𤭔	píng
Han-Latin	𤭙	hán
Han-Latin	𤭛	gāng
Han-Latin	𤭜	lí
Han-Latin	𤭞	dūn
Han-Latin	𤭟	fù
Han-Latin	𤭠	nà
Han-Latin	𤭢	cèi
Han-Latin	𤭧	jiē
Han-Latin	𤭩	qìng
Han-Latin	𤭫	yīng
Han-Latin	𤭬	xiáng
Han-Latin	𤭱	hú
Han-Latin	𤭴	sù
Han-Latin	𤭻	gē
Han-Latin	𤭼	è
Han-Latin	𤭽	xù
Han-Latin	𤮆	xī
Han-Latin	𤮊	kāng
Han-Latin	𤮋	guó
Han-Latin	𤮌	jiē
Han-Latin	𤮍	chuán
Han-Latin	𤮎	léi
Han-Latin	𤮏	héng
Han-Latin	𤮐	zūn
Han-Latin	𤮕	piè
Han-Latin	𤮘	dēng
Han-Latin	𤮙	xī
Han-Latin	𤮚	léi
Han-Latin	𤮜	shàn
Han-Latin	𤮧	lú
Han-Latin	𤮩	duì
Han-Latin	𤮪	jùn
Han-Latin	𤮭	chàn
Han-Latin	𤮯	xié
Han-Latin	𤮰	wā
Han-Latin	𤮱	zhé
Han-Latin	𤮳	zhuān
Han-Latin	𤮷	liù
Han-Latin	𤮸	léi
Han-Latin	𤮼	dài
Han-Latin	𤮽	gān
Han-Latin	𤯄	shì
Han-Latin	𤯇	yǎn
Han-Latin	𤯌	gān
Han-Latin	𤯐	yán
Han-Latin	𤯖	suī
Han-Latin	𤯚	zhōng
Han-Latin	𤯜	shì
Han-Latin	𤯡	shèng
Han-Latin	𤯥	chǎn
Han-Latin	𤯷	huáng
Han-Latin	𤯸	yìn
Han-Latin	𤯻	měng
Han-Latin	𤰂	ráng
Han-Latin	𤰅	xiáng
Han-Latin	𤰈	bèi
Han-Latin	𤰌	chuán
Han-Latin	𤰑	pú
Han-Latin	𤰙	kē
Han-Latin	𤰚	lā
Han-Latin	𤰝	quǎn
Han-Latin	𤰟	hàng
Han-Latin	𤰠	chì
Han-Latin	𤰡	máng
Han-Latin	𤰦	zhà
Han-Latin	𤰪	fèn
Han-Latin	𤰬	chào
Han-Latin	𤰳	jǐng
Han-Latin	𤱃	liè
Han-Latin	𤱅	nà
Han-Latin	𤱆	nà
Han-Latin	𤱇	tóng
Han-Latin	𤱋	rán
Han-Latin	𤱌	zǔ
Han-Latin	𤱍	pī
Han-Latin	𤱎	yǒu
Han-Latin	𤱐	shū
Han-Latin	𤱛	liè
Han-Latin	𤱜	shōu
Han-Latin	𤱝	tuǎn
Han-Latin	𤱟	gǎo
Han-Latin	𤱠	sháo
Han-Latin	𤱡	tuó
Han-Latin	𤱣	nán
Han-Latin	𤱧	tuǒ
Han-Latin	𤱨	gōng
Han-Latin	𤱩	diào
Han-Latin	𤱴	měng
Han-Latin	𤱵	bāng
Han-Latin	𤱷	xié
Han-Latin	𤱸	sì
Han-Latin	𤱹	tǐng
Han-Latin	𤱺	guì
Han-Latin	𤱽	fú
Han-Latin	𤱾	guì
Han-Latin	𤲉	guì
Han-Latin	𤲑	zhǔ
Han-Latin	𤲓	lái
Han-Latin	𤲕	lǔn
Han-Latin	𤲖	tiǎn
Han-Latin	𤲗	rǎn
Han-Latin	𤲚	dōng
Han-Latin	𤲨	juàn
Han-Latin	𤲩	yán
Han-Latin	𤲬	ruán
Han-Latin	𤲭	dǎn
Han-Latin	𤲰	mào
Han-Latin	𤲶	luán
Han-Latin	𤲸	xù
Han-Latin	𤲺	xī
Han-Latin	𤳂	má
Han-Latin	𤳃	qī
Han-Latin	𤳅	chà
Han-Latin	𤳈	shāng
Han-Latin	𤳉	hàn
Han-Latin	𤳊	píng
Han-Latin	𤳎	jī
Han-Latin	𤳓	lì
Han-Latin	𤳕	yù
Han-Latin	𤳖	bān
Han-Latin	𤳘	tēng
Han-Latin	𤳝	chóu
Han-Latin	𤳠	chóu
Han-Latin	𤳤	qī
Han-Latin	𤳥	xī
Han-Latin	𤳦	bèi
Han-Latin	𤳪	yè
Han-Latin	𤳭	guǎng
Han-Latin	𤳯	zhù
Han-Latin	𤳳	léi
Han-Latin	𤳴	léi
Han-Latin	𤳵	chā
Han-Latin	𤴀	guǎng
Han-Latin	𤴍	dié
Han-Latin	𤴓	yǎ
Han-Latin	𤴘	niè
Han-Latin	𤴙	shū
Han-Latin	𤴛	zhì
Han-Latin	𤴟	zhì
Han-Latin	𤴢	zhì
Han-Latin	𤴣	pǐ
Han-Latin	𤴥	jiū
Han-Latin	𤴦	jiū
Han-Latin	𤴧	yì
Han-Latin	𤴨	yòu
Han-Latin	𤴪	jiū
Han-Latin	𤴯	huàn
Han-Latin	𤴱	dù
Han-Latin	𤴻	táo
Han-Latin	𤴼	qiè
Han-Latin	𤴽	qín
Han-Latin	𤴾	xìn
Han-Latin	𤴿	chān
Han-Latin	𤵀	jì
Han-Latin	𤵂	qìn
Han-Latin	𤵊	dù
Han-Latin	𤵋	zhī
Han-Latin	𤵎	ǒu
Han-Latin	𤵐	wù
Han-Latin	𤵒	wén
Han-Latin	𤵘	bì
Han-Latin	𤵛	bēi
Han-Latin	𤵝	mǔ
Han-Latin	𤵞	jìn
Han-Latin	𤵟	táo
Han-Latin	𤵠	liáo
Han-Latin	𤵥	cáo
Han-Latin	𤵦	zhá
Han-Latin	𤵬	chǐ
Han-Latin	𤵭	yā
Han-Latin	𤵮	kuí
Han-Latin	𤵯	yìn
Han-Latin	𤵸	lóng
Han-Latin	𤵹	qià
Han-Latin	𤵻	hāng
Han-Latin	𤵼	shàng
Han-Latin	𤵽	hài
Han-Latin	𤵾	chā
Han-Latin	𤶀	jiǎo
Han-Latin	𤶁	lǎo
Han-Latin	𤶈	xī
Han-Latin	𤶊	guì
Han-Latin	𤶋	bó
Han-Latin	𤶓	zhǐ
Han-Latin	𤶕	tùn
Han-Latin	𤶖	fú
Han-Latin	𤶘	hū
Han-Latin	𤶚	niè
Han-Latin	𤶛	yì
Han-Latin	𤶜	zhuàng
Han-Latin	𤶠	chá
Han-Latin	𤶤	suān
Han-Latin	𤶧	yùn
Han-Latin	𤶮	dù
Han-Latin	𤶰	xī
Han-Latin	𤶱	chuàn
Han-Latin	𤶲	xíng
Han-Latin	𤶳	jiǎo
Han-Latin	𤶴	shēn
Han-Latin	𤷀	wāng
Han-Latin	𤷁	bēi
Han-Latin	𤷂	féi
Han-Latin	𤷃	jiàn
Han-Latin	𤷄	quán
Han-Latin	𤷅	yì
Han-Latin	𤷆	dōng
Han-Latin	𤷇	xù
Han-Latin	𤷈	nà
Han-Latin	𤷉	jí
Han-Latin	𤷌	zhěn
Han-Latin	𤷍	qí
Han-Latin	𤷎	duī
Han-Latin	𤷏	yín
Han-Latin	𤷑	jiù
Han-Latin	𤷒	pí
Han-Latin	𤷓	xìn
Han-Latin	𤷔	lún
Han-Latin	𤷕	cǎi
Han-Latin	𤷖	lìng
Han-Latin	𤷗	biē
Han-Latin	𤷘	dào
Han-Latin	𤷙	dé
Han-Latin	𤷟	la
Han-Latin	𤷡	xī
Han-Latin	𤷢	jù
Han-Latin	𤷤	xiáo
Han-Latin	𤷦	jīng
Han-Latin	𤷹	wài
Han-Latin	𤷻	nǎo
Han-Latin	𤷼	xiāng
Han-Latin	𤷽	què
Han-Latin	𤷾	qiè
Han-Latin	𤷿	tū
Han-Latin	𤸀	xǔ
Han-Latin	𤸁	huì
Han-Latin	𤸅	mín
Han-Latin	𤸆	wěi
Han-Latin	𤸈	yóu
Han-Latin	𤸉	tuí
Han-Latin	𤸊	dài
Han-Latin	𤸎	kě
Han-Latin	𤸏	nà
Han-Latin	𤸑	fù
Han-Latin	𤸒	yù
Han-Latin	𤸓	zhǐ
Han-Latin	𤸕	hān
Han-Latin	𤸖	āi
Han-Latin	𤸗	fù
Han-Latin	𤸡	yāng
Han-Latin	𤸤	shí
Han-Latin	𤸦	chán
Han-Latin	𤸪	chì
Han-Latin	𤸫	yùn
Han-Latin	𤸬	shuāi
Han-Latin	𤸮	sù
Han-Latin	𤸯	sǎng
Han-Latin	𤸱	è
Han-Latin	𤸲	zhěng
Han-Latin	𤸳	ái
Han-Latin	𤸴	suǒ
Han-Latin	𤸵	bù
Han-Latin	𤸷	qún
Han-Latin	𤸸	yì
Han-Latin	𤸹	yǎn
Han-Latin	𤸻	nà
Han-Latin	𤸼	wǔ
Han-Latin	𤹇	lì
Han-Latin	𤹈	lì
Han-Latin	𤹊	xī
Han-Latin	𤹋	jué
Han-Latin	𤹌	shī
Han-Latin	𤹎	yǎ
Han-Latin	𤹛	chén
Han-Latin	𤹜	yíng
Han-Latin	𤹝	bì
Han-Latin	𤹞	chè
Han-Latin	𤹡	zhā
Han-Latin	𤹢	tuǒ
Han-Latin	𤹣	hù
Han-Latin	𤹤	téng
Han-Latin	𤹥	yìng
Han-Latin	𤹦	bǐ
Han-Latin	𤹧	níng
Han-Latin	𤹨	liàn
Han-Latin	𤹩	xìn
Han-Latin	𤹪	yǔ
Han-Latin	𤹲	bèi
Han-Latin	𤹴	mó
Han-Latin	𤹵	duī
Han-Latin	𤹷	dǎo
Han-Latin	𤹸	qí
Han-Latin	𤹺	è
Han-Latin	𤺀	shuāi
Han-Latin	𤺃	xiāo
Han-Latin	𤺄	zhǒng
Han-Latin	𤺅	zhuì
Han-Latin	𤺇	biàn
Han-Latin	𤺉	wěi
Han-Latin	𤺊	xī
Han-Latin	𤺌	dēng
Han-Latin	𤺎	xiē
Han-Latin	𤺏	pān
Han-Latin	𤺐	niè
Han-Latin	𤺓	bié
Han-Latin	𤺔	shè
Han-Latin	𤺕	fèi
Han-Latin	𤺖	mǐn
Han-Latin	𤺗	qì
Han-Latin	𤺪	shàn
Han-Latin	𤺫	suǒ
Han-Latin	𤺷	jí
Han-Latin	𤺺	dǎn
Han-Latin	𤺻	juàn
Han-Latin	𤺼	lù
Han-Latin	𤺾	ào
Han-Latin	𤻂	yì
Han-Latin	𤻃	shǔ
Han-Latin	𤻄	suì
Han-Latin	𤻅	wèi
Han-Latin	𤻆	wán
Han-Latin	𤻇	chǔ
Han-Latin	𤻊	tuí
Han-Latin	𤻌	wò
Han-Latin	𤻖	bì
Han-Latin	𤻘	yǐn
Han-Latin	𤻙	huó
Han-Latin	𤻜	kài
Han-Latin	𤻝	níng
Han-Latin	𤻢	ài
Han-Latin	𤻤	lì
Han-Latin	𤻦	zhāi
Han-Latin	𤻱	lù
Han-Latin	𤻶	biàn
Han-Latin	𤻷	pán
Han-Latin	𤻿	guì
Han-Latin	𤼀	sū
Han-Latin	𤼁	méng
Han-Latin	𤼂	xiǎn
Han-Latin	𤼃	lòng
Han-Latin	𤼅	qì
Han-Latin	𤼋	chàn
Han-Latin	𤼌	yì
Han-Latin	𤼍	háng
Han-Latin	𤼏	liǎn
Han-Latin	𤼐	guàn
Han-Latin	𤼒	wěi
Han-Latin	𤼗	jué
Han-Latin	𤼘	léi
Han-Latin	𤼙	luán
Han-Latin	𤼚	lì
Han-Latin	𤼜	pí
Han-Latin	𤼢	huǎn
Han-Latin	𤼮	guī
Han-Latin	𤼳	jú
Han-Latin	𤼶	dēng
Han-Latin	𤼺	fèi
Han-Latin	𤽁	zhī
Han-Latin	𤽃	mèi
Han-Latin	𤽅	huàn
Han-Latin	𤽉	pā
Han-Latin	𤽊	bǐ
Han-Latin	𤽌	pō
Han-Latin	𤽓	ér
Han-Latin	𤽕	huàn
Han-Latin	𤽣	chàng
Han-Latin	𤽥	luò
Han-Latin	𤽦	fǒu
Han-Latin	𤽯	chóu
Han-Latin	𤽱	zú
Han-Latin	𤽲	nán
Han-Latin	𤽳	xiǎo
Han-Latin	𤽹	bài
Han-Latin	𤽺	lù
Han-Latin	𤽼	luò
Han-Latin	𤽿	niàn
Han-Latin	𤾀	zé
Han-Latin	𤾄	zhù
Han-Latin	𤾅	hú
Han-Latin	𤾈	huī
Han-Latin	𤾉	tǎng
Han-Latin	𤾊	chóu
Han-Latin	𤾑	huáng
Han-Latin	𤾒	dōu
Han-Latin	𤾛	miào
Han-Latin	𤾝	bó
Han-Latin	𤾠	dì
Han-Latin	𤾢	děng
Han-Latin	𤾣	pū
Han-Latin	𤾥	sōng
Han-Latin	𤾦	chóu
Han-Latin	𤾫	yào
Han-Latin	𤾬	měng
Han-Latin	𤾭	lóng
Han-Latin	𤾲	lián
Han-Latin	𤾵	bié
Han-Latin	𤾺	lǚ
Han-Latin	𤾿	sè
Han-Latin	𤿀	zuó
Han-Latin	𤿄	cún
Han-Latin	𤿅	líng
Han-Latin	𤿆	zhěng
Han-Latin	𤿇	pǐ
Han-Latin	𤿈	báo
Han-Latin	𤿋	què
Han-Latin	𤿎	pī
Han-Latin	𤿏	nàn
Han-Latin	𤿐	pī
Han-Latin	𤿑	bǒ
Han-Latin	𤿒	bèi
Han-Latin	𤿓	fā
Han-Latin	𤿕	mǐn
Han-Latin	𤿖	mò
Han-Latin	𤿗	wà
Han-Latin	𤿘	zhāo
Han-Latin	𤿙	zhì
Han-Latin	𤿚	cū
Han-Latin	𤿟	xún
Han-Latin	𤿠	jí
Han-Latin	𤿡	guì
Han-Latin	𤿣	chéng
Han-Latin	𤿧	hàn
Han-Latin	𤿨	xiào
Han-Latin	𤿩	què
Han-Latin	𤿫	chuò
Han-Latin	𤿭	fǔ
Han-Latin	𤿲	fū
Han-Latin	𤿳	qǐn
Han-Latin	𤿴	lù
Han-Latin	𤿵	què
Han-Latin	𤿶	diǎn
Han-Latin	𤿷	qiān
Han-Latin	𤿼	chǎng
Han-Latin	𤿽	tà
Han-Latin	𤿾	bēi
Han-Latin	𥀁	dù
Han-Latin	𥀂	běng
Han-Latin	𥀃	hòu
Han-Latin	𥀈	zhǎ
Han-Latin	𥀉	zhǎ
Han-Latin	𥀎	què
Han-Latin	𥀏	má
Han-Latin	𥀐	hán
Han-Latin	𥀓	liú
Han-Latin	𥀔	lù
Han-Latin	𥀖	zī
Han-Latin	𥀘	pǐ
Han-Latin	𥀙	zhòu
Han-Latin	𥀛	zāo
Han-Latin	𥀝	niǔ
Han-Latin	𥀠	huì
Han-Latin	𥀣	xué
Han-Latin	𥀥	là
Han-Latin	𥀫	nóu
Han-Latin	𥀬	yǎn
Han-Latin	𥀭	rǎn
Han-Latin	𥀮	nǎo
Han-Latin	𥀰	là
Han-Latin	𥀱	guǎng
Han-Latin	𥀲	dú
Han-Latin	𥀵	lú
Han-Latin	𥀹	jiǎn
Han-Latin	𥀺	xiè
Han-Latin	𥀻	qì
Han-Latin	𥀾	xiàng
Han-Latin	𥁁	guǒ
Han-Latin	𥁂	jié
Han-Latin	𥁃	màng
Han-Latin	𥁆	xiā
Han-Latin	𥁇	kuī
Han-Latin	𥁎	yòng
Han-Latin	𥁐	hǎi
Han-Latin	𥁑	mì
Han-Latin	𥁒	yào
Han-Latin	𥁕	wēn
Han-Latin	𥁟	lì
Han-Latin	𥁠	juàn
Han-Latin	𥁡	wū
Han-Latin	𥁢	qiáo
Han-Latin	𥁮	diào
Han-Latin	𥁯	chù
Han-Latin	𥁲	suō
Han-Latin	𥁵	chōng
Han-Latin	𥁸	quān
Han-Latin	𥁹	shè
Han-Latin	𥂁	yán
Han-Latin	𥂂	měng
Han-Latin	𥂃	jù
Han-Latin	𥂋	tú
Han-Latin	𥂒	nóng
Han-Latin	𥂓	mó
Han-Latin	𥂙	fèn
Han-Latin	𥂢	áo
Han-Latin	𥂣	guō
Han-Latin	𥂤	hú
Han-Latin	𥂥	cán
Han-Latin	𥂦	dūn
Han-Latin	𥂧	hǎi
Han-Latin	𥂨	jiǎo
Han-Latin	𥂰	gū
Han-Latin	𥂵	jīn
Han-Latin	𥂸	yáng
Han-Latin	𥃀	chà
Han-Latin	𥃌	huī
Han-Latin	𥃔	qú
Han-Latin	𥃕	kē
Han-Latin	𥃟	qīng
Han-Latin	𥃠	yì
Han-Latin	𥃣	kǎi
Han-Latin	𥃤	jiǎo
Han-Latin	𥃧	chōu
Han-Latin	𥃨	bǔ
Han-Latin	𥃩	gèn
Han-Latin	𥃪	jiāo
Han-Latin	𥃫	zhī
Han-Latin	𥃮	wèn
Han-Latin	𥃰	bīn
Han-Latin	𥃴	xiòng
Han-Latin	𥃵	fàn
Han-Latin	𥃸	yí
Han-Latin	𥃹	chuàn
Han-Latin	𥃺	yào
Han-Latin	𥃽	yāng
Han-Latin	𥃾	dù
Han-Latin	𥃿	yǎn
Han-Latin	𥄁	méng
Han-Latin	𥄇	chī
Han-Latin	𥄈	mù
Han-Latin	𥄉	jiāo
Han-Latin	𥄋	nǜ
Han-Latin	𥄍	guó
Han-Latin	𥄎	xuè
Han-Latin	𥄑	fú
Han-Latin	𥄒	xuē
Han-Latin	𥄓	fū
Han-Latin	𥄔	pèi
Han-Latin	𥄕	mò
Han-Latin	𥄖	xī
Han-Latin	𥄗	wò
Han-Latin	𥄘	shǎn
Han-Latin	𥄛	xī
Han-Latin	𥄜	qì
Han-Latin	𥄝	miàn
Han-Latin	𥄦	dǎn
Han-Latin	𥄨	chǒu
Han-Latin	𥄱	fèi
Han-Latin	𥄲	mié
Han-Latin	𥄴	xuè
Han-Latin	𥄵	xù
Han-Latin	𥄶	sī
Han-Latin	𥄷	jǔ
Han-Latin	𥄸	mǎo
Han-Latin	𥄹	bào
Han-Latin	𥄻	yí
Han-Latin	𥄼	guā
Han-Latin	𥄽	nì
Han-Latin	𥄿	yí
Han-Latin	𥅁	zuò
Han-Latin	𥅄	nǔ
Han-Latin	𥅑	diàn
Han-Latin	𥅒	fàn
Han-Latin	𥅓	yì
Han-Latin	𥅔	shì
Han-Latin	𥅗	cū
Han-Latin	𥅘	zhěn
Han-Latin	𥅞	shì
Han-Latin	𥅟	jiǎo
Han-Latin	𥅠	hòu
Han-Latin	𥅡	ér
Han-Latin	𥅦	lèi
Han-Latin	𥅧	xuè
Han-Latin	𥅨	gèng
Han-Latin	𥅪	shōu
Han-Latin	𥅬	juān
Han-Latin	𥅴	jié
Han-Latin	𥅵	wéi
Han-Latin	𥅷	shǒu
Han-Latin	𥅸	jìng
Han-Latin	𥅺	xú
Han-Latin	𥅻	chòng
Han-Latin	𥆅	jiāng
Han-Latin	𥆆	mòu
Han-Latin	𥆉	yù
Han-Latin	𥆌	jué
Han-Latin	𥆑	tìng
Han-Latin	𥆔	xiāo
Han-Latin	𥆖	dōu
Han-Latin	𥆘	guó
Han-Latin	𥆙	máng
Han-Latin	𥆚	wāng
Han-Latin	𥆛	xù
Han-Latin	𥆜	wàng
Han-Latin	𥆝	suō
Han-Latin	𥆞	juàn
Han-Latin	𥆟	yuè
Han-Latin	𥆡	hán
Han-Latin	𥆣	shēn
Han-Latin	𥆥	xié
Han-Latin	𥆦	liú
Han-Latin	𥆧	rún
Han-Latin	𥆯	bì
Han-Latin	𥆲	nào
Han-Latin	𥆶	wàn
Han-Latin	𥆷	jiù
Han-Latin	𥆸	quē
Han-Latin	𥇄	nì
Han-Latin	𥇆	mí
Han-Latin	𥇇	suō
Han-Latin	𥇉	qiǎng
Han-Latin	𥇌	hàn
Han-Latin	𥇍	zhuó
Han-Latin	𥇎	mí
Han-Latin	𥇏	xù
Han-Latin	𥇑	lǎng
Han-Latin	𥇒	jié
Han-Latin	𥇓	dìng
Han-Latin	𥇔	chàng
Han-Latin	𥇕	zhì
Han-Latin	𥇖	fēi
Han-Latin	𥇗	jiá
Han-Latin	𥇘	jùn
Han-Latin	𥇙	huò
Han-Latin	𥇚	qī
Han-Latin	𥇛	jū
Han-Latin	𥇜	zhūn
Han-Latin	𥇞	diàn
Han-Latin	𥇟	jiǎo
Han-Latin	𥇠	yā
Han-Latin	𥇢	zhǎn
Han-Latin	𥇭	zhī
Han-Latin	𥇯	mài
Han-Latin	𥇰	hū
Han-Latin	𥇱	xiè
Han-Latin	𥇲	shí
Han-Latin	𥇳	guī
Han-Latin	𥇿	xù
Han-Latin	𥈂	jí
Han-Latin	𥈄	chuàng
Han-Latin	𥈆	mào
Han-Latin	𥈇	ruán
Han-Latin	𥈈	xū
Han-Latin	𥈉	huàn
Han-Latin	𥈊	shà
Han-Latin	𥈋	jǔ
Han-Latin	𥈏	kuàng
Han-Latin	𥈑	hóu
Han-Latin	𥈒	guān
Han-Latin	𥈓	guā
Han-Latin	𥈕	mí
Han-Latin	𥈖	dié
Han-Latin	𥈗	bì
Han-Latin	𥈘	liǎng
Han-Latin	𥈙	là
Han-Latin	𥈚	shǎn
Han-Latin	𥈛	lù
Han-Latin	𥈜	xì
Han-Latin	𥈟	sǒu
Han-Latin	𥈬	ōu
Han-Latin	𥈮	léng
Han-Latin	𥈷	kū
Han-Latin	𥈸	guī
Han-Latin	𥈻	xī
Han-Latin	𥈼	pán
Han-Latin	𥈽	sè
Han-Latin	𥈾	juè
Han-Latin	𥈿	hòng
Han-Latin	𥉀	guàn
Han-Latin	𥉁	jù
Han-Latin	𥉃	nài
Han-Latin	𥉄	huá
Han-Latin	𥉅	gé
Han-Latin	𥉆	lì
Han-Latin	𥉇	gòu
Han-Latin	𥉈	tì
Han-Latin	𥉊	mà
Han-Latin	𥉋	téng
Han-Latin	𥉌	dá
Han-Latin	𥉐	qī
Han-Latin	𥉑	yù
Han-Latin	𥉒	jiǎo
Han-Latin	𥉓	miè
Han-Latin	𥉔	gěng
Han-Latin	𥉕	mèng
Han-Latin	𥉖	wèi
Han-Latin	𥉘	tí
Han-Latin	𥉙	qí
Han-Latin	𥉜	chén
Han-Latin	𥉝	dōu
Han-Latin	𥉟	pán
Han-Latin	𥉰	hàn
Han-Latin	𥉴	mì
Han-Latin	𥉵	má
Han-Latin	𥉶	lù
Han-Latin	𥉷	qī
Han-Latin	𥉸	kēng
Han-Latin	𥉺	dié
Han-Latin	𥉻	qì
Han-Latin	𥉼	jiāo
Han-Latin	𥉽	kāng
Han-Latin	𥉾	qiāo
Han-Latin	𥉿	mì
Han-Latin	𥊀	shān
Han-Latin	𥊇	jiān
Han-Latin	𥊈	lí
Han-Latin	𥊉	kè
Han-Latin	𥊊	xù
Han-Latin	𥊑	mán
Han-Latin	𥊒	fèng
Han-Latin	𥊓	chàn
Han-Latin	𥊔	huǐ
Han-Latin	𥊧	kòu
Han-Latin	𥊪	wěi
Han-Latin	𥊫	guàn
Han-Latin	𥊬	jí
Han-Latin	𥊭	zùn
Han-Latin	𥊮	huò
Han-Latin	𥊯	xié
Han-Latin	𥊴	suì
Han-Latin	𥊶	ruǎn
Han-Latin	𥊸	tè
Han-Latin	𥊼	zhèng
Han-Latin	𥊽	kūn
Han-Latin	𥊾	xiǎng
Han-Latin	𥊿	mián
Han-Latin	𥋁	xì
Han-Latin	𥋌	sā
Han-Latin	𥋙	è
Han-Latin	𥋚	miè
Han-Latin	𥋛	zhǔ
Han-Latin	𥋜	zōu
Han-Latin	𥋝	měng
Han-Latin	𥋟	xī
Han-Latin	𥋡	táng
Han-Latin	𥋣	jià
Han-Latin	𥋤	cháng
Han-Latin	𥋥	jí
Han-Latin	𥋮	zhuó
Han-Latin	𥋿	hè
Han-Latin	𥌀	chá
Han-Latin	𥌁	qì
Han-Latin	𥌂	mián
Han-Latin	𥌃	zhěn
Han-Latin	𥌄	kū
Han-Latin	𥌅	yè
Han-Latin	𥌆	zhōu
Han-Latin	𥌈	jiān
Han-Latin	𥌊	pàn
Han-Latin	𥌍	huī
Han-Latin	𥌏	míng
Han-Latin	𥌐	liù
Han-Latin	𥌘	shuì
Han-Latin	𥌚	mài
Han-Latin	𥌛	lí
Han-Latin	𥌞	shuò
Han-Latin	𥌟	yí
Han-Latin	𥌤	lì
Han-Latin	𥌨	xiē
Han-Latin	𥌩	tè
Han-Latin	𥌪	xiū
Han-Latin	𥌭	xuàn
Han-Latin	𥌮	lì
Han-Latin	𥌯	méng
Han-Latin	𥌰	wéi
Han-Latin	𥌱	méng
Han-Latin	𥌺	yào
Han-Latin	𥌻	lán
Han-Latin	𥌼	líng
Han-Latin	𥌽	yīng
Han-Latin	𥌾	yīng
Han-Latin	𥌿	lì
Han-Latin	𥍀	jiǎn
Han-Latin	𥍁	guī
Han-Latin	𥍅	guān
Han-Latin	𥍆	xiè
Han-Latin	𥍉	shè
Han-Latin	𥍋	zuī
Han-Latin	𥍓	kàn
Han-Latin	𥍔	léi
Han-Latin	𥍚	biàn
Han-Latin	𥍝	shǔ
Han-Latin	𥍞	nǜ
Han-Latin	𥍟	xù
Han-Latin	𥍣	hào
Han-Latin	𥍨	guǐ
Han-Latin	𥍪	zhài
Han-Latin	𥍫	láng
Han-Latin	𥍬	cuān
Han-Latin	𥍭	zhì
Han-Latin	𥍮	féng
Han-Latin	𥍯	qīn
Han-Latin	𥍱	zé
Han-Latin	𥍲	nà
Han-Latin	𥍳	niǔ
Han-Latin	𥍴	yì
Han-Latin	𥍷	cōng
Han-Latin	𥍸	shī
Han-Latin	𥍹	jiǎn
Han-Latin	𥍺	zōng
Han-Latin	𥍻	yǎn
Han-Latin	𥍼	yīng
Han-Latin	𥎀	ruǎn
Han-Latin	𥎂	róng
Han-Latin	𥎃	xì
Han-Latin	𥎅	guān
Han-Latin	𥎆	kài
Han-Latin	𥎈	wù
Han-Latin	𥎊	qín
Han-Latin	𥎋	cōng
Han-Latin	𥎍	zé
Han-Latin	𥎎	xiè
Han-Latin	𥎐	yù
Han-Latin	𥎑	zàn
Han-Latin	𥎒	chuāng
Han-Latin	𥎓	lǐ
Han-Latin	𥎔	lǐ
Han-Latin	𥎕	xù
Han-Latin	𥎖	mí
Han-Latin	𥎗	xù
Han-Latin	𥎘	ruǎn
Han-Latin	𥎛	guì
Han-Latin	𥎜	rǒng
Han-Latin	𥎝	zuǎn
Han-Latin	𥎟	máo
Han-Latin	𥎡	qín
Han-Latin	𥎢	cuàn
Han-Latin	𥎣	cuàn
Han-Latin	𥎤	cuàn
Han-Latin	𥎮	wū
Han-Latin	𥎰	fǎ
Han-Latin	𥎱	bá
Han-Latin	𥎸	qià
Han-Latin	𥎹	zhì
Han-Latin	𥎺	tiào
Han-Latin	𥏄	zhì
Han-Latin	𥏅	zhí
Han-Latin	𥏇	huàn
Han-Latin	𥏈	chóu
Han-Latin	𥏊	zhì
Han-Latin	𥏎	yǐng
Han-Latin	𥏒	wù
Han-Latin	𥏓	bēi
Han-Latin	𥏕	hóng
Han-Latin	𥏖	shěn
Han-Latin	𥏘	jué
Han-Latin	𥏙	kuì
Han-Latin	𥏜	yǐ
Han-Latin	𥏝	yà
Han-Latin	𥏠	bī
Han-Latin	𥏤	kuà
Han-Latin	𥏥	qiān
Han-Latin	𥏨	zhāo
Han-Latin	𥏪	kǎi
Han-Latin	𥏫	shāng
Han-Latin	𥏮	àn
Han-Latin	𥏯	zhé
Han-Latin	𥏰	zhì
Han-Latin	𥏷	zhì
Han-Latin	𥏹	jiǎo
Han-Latin	𥐀	sī
Han-Latin	𥐁	pú
Han-Latin	𥐂	ǒu
Han-Latin	𥐊	zhuó
Han-Latin	𥐑	yīng
Han-Latin	𥐓	huān
Han-Latin	𥐕	yà
Han-Latin	𥐘	shí
Han-Latin	𥐙	pā
Han-Latin	𥐚	pǔ
Han-Latin	𥐞	máng
Han-Latin	𥐟	chāi
Han-Latin	𥐩	yún
Han-Latin	𥐬	gǔ
Han-Latin	𥐹	dǎn
Han-Latin	𥐻	náo
Han-Latin	𥐽	zhé
Han-Latin	𥐿	hú
Han-Latin	𥑅	kēng
Han-Latin	𥑇	dié
Han-Latin	𥑈	tīng
Han-Latin	𥑋	guài
Han-Latin	𥑎	qiōng
Han-Latin	𥑏	shǐ
Han-Latin	𥑐	jiǎ
Han-Latin	𥑑	ào
Han-Latin	𥑒	nǎ
Han-Latin	𥑓	pǐn
Han-Latin	𥑔	jiá
Han-Latin	𥑡	zhè
Han-Latin	𥑢	bù
Han-Latin	𥑣	wǒ
Han-Latin	𥑥	chǎ
Han-Latin	𥑪	náo
Han-Latin	𥑫	kǎn
Han-Latin	𥑯	dú
Han-Latin	𥑰	guài
Han-Latin	𥑱	qióng
Han-Latin	𥑳	róng
Han-Latin	𥑴	yǐ
Han-Latin	𥑵	duī
Han-Latin	𥑶	lěi
Han-Latin	𥑸	zhōu
Han-Latin	𥑹	kuā
Han-Latin	𥑺	ē
Han-Latin	𥑻	xiān
Han-Latin	𥑼	diàn
Han-Latin	𥑽	nuò
Han-Latin	𥑾	è
Han-Latin	𥑿	yōng
Han-Latin	𥒀	wù
Han-Latin	𥒁	kēng
Han-Latin	𥒓	zhì
Han-Latin	𥒗	zhǐ
Han-Latin	𥒘	xún
Han-Latin	𥒛	zhèng
Han-Latin	𥒞	yáng
Han-Latin	𥒠	huò
Han-Latin	𥒡	jí
Han-Latin	𥒢	nǎo
Han-Latin	𥒧	yà
Han-Latin	𥒨	lù
Han-Latin	𥒫	fū
Han-Latin	𥒬	sǎn
Han-Latin	𥒭	chù
Han-Latin	𥒮	wěi
Han-Latin	𥒰	fǔ
Han-Latin	𥒱	kēng
Han-Latin	𥒲	sì
Han-Latin	𥒳	kàng
Han-Latin	𥒵	yì
Han-Latin	𥒶	huà
Han-Latin	𥒾	yǔ
Han-Latin	𥓃	lì
Han-Latin	𥓆	lǐn
Han-Latin	𥓇	dǔ
Han-Latin	𥓈	è
Han-Latin	𥓌	qiǎng
Han-Latin	𥓍	dú
Han-Latin	𥓐	jié
Han-Latin	𥓑	chuò
Han-Latin	𥓒	xiàn
Han-Latin	𥓖	gǎo
Han-Latin	𥓬	dào
Han-Latin	𥓰	hōng
Han-Latin	𥓻	zōng
Han-Latin	𥓾	qì
Han-Latin	𥓿	tuó
Han-Latin	𥔀	hōng
Han-Latin	𥔁	pǐ
Han-Latin	𥔂	gèng
Han-Latin	𥔄	niè
Han-Latin	𥔇	kōng
Han-Latin	𥔊	zhǐ
Han-Latin	𥔑	xiǎo
Han-Latin	𥔡	shè
Han-Latin	𥔢	yú
Han-Latin	𥔣	jiāng
Han-Latin	𥔩	qǐ
Han-Latin	𥔪	chěn
Han-Latin	𥔫	sǎng
Han-Latin	𥔭	suǒ
Han-Latin	𥔮	qián
Han-Latin	𥔯	huì
Han-Latin	𥔱	shàn
Han-Latin	𥔲	è
Han-Latin	𥔻	qiū
Han-Latin	𥔽	kè
Han-Latin	𥕀	wēng
Han-Latin	𥕁	zī
Han-Latin	𥕂	jí
Han-Latin	𥕇	dǎ
Han-Latin	𥕉	cuò
Han-Latin	𥕍	lǒu
Han-Latin	𥕎	kāng
Han-Latin	𥕏	kuò
Han-Latin	𥕐	dí
Han-Latin	𥕑	qiē
Han-Latin	𥕓	mò
Han-Latin	𥕖	guǒ
Han-Latin	𥕗	hōng
Han-Latin	𥕘	cháo
Han-Latin	𥕙	hēi
Han-Latin	𥕢	cáo
Han-Latin	𥕣	zhé
Han-Latin	𥕤	kē
Han-Latin	𥕦	gǔn
Han-Latin	𥕰	xū
Han-Latin	𥕱	péng
Han-Latin	𥕲	jué
Han-Latin	𥕵	gǎn
Han-Latin	𥕶	sī
Han-Latin	𥕸	suì
Han-Latin	𥕹	què
Han-Latin	𥕻	wú
Han-Latin	𥕼	yán
Han-Latin	𥕽	pèng
Han-Latin	𥕾	xiǎo
Han-Latin	𥕿	pān
Han-Latin	𥖍	là
Han-Latin	𥖗	bèng
Han-Latin	𥖘	zhěn
Han-Latin	𥖙	jí
Han-Latin	𥖜	jǐn
Han-Latin	𥖝	lián
Han-Latin	𥖞	kěn
Han-Latin	𥖠	zhóu
Han-Latin	𥖨	zào
Han-Latin	𥖪	lè
Han-Latin	𥖫	qī
Han-Latin	𥖬	bìng
Han-Latin	𥖵	yǐn
Han-Latin	𥖶	pīn
Han-Latin	𥖻	sǒu
Han-Latin	𥖼	lǜ
Han-Latin	𥖾	dí
Han-Latin	𥖿	dú
Han-Latin	𥗀	liǎo
Han-Latin	𥗁	zhuó
Han-Latin	𥗊	chǎng
Han-Latin	𥗒	chèn
Han-Latin	𥗓	tà
Han-Latin	𥗙	què
Han-Latin	𥗚	dào
Han-Latin	𥗝	rǎng
Han-Latin	𥗟	pò
Han-Latin	𥗦	zhōng
Han-Latin	𥗧	xiē
Han-Latin	𥗪	jiāng
Han-Latin	𥗫	qú
Han-Latin	𥗬	lěi
Han-Latin	𥗭	cà
Han-Latin	𥗮	quē
Han-Latin	𥗵	xiàng
Han-Latin	𥗶	lèi
Han-Latin	𥗺	làn
Han-Latin	𥗽	lán
Han-Latin	𥗿	lǎ
Han-Latin	𥘁	lǎ
Han-Latin	𥘄	yù
Han-Latin	𥘊	jiào
Han-Latin	𥘋	qín
Han-Latin	𥘌	jī
Han-Latin	𥘏	gǎn
Han-Latin	𥘒	yì
Han-Latin	𥘠	yì
Han-Latin	𥘡	zhī
Han-Latin	𥘤	biǎo
Han-Latin	𥘥	shēng
Han-Latin	𥘦	jiù
Han-Latin	𥘫	hē
Han-Latin	𥘬	fú
Han-Latin	𥘮	jū
Han-Latin	𥙀	zuǒ
Han-Latin	𥙁	yí
Han-Latin	𥙆	xiàn
Han-Latin	𥙇	yí
Han-Latin	𥙉	sì
Han-Latin	𥙋	chuì
Han-Latin	𥙎	mò
Han-Latin	𥙡	zhān
Han-Latin	𥙣	xún
Han-Latin	𥙦	rú
Han-Latin	𥙨	huò
Han-Latin	𥙬	shāo
Han-Latin	𥙰	shòu
Han-Latin	𥙾	yòu
Han-Latin	𥙿	yù
Han-Latin	𥚂	jùn
Han-Latin	𥚉	zī
Han-Latin	𥚊	lù
Han-Latin	𥚚	chǐ
Han-Latin	𥚛	kūn
Han-Latin	𥚠	zhùn
Han-Latin	𥚦	hóu
Han-Latin	𥚩	xǔ
Han-Latin	𥚾	zōng
Han-Latin	𥚿	yìng
Han-Latin	𥛂	zhū
Han-Latin	𥛅	liù
Han-Latin	𥛑	nù
Han-Latin	𥛘	bì
Han-Latin	𥛚	chì
Han-Latin	𥛜	zǔ
Han-Latin	𥛝	féng
Han-Latin	𥛞	lù
Han-Latin	𥛟	pǔ
Han-Latin	𥛥	zhuàn
Han-Latin	𥛧	zhé
Han-Latin	𥛨	shī
Han-Latin	𥛩	yǔ
Han-Latin	𥛪	lù
Han-Latin	𥛫	liáng
Han-Latin	𥛯	jué
Han-Latin	𥛰	liào
Han-Latin	𥛱	bēng
Han-Latin	𥜃	yì
Han-Latin	𥜄	guān
Han-Latin	𥜌	ǎo
Han-Latin	𥜏	guì
Han-Latin	𥜐	mǐn
Han-Latin	𥜒	yǎn
Han-Latin	𥜓	lán
Han-Latin	𥜖	bó
Han-Latin	𥜙	zàn
Han-Latin	𥜚	yǒu
Han-Latin	𥜥	yì
Han-Latin	𥜦	nǐ
Han-Latin	𥜬	nǐ
Han-Latin	𥜭	guǒ
Han-Latin	𥜮	jùn
Han-Latin	𥜰	shī
Han-Latin	𥜲	xiǎn
Han-Latin	𥜴	qiān
Han-Latin	𥜵	què
Han-Latin	𥜶	kuí
Han-Latin	𥝀	shé
Han-Latin	𥝂	huò
Han-Latin	𥝄	wàn
Han-Latin	𥝊	fèi
Han-Latin	𥝋	fèi
Han-Latin	𥝌	jī
Han-Latin	𥝍	yù
Han-Latin	𥝑	zhī
Han-Latin	𥝒	guà
Han-Latin	𥝔	jié
Han-Latin	𥝕	máng
Han-Latin	𥝖	hé
Han-Latin	𥝘	yǒu
Han-Latin	𥝟	dù
Han-Latin	𥝠	sī
Han-Latin	𥝢	lì
Han-Latin	𥝥	jié
Han-Latin	𥝦	niǔ
Han-Latin	𥝧	bà
Han-Latin	𥝨	yú
Han-Latin	𥝮	zhī
Han-Latin	𥝸	hé
Han-Latin	𥝹	kē
Han-Latin	𥝾	dù
Han-Latin	𥝿	jiā
Han-Latin	𥞁	chēn
Han-Latin	𥞃	chuì
Han-Latin	𥞄	hé
Han-Latin	𥞅	zhǎi
Han-Latin	𥞊	mèi
Han-Latin	𥞍	hé
Han-Latin	𥞎	zǐ
Han-Latin	𥞏	zhú
Han-Latin	𥞒	tuó
Han-Latin	𥞘	zùn
Han-Latin	𥞚	rú
Han-Latin	𥞛	duò
Han-Latin	𥞜	jiàng
Han-Latin	𥞦	jiá
Han-Latin	𥞧	héng
Han-Latin	𥞩	bēng
Han-Latin	𥞪	mò
Han-Latin	𥞯	zú
Han-Latin	𥞲	biē
Han-Latin	𥞴	kù
Han-Latin	𥞵	jiá
Han-Latin	𥞺	zhuō
Han-Latin	𥞼	xiū
Han-Latin	𥟂	lái
Han-Latin	𥟃	hé
Han-Latin	𥟅	qiāo
Han-Latin	𥟍	fěi
Han-Latin	𥟎	shēng
Han-Latin	𥟒	zhuì
Han-Latin	𥟓	kuǎn
Han-Latin	𥟔	zè
Han-Latin	𥟕	xiān
Han-Latin	𥟗	bì
Han-Latin	𥟘	yì
Han-Latin	𥟚	chàng
Han-Latin	𥟪	mào
Han-Latin	𥟶	wǎn
Han-Latin	𥟽	wū
Han-Latin	𥟾	kū
Han-Latin	𥟿	wǒ
Han-Latin	𥠀	xīng
Han-Latin	𥠁	kē
Han-Latin	𥠃	jiū
Han-Latin	𥠄	duān
Han-Latin	𥠅	huàn
Han-Latin	𥠈	zhì
Han-Latin	𥠉	cè
Han-Latin	𥠊	róu
Han-Latin	𥠋	jí
Han-Latin	𥠍	yè
Han-Latin	𥠛	jīng
Han-Latin	𥠜	yàng
Han-Latin	𥠡	zǒng
Han-Latin	𥠩	cǎn
Han-Latin	𥠱	sī
Han-Latin	𥠲	lì
Han-Latin	𥠳	gǔ
Han-Latin	𥠴	chàng
Han-Latin	𥠶	fěi
Han-Latin	𥠷	liú
Han-Latin	𥠹	jié
Han-Latin	𥠺	yūn
Han-Latin	𥠽	zhì
Han-Latin	𥡀	chóu
Han-Latin	𥡁	biē
Han-Latin	𥡒	jī
Han-Latin	𥡜	luó
Han-Latin	𥡝	jiān
Han-Latin	𥡟	chuāng
Han-Latin	𥡠	shuǎng
Han-Latin	𥡢	lǜ
Han-Latin	𥡣	jùn
Han-Latin	𥡤	jiào
Han-Latin	𥡦	tì
Han-Latin	𥡧	zhā
Han-Latin	𥡪	yì
Han-Latin	𥡬	cōng
Han-Latin	𥡭	něi
Han-Latin	𥡮	jiā
Han-Latin	𥡴	jì
Han-Latin	𥡽	ài
Han-Latin	𥢇	jiǎn
Han-Latin	𥢊	bèn
Han-Latin	𥢌	fán
Han-Latin	𥢍	suì
Han-Latin	𥢎	zùn
Han-Latin	𥢏	diàn
Han-Latin	𥢐	gāo
Han-Latin	𥢑	gǎo
Han-Latin	𥢒	láo
Han-Latin	𥢔	zhuó
Han-Latin	𥢢	tuí
Han-Latin	𥢦	bì
Han-Latin	𥢧	jú
Han-Latin	𥢮	huá
Han-Latin	𥢲	chéng
Han-Latin	𥢶	kuài
Han-Latin	𥢷	dāng
Han-Latin	𥢸	gé
Han-Latin	𥢹	xié
Han-Latin	𥢻	jié
Han-Latin	𥢽	cān
Han-Latin	𥣆	zú
Han-Latin	𥣈	pú
Han-Latin	𥣋	shǔ
Han-Latin	𥣌	bǔ
Han-Latin	𥣗	níng
Han-Latin	𥣘	yǎn
Han-Latin	𥣙	zhòu
Han-Latin	𥣛	méng
Han-Latin	𥣝	biǎn
Han-Latin	𥣟	xiàng
Han-Latin	𥣤	lù
Han-Latin	𥣥	lí
Han-Latin	𥣩	jì
Han-Latin	𥣫	miè
Han-Latin	𥣬	lèi
Han-Latin	𥣮	zhì
Han-Latin	𥣯	yōu
Han-Latin	𥣰	biǎn
Han-Latin	𥣸	mù
Han-Latin	𥣺	ràn
Han-Latin	𥤂	niǎo
Han-Latin	𥤊	quán
Han-Latin	𥤋	zhé
Han-Latin	𥤐	lèi
Han-Latin	𥤗	dǎng
Han-Latin	𥤘	jué
Han-Latin	𥤜	líng
Han-Latin	𥤞	líng
Han-Latin	𥤟	yán
Han-Latin	𥤣	yǎo
Han-Latin	𥤤	zhèn
Han-Latin	𥤥	qī
Han-Latin	𥤦	ài
Han-Latin	𥤨	nú
Han-Latin	𥤩	mǎng
Han-Latin	𥤱	kǎn
Han-Latin	𥤳	jiū
Han-Latin	𥤴	yǎn
Han-Latin	𥤵	miàn
Han-Latin	𥤷	yín
Han-Latin	𥤸	wán
Han-Latin	𥤹	yào
Han-Latin	𥤺	wā
Han-Latin	𥤻	pí
Han-Latin	𥤼	suì
Han-Latin	𥥅	kǒng
Han-Latin	𥥈	hóng
Han-Latin	𥥊	mǐng
Han-Latin	𥥋	líng
Han-Latin	𥥌	yì
Han-Latin	𥥍	shēn
Han-Latin	𥥏	zuò
Han-Latin	𥥛	tū
Han-Latin	𥥝	yòng
Han-Latin	𥥟	wà
Han-Latin	𥥠	guǐ
Han-Latin	𥥡	hòng
Han-Latin	𥥥	shì
Han-Latin	𥥧	xiòng
Han-Latin	𥥩	ā
Han-Latin	𥥱	chéng
Han-Latin	𥥳	kēng
Han-Latin	𥥴	yì
Han-Latin	𥥵	yàng
Han-Latin	𥥶	tíng
Han-Latin	𥥷	dòu
Han-Latin	𥥸	chá
Han-Latin	𥥹	liù
Han-Latin	𥥽	qiú
Han-Latin	𥥾	xuǎn
Han-Latin	𥥿	shēn
Han-Latin	𥦀	kuān
Han-Latin	𥦁	tòng
Han-Latin	𥦃	qiǎn
Han-Latin	𥦅	chòu
Han-Latin	𥦊	wěn
Han-Latin	𥦌	lòng
Han-Latin	𥦍	ǎn
Han-Latin	𥦔	kǎn
Han-Latin	𥦖	yǎo
Han-Latin	𥦘	fú
Han-Latin	𥦜	bèng
Han-Latin	𥦝	lǎn
Han-Latin	𥦞	qià
Han-Latin	𥦟	diàn
Han-Latin	𥦢	jiào
Han-Latin	𥦣	guī
Han-Latin	𥦥	xiòng
Han-Latin	𥦨	kè
Han-Latin	𥦶	xiàn
Han-Latin	𥦷	wòng
Han-Latin	𥦸	fù
Han-Latin	𥧂	gǒng
Han-Latin	𥧆	ǒu
Han-Latin	𥧇	kē
Han-Latin	𥧋	kū
Han-Latin	𥧑	tián
Han-Latin	𥧒	gòu
Han-Latin	𥧓	mǎ
Han-Latin	𥧕	liù
Han-Latin	𥧙	wèi
Han-Latin	𥧚	wěn
Han-Latin	𥧡	gòng
Han-Latin	𥧣	tú
Han-Latin	𥧤	níng
Han-Latin	𥧧	mì
Han-Latin	𥧫	láng
Han-Latin	𥧬	qiǎn
Han-Latin	𥧭	mán
Han-Latin	𥧮	zhé
Han-Latin	𥧰	huà
Han-Latin	𥧱	yōng
Han-Latin	𥧲	jìn
Han-Latin	𥧴	mèi
Han-Latin	𥧷	fú
Han-Latin	𥧻	qú
Han-Latin	𥨌	liù
Han-Latin	𥨍	fù
Han-Latin	𥨎	dàn
Han-Latin	𥨐	gǒng
Han-Latin	𥨒	cuì
Han-Latin	𥨕	xǐng
Han-Latin	𥨜	tū
Han-Latin	𥨝	shòu
Han-Latin	𥨪	qióng
Han-Latin	𥨳	róng
Han-Latin	𥨻	lì
Han-Latin	𥨿	jī
Han-Latin	𥩀	tuò
Han-Latin	𥩌	tóng
Han-Latin	𥩒	tán
Han-Latin	𥩔	líng
Han-Latin	𥩖	yì
Han-Latin	𥩗	ruǎn
Han-Latin	𥩙	pǎ
Han-Latin	𥩝	cà
Han-Latin	𥩡	yuè
Han-Latin	𥩢	què
Han-Latin	𥩣	zhù
Han-Latin	𥩤	hài
Han-Latin	𥩱	fá
Han-Latin	𥩲	hài
Han-Latin	𥩺	liè
Han-Latin	𥪀	bū
Han-Latin	𥪁	pīng
Han-Latin	𥪂	liè
Han-Latin	𥪊	kuǐ
Han-Latin	𥪋	fú
Han-Latin	𥪌	tiǎn
Han-Latin	𥪍	wò
Han-Latin	𥪏	jū
Han-Latin	𥪘	zhēn
Han-Latin	𥪚	fú
Han-Latin	𥪢	lóng
Han-Latin	𥪦	xì
Han-Latin	𥪧	tián
Han-Latin	𥪫	jì
Han-Latin	𥪯	yào
Han-Latin	𥪱	cù
Han-Latin	𥪴	pàng
Han-Latin	𥪵	qiè
Han-Latin	𥪻	lóng
Han-Latin	𥪼	jǐ
Han-Latin	𥫂	tóng
Han-Latin	𥫃	yí
Han-Latin	𥫅	chāng
Han-Latin	𥫋	gōng
Han-Latin	𥫎	dòng
Han-Latin	𥫖	xiāng
Han-Latin	𥫙	tǐng
Han-Latin	𥫛	zhuān
Han-Latin	𥫜	yǐ
Han-Latin	𥫝	yì
Han-Latin	𥫞	zǐ
Han-Latin	𥫟	qǐ
Han-Latin	𥫢	chǎ
Han-Latin	𥫬	dùn
Han-Latin	𥫯	chōng
Han-Latin	𥫰	lù
Han-Latin	𥫱	dùn
Han-Latin	𥫳	fāng
Han-Latin	𥫴	shì
Han-Latin	𥫵	tì
Han-Latin	𥫶	jī
Han-Latin	𥫷	qiū
Han-Latin	𥫸	shuǐ
Han-Latin	𥫹	chén
Han-Latin	𥫼	huàng
Han-Latin	𥫽	shi
Han-Latin	𥬀	yún
Han-Latin	𥬆	lóng
Han-Latin	𥬈	mǎn
Han-Latin	𥬉	gōu
Han-Latin	𥬍	xiān
Han-Latin	𥬎	mò
Han-Latin	𥬐	shěn
Han-Latin	𥬒	pō
Han-Latin	𥬓	yào
Han-Latin	𥬔	qū
Han-Latin	𥬕	rǎn
Han-Latin	𥬙	jù
Han-Latin	𥬜	yǐn
Han-Latin	𥬝	bái
Han-Latin	𥬞	niè
Han-Latin	𥬠	chōu
Han-Latin	𥬪	róng
Han-Latin	𥬫	chuǎn
Han-Latin	𥬬	niè
Han-Latin	𥬭	lì
Han-Latin	𥬮	jiāng
Han-Latin	𥬯	kǎo
Han-Latin	𥬰	cè
Han-Latin	𥬱	chòng
Han-Latin	𥬲	zhuā
Han-Latin	𥬳	zǐ
Han-Latin	𥬴	yáng
Han-Latin	𥬼	wěn
Han-Latin	𥭋	jì
Han-Latin	𥭌	jì
Han-Latin	𥭐	lǜ
Han-Latin	𥭑	qiú
Han-Latin	𥭒	dùn
Han-Latin	𥭓	báo
Han-Latin	𥭔	chān
Han-Latin	𥭖	bó
Han-Latin	𥭘	chī
Han-Latin	𥭙	zhè
Han-Latin	𥭚	màng
Han-Latin	𥭜	jì
Han-Latin	𥭝	miào
Han-Latin	𥭞	yuàn
Han-Latin	𥭠	wú
Han-Latin	𥭡	zhì
Han-Latin	𥭢	pīng
Han-Latin	𥭥	chōng
Han-Latin	𥭫	mí
Han-Latin	𥭬	féi
Han-Latin	𥭭	cuō
Han-Latin	𥭮	méng
Han-Latin	𥮍	yín
Han-Latin	𥮎	mǎng
Han-Latin	𥮏	diǎn
Han-Latin	𥮐	diāo
Han-Latin	𥮒	qián
Han-Latin	𥮕	hàng
Han-Latin	𥮖	zhí
Han-Latin	𥮗	jú
Han-Latin	𥮘	niàn
Han-Latin	𥮜	mí
Han-Latin	𥮝	gǔ
Han-Latin	𥮣	zhuā
Han-Latin	𥮤	niè
Han-Latin	𥮥	zhuó
Han-Latin	𥮧	yè
Han-Latin	𥮨	còng
Han-Latin	𥮪	xū
Han-Latin	𥮬	xì
Han-Latin	𥮯	bō
Han-Latin	𥮾	cǎn
Han-Latin	𥯃	yǎn
Han-Latin	𥯑	jǐn
Han-Latin	𥯔	jǔ
Han-Latin	𥯕	dàng
Han-Latin	𥯖	dù
Han-Latin	𥯘	yé
Han-Latin	𥯙	jìng
Han-Latin	𥯚	kè
Han-Latin	𥯛	luò
Han-Latin	𥯜	wěi
Han-Latin	𥯝	tū
Han-Latin	𥯞	yóu
Han-Latin	𥯟	pài
Han-Latin	𥯡	pí
Han-Latin	𥯢	dìng
Han-Latin	𥯤	wěi
Han-Latin	𥯥	chè
Han-Latin	𥯦	jiàn
Han-Latin	𥯨	sī
Han-Latin	𥯩	zhuó
Han-Latin	𥯪	sòu
Han-Latin	𥯬	ruǎn
Han-Latin	𥯮	yú
Han-Latin	𥯳	è
Han-Latin	𥯶	kǔ
Han-Latin	𥯸	zhù
Han-Latin	𥯾	xiá
Han-Latin	𥰛	fú
Han-Latin	𥰜	táo
Han-Latin	𥰝	xī
Han-Latin	𥰞	chōu
Han-Latin	𥰟	yuán
Han-Latin	𥰠	lǘ
Han-Latin	𥰡	cè
Han-Latin	𥰢	shàn
Han-Latin	𥰣	liú
Han-Latin	𥰥	xì
Han-Latin	𥰦	jī
Han-Latin	𥰧	yǐ
Han-Latin	𥰨	tán
Han-Latin	𥰪	hú
Han-Latin	𥰭	cuō
Han-Latin	𥰮	gě
Han-Latin	𥰰	shì
Han-Latin	𥰱	sāo
Han-Latin	𥰲	hòng
Han-Latin	𥰳	xiàn
Han-Latin	𥰶	xiá
Han-Latin	𥰻	mù
Han-Latin	𥰼	suǒ
Han-Latin	𥰾	zhài
Han-Latin	𥱀	fū
Han-Latin	𥱁	sè
Han-Latin	𥱂	nú
Han-Latin	𥱃	yì
Han-Latin	𥱧	qín
Han-Latin	𥱨	qìng
Han-Latin	𥱵	huì
Han-Latin	𥱶	shuǎng
Han-Latin	𥱷	dǎn
Han-Latin	𥱸	ōu
Han-Latin	𥱹	mò
Han-Latin	𥱺	qiān
Han-Latin	𥱻	chì
Han-Latin	𥱼	pái
Han-Latin	𥱽	juàn
Han-Latin	𥲀	cháo
Han-Latin	𥲁	liè
Han-Latin	𥲂	bīng
Han-Latin	𥲃	kòu
Han-Latin	𥲄	dàn
Han-Latin	𥲅	chóu
Han-Latin	𥲆	tōng
Han-Latin	𥲇	dàn
Han-Latin	𥲈	mǎn
Han-Latin	𥲉	hù
Han-Latin	𥲊	liáo
Han-Latin	𥲋	xián
Han-Latin	𥲍	cáo
Han-Latin	𥲎	lù
Han-Latin	𥲏	chuàn
Han-Latin	𥲐	wú
Han-Latin	𥲑	mán
Han-Latin	𥲕	zǐ
Han-Latin	𥲗	dù
Han-Latin	𥲚	shuàng
Han-Latin	𥲛	fù
Han-Latin	𥲜	jù
Han-Latin	𥲝	zhòu
Han-Latin	𥲟	diào
Han-Latin	𥲠	wàng
Han-Latin	𥲡	chuāng
Han-Latin	𥲢	qiān
Han-Latin	𥲣	tuì
Han-Latin	𥲥	lián
Han-Latin	𥲦	biāo
Han-Latin	𥲧	lí
Han-Latin	𥲪	lí
Han-Latin	𥳆	bì
Han-Latin	𥳇	fù
Han-Latin	𥳈	cuì
Han-Latin	𥳉	dū
Han-Latin	𥳋	zàn
Han-Latin	𥳌	lóng
Han-Latin	𥳍	xún
Han-Latin	𥳎	qióng
Han-Latin	𥳏	jī
Han-Latin	𥳐	qiǎn
Han-Latin	𥳒	jiǎn
Han-Latin	𥳓	shāo
Han-Latin	𥳔	duò
Han-Latin	𥳕	shū
Han-Latin	𥳖	bù
Han-Latin	𥳗	xū
Han-Latin	𥳘	dǒng
Han-Latin	𥳚	rán
Han-Latin	𥳜	yáng
Han-Latin	𥳝	ruǐ
Han-Latin	𥳞	lìn
Han-Latin	𥳟	jiǎn
Han-Latin	𥳠	dì
Han-Latin	𥳡	fén
Han-Latin	𥳢	diàn
Han-Latin	𥳣	zuì
Han-Latin	𥳥	nǐng
Han-Latin	𥳪	suàn
Han-Latin	𥳫	tiǎn
Han-Latin	𥳬	àn
Han-Latin	𥳯	cè
Han-Latin	𥳰	dìng
Han-Latin	𥳱	shēn
Han-Latin	𥳲	dù
Han-Latin	𥳳	tí
Han-Latin	𥳴	jiǎo
Han-Latin	𥳵	zuì
Han-Latin	𥳶	zhǎng
Han-Latin	𥳷	jiǎn
Han-Latin	𥳸	dàn
Han-Latin	𥳹	dǎn
Han-Latin	𥳺	sǒng
Han-Latin	𥴐	zhǎn
Han-Latin	𥴑	tíng
Han-Latin	𥴒	zhì
Han-Latin	𥴕	yóu
Han-Latin	𥴖	pái
Han-Latin	𥴡	lǐ
Han-Latin	𥴤	qián
Han-Latin	𥴦	suì
Han-Latin	𥴧	jǔ
Han-Latin	𥴨	ài
Han-Latin	𥴩	gé
Han-Latin	𥴪	jù
Han-Latin	𥴫	tún
Han-Latin	𥴬	bì
Han-Latin	𥴭	qià
Han-Latin	𥴮	bó
Han-Latin	𥴯	huì
Han-Latin	𥴱	jiàn
Han-Latin	𥴴	gōu
Han-Latin	𥴵	suàn
Han-Latin	𥴺	cí
Han-Latin	𥴻	qiàng
Han-Latin	𥴿	yán
Han-Latin	𥵏	diàn
Han-Latin	𥵒	miè
Han-Latin	𥵜	pò
Han-Latin	𥵝	lǐng
Han-Latin	𥵞	jié
Han-Latin	𥵟	zhù
Han-Latin	𥵠	gǔ
Han-Latin	𥵣	duān
Han-Latin	𥵤	zhào
Han-Latin	𥵦	shǎo
Han-Latin	𥵧	qǐn
Han-Latin	𥵨	mí
Han-Latin	𥵪	píng
Han-Latin	𥵫	cóng
Han-Latin	𥵬	chōu
Han-Latin	𥵯	sà
Han-Latin	𥵶	tiǎn
Han-Latin	𥶅	liú
Han-Latin	𥶆	lǘ
Han-Latin	𥶇	lǔ
Han-Latin	𥶈	zōu
Han-Latin	𥶌	lǜ
Han-Latin	𥶍	huǎn
Han-Latin	𥶏	tiáo
Han-Latin	𥶐	tuí
Han-Latin	𥶑	qiǎng
Han-Latin	𥶒	lìn
Han-Latin	𥶓	bēi
Han-Latin	𥶔	páo
Han-Latin	𥶕	zhān
Han-Latin	𥶗	lì
Han-Latin	𥶛	tí
Han-Latin	𥶜	hú
Han-Latin	𥶢	liè
Han-Latin	𥶵	huǐ
Han-Latin	𥶶	qū
Han-Latin	𥶷	xuǎn
Han-Latin	𥶹	jìng
Han-Latin	𥶺	dié
Han-Latin	𥶻	suí
Han-Latin	𥶽	wèi
Han-Latin	𥶿	yán
Han-Latin	𥷀	yān
Han-Latin	𥷁	bàn
Han-Latin	𥷃	jiǎng
Han-Latin	𥷄	nǐ
Han-Latin	𥷅	lì
Han-Latin	𥷆	hú
Han-Latin	𥷇	qì
Han-Latin	𥷈	zhōng
Han-Latin	𥷑	bì
Han-Latin	𥷔	yú
Han-Latin	𥷕	dié
Han-Latin	𥷖	lìn
Han-Latin	𥷗	lì
Han-Latin	𥷘	zhuó
Han-Latin	𥷙	jì
Han-Latin	𥷚	jū
Han-Latin	𥷜	fēng
Han-Latin	𥷞	yù
Han-Latin	𥷨	liè
Han-Latin	𥷩	zá
Han-Latin	𥷪	qián
Han-Latin	𥷫	jiē
Han-Latin	𥷬	guān
Han-Latin	𥷮	zhuó
Han-Latin	𥷱	fù
Han-Latin	𥷹	sè
Han-Latin	𥷼	cù
Han-Latin	𥸃	huǐ
Han-Latin	𥸈	dàng
Han-Latin	𥸉	lóng
Han-Latin	𥸊	yì
Han-Latin	𥸗	sǎ
Han-Latin	𥸘	yuè
Han-Latin	𥸚	dí
Han-Latin	𥸡	gǎn
Han-Latin	𥸢	zān
Han-Latin	𥸣	shàn
Han-Latin	𥸤	yù
Han-Latin	𥸥	bǒ
Han-Latin	𥸧	dìng
Han-Latin	𥸨	fán
Han-Latin	𥸪	yù
Han-Latin	𥸬	shēn
Han-Latin	𥸲	gōng
Han-Latin	𥸴	miè
Han-Latin	𥸵	tún
Han-Latin	𥸸	liè
Han-Latin	𥹁	zhā
Han-Latin	𥹂	pēi
Han-Latin	𥹄	mí
Han-Latin	𥹆	míng
Han-Latin	𥹇	fàn
Han-Latin	𥹉	nà
Han-Latin	𥹊	sì
Han-Latin	𥹋	yí
Han-Latin	𥹌	jiā
Han-Latin	𥹍	zhù
Han-Latin	𥹓	bān
Han-Latin	𥹔	yù
Han-Latin	𥹖	pǒ
Han-Latin	𥹚	huān
Han-Latin	𥹛	càn
Han-Latin	𥹜	jiāo
Han-Latin	𥹠	tán
Han-Latin	𥹩	zhì
Han-Latin	𥹫	mǐ
Han-Latin	𥹬	kǎo
Han-Latin	𥹱	yāo
Han-Latin	𥹲	duì
Han-Latin	𥹳	quǎn
Han-Latin	𥹴	bù
Han-Latin	𥹵	chù
Han-Latin	𥹶	qiǎo
Han-Latin	𥹷	liú
Han-Latin	𥹸	bó
Han-Latin	𥹺	kāng
Han-Latin	𥹻	fèn
Han-Latin	𥺅	dào
Han-Latin	𥺉	dòu
Han-Latin	𥺊	gé
Han-Latin	𥺙	líng
Han-Latin	𥺚	xí
Han-Latin	𥺜	nì
Han-Latin	𥺝	zhōu
Han-Latin	𥺞	zhōu
Han-Latin	𥺣	chōu
Han-Latin	𥺴	niān
Han-Latin	𥺵	jī
Han-Latin	𥺷	qū
Han-Latin	𥻄	kāi
Han-Latin	𥻇	xiàn
Han-Latin	𥻉	hé
Han-Latin	𥻋	lín
Han-Latin	𥻍	zī
Han-Latin	𥻑	ǒu
Han-Latin	𥻒	cù
Han-Latin	𥻗	chá
Han-Latin	𥻝	zhòng
Han-Latin	𥻞	bú
Han-Latin	𥻤	chōu
Han-Latin	𥻥	xì
Han-Latin	𥻦	sà
Han-Latin	𥻧	xián
Han-Latin	𥻨	sè
Han-Latin	𥻩	miàn
Han-Latin	𥻫	fán
Han-Latin	𥻬	zhī
Han-Latin	𥻮	cuì
Han-Latin	𥻴	xià
Han-Latin	𥻾	nuò
Han-Latin	𥻿	lí
Han-Latin	𥼀	zú
Han-Latin	𥼂	cuī
Han-Latin	𥼃	zé
Han-Latin	𥼅	lí
Han-Latin	𥼘	qí
Han-Latin	𥼚	zhuō
Han-Latin	𥼛	cuì
Han-Latin	𥼜	pū
Han-Latin	𥼞	fán
Han-Latin	𥼟	tán
Han-Latin	𥼩	zī
Han-Latin	𥼪	zǔ
Han-Latin	𥼫	zhōu
Han-Latin	𥼬	róng
Han-Latin	𥼭	lín
Han-Latin	𥼮	tán
Han-Latin	𥼶	shì
Han-Latin	𥼺	cuǐ
Han-Latin	𥼻	zī
Han-Latin	𥼼	fū
Han-Latin	𥽁	xiào
Han-Latin	𥽈	fēng
Han-Latin	𥽏	xiàn
Han-Latin	𥽐	jiàn
Han-Latin	𥽒	fèn
Han-Latin	𥽗	lì
Han-Latin	𥽘	mò
Han-Latin	𥽟	yōu
Han-Latin	𥽥	huò
Han-Latin	𥽧	qū
Han-Latin	𥽬	niàng
Han-Latin	𥽰	mí
Han-Latin	𥽳	qì
Han-Latin	𥽶	hé
Han-Latin	𥽸	liàn
Han-Latin	𥽿	zuò
Han-Latin	𥾂	líng
Han-Latin	𥾅	zhú
Han-Latin	𥾇	niǎo
Han-Latin	𥾊	jǐ
Han-Latin	𥾋	réng
Han-Latin	𥾌	jié
Han-Latin	𥾍	gǎn
Han-Latin	𥾐	yì
Han-Latin	𥾓	zhóu
Han-Latin	𥾕	wù
Han-Latin	𥾚	gěng
Han-Latin	𥾛	cù
Han-Latin	𥾝	miè
Han-Latin	𥾡	xún
Han-Latin	𥾣	zhī
Han-Latin	𥾤	xiáo
Han-Latin	𥾧	fú
Han-Latin	𥾨	hú
Han-Latin	𥾬	dī
Han-Latin	𥾮	jué
Han-Latin	𥾯	diào
Han-Latin	𥾹	shǒu
Han-Latin	𥾼	wǎng
Han-Latin	𥿃	nà
Han-Latin	𥿄	dī
Han-Latin	𥿅	shì
Han-Latin	𥿆	cí
Han-Latin	𥿇	shū
Han-Latin	𥿉	wà
Han-Latin	𥿊	chè
Han-Latin	𥿋	fán
Han-Latin	𥿍	gū
Han-Latin	𥿎	yuān
Han-Latin	𥿑	guān
Han-Latin	𥿚	qiè
Han-Latin	𥿜	zhǎn
Han-Latin	𥿝	dài
Han-Latin	𥿞	shē
Han-Latin	𥿦	zhōu
Han-Latin	𥿧	xiǎng
Han-Latin	𥿨	míng
Han-Latin	𥿩	zì
Han-Latin	𥿪	huāng
Han-Latin	𥿫	mí
Han-Latin	𥿭	xì
Han-Latin	𥿮	zhì
Han-Latin	𥿯	pài
Han-Latin	𥿰	duǒ
Han-Latin	𥿴	cì
Han-Latin	𥿵	móu
Han-Latin	𥿷	chào
Han-Latin	𥿹	yì
Han-Latin	𥿺	gōu
Han-Latin	𦀇	jīng
Han-Latin	𦀓	zēng
Han-Latin	𦀔	pīng
Han-Latin	𦀕	yè
Han-Latin	𦀖	jié
Han-Latin	𦀘	pī
Han-Latin	𦀛	shā
Han-Latin	𦀜	zhuàng
Han-Latin	𦀝	jiǒng
Han-Latin	𦀠	liú
Han-Latin	𦀡	yǔ
Han-Latin	𦀣	jū
Han-Latin	𦀨	nuò
Han-Latin	𦀸	mào
Han-Latin	𦁄	chēn
Han-Latin	𦁆	zhuàn
Han-Latin	𦁇	niàn
Han-Latin	𦁈	kòng
Han-Latin	𦁉	jiē
Han-Latin	𦁊	huà
Han-Latin	𦁍	xīn
Han-Latin	𦁎	zuó
Han-Latin	𦁏	yàn
Han-Latin	𦁐	jué
Han-Latin	𦁕	hū
Han-Latin	𦁖	zhòu
Han-Latin	𦁗	shè
Han-Latin	𦁙	yǎn
Han-Latin	𦁛	xiè
Han-Latin	𦁜	dié
Han-Latin	𦁟	chēn
Han-Latin	𦁲	jiǎn
Han-Latin	𦁳	jì
Han-Latin	𦁶	chuò
Han-Latin	𦁷	hóng
Han-Latin	𦂀	dá
Han-Latin	𦂄	kāi
Han-Latin	𦂅	xīng
Han-Latin	𦂆	huì
Han-Latin	𦂇	jiǎn
Han-Latin	𦂈	zhòu
Han-Latin	𦂉	zhǎ
Han-Latin	𦂊	fù
Han-Latin	𦂋	chì
Han-Latin	𦂌	běng
Han-Latin	𦂍	nuò
Han-Latin	𦂑	jì
Han-Latin	𦂒	qián
Han-Latin	𦂔	wàn
Han-Latin	𦂕	óu
Han-Latin	𦂖	bì
Han-Latin	𦂗	shuò
Han-Latin	𦂠	jīng
Han-Latin	𦂡	yè
Han-Latin	𦃄	fěi
Han-Latin	𦃇	lí
Han-Latin	𦃊	lì
Han-Latin	𦃋	pí
Han-Latin	𦃒	suì
Han-Latin	𦃓	liú
Han-Latin	𦃔	hé
Han-Latin	𦃕	hǔn
Han-Latin	𦃖	tǎn
Han-Latin	𦃗	shuò
Han-Latin	𦃘	zhì
Han-Latin	𦃙	bó
Han-Latin	𦃝	xì
Han-Latin	𦃡	pó
Han-Latin	𦃢	qǔn
Han-Latin	𦃤	mù
Han-Latin	𦃽	yōng
Han-Latin	𦄂	dài
Han-Latin	𦄊	qǐ
Han-Latin	𦄋	diǎo
Han-Latin	𦄌	niè
Han-Latin	𦄍	shuǎng
Han-Latin	𦄏	shāo
Han-Latin	𦄐	kǔn
Han-Latin	𦄑	suì
Han-Latin	𦄓	dōu
Han-Latin	𦄔	dié
Han-Latin	𦄜	gōng
Han-Latin	𦄯	zhuǎn
Han-Latin	𦄰	guó
Han-Latin	𦄼	xū
Han-Latin	𦄽	qú
Han-Latin	𦅀	xún
Han-Latin	𦅃	jiāo
Han-Latin	𦅄	zhé
Han-Latin	𦅆	diàn
Han-Latin	𦅇	sāng
Han-Latin	𦅈	bēng
Han-Latin	𦅊	suǒ
Han-Latin	𦅋	qiǎn
Han-Latin	𦅏	xū
Han-Latin	𦅑	xún
Han-Latin	𦅔	mò
Han-Latin	𦅵	suì
Han-Latin	𦅶	là
Han-Latin	𦅷	zhǔ
Han-Latin	𦅸	zhòu
Han-Latin	𦅺	lì
Han-Latin	𦅼	dān
Han-Latin	𦅽	jú
Han-Latin	𦅿	yùn
Han-Latin	𦆀	chǎn
Han-Latin	𦆁	luó
Han-Latin	𦆄	sè
Han-Latin	𦆆	lián
Han-Latin	𦆈	zuǎn
Han-Latin	𦆋	lài
Han-Latin	𦆌	shuǎng
Han-Latin	𦆍	qiè
Han-Latin	𦆘	dōu
Han-Latin	𦆞	wù
Han-Latin	𦆟	méng
Han-Latin	𦆡	jì
Han-Latin	𦆤	chī
Han-Latin	𦆦	nǐ
Han-Latin	𦆸	yáo
Han-Latin	𦆻	là
Han-Latin	𦆾	lǜ
Han-Latin	𦇀	suì
Han-Latin	𦇁	fū
Han-Latin	𦇄	lěi
Han-Latin	𦇅	wěi
Han-Latin	𦇎	cōng
Han-Latin	𦇔	lì
Han-Latin	𦇖	pín
Han-Latin	𦇘	jūn
Han-Latin	𦇙	jǔ
Han-Latin	𦇛	là
Han-Latin	𦇧	jì
Han-Latin	𦇪	miè
Han-Latin	𦇬	yào
Han-Latin	𦇭	biān
Han-Latin	𦇱	cóng
Han-Latin	𦇲	sī
Han-Latin	𦇵	sī
Han-Latin	𦇸	hé
Han-Latin	𦈃	nàng
Han-Latin	𦈅	dié
Han-Latin	𦈈	chè
Han-Latin	𦈉	yùn
Han-Latin	𦈋	xiǔ
Han-Latin	𦈌	shū
Han-Latin	𦈎	chǎn
Han-Latin	𦈏	mín
Han-Latin	𦈐	lián
Han-Latin	𦈑	yīn
Han-Latin	𦈒	xīng
Han-Latin	𦈓	wēi
Han-Latin	𦈔	gǔ
Han-Latin	𦈕	tóu
Han-Latin	𦈖	tā
Han-Latin	𦈗	fěi
Han-Latin	𦈘	dā
Han-Latin	𦈙	niè
Han-Latin	𦈚	cù
Han-Latin	𦈛	zuǒ
Han-Latin	𦈜	jié
Han-Latin	𦈝	xuàn
Han-Latin	𦈞	bó
Han-Latin	𦈟	jīn
Han-Latin	𦈠	yǐn
Han-Latin	𦈡	xū
Han-Latin	𦈣	yú
Han-Latin	𦈤	xiòng
Han-Latin	𦈦	qì
Han-Latin	𦈧	bēi
Han-Latin	𦈨	xíng
Han-Latin	𦈩	gǒng
Han-Latin	𦈬	zuǐ
Han-Latin	𦈰	jiē
Han-Latin	𦈲	kāi
Han-Latin	𦈵	xíng
Han-Latin	𦈶	bēi
Han-Latin	𦈷	shū
Han-Latin	𦈸	yù
Han-Latin	𦈺	zhǒu
Han-Latin	𦈻	zhǎn
Han-Latin	𦉂	zhōng
Han-Latin	𦉆	chá
Han-Latin	𦉈	chuí
Han-Latin	𦉉	liù
Han-Latin	𦉎	suī
Han-Latin	𦉐	zhǔ
Han-Latin	𦉙	biàn
Han-Latin	𦉝	xìn
Han-Latin	𦉟	yà
Han-Latin	𦉢	líng
Han-Latin	𦉧	yà
Han-Latin	𦉬	tīng
Han-Latin	𦉹	dí
Han-Latin	𦊁	pí
Han-Latin	𦊂	hù
Han-Latin	𦊃	cén
Han-Latin	𦊊	tiān
Han-Latin	𦊋	mǒu
Han-Latin	𦊌	juǎn
Han-Latin	𦊎	mǒu
Han-Latin	𦊐	jù
Han-Latin	𦊑	liǔ
Han-Latin	𦊓	lǐng
Han-Latin	𦊗	liǔ
Han-Latin	𦊘	hù
Han-Latin	𦊦	fú
Han-Latin	𦊧	hú
Han-Latin	𦊪	è
Han-Latin	𦊫	gōng
Han-Latin	𦊬	gū
Han-Latin	𦊱	guà
Han-Latin	𦊹	lüè
Han-Latin	𦊻	fán
Han-Latin	𦊼	lǜ
Han-Latin	𦊽	méng
Han-Latin	𦊾	fú
Han-Latin	𦊿	liú
Han-Latin	𦋅	xié
Han-Latin	𦋆	gū
Han-Latin	𦋈	xiàn
Han-Latin	𦋉	bó
Han-Latin	𦋋	jì
Han-Latin	𦋓	quān
Han-Latin	𦋔	lù
Han-Latin	𦋞	shuò
Han-Latin	𦋡	mǒu
Han-Latin	𦋢	yù
Han-Latin	𦋣	hàn
Han-Latin	𦋩	yuè
Han-Latin	𦋪	dàn
Han-Latin	𦋯	yú
Han-Latin	𦋰	jiān
Han-Latin	𦋳	gāng
Han-Latin	𦋿	cáo
Han-Latin	𦌀	shèn
Han-Latin	𦌁	liǔ
Han-Latin	𦌆	jiāo
Han-Latin	𦌉	sù
Han-Latin	𦌊	sù
Han-Latin	𦌋	zhòng
Han-Latin	𦌒	liào
Han-Latin	𦌔	xuǎn
Han-Latin	𦌕	lù
Han-Latin	𦌗	jì
Han-Latin	𦌚	yán
Han-Latin	𦌟	lù
Han-Latin	𦌡	mǐn
Han-Latin	𦌢	tí
Han-Latin	𦌦	huàn
Han-Latin	𦌩	yì
Han-Latin	𦌪	tǎn
Han-Latin	𦌬	wǔ
Han-Latin	𦌰	jī
Han-Latin	𦌷	dú
Han-Latin	𦌸	kūn
Han-Latin	𦌺	jūn
Han-Latin	𦌿	shī
Han-Latin	𦍀	nàn
Han-Latin	𦍁	pò
Han-Latin	𦍄	shū
Han-Latin	𦍅	quàn
Han-Latin	𦍌	rèn
Han-Latin	𦍏	fén
Han-Latin	𦍒	tà
Han-Latin	𦍓	tún
Han-Latin	𦍕	yáng
Han-Latin	𦍠	lì
Han-Latin	𦍦	duō
Han-Latin	𦍧	cī
Han-Latin	𦍩	gǔ
Han-Latin	𦍪	fén
Han-Latin	𦍭	róu
Han-Latin	𦍱	gāo
Han-Latin	𦍲	xiáng
Han-Latin	𦍴	xiáng
Han-Latin	𦍵	hǒu
Han-Latin	𦍷	tāo
Han-Latin	𦍸	shàn
Han-Latin	𦍹	yáng
Han-Latin	𦍺	zì
Han-Latin	𦍼	yuán
Han-Latin	𦎄	sú
Han-Latin	𦎇	chuàn
Han-Latin	𦎈	xiáng
Han-Latin	𦎊	bān
Han-Latin	𦎌	mǎn
Han-Latin	𦎎	fǔ
Han-Latin	𦎏	lǎ
Han-Latin	𦎐	lǐ
Han-Latin	𦎒	jié
Han-Latin	𦎓	yōu
Han-Latin	𦎘	yù
Han-Latin	𦎚	chì
Han-Latin	𦎜	chuàn
Han-Latin	𦎝	yì
Han-Latin	𦎞	shān
Han-Latin	𦎢	jí
Han-Latin	𦎣	yān
Han-Latin	𦎦	wù
Han-Latin	𦎧	chún
Han-Latin	𦎨	máng
Han-Latin	𦎭	fú
Han-Latin	𦎮	jiā
Han-Latin	𦎯	gòu
Han-Latin	𦎰	gú
Han-Latin	𦎱	jiá
Han-Latin	𦎵	xián
Han-Latin	𦎷	jìn
Han-Latin	𦎸	zì
Han-Latin	𦎹	lóu
Han-Latin	𦎼	gòu
Han-Latin	𦏀	rén
Han-Latin	𦏂	shān
Han-Latin	𦏅	jué
Han-Latin	𦏆	tóng
Han-Latin	𦏇	yǒu
Han-Latin	𦏔	jiān
Han-Latin	𦏕	dú
Han-Latin	𦏗	hú
Han-Latin	𦏛	sāo
Han-Latin	𦏜	yù
Han-Latin	𦏢	mài
Han-Latin	𦏤	zhī
Han-Latin	𦏥	yān
Han-Latin	𦏦	gāo
Han-Latin	𦏨	huài
Han-Latin	𦏮	quán
Han-Latin	𦏱	yǎng
Han-Latin	𦏳	zuǐ
Han-Latin	𦏷	xiāo
Han-Latin	𦏸	yì
Han-Latin	𦏹	yǎn
Han-Latin	𦏺	hóng
Han-Latin	𦏻	yú
Han-Latin	𦏿	chì
Han-Latin	𦐁	chí
Han-Latin	𦐄	háng
Han-Latin	𦐅	sè
Han-Latin	𦐆	pā
Han-Latin	𦐇	tà
Han-Latin	𦐈	fēn
Han-Latin	𦐉	chī
Han-Latin	𦐌	hóng
Han-Latin	𦐍	xuè
Han-Latin	𦐖	zhǐ
Han-Latin	𦐛	qú
Han-Latin	𦐠	xī
Han-Latin	𦐡	fú
Han-Latin	𦐣	shū
Han-Latin	𦐤	hài
Han-Latin	𦐦	pò
Han-Latin	𦐨	cǐ
Han-Latin	𦐰	chài
Han-Latin	𦐳	hōng
Han-Latin	𦐸	pǎo
Han-Latin	𦐹	shēn
Han-Latin	𦐺	xiāo
Han-Latin	𦐽	xuān
Han-Latin	𦐾	cǐ
Han-Latin	𦐿	tíng
Han-Latin	𦑀	pò
Han-Latin	𦑇	tà
Han-Latin	𦑈	chā
Han-Latin	𦑋	zú
Han-Latin	𦑌	huò
Han-Latin	𦑍	xù
Han-Latin	𦑎	yàn
Han-Latin	𦑏	chài
Han-Latin	𦑑	tuó
Han-Latin	𦑘	xián
Han-Latin	𦑙	xuān
Han-Latin	𦑚	hóu
Han-Latin	𦑛	huǎn
Han-Latin	𦑜	gé
Han-Latin	𦑝	chǒng
Han-Latin	𦑞	bì
Han-Latin	𦑟	hōng
Han-Latin	𦑠	hōng
Han-Latin	𦑡	chí
Han-Latin	𦑣	chá
Han-Latin	𦑯	zhǎ
Han-Latin	𦑱	zhái
Han-Latin	𦑲	tà
Han-Latin	𦑵	pò
Han-Latin	𦑶	tà
Han-Latin	𦑸	yóu
Han-Latin	𦑹	fú
Han-Latin	𦑺	cī
Han-Latin	𦑻	dá
Han-Latin	𦑼	tǎ
Han-Latin	𦑾	liú
Han-Latin	𦒁	cī
Han-Latin	𦒃	hōng
Han-Latin	𦒅	hàn
Han-Latin	𦒆	lā
Han-Latin	𦒈	shī
Han-Latin	𦒍	tóng
Han-Latin	𦒎	huì
Han-Latin	𦒏	hé
Han-Latin	𦒐	piē
Han-Latin	𦒑	yù
Han-Latin	𦒜	xiān
Han-Latin	𦒝	hǎn
Han-Latin	𦒟	pò
Han-Latin	𦒦	là
Han-Latin	𦒧	huò
Han-Latin	𦒰	tài
Han-Latin	𦒴	lǎo
Han-Latin	𦒶	shù
Han-Latin	𦒺	dào
Han-Latin	𦒻	diǎn
Han-Latin	𦓈	xiòng
Han-Latin	𦓋	wàng
Han-Latin	𦓍	chě
Han-Latin	𦓎	nài
Han-Latin	𦓐	jué
Han-Latin	𦓓	ér
Han-Latin	𦓔	ér
Han-Latin	𦓕	nǘ
Han-Latin	𦓖	nǜ
Han-Latin	𦓝	zhuǎn
Han-Latin	𦓢	nuò
Han-Latin	𦓤	liè
Han-Latin	𦓥	lěi
Han-Latin	𦓧	bā
Han-Latin	𦓬	chēng
Han-Latin	𦓯	guī
Han-Latin	𦓰	quán
Han-Latin	𦓱	gè
Han-Latin	𦓳	gǒng
Han-Latin	𦓴	shào
Han-Latin	𦓹	lái
Han-Latin	𦓺	zhēng
Han-Latin	𦓻	yì
Han-Latin	𦓼	gǔn
Han-Latin	𦓽	wēi
Han-Latin	𦓾	lǔn
Han-Latin	𦔂	shí
Han-Latin	𦔃	yīng
Han-Latin	𦔄	shěng
Han-Latin	𦔅	tú
Han-Latin	𦔆	bì
Han-Latin	𦔈	zé
Han-Latin	𦔉	zhòng
Han-Latin	𦔋	rǒng
Han-Latin	𦔌	qí
Han-Latin	𦔍	fù
Han-Latin	𦔎	cè
Han-Latin	𦔓	lí
Han-Latin	𦔔	mán
Han-Latin	𦔖	lián
Han-Latin	𦔗	biāo
Han-Latin	𦔛	chuáng
Han-Latin	𦔜	yì
Han-Latin	𦔠	pài
Han-Latin	𦔥	yì
Han-Latin	𦔦	kuài
Han-Latin	𦔩	biāo
Han-Latin	𦔫	chì
Han-Latin	𦔬	qú
Han-Latin	𦔭	mò
Han-Latin	𦔮	zhé
Han-Latin	𦔯	shà
Han-Latin	𦔰	shà
Han-Latin	𦔷	yāo
Han-Latin	𦔸	gōng
Han-Latin	𦔹	nài
Han-Latin	𦔼	xiè
Han-Latin	𦔿	tiàn
Han-Latin	𦕆	yé
Han-Latin	𦕉	shā
Han-Latin	𦕏	sào
Han-Latin	𦕒	diān
Han-Latin	𦕓	xù
Han-Latin	𦕙	qú
Han-Latin	𦕠	hōng
Han-Latin	𦕡	shèng
Han-Latin	𦕢	tìng
Han-Latin	𦕰	duo
Han-Latin	𦕵	liáo
Han-Latin	𦕷	hòng
Han-Latin	𦕸	lǐ
Han-Latin	𦕺	xiǎng
Han-Latin	𦕽	shèn
Han-Latin	𦖀	fū
Han-Latin	𦖈	yǎn
Han-Latin	𦖉	wǎng
Han-Latin	𦖊	qī
Han-Latin	𦖋	duǒ
Han-Latin	𦖍	huà
Han-Latin	𦖎	qiān
Han-Latin	𦖐	xiè
Han-Latin	𦖝	cì
Han-Latin	𦖞	shēng
Han-Latin	𦖢	èr
Han-Latin	𦖤	xīng
Han-Latin	𦖦	tuì
Han-Latin	𦖧	yàn
Han-Latin	𦖩	liè
Han-Latin	𦖬	mí
Han-Latin	𦖸	zòng
Han-Latin	𦖺	zī
Han-Latin	𦖼	hú
Han-Latin	𦖽	yíng
Han-Latin	𦖾	lián
Han-Latin	𦖿	dā
Han-Latin	𦗀	tián
Han-Latin	𦗁	tiàn
Han-Latin	𦗋	róng
Han-Latin	𦗍	ài
Han-Latin	𦗐	ài
Han-Latin	𦗑	zhé
Han-Latin	𦗒	guō
Han-Latin	𦗓	lù
Han-Latin	𦗔	zhāo
Han-Latin	𦗕	mí
Han-Latin	𦗖	liáo
Han-Latin	𦗗	zhé
Han-Latin	𦗛	qǔ
Han-Latin	𦗜	cōng
Han-Latin	𦗟	tīng
Han-Latin	𦗡	tán
Han-Latin	𦗢	zhǎn
Han-Latin	𦗣	hú
Han-Latin	𦗥	piē
Han-Latin	𦗧	dā
Han-Latin	𦗨	róng
Han-Latin	𦗮	nǎo
Han-Latin	𦗳	náng
Han-Latin	𦗴	dāng
Han-Latin	𦗵	jiǎo
Han-Latin	𦗻	jù
Han-Latin	𦗼	ěr
Han-Latin	𦘊	lì
Han-Latin	𦘌	guō
Han-Latin	𦘍	wài
Han-Latin	𦘒	niè
Han-Latin	𦘔	jīn
Han-Latin	𦘩	pǐ
Han-Latin	𦘪	chì
Han-Latin	𦘲	pǐ
Han-Latin	𦘳	yì
Han-Latin	𦘴	dū
Han-Latin	𦘵	wǎ
Han-Latin	𦘶	xūn
Han-Latin	𦘸	qì
Han-Latin	𦘹	shàn
Han-Latin	𦘼	xū
Han-Latin	𦘿	hē
Han-Latin	𦙀	pàn
Han-Latin	𦙂	pēi
Han-Latin	𦙄	xiōng
Han-Latin	𦙆	chǐ
Han-Latin	𦙇	tān
Han-Latin	𦙈	zuì
Han-Latin	𦙉	zuǎn
Han-Latin	𦙊	qì
Han-Latin	𦙋	dū
Han-Latin	𦙙	shuǐ
Han-Latin	𦙜	nǎ
Han-Latin	𦙝	xī
Han-Latin	𦙧	chǎo
Han-Latin	𦙨	yì
Han-Latin	𦙫	zhēng
Han-Latin	𦙮	jú
Han-Latin	𦙯	dài
Han-Latin	𦙱	sān
Han-Latin	𦙴	zhù
Han-Latin	𦙵	wàn
Han-Latin	𦙶	gǔ
Han-Latin	𦙸	sān
Han-Latin	𦙹	bàn
Han-Latin	𦙺	jià
Han-Latin	𦙻	mài
Han-Latin	𦚈	tuò
Han-Latin	𦚊	qì
Han-Latin	𦚏	zhuāng
Han-Latin	𦚐	tuó
Han-Latin	𦚓	píng
Han-Latin	𦚝	pēng
Han-Latin	𦚞	kuāng
Han-Latin	𦚟	yí
Han-Latin	𦚡	xiè
Han-Latin	𦚢	yuē
Han-Latin	𦚣	hén
Han-Latin	𦚥	hóu
Han-Latin	𦚦	zhēng
Han-Latin	𦚧	chǔn
Han-Latin	𦚨	shì
Han-Latin	𦚩	wǎ
Han-Latin	𦚫	xié
Han-Latin	𦚸	gèng
Han-Latin	𦛅	è
Han-Latin	𦛏	kú
Han-Latin	𦛐	nà
Han-Latin	𦛓	jū
Han-Latin	𦛔	xuàn
Han-Latin	𦛕	qū
Han-Latin	𦛖	chè
Han-Latin	𦛗	lǚ
Han-Latin	𦛘	hé
Han-Latin	𦛙	shèng
Han-Latin	𦛚	nàn
Han-Latin	𦛜	hé
Han-Latin	𦛝	chá
Han-Latin	𦛞	yān
Han-Latin	𦛟	gěng
Han-Latin	𦛠	niè
Han-Latin	𦛢	guó
Han-Latin	𦛣	yán
Han-Latin	𦛤	guǎn
Han-Latin	𦛧	zhì
Han-Latin	𦛨	láo
Han-Latin	𦛯	dǔ
Han-Latin	𦛰	qì
Han-Latin	𦛱	qū
Han-Latin	𦛲	jué
Han-Latin	𦜁	fēng
Han-Latin	𦜃	xù
Han-Latin	𦜄	tuì
Han-Latin	𦜆	hán
Han-Latin	𦜇	kū
Han-Latin	𦜊	shēn
Han-Latin	𦜋	zhì
Han-Latin	𦜍	pàng
Han-Latin	𦜎	zhēng
Han-Latin	𦜏	lì
Han-Latin	𦜐	wǎn
Han-Latin	𦜒	fǎn
Han-Latin	𦜓	xìn
Han-Latin	𦜖	yà
Han-Latin	𦜛	jū
Han-Latin	𦜜	shèn
Han-Latin	𦜭	mǎng
Han-Latin	𦜯	tǔn
Han-Latin	𦜰	zhuó
Han-Latin	𦜱	xī
Han-Latin	𦜲	yìn
Han-Latin	𦜳	jīng
Han-Latin	𦜴	tún
Han-Latin	𦜷	gèng
Han-Latin	𦜸	jì
Han-Latin	𦝏	zhuǎn
Han-Latin	𦝒	tiē
Han-Latin	𦝔	zhī
Han-Latin	𦝖	jí
Han-Latin	𦝚	yíng
Han-Latin	𦝛	wèi
Han-Latin	𦝝	huàn
Han-Latin	𦝞	tíng
Han-Latin	𦝟	chán
Han-Latin	𦝠	luó
Han-Latin	𦝢	kuí
Han-Latin	𦝣	qià
Han-Latin	𦝤	bàn
Han-Latin	𦝥	chā
Han-Latin	𦝦	tuǒ
Han-Latin	𦝧	nǎn
Han-Latin	𦝨	jiē
Han-Latin	𦝪	yān
Han-Latin	𦝬	tú
Han-Latin	𦝮	wěn
Han-Latin	𦝰	cōng
Han-Latin	𦝳	xù
Han-Latin	𦝴	yìn
Han-Latin	𦝷	bèng
Han-Latin	𦝼	lǘ
Han-Latin	𦞁	zāi
Han-Latin	𦞂	dā
Han-Latin	𦞆	niè
Han-Latin	𦞇	jǔ
Han-Latin	𦞈	hóu
Han-Latin	𦞌	gèng
Han-Latin	𦞕	hóu
Han-Latin	𦞖	kān
Han-Latin	𦞗	gōng
Han-Latin	𦞙	huǐ
Han-Latin	𦞚	xiè
Han-Latin	𦞝	xì
Han-Latin	𦞞	hán
Han-Latin	𦞟	mí
Han-Latin	𦞡	wěng
Han-Latin	𦞢	hùn
Han-Latin	𦞣	sāo
Han-Latin	𦞤	xìn
Han-Latin	𦞥	zhé
Han-Latin	𦞦	huò
Han-Latin	𦞨	gōng
Han-Latin	𦞫	sài
Han-Latin	𦞬	jīn
Han-Latin	𦞭	wā
Han-Latin	𦞱	duǐ
Han-Latin	𦞲	chī
Han-Latin	𦞽	xī
Han-Latin	𦟂	mí
Han-Latin	𦟃	zāng
Han-Latin	𦟄	sǎng
Han-Latin	𦟓	tún
Han-Latin	𦟔	zhì
Han-Latin	𦟕	wěn
Han-Latin	𦟘	yín
Han-Latin	𦟙	tǔn
Han-Latin	𦟛	chōng
Han-Latin	𦟜	zé
Han-Latin	𦟞	xiāo
Han-Latin	𦟟	mó
Han-Latin	𦟠	cù
Han-Latin	𦟣	biǎn
Han-Latin	𦟤	xiū
Han-Latin	𦟧	yí
Han-Latin	𦟮	huǎng
Han-Latin	𦟰	zhā
Han-Latin	𦟱	suō
Han-Latin	𦟲	hún
Han-Latin	𦟳	jù
Han-Latin	𦠁	cù
Han-Latin	𦠄	jī
Han-Latin	𦠅	xún
Han-Latin	𦠆	sǔn
Han-Latin	𦠇	céng
Han-Latin	𦠉	yì
Han-Latin	𦠎	biāo
Han-Latin	𦠒	jué
Han-Latin	𦠓	lì
Han-Latin	𦠖	pào
Han-Latin	𦠛	zā
Han-Latin	𦠜	yè
Han-Latin	𦠞	bì
Han-Latin	𦠟	zhè
Han-Latin	𦠠	zhè
Han-Latin	𦠢	jiù
Han-Latin	𦠣	zhé
Han-Latin	𦠦	shù
Han-Latin	𦠪	xī
Han-Latin	𦠷	xǔ
Han-Latin	𦠸	nǎi
Han-Latin	𦠹	xián
Han-Latin	𦠺	gǔn
Han-Latin	𦠻	wèi
Han-Latin	𦠾	jí
Han-Latin	𦠿	sà
Han-Latin	𦡂	dǒng
Han-Latin	𦡃	nuó
Han-Latin	𦡄	dù
Han-Latin	𦡅	zhēng
Han-Latin	𦡆	kū
Han-Latin	𦡉	míng
Han-Latin	𦡕	báo
Han-Latin	𦡖	huì
Han-Latin	𦡙	zōng
Han-Latin	𦡨	sàn
Han-Latin	𦡪	tēng
Han-Latin	𦡫	yí
Han-Latin	𦡭	yù
Han-Latin	𦡱	yào
Han-Latin	𦡲	nǐng
Han-Latin	𦡴	chóu
Han-Latin	𦡵	hùn
Han-Latin	𦡷	duì
Han-Latin	𦡹	qì
Han-Latin	𦡺	yǐng
Han-Latin	𦡻	bìng
Han-Latin	𦡼	níng
Han-Latin	𦡽	huáng
Han-Latin	𦢆	yǐng
Han-Latin	𦢊	báo
Han-Latin	𦢎	guàng
Han-Latin	𦢏	lěi
Han-Latin	𦢐	zǔn
Han-Latin	𦢙	chǎn
Han-Latin	𦢣	jiǎn
Han-Latin	𦢧	méng
Han-Latin	𦢩	xiào
Han-Latin	𦢯	xìn
Han-Latin	𦢱	lí
Han-Latin	𦢺	qiǎo
Han-Latin	𦢿	wěi
Han-Latin	𦣀	nà
Han-Latin	𦣂	pāng
Han-Latin	𦣄	léi
Han-Latin	𦣇	luó
Han-Latin	𦣋	luán
Han-Latin	𦣍	gēng
Han-Latin	𦣏	luán
Han-Latin	𦣒	qú
Han-Latin	𦣖	luó
Han-Latin	𦣘	náng
Han-Latin	𦣛	luó
Han-Latin	𦣜	yuè
Han-Latin	𦣢	shuì
Han-Latin	𦣥	mì
Han-Latin	𦣦	wáng
Han-Latin	𦣧	cè
Han-Latin	𦣨	jiān
Han-Latin	𦣩	wǎng
Han-Latin	𦣯	jiā
Han-Latin	𦣴	huán
Han-Latin	𦣸	liàn
Han-Latin	𦣹	zì
Han-Latin	𦣺	bái
Han-Latin	𦣻	shǒu
Han-Latin	𦣾	wǎn
Han-Latin	𦤂	shū
Han-Latin	𦤇	guī
Han-Latin	𦤈	xī
Han-Latin	𦤊	rú
Han-Latin	𦤋	yào
Han-Latin	𦤎	gāo
Han-Latin	𦤕	yuè
Han-Latin	𦤘	yōng
Han-Latin	𦤙	wà
Han-Latin	𦤚	bó
Han-Latin	𦤟	xìn
Han-Latin	𦤢	pì
Han-Latin	𦤣	bó
Han-Latin	𦤦	hài
Han-Latin	𦤧	zhài
Han-Latin	𦤨	wò
Han-Latin	𦤪	yè
Han-Latin	𦤫	bì
Han-Latin	𦤬	hài
Han-Latin	𦤸	chì
Han-Latin	𦤻	zhì
Han-Latin	𦤽	ní
Han-Latin	𦥁	wú
Han-Latin	𦥂	ǎi
Han-Latin	𦥈	ǎi
Han-Latin	𦥉	yǔ
Han-Latin	𦥊	chì
Han-Latin	𦥍	jìng
Han-Latin	𦥎	zhì
Han-Latin	𦥏	zhì
Han-Latin	𦥐	zhì
Han-Latin	𦥑	jú
Han-Latin	𦥖	hán
Han-Latin	𦥚	pīng
Han-Latin	𦥝	yǎo
Han-Latin	𦥣	yóu
Han-Latin	𦥤	pīng
Han-Latin	𦥦	mò
Han-Latin	𦥬	zuò
Han-Latin	𦥭	pò
Han-Latin	𦥯	xué
Han-Latin	𦥰	kuáng
Han-Latin	𦥱	yì
Han-Latin	𦥲	pò
Han-Latin	𦥻	zhuì
Han-Latin	𦦃	ní
Han-Latin	𦦄	qiǔ
Han-Latin	𦦅	còu
Han-Latin	𦦌	yǎo
Han-Latin	𦦑	fén
Han-Latin	𦦕	xiá
Han-Latin	𦦗	jiāng
Han-Latin	𦦘	chā
Han-Latin	𦦛	xiào
Han-Latin	𦦜	chā
Han-Latin	𦦢	chéng
Han-Latin	𦦣	cuì
Han-Latin	𦦧	qióng
Han-Latin	𦦩	yù
Han-Latin	𦦫	yú
Han-Latin	𦦯	wèn
Han-Latin	𦦱	chā
Han-Latin	𦦲	yǔ
Han-Latin	𦦹	zuó
Han-Latin	𦦺	dǎo
Han-Latin	𦦽	juàn
Han-Latin	𦦾	dǎo
Han-Latin	𦦿	yīng
Han-Latin	𦧁	fěng
Han-Latin	𦧅	wèng
Han-Latin	𦧈	jìn
Han-Latin	𦧉	qì
Han-Latin	𦧋	qìn
Han-Latin	𦧍	kuò
Han-Latin	𦧏	tān
Han-Latin	𦧐	xiān
Han-Latin	𦧒	tiān
Han-Latin	𦧔	kuò
Han-Latin	𦧖	tiàn
Han-Latin	𦧘	hú
Han-Latin	𦧙	zhū
Han-Latin	𦧚	zhān
Han-Latin	𦧛	tà
Han-Latin	𦧝	tiān
Han-Latin	𦧞	tà
Han-Latin	𦧟	tà
Han-Latin	𦧠	huá
Han-Latin	𦧡	yǎn
Han-Latin	𦧢	tiè
Han-Latin	𦧤	tiè
Han-Latin	𦧥	tà
Han-Latin	𦧬	huài
Han-Latin	𦧮	jiá
Han-Latin	𦧯	qì
Han-Latin	𦧱	tà
Han-Latin	𦧴	tān
Han-Latin	𦧵	huà
Han-Latin	𦧸	zhuàn
Han-Latin	𦧹	huā
Han-Latin	𦧼	lán
Han-Latin	𦨆	zūn
Han-Latin	𦨇	yì
Han-Latin	𦨈	fú
Han-Latin	𦨉	wù
Han-Latin	𦨋	fú
Han-Latin	𦨍	dīng
Han-Latin	𦨎	tà
Han-Latin	𦨖	chào
Han-Latin	𦨙	rì
Han-Latin	𦨚	quǎn
Han-Latin	𦨜	gē
Han-Latin	𦨡	fú
Han-Latin	𦨢	dì
Han-Latin	𦨣	diāo
Han-Latin	𦨤	yǒng
Han-Latin	𦨦	jià
Han-Latin	𦨩	lóng
Han-Latin	𦨬	yǒng
Han-Latin	𦨭	pí
Han-Latin	𦨯	huó
Han-Latin	𦨰	qióng
Han-Latin	𦨲	fán
Han-Latin	𦨳	wú
Han-Latin	𦨴	tóng
Han-Latin	𦨵	háng
Han-Latin	𦨸	tān
Han-Latin	𦨾	hēng
Han-Latin	𦩄	tiāo
Han-Latin	𦩈	zhōu
Han-Latin	𦩋	bài
Han-Latin	𦩌	xiè
Han-Latin	𦩍	dāo
Han-Latin	𦩏	jīn
Han-Latin	𦩕	hū
Han-Latin	𦩖	bēi
Han-Latin	𦩘	dìng
Han-Latin	𦩜	nuó
Han-Latin	𦩝	wèi
Han-Latin	𦩞	yú
Han-Latin	𦩠	xīng
Han-Latin	𦩡	fú
Han-Latin	𦩢	xiàn
Han-Latin	𦩣	qì
Han-Latin	𦩤	tū
Han-Latin	𦩧	jí
Han-Latin	𦩩	yìng
Han-Latin	𦩫	dèng
Han-Latin	𦩬	wēi
Han-Latin	𦩭	xī
Han-Latin	𦩯	pái
Han-Latin	𦩱	shéng
Han-Latin	𦩲	yǒu
Han-Latin	𦩴	ái
Han-Latin	𦩵	jiàn
Han-Latin	𦩷	gōu
Han-Latin	𦩸	ruò
Han-Latin	𦩼	gòng
Han-Latin	𦩿	shà
Han-Latin	𦪀	táng
Han-Latin	𦪇	lù
Han-Latin	𦪈	áo
Han-Latin	𦪊	qì
Han-Latin	𦪋	xiū
Han-Latin	𦪍	dāi
Han-Latin	𦪑	fá
Han-Latin	𦪒	wèi
Han-Latin	𦪔	dùn
Han-Latin	𦪕	liáo
Han-Latin	𦪖	fān
Han-Latin	𦪗	huáng
Han-Latin	𦪘	jué
Han-Latin	𦪙	tà
Han-Latin	𦪚	zùn
Han-Latin	𦪛	ráo
Han-Latin	𦪜	cān
Han-Latin	𦪝	téng
Han-Latin	𦪠	huà
Han-Latin	𦪡	xū
Han-Latin	𦪣	zhān
Han-Latin	𦪧	gǎn
Han-Latin	𦪪	péng
Han-Latin	𦪫	cān
Han-Latin	𦪬	xiē
Han-Latin	𦪭	dá
Han-Latin	𦪱	jì
Han-Latin	𦪶	lǐ
Han-Latin	𦪹	pán
Han-Latin	𦪽	lóng
Han-Latin	𦪾	lì
Han-Latin	𦪿	xí
Han-Latin	𦫀	téng
Han-Latin	𦫃	líng
Han-Latin	𦫈	lǐ
Han-Latin	𦫉	rán
Han-Latin	𦫊	líng
Han-Latin	𦫎	gǔn
Han-Latin	𦫔	pō
Han-Latin	𦫕	mò
Han-Latin	𦫖	pāi
Han-Latin	𦫙	bà
Han-Latin	𦫡	qí
Han-Latin	𦫤	yán
Han-Latin	𦫪	wà
Han-Latin	𦫫	ǎng
Han-Latin	𦫭	mìng
Han-Latin	𦫮	mǐn
Han-Latin	𦫯	xùn
Han-Latin	𦫰	méng
Han-Latin	𦫳	guǎi
Han-Latin	𦫶	jiāo
Han-Latin	𦫻	gǎi
Han-Latin	𦬁	cái
Han-Latin	𦬂	wù
Han-Latin	𦬃	zhé
Han-Latin	𦬄	rěn
Han-Latin	𦬅	kōu
Han-Latin	𦬔	zhǎo
Han-Latin	𦬕	zhōng
Han-Latin	𦬖	qiú
Han-Latin	𦬗	guō
Han-Latin	𦬘	gōng
Han-Latin	𦬙	pū
Han-Latin	𦬚	hù
Han-Latin	𦬛	miǎn
Han-Latin	𦬞	tiān
Han-Latin	𦬣	wǎng
Han-Latin	𦬸	zhú
Han-Latin	𦬹	dá
Han-Latin	𦬺	xiòng
Han-Latin	𦬻	ná
Han-Latin	𦬾	juān
Han-Latin	𦭁	niǎn
Han-Latin	𦭈	hù
Han-Latin	𦭉	shā
Han-Latin	𦭜	zhī
Han-Latin	𦭟	tā
Han-Latin	𦭡	sī
Han-Latin	𦭥	yì
Han-Latin	𦭬	yīng
Han-Latin	𦭭	qióng
Han-Latin	𦭮	zhì
Han-Latin	𦭯	lǚ
Han-Latin	𦭰	rú
Han-Latin	𦭲	qí
Han-Latin	𦭳	yǔ
Han-Latin	𦭴	zhōu
Han-Latin	𦭵	yáng
Han-Latin	𦭶	xiǎn
Han-Latin	𦭷	móu
Han-Latin	𦭸	chóu
Han-Latin	𦭹	huī
Han-Latin	𦭺	jiū
Han-Latin	𦭻	jiù
Han-Latin	𦭼	piǎo
Han-Latin	𦮁	jiào
Han-Latin	𦮃	guāi
Han-Latin	𦮅	mò
Han-Latin	𦮐	xī
Han-Latin	𦮑	pú
Han-Latin	𦮯	jì
Han-Latin	𦮶	wěn
Han-Latin	𦮷	bèi
Han-Latin	𦮸	yǐ
Han-Latin	𦮹	fú
Han-Latin	𦮺	sī
Han-Latin	𦮻	juān
Han-Latin	𦮼	jì
Han-Latin	𦮾	nì
Han-Latin	𦯀	bèn
Han-Latin	𦯅	xù
Han-Latin	𦯈	qǐn
Han-Latin	𦯉	bó
Han-Latin	𦯌	wáng
Han-Latin	𦯍	zhè
Han-Latin	𦯏	wò
Han-Latin	𦯐	sháo
Han-Latin	𦯑	zào
Han-Latin	𦯒	yǎng
Han-Latin	𦯕	sòng
Han-Latin	𦯖	niè
Han-Latin	𦯛	bì
Han-Latin	𦯣	cú
Han-Latin	𦯤	qiāng
Han-Latin	𦯪	xiào
Han-Latin	𦯫	zhī
Han-Latin	𦯬	shé
Han-Latin	𦯯	zhì
Han-Latin	𦯰	pēng
Han-Latin	𦰏	diào
Han-Latin	𦰖	wò
Han-Latin	𦰘	zhǐ
Han-Latin	𦰙	bì
Han-Latin	𦰛	fén
Han-Latin	𦰡	nà
Han-Latin	𦰥	bāng
Han-Latin	𦰪	qiú
Han-Latin	𦰫	nǐ
Han-Latin	𦰬	bó
Han-Latin	𦰭	dùn
Han-Latin	𦰯	shǐ
Han-Latin	𦰰	xū
Han-Latin	𦰱	cháng
Han-Latin	𦰲	xū
Han-Latin	𦰳	yé
Han-Latin	𦰴	mí
Han-Latin	𦰸	xīn
Han-Latin	𦰹	zhuó
Han-Latin	𦰺	fù
Han-Latin	𦰽	pǐ
Han-Latin	𦰾	xuè
Han-Latin	𦱀	yù
Han-Latin	𦱁	xián
Han-Latin	𦱂	yù
Han-Latin	𦱃	yú
Han-Latin	𦱅	jū
Han-Latin	𦱆	tā
Han-Latin	𦱇	kōng
Han-Latin	𦱊	zhēng
Han-Latin	𦱋	méng
Han-Latin	𦱌	gāng
Han-Latin	𦱒	mù
Han-Latin	𦱓	xǐ
Han-Latin	𦱔	bì
Han-Latin	𦱖	fù
Han-Latin	𦱜	xiào
Han-Latin	𦱠	jiū
Han-Latin	𦱣	gǒu
Han-Latin	𦱰	chí
Han-Latin	𦱱	jiū
Han-Latin	𦱲	jiū
Han-Latin	𦱵	shā
Han-Latin	𦱷	fēi
Han-Latin	𦲫	fú
Han-Latin	𦲯	wàn
Han-Latin	𦲰	xū
Han-Latin	𦲱	bō
Han-Latin	𦳁	hào
Han-Latin	𦳃	xié
Han-Latin	𦳄	pián
Han-Latin	𦳅	yǔ
Han-Latin	𦳇	tián
Han-Latin	𦳈	pí
Han-Latin	𦳊	shǐ
Han-Latin	𦳋	kuǎi
Han-Latin	𦳌	jī
Han-Latin	𦳏	zhā
Han-Latin	𦳐	nài
Han-Latin	𦳑	mǒu
Han-Latin	𦳓	fú
Han-Latin	𦳔	dù
Han-Latin	𦳗	shěng
Han-Latin	𦳘	chá
Han-Latin	𦳚	chí
Han-Latin	𦳛	guǐ
Han-Latin	𦳜	mín
Han-Latin	𦳝	tāng
Han-Latin	𦳞	bài
Han-Latin	𦳟	qiāng
Han-Latin	𦳡	zhuó
Han-Latin	𦳢	wèi
Han-Latin	𦳣	xún
Han-Latin	𦳥	miǎo
Han-Latin	𦳦	zāi
Han-Latin	𦳧	yóu
Han-Latin	𦳩	yòu
Han-Latin	𦳫	shān
Han-Latin	𦳬	hé
Han-Latin	𦳭	lǚ
Han-Latin	𦳮	zhí
Han-Latin	𦳲	jìng
Han-Latin	𦳳	zhēn
Han-Latin	𦳶	méng
Han-Latin	𦳷	yóu
Han-Latin	𦳹	wò
Han-Latin	𦳺	bá
Han-Latin	𦳽	juàn
Han-Latin	𦳾	rú
Han-Latin	𦳿	còu
Han-Latin	𦴀	zhī
Han-Latin	𦴇	qióng
Han-Latin	𦴉	hú
Han-Latin	𦴊	yāng
Han-Latin	𦴌	jùn
Han-Latin	𦴍	shé
Han-Latin	𦴎	kòu
Han-Latin	𦴑	qián
Han-Latin	𦴔	méng
Han-Latin	𦴚	tiáo
Han-Latin	𦵐	niè
Han-Latin	𦵟	chí
Han-Latin	𦵡	xiōng
Han-Latin	𦵣	hùn
Han-Latin	𦵦	dí
Han-Latin	𦵧	láng
Han-Latin	𦵩	zāo
Han-Latin	𦵪	cè
Han-Latin	𦵫	suǒ
Han-Latin	𦵬	zù
Han-Latin	𦵭	suī
Han-Latin	𦵯	xiá
Han-Latin	𦵱	xiè
Han-Latin	𦵴	jié
Han-Latin	𦵵	yóu
Han-Latin	𦵷	gòu
Han-Latin	𦵸	gěng
Han-Latin	𦵼	jùn
Han-Latin	𦵽	huǎng
Han-Latin	𦵾	jí
Han-Latin	𦵿	pōu
Han-Latin	𦶀	wū
Han-Latin	𦶂	yì
Han-Latin	𦶅	nǎi
Han-Latin	𦶇	rǒng
Han-Latin	𦶈	nán
Han-Latin	𦶊	píng
Han-Latin	𦶋	shàn
Han-Latin	𦶌	diāo
Han-Latin	𦶍	jí
Han-Latin	𦶎	huā
Han-Latin	𦶏	duì
Han-Latin	𦶐	kǒng
Han-Latin	𦶑	tà
Han-Latin	𦶓	hòng
Han-Latin	𦶕	shū
Han-Latin	𦶙	héng
Han-Latin	𦶚	fěn
Han-Latin	𦶲	kòu
Han-Latin	𦷙	nián
Han-Latin	𦷝	chú
Han-Latin	𦷦	qiàng
Han-Latin	𦷲	xì
Han-Latin	𦷳	hú
Han-Latin	𦷴	sòng
Han-Latin	𦷵	wò
Han-Latin	𦷷	hài
Han-Latin	𦷸	rú
Han-Latin	𦷹	méng
Han-Latin	𦷻	sǎn
Han-Latin	𦷽	wú
Han-Latin	𦷿	yóu
Han-Latin	𦸁	tān
Han-Latin	𦸂	shēn
Han-Latin	𦸆	qǐ
Han-Latin	𦸈	guó
Han-Latin	𦸉	qià
Han-Latin	𦸊	xiān
Han-Latin	𦸏	suī
Han-Latin	𦸐	lù
Han-Latin	𦸓	qī
Han-Latin	𦸔	diāo
Han-Latin	𦸗	qí
Han-Latin	𦸘	jiá
Han-Latin	𦸙	yóu
Han-Latin	𦸚	xí
Han-Latin	𦸛	cháo
Han-Latin	𦸡	mì
Han-Latin	𦸢	lòu
Han-Latin	𦸣	bǐ
Han-Latin	𦸪	péi
Han-Latin	𦸮	zhēn
Han-Latin	𦸯	shēn
Han-Latin	𦸰	chǎn
Han-Latin	𦸱	fù
Han-Latin	𦸶	qū
Han-Latin	𦸷	sī
Han-Latin	𦸺	zuī
Han-Latin	𦹫	zhào
Han-Latin	𦹽	pí
Han-Latin	𦺀	còu
Han-Latin	𦺆	gāo
Han-Latin	𦺇	dú
Han-Latin	𦺉	fū
Han-Latin	𦺊	guān
Han-Latin	𦺋	sǎo
Han-Latin	𦺌	sǒu
Han-Latin	𦺍	jiǎn
Han-Latin	𦺎	póu
Han-Latin	𦺐	cán
Han-Latin	𦺑	bèng
Han-Latin	𦺒	mòu
Han-Latin	𦺓	zhāo
Han-Latin	𦺔	xiáo
Han-Latin	𦺖	jú
Han-Latin	𦺗	shū
Han-Latin	𦺘	jiǎn
Han-Latin	𦺙	lí
Han-Latin	𦺛	chuàn
Han-Latin	𦺜	lào
Han-Latin	𦺞	hè
Han-Latin	𦺟	hú
Han-Latin	𦺠	gū
Han-Latin	𦺡	zhǎng
Han-Latin	𦺢	jié
Han-Latin	𦺣	xiàng
Han-Latin	𦺥	dū
Han-Latin	𦺦	hán
Han-Latin	𦺧	jiá
Han-Latin	𦺨	xiàng
Han-Latin	𦺩	jí
Han-Latin	𦺪	shǔ
Han-Latin	𦺫	làng
Han-Latin	𦺬	jī
Han-Latin	𦺭	shān
Han-Latin	𦺰	tāo
Han-Latin	𦺱	zī
Han-Latin	𦺲	shuàn
Han-Latin	𦺴	jí
Han-Latin	𦺵	chù
Han-Latin	𦺶	jì
Han-Latin	𦺷	shēn
Han-Latin	𦺸	lìn
Han-Latin	𦺹	liáo
Han-Latin	𦺻	sǎn
Han-Latin	𦺽	ǎn
Han-Latin	𦺾	ruǎn
Han-Latin	𦻀	tí
Han-Latin	𦻁	dàn
Han-Latin	𦻃	huán
Han-Latin	𦻅	sà
Han-Latin	𦻕	yǐn
Han-Latin	𦼆	ruí
Han-Latin	𦼇	wū
Han-Latin	𦼈	jù
Han-Latin	𦼉	huán
Han-Latin	𦼊	léng
Han-Latin	𦼋	lù
Han-Latin	𦼎	tān
Han-Latin	𦼏	zēng
Han-Latin	𦼓	qián
Han-Latin	𦼗	xī
Han-Latin	𦼡	cǐ
Han-Latin	𦼢	shé
Han-Latin	𦼧	sà
Han-Latin	𦼪	mào
Han-Latin	𦼫	qú
Han-Latin	𦼭	bó
Han-Latin	𦼮	gǎn
Han-Latin	𦼰	qiè
Han-Latin	𦼱	juàn
Han-Latin	𦼲	dāng
Han-Latin	𦼳	cháng
Han-Latin	𦼴	yáng
Han-Latin	𦼵	hé
Han-Latin	𦼷	jī
Han-Latin	𦼹	bǐng
Han-Latin	𦼻	méi
Han-Latin	𦼿	dūn
Han-Latin	𦽀	ǎo
Han-Latin	𦽁	jīng
Han-Latin	𦽂	lù
Han-Latin	𦽃	miàn
Han-Latin	𦽄	diàn
Han-Latin	𦽅	hè
Han-Latin	𦽇	jiān
Han-Latin	𦽊	huá
Han-Latin	𦽋	gōu
Han-Latin	𦽎	lù
Han-Latin	𦽏	fú
Han-Latin	𦽐	huǐ
Han-Latin	𦽒	zéi
Han-Latin	𦽔	jìn
Han-Latin	𦽕	sī
Han-Latin	𦽖	qūn
Han-Latin	𦽜	dàn
Han-Latin	𦽞	wàn
Han-Latin	𦽟	biǎn
Han-Latin	𦽤	jiá
Han-Latin	𦽫	dǎn
Han-Latin	𦽬	jiū
Han-Latin	𦽭	xián
Han-Latin	𦽮	bó
Han-Latin	𦾏	xiá
Han-Latin	𦾑	biāo
Han-Latin	𦾕	pò
Han-Latin	𦾘	sǎo
Han-Latin	𦾙	bèi
Han-Latin	𦾚	shà
Han-Latin	𦾛	wěi
Han-Latin	𦾝	cāng
Han-Latin	𦾞	lù
Han-Latin	𦾩	dàn
Han-Latin	𦾫	gǔ
Han-Latin	𦾬	zā
Han-Latin	𦾭	bǎng
Han-Latin	𦾮	gàn
Han-Latin	𦾱	chāo
Han-Latin	𦾲	jì
Han-Latin	𦾳	liē
Han-Latin	𦾵	qióng
Han-Latin	𦾶	jiàn
Han-Latin	𦾷	lù
Han-Latin	𦾸	duān
Han-Latin	𦾹	suān
Han-Latin	𦾺	yáo
Han-Latin	𦾻	yǐn
Han-Latin	𦾽	tà
Han-Latin	𦾾	yáo
Han-Latin	𦾿	jīng
Han-Latin	𦿀	chú
Han-Latin	𦿁	fú
Han-Latin	𦿂	yuán
Han-Latin	𦿃	shǎo
Han-Latin	𦿅	bìng
Han-Latin	𦿆	dàng
Han-Latin	𦿇	shì
Han-Latin	𦿊	lú
Han-Latin	𦿋	qiè
Han-Latin	𦿌	luó
Han-Latin	𦿍	pò
Han-Latin	𦿏	méng
Han-Latin	𦿐	jié
Han-Latin	𦿓	jī
Han-Latin	𦿖	lù
Han-Latin	𧀄	chàng
Han-Latin	𧀅	miè
Han-Latin	𧀆	méng
Han-Latin	𧀇	jiǎn
Han-Latin	𧀊	cǎi
Han-Latin	𧀌	sù
Han-Latin	𧀔	hè
Han-Latin	𧀕	sà
Han-Latin	𧀗	zī
Han-Latin	𧀘	kēng
Han-Latin	𧀙	gěng
Han-Latin	𧀚	sī
Han-Latin	𧀠	tí
Han-Latin	𧀡	zhàn
Han-Latin	𧀢	xiè
Han-Latin	𧀣	shuí
Han-Latin	𧀤	chǐ
Han-Latin	𧀥	yōu
Han-Latin	𧀦	lǔ
Han-Latin	𧀧	mèng
Han-Latin	𧀨	liè
Han-Latin	𧀩	sì
Han-Latin	𧀬	xī
Han-Latin	𧀭	fán
Han-Latin	𧀮	fū
Han-Latin	𧀯	shěn
Han-Latin	𧀰	tí
Han-Latin	𧀱	chài
Han-Latin	𧀲	yuè
Han-Latin	𧀴	fū
Han-Latin	𧀵	jiàn
Han-Latin	𧀶	dì
Han-Latin	𧀹	zhè
Han-Latin	𧀺	xié
Han-Latin	𧀻	dān
Han-Latin	𧀿	zhí
Han-Latin	𧁃	xù
Han-Latin	𧁈	niè
Han-Latin	𧁉	fàn
Han-Latin	𧁊	méng
Han-Latin	𧁋	mǐn
Han-Latin	𧁾	lóu
Han-Latin	𧁿	dú
Han-Latin	𧂁	zhàn
Han-Latin	𧂂	jiàn
Han-Latin	𧂃	hàn
Han-Latin	𧂄	dàn
Han-Latin	𧂅	sēn
Han-Latin	𧂆	jiàn
Han-Latin	𧂇	tán
Han-Latin	𧂈	jiǎo
Han-Latin	𧂉	pó
Han-Latin	𧂋	píng
Han-Latin	𧂍	zhuàn
Han-Latin	𧂏	liáo
Han-Latin	𧂐	zì
Han-Latin	𧂒	zhuó
Han-Latin	𧂔	hù
Han-Latin	𧂙	xì
Han-Latin	𧂛	méng
Han-Latin	𧂜	jù
Han-Latin	𧂝	miè
Han-Latin	𧂞	xián
Han-Latin	𧂠	kuì
Han-Latin	𧂡	méng
Han-Latin	𧂢	jiān
Han-Latin	𧂦	nóu
Han-Latin	𧂨	dì
Han-Latin	𧂩	sāo
Han-Latin	𧃏	chù
Han-Latin	𧃐	zhí
Han-Latin	𧃑	qián
Han-Latin	𧃒	lǚ
Han-Latin	𧃔	zhuó
Han-Latin	𧃘	zuò
Han-Latin	𧃙	hán
Han-Latin	𧃚	suǐ
Han-Latin	𧃛	gòu
Han-Latin	𧃝	chǒu
Han-Latin	𧃞	jì
Han-Latin	𧃟	yì
Han-Latin	𧃠	yú
Han-Latin	𧃨	nóu
Han-Latin	𧃩	nǐ
Han-Latin	𧃪	ruò
Han-Latin	𧃮	lín
Han-Latin	𧃱	níng
Han-Latin	𧄍	qiáo
Han-Latin	𧄎	yáo
Han-Latin	𧄏	fù
Han-Latin	𧄐	shuāng
Han-Latin	𧄑	kuì
Han-Latin	𧄒	qú
Han-Latin	𧄓	dǒng
Han-Latin	𧄔	shǔ
Han-Latin	𧄚	lí
Han-Latin	𧄛	jú
Han-Latin	𧄜	ruǐ
Han-Latin	𧄠	zhá
Han-Latin	𧄤	xiāo
Han-Latin	𧄸	mén
Han-Latin	𧄹	shí
Han-Latin	𧄺	diān
Han-Latin	𧄻	lì
Han-Latin	𧄼	dèng
Han-Latin	𧄽	zàn
Han-Latin	𧄿	luó
Han-Latin	𧅀	cán
Han-Latin	𧅃	āo
Han-Latin	𧅆	jiǎn
Han-Latin	𧅈	diào
Han-Latin	𧅋	yíng
Han-Latin	𧅖	yì
Han-Latin	𧅗	dǎng
Han-Latin	𧅘	nóu
Han-Latin	𧅚	yuè
Han-Latin	𧅮	lǐ
Han-Latin	𧅯	lí
Han-Latin	𧅰	hù
Han-Latin	𧅲	yòu
Han-Latin	𧅺	nàng
Han-Latin	𧆂	chèn
Han-Latin	𧆉	fēng
Han-Latin	𧆊	biē
Han-Latin	𧆏	mǎn
Han-Latin	𧆐	gàn
Han-Latin	𧆑	huò
Han-Latin	𧆓	cū
Han-Latin	𧆕	yǒu
Han-Latin	𧆘	yòu
Han-Latin	𧆜	xū
Han-Latin	𧆡	xù
Han-Latin	𧆢	hǔ
Han-Latin	𧆣	lú
Han-Latin	𧆥	xiá
Han-Latin	𧆦	yì
Han-Latin	𧆮	hǔ
Han-Latin	𧆯	hù
Han-Latin	𧆰	zǐ
Han-Latin	𧆷	gōng
Han-Latin	𧆸	tuī
Han-Latin	𧆹	wū
Han-Latin	𧆺	líng
Han-Latin	𧆻	gū
Han-Latin	𧆼	zhōng
Han-Latin	𧇄	lú
Han-Latin	𧇈	zù
Han-Latin	𧇌	tóng
Han-Latin	𧇍	xiā
Han-Latin	𧇎	hé
Han-Latin	𧇓	yuè
Han-Latin	𧇙	nán
Han-Latin	𧇚	bó
Han-Latin	𧇛	hū
Han-Latin	𧇜	qì
Han-Latin	𧇝	shú
Han-Latin	𧇞	qiāng
Han-Latin	𧇟	zhōu
Han-Latin	𧇠	yào
Han-Latin	𧇡	gū
Han-Latin	𧇥	bān
Han-Latin	𧇦	kǎn
Han-Latin	𧇮	hé
Han-Latin	𧇯	jì
Han-Latin	𧇰	hú
Han-Latin	𧇱	yán
Han-Latin	𧇶	chūn
Han-Latin	𧇷	dǐng
Han-Latin	𧇸	qiū
Han-Latin	𧇹	hóu
Han-Latin	𧇼	hào
Han-Latin	𧇿	zù
Han-Latin	𧈁	xián
Han-Latin	𧈄	xià
Han-Latin	𧈅	xì
Han-Latin	𧈈	sè
Han-Latin	𧈌	gé
Han-Latin	𧈍	xì
Han-Latin	𧈑	gé
Han-Latin	𧈔	lǚ
Han-Latin	𧈖	gé
Han-Latin	𧈗	kè
Han-Latin	𧈙	shòu
Han-Latin	𧈚	zhù
Han-Latin	𧈜	téng
Han-Latin	𧈝	yà
Han-Latin	𧈞	nì
Han-Latin	𧈟	móu
Han-Latin	𧈦	luò
Han-Latin	𧈧	suī
Han-Latin	𧈪	chǎn
Han-Latin	𧈭	wù
Han-Latin	𧈯	yū
Han-Latin	𧈹	zǎo
Han-Latin	𧈻	yì
Han-Latin	𧈼	xī
Han-Latin	𧈽	hóng
Han-Latin	𧈾	quán
Han-Latin	𧈿	wǎng
Han-Latin	𧉀	chǐ
Han-Latin	𧉁	xì
Han-Latin	𧉂	tiǎn
Han-Latin	𧉃	yǔn
Han-Latin	𧉅	yī
Han-Latin	𧉆	jí
Han-Latin	𧉇	huī
Han-Latin	𧉈	fóu
Han-Latin	𧉊	fǔ
Han-Latin	𧉍	jí
Han-Latin	𧉎	xuán
Han-Latin	𧉐	shuāng
Han-Latin	𧉑	tài
Han-Latin	𧉓	dù
Han-Latin	𧉗	yuán
Han-Latin	𧉛	dì
Han-Latin	𧉞	zhǔ
Han-Latin	𧉟	tāi
Han-Latin	𧉡	rǒng
Han-Latin	𧉢	xué
Han-Latin	𧉣	yù
Han-Latin	𧉤	fàn
Han-Latin	𧉥	běi
Han-Latin	𧉧	qǔ
Han-Latin	𧉩	bù
Han-Latin	𧉪	jiā
Han-Latin	𧉫	zhá
Han-Latin	𧉭	nǔ
Han-Latin	𧉮	shé
Han-Latin	𧉲	lì
Han-Latin	𧊄	guǐ
Han-Latin	𧊅	guǎi
Han-Latin	𧊇	dài
Han-Latin	𧊏	gāi
Han-Latin	𧊒	cì
Han-Latin	𧊔	yǎn
Han-Latin	𧊕	sōng
Han-Latin	𧊖	shì
Han-Latin	𧊘	kù
Han-Latin	𧊙	zhǐ
Han-Latin	𧊚	tóng
Han-Latin	𧊛	qú
Han-Latin	𧊜	è
Han-Latin	𧊞	xíng
Han-Latin	𧊟	rú
Han-Latin	𧊠	yú
Han-Latin	𧊣	yì
Han-Latin	𧊤	yì
Han-Latin	𧊥	xù
Han-Latin	𧊦	fǒu
Han-Latin	𧊧	gé
Han-Latin	𧊬	hé
Han-Latin	𧊭	yīn
Han-Latin	𧊯	hòng
Han-Latin	𧊱	duǒ
Han-Latin	𧊽	xíng
Han-Latin	𧊾	fán
Han-Latin	𧋉	qī
Han-Latin	𧋊	shā
Han-Latin	𧋌	dù
Han-Latin	𧋍	dì
Han-Latin	𧋎	lí
Han-Latin	𧋏	yì
Han-Latin	𧋐	xí
Han-Latin	𧋑	gěng
Han-Latin	𧋒	tóng
Han-Latin	𧋓	kào
Han-Latin	𧋔	hòng
Han-Latin	𧋕	kùn
Han-Latin	𧋖	niè
Han-Latin	𧋗	chí
Han-Latin	𧋘	tí
Han-Latin	𧋚	tóng
Han-Latin	𧋠	lí
Han-Latin	𧋡	nà
Han-Latin	𧋱	zhān
Han-Latin	𧋲	běi
Han-Latin	𧌁	tiáo
Han-Latin	𧌃	zā
Han-Latin	𧌄	è
Han-Latin	𧌅	shòu
Han-Latin	𧌆	kōng
Han-Latin	𧌇	péng
Han-Latin	𧌈	fù
Han-Latin	𧌉	lù
Han-Latin	𧌊	xiè
Han-Latin	𧌋	xiè
Han-Latin	𧌌	xiū
Han-Latin	𧌍	lù
Han-Latin	𧌎	tiǎn
Han-Latin	𧌏	tà
Han-Latin	𧌐	cì
Han-Latin	𧌑	qū
Han-Latin	𧌓	fù
Han-Latin	𧌔	zhī
Han-Latin	𧌖	xiè
Han-Latin	𧌗	zǒu
Han-Latin	𧌘	fèi
Han-Latin	𧌙	mín
Han-Latin	𧌚	xīng
Han-Latin	𧌝	tóng
Han-Latin	𧌞	qí
Han-Latin	𧌠	piāo
Han-Latin	𧌢	suì
Han-Latin	𧌣	ěr
Han-Latin	𧌧	hǔ
Han-Latin	𧌻	sōng
Han-Latin	𧌽	biē
Han-Latin	𧌾	dīng
Han-Latin	𧌿	bǎn
Han-Latin	𧍀	shī
Han-Latin	𧍁	xiè
Han-Latin	𧍂	xiáo
Han-Latin	𧍃	fěi
Han-Latin	𧍒	chuǎn
Han-Latin	𧍓	shuài
Han-Latin	𧍔	yāo
Han-Latin	𧍕	jué
Han-Latin	𧍖	shěng
Han-Latin	𧍘	yōu
Han-Latin	𧍙	fàn
Han-Latin	𧍜	kuí
Han-Latin	𧍝	dì
Han-Latin	𧍟	máo
Han-Latin	𧍠	jié
Han-Latin	𧍢	yán
Han-Latin	𧍥	wēi
Han-Latin	𧍨	sāng
Han-Latin	𧍩	jié
Han-Latin	𧍪	yú
Han-Latin	𧍫	wèi
Han-Latin	𧍬	è
Han-Latin	𧍭	quán
Han-Latin	𧍮	jiǒng
Han-Latin	𧍯	féng
Han-Latin	𧍰	lóng
Han-Latin	𧍱	dié
Han-Latin	𧍲	pián
Han-Latin	𧍴	liàn
Han-Latin	𧍵	hú
Han-Latin	𧍶	lǜ
Han-Latin	𧍿	diàn
Han-Latin	𧎃	cuì
Han-Latin	𧎄	móu
Han-Latin	𧎕	wáng
Han-Latin	𧎖	juān
Han-Latin	𧎗	kē
Han-Latin	𧎘	yán
Han-Latin	𧎙	jiǎo
Han-Latin	𧎡	gōng
Han-Latin	𧎣	róng
Han-Latin	𧎤	sūn
Han-Latin	𧎥	shàn
Han-Latin	𧎨	chí
Han-Latin	𧎪	qí
Han-Latin	𧎫	suǒ
Han-Latin	𧎭	yè
Han-Latin	𧎮	zǎo
Han-Latin	𧎯	quē
Han-Latin	𧎰	zhǎn
Han-Latin	𧎱	bā
Han-Latin	𧎲	zú
Han-Latin	𧎳	suǒ
Han-Latin	𧎴	zhé
Han-Latin	𧎵	xì
Han-Latin	𧎷	chǔ
Han-Latin	𧎸	jiǎo
Han-Latin	𧎹	zuì
Han-Latin	𧎺	gē
Han-Latin	𧎻	wù
Han-Latin	𧎾	lüè
Han-Latin	𧎿	jí
Han-Latin	𧏂	xié
Han-Latin	𧏃	xié
Han-Latin	𧏆	dǒu
Han-Latin	𧏋	qiū
Han-Latin	𧏑	píng
Han-Latin	𧏓	liú
Han-Latin	𧏖	pín
Han-Latin	𧏗	cī
Han-Latin	𧏥	jié
Han-Latin	𧏧	huì
Han-Latin	𧏫	shà
Han-Latin	𧏸	zhí
Han-Latin	𧏹	ài
Han-Latin	𧏺	xù
Han-Latin	𧏻	bì
Han-Latin	𧏽	yē
Han-Latin	𧏾	nì
Han-Latin	𧏿	zhú
Han-Latin	𧐁	sù
Han-Latin	𧐃	xié
Han-Latin	𧐄	yù
Han-Latin	𧐅	qū
Han-Latin	𧐈	zú
Han-Latin	𧐉	zhī
Han-Latin	𧐊	zhāng
Han-Latin	𧐋	lüè
Han-Latin	𧐌	wěi
Han-Latin	𧐍	chōng
Han-Latin	𧐎	mì
Han-Latin	𧐐	jī
Han-Latin	𧐒	sù
Han-Latin	𧐓	yě
Han-Latin	𧐔	xí
Han-Latin	𧐕	tuán
Han-Latin	𧐖	lián
Han-Latin	𧐗	xuán
Han-Latin	𧐙	wù
Han-Latin	𧐟	máo
Han-Latin	𧐬	hóng
Han-Latin	𧐯	lüè
Han-Latin	𧐰	dú
Han-Latin	𧐱	cóng
Han-Latin	𧐲	chán
Han-Latin	𧐳	lù
Han-Latin	𧐴	sù
Han-Latin	𧑀	lüè
Han-Latin	𧑆	zhōng
Han-Latin	𧑇	lí
Han-Latin	𧑈	fèi
Han-Latin	𧑊	jǐng
Han-Latin	𧑋	kuì
Han-Latin	𧑌	yì
Han-Latin	𧑍	huá
Han-Latin	𧑎	cuì
Han-Latin	𧑏	zhú
Han-Latin	𧑐	yù
Han-Latin	𧑑	běng
Han-Latin	𧑒	tūn
Han-Latin	𧑓	shǔ
Han-Latin	𧑔	dài
Han-Latin	𧑕	wū
Han-Latin	𧑖	cì
Han-Latin	𧑗	nìng
Han-Latin	𧑘	dàng
Han-Latin	𧑙	zú
Han-Latin	𧑚	hán
Han-Latin	𧑜	pí
Han-Latin	𧑝	chuàn
Han-Latin	𧑠	dù
Han-Latin	𧑡	pá
Han-Latin	𧑤	zhū
Han-Latin	𧑦	xié
Han-Latin	𧑧	zhé
Han-Latin	𧑨	qiè
Han-Latin	𧑩	xuān
Han-Latin	𧑫	sào
Han-Latin	𧒀	bì
Han-Latin	𧒂	fù
Han-Latin	𧒈	lì
Han-Latin	𧒎	é
Han-Latin	𧒐	yē
Han-Latin	𧒑	shǔ
Han-Latin	𧒓	sè
Han-Latin	𧒕	qī
Han-Latin	𧒖	guò
Han-Latin	𧒗	sè
Han-Latin	𧒙	fù
Han-Latin	𧒚	máo
Han-Latin	𧒜	léi
Han-Latin	𧒝	zhān
Han-Latin	𧒨	chài
Han-Latin	𧒭	wèi
Han-Latin	𧒽	léi
Han-Latin	𧒿	zéi
Han-Latin	𧓀	yīng
Han-Latin	𧓁	ài
Han-Latin	𧓂	xiē
Han-Latin	𧓄	bì
Han-Latin	𧓋	chán
Han-Latin	𧓎	pí
Han-Latin	𧓏	cóng
Han-Latin	𧓐	liè
Han-Latin	𧓑	qí
Han-Latin	𧓓	jì
Han-Latin	𧓔	jīng
Han-Latin	𧓕	dōng
Han-Latin	𧓖	féi
Han-Latin	𧓗	yí
Han-Latin	𧓘	tuán
Han-Latin	𧓨	měng
Han-Latin	𧓩	cán
Han-Latin	𧓪	yá
Han-Latin	𧓲	yǎng
Han-Latin	𧓴	tíng
Han-Latin	𧓸	zhí
Han-Latin	𧓺	xiè
Han-Latin	𧓻	lǜ
Han-Latin	𧓽	lì
Han-Latin	𧓿	máo
Han-Latin	𧔂	xiá
Han-Latin	𧔅	sòu
Han-Latin	𧔖	sū
Han-Latin	𧔗	xuè
Han-Latin	𧔝	lì
Han-Latin	𧔞	yuán
Han-Latin	𧔡	zhǎn
Han-Latin	𧔣	tà
Han-Latin	𧔤	xuán
Han-Latin	𧔥	wèi
Han-Latin	𧔦	yè
Han-Latin	𧔧	páng
Han-Latin	𧔨	máo
Han-Latin	𧔩	tí
Han-Latin	𧔪	pín
Han-Latin	𧔬	dù
Han-Latin	𧔭	qiú
Han-Latin	𧔮	yǐ
Han-Latin	𧔳	tuó
Han-Latin	𧔴	chài
Han-Latin	𧔷	jìn
Han-Latin	𧔼	é
Han-Latin	𧕃	chán
Han-Latin	𧕄	yīng
Han-Latin	𧕅	líng
Han-Latin	𧕇	xiǎn
Han-Latin	𧕉	qī
Han-Latin	𧕋	yuè
Han-Latin	𧕌	lüè
Han-Latin	𧕍	yíng
Han-Latin	𧕎	qú
Han-Latin	𧕒	fěi
Han-Latin	𧕓	zī
Han-Latin	𧕙	qīng
Han-Latin	𧕝	níng
Han-Latin	𧕞	wèi
Han-Latin	𧕟	shuāng
Han-Latin	𧕡	fù
Han-Latin	𧕤	mò
Han-Latin	𧕥	mò
Han-Latin	𧕦	tuó
Han-Latin	𧕧	chài
Han-Latin	𧕨	zàng
Han-Latin	𧕮	lí
Han-Latin	𧕯	lí
Han-Latin	𧕱	xiá
Han-Latin	𧕲	juǎn
Han-Latin	𧕴	nán
Han-Latin	𧕵	mì
Han-Latin	𧕸	huáng
Han-Latin	𧕺	shuāng
Han-Latin	𧕼	xǔ
Han-Latin	𧕿	fěi
Han-Latin	𧖁	xiè
Han-Latin	𧖆	tà
Han-Latin	𧖇	yǒng
Han-Latin	𧖉	zhǎn
Han-Latin	𧖑	qiáng
Han-Latin	𧖒	náng
Han-Latin	𧖔	lìn
Han-Latin	𧖘	luán
Han-Latin	𧖙	xiǎn
Han-Latin	𧖚	fú
Han-Latin	𧖜	líng
Han-Latin	𧖠	sāo
Han-Latin	𧖢	huì
Han-Latin	𧖨	tíng
Han-Latin	𧖪	qíng
Han-Latin	𧖬	huāng
Han-Latin	𧖮	àn
Han-Latin	𧖵	mǎn
Han-Latin	𧖷	nì
Han-Latin	𧖻	guó
Han-Latin	𧖼	ǒu
Han-Latin	𧖿	xiàng
Han-Latin	𧗁	jīn
Han-Latin	𧗆	zhēng
Han-Latin	𧗈	nú
Han-Latin	𧗋	sàn
Han-Latin	𧗌	hù
Han-Latin	𧗎	zú
Han-Latin	𧗏	huǐ
Han-Latin	𧗒	jī
Han-Latin	𧗖	yè
Han-Latin	𧗦	xíng
Han-Latin	𧗩	là
Han-Latin	𧗪	yù
Han-Latin	𧗫	jué
Han-Latin	𧗱	shù
Han-Latin	𧗲	zhēng
Han-Latin	𧗴	yǒng
Han-Latin	𧗶	gē
Han-Latin	𧗸	jiàn
Han-Latin	𧗹	xìn
Han-Latin	𧗼	huī
Han-Latin	𧗿	shuài
Han-Latin	𧘂	chōng
Han-Latin	𧘃	háng
Han-Latin	𧘈	liǎo
Han-Latin	𧘍	jiāng
Han-Latin	𧘏	gōng
Han-Latin	𧘑	zhuó
Han-Latin	𧘗	qǐ
Han-Latin	𧘜	qiān
Han-Latin	𧘞	dǒu
Han-Latin	𧘟	pō
Han-Latin	𧘢	hù
Han-Latin	𧘥	niǔ
Han-Latin	𧘧	qì
Han-Latin	𧘨	diāo
Han-Latin	𧘩	diāo
Han-Latin	𧘫	lì
Han-Latin	𧘮	xiōng
Han-Latin	𧘽	ná
Han-Latin	𧘿	zhēng
Han-Latin	𧙀	là
Han-Latin	𧙁	zhì
Han-Latin	𧙃	ě
Han-Latin	𧙄	bō
Han-Latin	𧙅	pō
Han-Latin	𧙆	xū
Han-Latin	𧙇	yòng
Han-Latin	𧙈	cí
Han-Latin	𧙉	lì
Han-Latin	𧙌	páo
Han-Latin	𧙏	xiù
Han-Latin	𧙛	pù
Han-Latin	𧙝	ché
Han-Latin	𧙞	qì
Han-Latin	𧙡	yì
Han-Latin	𧙣	tí
Han-Latin	𧙤	duǒ
Han-Latin	𧙥	lóng
Han-Latin	𧙧	jiàn
Han-Latin	𧙭	zhàn
Han-Latin	𧙮	yuàn
Han-Latin	𧙶	yú
Han-Latin	𧙸	gēng
Han-Latin	𧙺	hòu
Han-Latin	𧙾	qǐ
Han-Latin	𧚀	mù
Han-Latin	𧚁	huàn
Han-Latin	𧚂	lòng
Han-Latin	𧚃	xì
Han-Latin	𧚄	é
Han-Latin	𧚅	lǎng
Han-Latin	𧚆	fèi
Han-Latin	𧚇	wǎn
Han-Latin	𧚉	cūn
Han-Latin	𧚋	péng
Han-Latin	𧚏	cuò
Han-Latin	𧚐	wēng
Han-Latin	𧚡	gǎo
Han-Latin	𧚥	cuì
Han-Latin	𧚨	qì
Han-Latin	𧚩	lí
Han-Latin	𧚪	qiè
Han-Latin	𧚫	qiàn
Han-Latin	𧚬	kōng
Han-Latin	𧚭	běng
Han-Latin	𧚯	shòu
Han-Latin	𧚷	wēi
Han-Latin	𧛄	shān
Han-Latin	𧛏	zī
Han-Latin	𧛒	tì
Han-Latin	𧛓	qiān
Han-Latin	𧛔	dú
Han-Latin	𧛗	tú
Han-Latin	𧛚	wēi
Han-Latin	𧛞	hú
Han-Latin	𧛟	xīng
Han-Latin	𧛡	shān
Han-Latin	𧛢	zhǐ
Han-Latin	𧛧	chǐ
Han-Latin	𧛸	zhòu
Han-Latin	𧛹	wēng
Han-Latin	𧛺	chí
Han-Latin	𧛻	suǒ
Han-Latin	𧛼	xiè
Han-Latin	𧛾	kè
Han-Latin	𧜁	shài
Han-Latin	𧜂	shī
Han-Latin	𧜃	shòu
Han-Latin	𧜅	jiè
Han-Latin	𧜉	gǎo
Han-Latin	𧜊	lǚ
Han-Latin	𧜔	xiè
Han-Latin	𧜚	zhǐ
Han-Latin	𧜞	mán
Han-Latin	𧜠	shuài
Han-Latin	𧜡	kè
Han-Latin	𧜣	diǎo
Han-Latin	𧜤	yī
Han-Latin	𧜦	sù
Han-Latin	𧜧	chuāng
Han-Latin	𧜭	shǔ
Han-Latin	𧜱	cuì
Han-Latin	𧜲	tuò
Han-Latin	𧜵	xiè
Han-Latin	𧜽	xuán
Han-Latin	𧝂	hè
Han-Latin	𧝃	jué
Han-Latin	𧝆	tì
Han-Latin	𧝇	fèi
Han-Latin	𧝉	zhǐ
Han-Latin	𧝊	shì
Han-Latin	𧝋	tuí
Han-Latin	𧝎	chōng
Han-Latin	𧝐	tì
Han-Latin	𧝑	zhàn
Han-Latin	𧝒	héng
Han-Latin	𧝔	qú
Han-Latin	𧝕	wéi
Han-Latin	𧝗	dūn
Han-Latin	𧝘	bào
Han-Latin	𧝜	liáo
Han-Latin	𧝝	lǎi
Han-Latin	𧝤	sī
Han-Latin	𧝪	biǎo
Han-Latin	𧝫	xiè
Han-Latin	𧝬	bié
Han-Latin	𧝮	cǒng
Han-Latin	𧝲	jù
Han-Latin	𧝳	hé
Han-Latin	𧝷	kuì
Han-Latin	𧝸	yōng
Han-Latin	𧞀	shù
Han-Latin	𧞍	niè
Han-Latin	𧞏	yú
Han-Latin	𧞐	zhuó
Han-Latin	𧞑	méng
Han-Latin	𧞒	hú
Han-Latin	𧞔	jiè
Han-Latin	𧞕	liè
Han-Latin	𧞝	jiē
Han-Latin	𧞞	xióng
Han-Latin	𧞣	yǎn
Han-Latin	𧞩	jié
Han-Latin	𧞪	là
Han-Latin	𧞫	shù
Han-Latin	𧞬	jié
Han-Latin	𧞭	léi
Han-Latin	𧞰	zú
Han-Latin	𧞲	shì
Han-Latin	𧞸	wéi
Han-Latin	𧞹	dū
Han-Latin	𧞺	sù
Han-Latin	𧟃	xié
Han-Latin	𧟄	ráng
Han-Latin	𧟌	luò
Han-Latin	𧟑	qiān
Han-Latin	𧟘	nàng
Han-Latin	𧟙	líng
Han-Latin	𧟜	jì
Han-Latin	𧟠	mìng
Han-Latin	𧟣	gǔ
Han-Latin	𧟨	xuán
Han-Latin	𧟬	xū
Han-Latin	𧟱	bó
Han-Latin	𧟼	wēi
Han-Latin	𧠂	kū
Han-Latin	𧠆	wǎn
Han-Latin	𧠈	chà
Han-Latin	𧠊	mào
Han-Latin	𧠋	kè
Han-Latin	𧠎	cì
Han-Latin	𧠒	xiàn
Han-Latin	𧠓	mò
Han-Latin	𧠚	hūn
Han-Latin	𧠛	chàn
Han-Latin	𧠜	shī
Han-Latin	𧠝	zhěn
Han-Latin	𧠞	è
Han-Latin	𧠟	mí
Han-Latin	𧠡	shī
Han-Latin	𧠢	qū
Han-Latin	𧠣	shū
Han-Latin	𧠥	cī
Han-Latin	𧠦	yǎn
Han-Latin	𧠩	hū
Han-Latin	𧠪	qī
Han-Latin	𧠫	zhì
Han-Latin	𧠬	huāng
Han-Latin	𧠴	zhǐ
Han-Latin	𧠶	yǒu
Han-Latin	𧠼	gào
Han-Latin	𧠽	yǎo
Han-Latin	𧠾	pōu
Han-Latin	𧡇	yí
Han-Latin	𧡈	chèng
Han-Latin	𧡉	jì
Han-Latin	𧡋	ǎi
Han-Latin	𧡍	dòng
Han-Latin	𧡏	suì
Han-Latin	𧡑	jiù
Han-Latin	𧡘	qì
Han-Latin	𧡙	lián
Han-Latin	𧡚	xuǎn
Han-Latin	𧡜	liǎo
Han-Latin	𧡡	yùn
Han-Latin	𧡢	xuǎn
Han-Latin	𧡣	cóu
Han-Latin	𧡤	piān
Han-Latin	𧡦	kuí
Han-Latin	𧡨	tí
Han-Latin	𧡩	huǎn
Han-Latin	𧡪	dān
Han-Latin	𧡫	guì
Han-Latin	𧡬	chēn
Han-Latin	𧡮	shǎng
Han-Latin	𧡯	jì
Han-Latin	𧡴	liàn
Han-Latin	𧡵	kān
Han-Latin	𧡶	shèng
Han-Latin	𧡸	dōu
Han-Latin	𧡹	yóu
Han-Latin	𧡺	qí
Han-Latin	𧡼	xiǎo
Han-Latin	𧢂	yì
Han-Latin	𧢃	lóu
Han-Latin	𧢆	chuāng
Han-Latin	𧢋	lào
Han-Latin	𧢌	gāo
Han-Latin	𧢐	zēng
Han-Latin	𧢒	wéi
Han-Latin	𧢖	jiān
Han-Latin	𧢛	yīng
Han-Latin	𧢜	fán
Han-Latin	𧢝	lì
Han-Latin	𧢞	qiān
Han-Latin	𧢢	yào
Han-Latin	𧢦	kuī
Han-Latin	𧢧	wéi
Han-Latin	𧢩	què
Han-Latin	𧢬	xiǎo
Han-Latin	𧢭	què
Han-Latin	𧢰	hū
Han-Latin	𧢵	duō
Han-Latin	𧢶	chù
Han-Latin	𧢹	shēn
Han-Latin	𧢼	zhuó
Han-Latin	𧢽	é
Han-Latin	𧢾	jì
Han-Latin	𧣁	tán
Han-Latin	𧣃	pā
Han-Latin	𧣋	jiè
Han-Latin	𧣌	qiào
Han-Latin	𧣑	qián
Han-Latin	𧣒	jù
Han-Latin	𧣕	qiú
Han-Latin	𧣖	tuó
Han-Latin	𧣚	nuò
Han-Latin	𧣛	sì
Han-Latin	𧣟	yí
Han-Latin	𧣡	gǔ
Han-Latin	𧣢	hùn
Han-Latin	𧣣	pá
Han-Latin	𧣤	zī
Han-Latin	𧣦	jiāo
Han-Latin	𧣩	xǐ
Han-Latin	𧣪	shǎo
Han-Latin	𧣬	yí
Han-Latin	𧣭	zhì
Han-Latin	𧣵	lùn
Han-Latin	𧣷	zhōu
Han-Latin	𧣸	jué
Han-Latin	𧣹	tán
Han-Latin	𧣺	nuò
Han-Latin	𧣻	jù
Han-Latin	𧣼	hú
Han-Latin	𧣾	zhì
Han-Latin	𧤃	bī
Han-Latin	𧤍	chì
Han-Latin	𧤎	xuān
Han-Latin	𧤏	jí
Han-Latin	𧤐	guǎ
Han-Latin	𧤑	jú
Han-Latin	𧤒	wò
Han-Latin	𧤓	tuó
Han-Latin	𧤕	qiú
Han-Latin	𧤖	wēi
Han-Latin	𧤗	duān
Han-Latin	𧤙	shòu
Han-Latin	𧤛	zhěn
Han-Latin	𧤜	nè
Han-Latin	𧤟	xì
Han-Latin	𧤠	zhé
Han-Latin	𧤡	zhì
Han-Latin	𧤣	ná
Han-Latin	𧤤	xī
Han-Latin	𧤨	jiān
Han-Latin	𧤮	yáo
Han-Latin	𧤯	guó
Han-Latin	𧤲	dǐ
Han-Latin	𧤴	huò
Han-Latin	𧤵	jīng
Han-Latin	𧤼	jué
Han-Latin	𧤽	yuè
Han-Latin	𧥄	jí
Han-Latin	𧥅	xī
Han-Latin	𧥆	sù
Han-Latin	𧥈	jiān
Han-Latin	𧥊	kūn
Han-Latin	𧥋	wò
Han-Latin	𧥌	kuàng
Han-Latin	𧥍	biāo
Han-Latin	𧥎	jué
Han-Latin	𧥑	bì
Han-Latin	𧥓	chán
Han-Latin	𧥕	zī
Han-Latin	𧥖	lí
Han-Latin	𧥚	fó
Han-Latin	𧥛	qiǎn
Han-Latin	𧥜	yǎn
Han-Latin	𧥞	tàn
Han-Latin	𧥟	mò
Han-Latin	𧥣	kòu
Han-Latin	𧥤	xī
Han-Latin	𧥮	hù
Han-Latin	𧥯	hù
Han-Latin	𧥱	fú
Han-Latin	𧥴	yàng
Han-Latin	𧥵	guò
Han-Latin	𧥷	rén
Han-Latin	𧥸	yìn
Han-Latin	𧥹	fēng
Han-Latin	𧥺	jùn
Han-Latin	𧥼	yún
Han-Latin	𧥿	xùn
Han-Latin	𧦁	xì
Han-Latin	𧦎	xiā
Han-Latin	𧦑	háng
Han-Latin	𧦚	hù
Han-Latin	𧦝	hū
Han-Latin	𧦞	pù
Han-Latin	𧦟	fān
Han-Latin	𧦤	jiā
Han-Latin	𧦧	yí
Han-Latin	𧦭	tuō
Han-Latin	𧦮	ná
Han-Latin	𧦸	yín
Han-Latin	𧦹	yìn
Han-Latin	𧧃	jì
Han-Latin	𧧄	wàng
Han-Latin	𧧅	shì
Han-Latin	𧧆	duī
Han-Latin	𧧇	duò
Han-Latin	𧧉	tuó
Han-Latin	𧧊	wā
Han-Latin	𧧋	lì
Han-Latin	𧧏	rè
Han-Latin	𧧒	cì
Han-Latin	𧧓	xù
Han-Latin	𧧔	zhōu
Han-Latin	𧧕	zì
Han-Latin	𧧜	wǎng
Han-Latin	𧧝	yǎ
Han-Latin	𧧟	jì
Han-Latin	𧧠	chǎo
Han-Latin	𧧩	jí
Han-Latin	𧧵	shǎn
Han-Latin	𧧶	tú
Han-Latin	𧧸	bié
Han-Latin	𧧹	xì
Han-Latin	𧧺	pī
Han-Latin	𧧻	zhà
Han-Latin	𧧾	huì
Han-Latin	𧨀	suō
Han-Latin	𧨂	hè
Han-Latin	𧨄	yuē
Han-Latin	𧨆	wū
Han-Latin	𧨈	líng
Han-Latin	𧨊	zhà
Han-Latin	𧨋	huá
Han-Latin	𧨗	chán
Han-Latin	𧨟	è
Han-Latin	𧨡	chén
Han-Latin	𧨧	suì
Han-Latin	𧨩	tiǎn
Han-Latin	𧨰	zhì
Han-Latin	𧨱	tì
Han-Latin	𧨲	āo
Han-Latin	𧨳	zhuó
Han-Latin	𧨴	zì
Han-Latin	𧨵	kē
Han-Latin	𧨷	sè
Han-Latin	𧨸	tián
Han-Latin	𧨹	lù
Han-Latin	𧨾	shán
Han-Latin	𧨿	zhǎ
Han-Latin	𧩃	chōng
Han-Latin	𧩅	yàn
Han-Latin	𧩒	mǔ
Han-Latin	𧩓	hū
Han-Latin	𧩚	chī
Han-Latin	𧩝	sù
Han-Latin	𧩣	nǎo
Han-Latin	𧩦	jí
Han-Latin	𧩧	duó
Han-Latin	𧩨	hòu
Han-Latin	𧩪	còng
Han-Latin	𧩫	zhā
Han-Latin	𧩬	yín
Han-Latin	𧩮	xiǎo
Han-Latin	𧩰	biàn
Han-Latin	𧩱	bèng
Han-Latin	𧩲	là
Han-Latin	𧩴	chī
Han-Latin	𧩶	qià
Han-Latin	𧩸	ān
Han-Latin	𧩹	shī
Han-Latin	𧩼	chì
Han-Latin	𧪅	nù
Han-Latin	𧪇	jì
Han-Latin	𧪓	ǒu
Han-Latin	𧪕	xiā
Han-Latin	𧪘	chài
Han-Latin	𧪚	ái
Han-Latin	𧪝	shèng
Han-Latin	𧪞	hé
Han-Latin	𧪠	jí
Han-Latin	𧪡	chī
Han-Latin	𧪢	xì
Han-Latin	𧪣	zhēng
Han-Latin	𧪦	tā
Han-Latin	𧪨	mà
Han-Latin	𧪫	pī
Han-Latin	𧪮	xū
Han-Latin	𧪯	qiǎn
Han-Latin	𧪹	xià
Han-Latin	𧫊	yù
Han-Latin	𧫑	jié
Han-Latin	𧫒	xià
Han-Latin	𧫓	lǔ
Han-Latin	𧫕	qiè
Han-Latin	𧫗	chà
Han-Latin	𧫛	yàng
Han-Latin	𧫜	jì
Han-Latin	𧫝	shǎ
Han-Latin	𧫞	lòu
Han-Latin	𧫠	jī
Han-Latin	𧫡	zhì
Han-Latin	𧫢	wàng
Han-Latin	𧫤	bì
Han-Latin	𧫥	ān
Han-Latin	𧫦	yī
Han-Latin	𧫧	ān
Han-Latin	𧫬	lí
Han-Latin	𧫹	xiān
Han-Latin	𧫾	jiù
Han-Latin	𧫿	tǎn
Han-Latin	𧬁	hào
Han-Latin	𧬂	hè
Han-Latin	𧬅	zhā
Han-Latin	𧬆	zhǎn
Han-Latin	𧬇	yì
Han-Latin	𧬈	xì
Han-Latin	𧬊	xì
Han-Latin	𧬋	fà
Han-Latin	𧬌	yán
Han-Latin	𧬏	mǔ
Han-Latin	𧬕	gū
Han-Latin	𧬞	yún
Han-Latin	𧬤	zhòng
Han-Latin	𧬦	chǎn
Han-Latin	𧬧	chuáng
Han-Latin	𧬨	huì
Han-Latin	𧬩	zá
Han-Latin	𧬪	gùn
Han-Latin	𧬫	jiǎn
Han-Latin	𧬬	yá
Han-Latin	𧬰	xiàng
Han-Latin	𧬱	hè
Han-Latin	𧭃	dàn
Han-Latin	𧭇	mián
Han-Latin	𧭈	níng
Han-Latin	𧭊	méng
Han-Latin	𧭌	liè
Han-Latin	𧭍	zhòu
Han-Latin	𧭎	pū
Han-Latin	𧭏	tāi
Han-Latin	𧭓	yíng
Han-Latin	𧭔	téng
Han-Latin	𧭕	guó
Han-Latin	𧭚	qiáng
Han-Latin	𧭜	lǜ
Han-Latin	𧭝	sà
Han-Latin	𧭞	liè
Han-Latin	𧭟	chí
Han-Latin	𧭠	xiě
Han-Latin	𧭣	guó
Han-Latin	𧭤	bào
Han-Latin	𧭥	luò
Han-Latin	𧭦	juàn
Han-Latin	𧭪	è
Han-Latin	𧭳	hé
Han-Latin	𧭵	mèi
Han-Latin	𧭸	xiè
Han-Latin	𧭹	pín
Han-Latin	𧭻	hān
Han-Latin	𧭼	chèn
Han-Latin	𧭽	shàn
Han-Latin	𧭾	huì
Han-Latin	𧮆	yīng
Han-Latin	𧮈	jiǎn
Han-Latin	𧮍	ān
Han-Latin	𧮑	tà
Han-Latin	𧮒	yī
Han-Latin	𧮓	tuí
Han-Latin	𧮗	liú
Han-Latin	𧮙	zuó
Han-Latin	𧮛	lí
Han-Latin	𧮝	pín
Han-Latin	𧮞	xuè
Han-Latin	𧮠	nèn
Han-Latin	𧮡	dòu
Han-Latin	𧮤	lǎn
Han-Latin	𧮪	zhān
Han-Latin	𧮫	jué
Han-Latin	𧮬	zhēn
Han-Latin	𧮭	jí
Han-Latin	𧮮	qiān
Han-Latin	𧮰	hān
Han-Latin	𧮱	fén
Han-Latin	𧮳	hān
Han-Latin	𧮴	hóng
Han-Latin	𧮵	hé
Han-Latin	𧮶	hóu
Han-Latin	𧮺	zhàn
Han-Latin	𧮻	chóu
Han-Latin	𧮼	tài
Han-Latin	𧮽	qiàn
Han-Latin	𧮿	shè
Han-Latin	𧯀	yīng
Han-Latin	𧯃	qīn
Han-Latin	𧯆	huò
Han-Latin	𧯈	xì
Han-Latin	𧯉	hè
Han-Latin	𧯊	xì
Han-Latin	𧯋	xiā
Han-Latin	𧯌	hāo
Han-Latin	𧯍	lào
Han-Latin	𧯏	lì
Han-Latin	𧯒	chēng
Han-Latin	𧯖	jùn
Han-Latin	𧯗	xī
Han-Latin	𧯘	hǎn
Han-Latin	𧯞	dòu
Han-Latin	𧯠	dōu
Han-Latin	𧯡	wān
Han-Latin	𧯤	dōu
Han-Latin	𧯥	zài
Han-Latin	𧯦	juàn
Han-Latin	𧯨	lǒu
Han-Latin	𧯩	chù
Han-Latin	𧯫	zhēng
Han-Latin	𧯯	qí
Han-Latin	𧯰	kàn
Han-Latin	𧯱	huò
Han-Latin	𧯲	lái
Han-Latin	𧯺	gāi
Han-Latin	𧯼	shòu
Han-Latin	𧯾	dōng
Han-Latin	𧰃	lóu
Han-Latin	𧰄	tuān
Han-Latin	𧰇	yú
Han-Latin	𧰈	wù
Han-Latin	𧰊	tián
Han-Latin	𧰎	láo
Han-Latin	𧰒	guó
Han-Latin	𧰘	tán
Han-Latin	𧰙	qí
Han-Latin	𧰠	liè
Han-Latin	𧰡	lì
Han-Latin	𧰣	xūn
Han-Latin	𧰨	gèng
Han-Latin	𧰩	tīng
Han-Latin	𧰪	hàn
Han-Latin	𧰫	chù
Han-Latin	𧰭	tún
Han-Latin	𧰯	xióng
Han-Latin	𧰰	yóu
Han-Latin	𧰱	mò
Han-Latin	𧰲	chǐ
Han-Latin	𧰴	hǔ
Han-Latin	𧰵	dū
Han-Latin	𧰷	mǔ
Han-Latin	𧰹	nà
Han-Latin	𧰻	líng
Han-Latin	𧰿	ài
Han-Latin	𧱀	xiān
Han-Latin	𧱄	kǎn
Han-Latin	𧱅	sì
Han-Latin	𧱆	sān
Han-Latin	𧱊	yì
Han-Latin	𧱏	yì
Han-Latin	𧱐	xiào
Han-Latin	𧱒	zhī
Han-Latin	𧱓	dòu
Han-Latin	𧱘	mài
Han-Latin	𧱜	lún
Han-Latin	𧱝	jué
Han-Latin	𧱡	qiāng
Han-Latin	𧱢	líng
Han-Latin	𧱩	pián
Han-Latin	𧱪	còu
Han-Latin	𧱫	duò
Han-Latin	𧱬	yǔ
Han-Latin	𧱰	zhuō
Han-Latin	𧱲	xì
Han-Latin	𧱳	huài
Han-Latin	𧱴	míng
Han-Latin	𧱵	táng
Han-Latin	𧱹	pū
Han-Latin	𧱻	mì
Han-Latin	𧱼	mán
Han-Latin	𧱾	guāi
Han-Latin	𧲀	qiān
Han-Latin	𧲂	lín
Han-Latin	𧲃	mǐn
Han-Latin	𧲄	wěi
Han-Latin	𧲅	céng
Han-Latin	𧲇	hù
Han-Latin	𧲈	suí
Han-Latin	𧲋	jù
Han-Latin	𧲌	shà
Han-Latin	𧲍	méng
Han-Latin	𧲗	wéi
Han-Latin	𧲘	xī
Han-Latin	𧲙	lìng
Han-Latin	𧲜	bì
Han-Latin	𧲝	wèi
Han-Latin	𧲡	lì
Han-Latin	𧲢	zhé
Han-Latin	𧲤	yóng
Han-Latin	𧲥	hú
Han-Latin	𧲦	wán
Han-Latin	𧲧	bā
Han-Latin	𧲨	jiān
Han-Latin	𧲭	zuǒ
Han-Latin	𧲮	zhǎn
Han-Latin	𧲯	bō
Han-Latin	𧲰	qiū
Han-Latin	𧲱	yāng
Han-Latin	𧲴	dōng
Han-Latin	𧲵	qú
Han-Latin	𧲺	pí
Han-Latin	𧲻	zhǎi
Han-Latin	𧲾	shān
Han-Latin	𧲿	gòu
Han-Latin	𧳀	biào
Han-Latin	𧳁	yí
Han-Latin	𧳂	fú
Han-Latin	𧳄	xìn
Han-Latin	𧳅	shì
Han-Latin	𧳆	tōng
Han-Latin	𧳉	dīng
Han-Latin	𧳌	tū
Han-Latin	𧳍	xiāo
Han-Latin	𧳎	wú
Han-Latin	𧳏	péi
Han-Latin	𧳐	huī
Han-Latin	𧳕	lái
Han-Latin	𧳙	sì
Han-Latin	𧳚	cuǐ
Han-Latin	𧳛	shà
Han-Latin	𧳜	zhǒu
Han-Latin	𧳝	zhào
Han-Latin	𧳞	wéi
Han-Latin	𧳟	lái
Han-Latin	𧳠	bì
Han-Latin	𧳣	dǒng
Han-Latin	𧳦	nǎo
Han-Latin	𧳧	xiē
Han-Latin	𧳨	rǎo
Han-Latin	𧳩	tuàn
Han-Latin	𧳪	wèi
Han-Latin	𧳫	yóu
Han-Latin	𧳬	méi
Han-Latin	𧳭	yuán
Han-Latin	𧳮	zhòng
Han-Latin	𧳶	sōu
Han-Latin	𧳸	gú
Han-Latin	𧳹	shào
Han-Latin	𧳻	zhǎo
Han-Latin	𧳼	pí
Han-Latin	𧳿	tōng
Han-Latin	𧴁	chī
Han-Latin	𧴂	péng
Han-Latin	𧴃	chán
Han-Latin	𧴄	yōng
Han-Latin	𧴅	shuǎng
Han-Latin	𧴇	wǔ
Han-Latin	𧴉	pí
Han-Latin	𧴊	huàn
Han-Latin	𧴌	fú
Han-Latin	𧴎	biào
Han-Latin	𧴓	náo
Han-Latin	𧴕	biào
Han-Latin	𧴖	wèi
Han-Latin	𧴗	yōng
Han-Latin	𧴙	nǎo
Han-Latin	𧴚	guài
Han-Latin	𧴠	lì
Han-Latin	𧴢	xìn
Han-Latin	𧴣	yán
Han-Latin	𧴤	pò
Han-Latin	𧴥	péi
Han-Latin	𧴪	suǒ
Han-Latin	𧴬	rèn
Han-Latin	𧴭	shǎn
Han-Latin	𧴲	suǒ
Han-Latin	𧴸	dān
Han-Latin	𧴺	mèn
Han-Latin	𧵃	shǒu
Han-Latin	𧵈	gòu
Han-Latin	𧵊	hān
Han-Latin	𧵋	shì
Han-Latin	𧵌	yǎng
Han-Latin	𧵎	gǔ
Han-Latin	𧵛	kē
Han-Latin	𧵞	jū
Han-Latin	𧵠	pài
Han-Latin	𧵡	cè
Han-Latin	𧵢	bāo
Han-Latin	𧵣	xiōng
Han-Latin	𧵤	cái
Han-Latin	𧵧	lǐn
Han-Latin	𧵨	ài
Han-Latin	𧵬	mì
Han-Latin	𧵭	lǎi
Han-Latin	𧵱	xiāo
Han-Latin	𧵳	shé
Han-Latin	𧵻	huó
Han-Latin	𧵼	nì
Han-Latin	𧶄	zhèng
Han-Latin	𧶆	lìn
Han-Latin	𧶇	zhá
Han-Latin	𧶊	yún
Han-Latin	𧶍	xù
Han-Latin	𧶔	chéng
Han-Latin	𧶕	wǒ
Han-Latin	𧶖	xī
Han-Latin	𧶙	bèi
Han-Latin	𧶜	shāng
Han-Latin	𧶠	yù
Han-Latin	𧶡	mì
Han-Latin	𧶲	duǎn
Han-Latin	𧶵	chà
Han-Latin	𧶶	fàn
Han-Latin	𧶷	zé
Han-Latin	𧶸	chèng
Han-Latin	𧶺	tíng
Han-Latin	𧷅	yí
Han-Latin	𧷋	yāo
Han-Latin	𧷎	kū
Han-Latin	𧷐	fén
Han-Latin	𧷑	xié
Han-Latin	𧷒	chèng
Han-Latin	𧷛	kuì
Han-Latin	𧷟	bīn
Han-Latin	𧷡	lóu
Han-Latin	𧷥	yì
Han-Latin	𧷦	mì
Han-Latin	𧷧	xiè
Han-Latin	𧷱	guī
Han-Latin	𧷳	luó
Han-Latin	𧷶	shàn
Han-Latin	𧷾	jú
Han-Latin	𧷿	dū
Han-Latin	𧸂	xiān
Han-Latin	𧸅	zhǐ
Han-Latin	𧸈	bìn
Han-Latin	𧸕	zhǐ
Han-Latin	𧸖	zhuàn
Han-Latin	𧸗	xué
Han-Latin	𧸘	liàn
Han-Latin	𧸙	suì
Han-Latin	𧸦	làn
Han-Latin	𧸧	jù
Han-Latin	𧸨	mián
Han-Latin	𧸩	xùn
Han-Latin	𧸪	zhàn
Han-Latin	𧸫	gùn
Han-Latin	𧸲	zhì
Han-Latin	𧸽	wèi
Han-Latin	𧸾	quǎn
Han-Latin	𧸿	chài
Han-Latin	𧹈	réng
Han-Latin	𧹊	yuè
Han-Latin	𧹌	zī
Han-Latin	𧹐	luò
Han-Latin	𧹑	guì
Han-Latin	𧹒	mǎi
Han-Latin	𧹓	chéng
Han-Latin	𧹔	zhàng
Han-Latin	𧹕	jū
Han-Latin	𧹖	tiǎn
Han-Latin	𧹗	wàn
Han-Latin	𧹛	zhī
Han-Latin	𧹞	nǎn
Han-Latin	𧹣	hān
Han-Latin	𧹨	xī
Han-Latin	𧹩	lín
Han-Latin	𧹬	yān
Han-Latin	𧹭	xù
Han-Latin	𧹲	hù
Han-Latin	𧹳	gàn
Han-Latin	𧹴	xù
Han-Latin	𧹶	xì
Han-Latin	𧹺	cuì
Han-Latin	𧹽	xì
Han-Latin	𧹾	hú
Han-Latin	𧺅	yān
Han-Latin	𧺎	yì
Han-Latin	𧺏	chí
Han-Latin	𧺐	jué
Han-Latin	𧺒	zú
Han-Latin	𧺜	jiào
Han-Latin	𧺝	yì
Han-Latin	𧺟	tǎn
Han-Latin	𧺠	chì
Han-Latin	𧺡	bá
Han-Latin	𧺢	tòu
Han-Latin	𧺣	zōng
Han-Latin	𧺤	qiú
Han-Latin	𧺧	chì
Han-Latin	𧺨	xǐ
Han-Latin	𧺰	nì
Han-Latin	𧺲	cū
Han-Latin	𧺴	wǔ
Han-Latin	𧺶	chù
Han-Latin	𧺷	sū
Han-Latin	𧺸	yóng
Han-Latin	𧺹	jǔ
Han-Latin	𧺺	bá
Han-Latin	𧺼	cǐ
Han-Latin	𧺽	dì
Han-Latin	𧺾	pǎn
Han-Latin	𧺿	chì
Han-Latin	𧻁	qiǔ
Han-Latin	𧻃	yán
Han-Latin	𧻍	zhǎi
Han-Latin	𧻒	xiàn
Han-Latin	𧻓	bèng
Han-Latin	𧻔	kuāng
Han-Latin	𧻕	qì
Han-Latin	𧻖	zhōu
Han-Latin	𧻗	jú
Han-Latin	𧻘	qiè
Han-Latin	𧻙	mò
Han-Latin	𧻚	yuán
Han-Latin	𧻜	guì
Han-Latin	𧻝	zuī
Han-Latin	𧻧	qiè
Han-Latin	𧻰	hú
Han-Latin	𧻱	qiú
Han-Latin	𧻲	hái
Han-Latin	𧻳	fù
Han-Latin	𧻴	làng
Han-Latin	𧻵	shà
Han-Latin	𧻶	xī
Han-Latin	𧻷	bū
Han-Latin	𧻸	shì
Han-Latin	𧻹	yǒng
Han-Latin	𧻺	guāng
Han-Latin	𧻼	niè
Han-Latin	𧻿	hǒu
Han-Latin	𧼊	mì
Han-Latin	𧼎	è
Han-Latin	𧼏	xián
Han-Latin	𧼐	yǔn
Han-Latin	𧼑	xù
Han-Latin	𧼒	qǐn
Han-Latin	𧼓	dōng
Han-Latin	𧼔	léng
Han-Latin	𧼕	qì
Han-Latin	𧼖	lán
Han-Latin	𧼗	fú
Han-Latin	𧼘	qǐ
Han-Latin	𧼙	chǒng
Han-Latin	𧼜	cù
Han-Latin	𧼟	mò
Han-Latin	𧼠	bēi
Han-Latin	𧼤	dào
Han-Latin	𧼨	jié
Han-Latin	𧼩	chòng
Han-Latin	𧼪	chì
Han-Latin	𧼫	yù
Han-Latin	𧼬	cuī
Han-Latin	𧼭	sù
Han-Latin	𧼮	tì
Han-Latin	𧼯	shù
Han-Latin	𧼰	zhá
Han-Latin	𧼱	fú
Han-Latin	𧼳	chè
Han-Latin	𧼴	fó
Han-Latin	𧼵	hóu
Han-Latin	𧼶	zhá
Han-Latin	𧽄	jié
Han-Latin	𧽅	zhá
Han-Latin	𧽆	zhān
Han-Latin	𧽉	yǎn
Han-Latin	𧽊	hái
Han-Latin	𧽋	wǔ
Han-Latin	𧽌	huá
Han-Latin	𧽍	diān
Han-Latin	𧽎	yáo
Han-Latin	𧽏	sōu
Han-Latin	𧽐	qiān
Han-Latin	𧽑	jí
Han-Latin	𧽒	xiòng
Han-Latin	𧽓	qì
Han-Latin	𧽔	jūn
Han-Latin	𧽖	hái
Han-Latin	𧽞	yǎn
Han-Latin	𧽟	jié
Han-Latin	𧽠	cuī
Han-Latin	𧽢	tuán
Han-Latin	𧽣	zhāng
Han-Latin	𧽤	piāo
Han-Latin	𧽥	lù
Han-Latin	𧽦	zhī
Han-Latin	𧽧	chù
Han-Latin	𧽨	mì
Han-Latin	𧽩	qiāng
Han-Latin	𧽫	liàn
Han-Latin	𧽲	lì
Han-Latin	𧽵	zōng
Han-Latin	𧽶	é
Han-Latin	𧽷	sù
Han-Latin	𧽸	jué
Han-Latin	𧽻	jú
Han-Latin	𧽼	tán
Han-Latin	𧽽	liáo
Han-Latin	𧽾	sān
Han-Latin	𧽿	dòng
Han-Latin	𧾁	zá
Han-Latin	𧾂	zhí
Han-Latin	𧾆	xuàn
Han-Latin	𧾇	líng
Han-Latin	𧾊	dēng
Han-Latin	𧾍	zhān
Han-Latin	𧾎	xuān
Han-Latin	𧾏	qǐn
Han-Latin	𧾐	jiào
Han-Latin	𧾑	pì
Han-Latin	𧾔	hǎn
Han-Latin	𧾚	yú
Han-Latin	𧾛	guó
Han-Latin	𧾝	xún
Han-Latin	𧾠	xún
Han-Latin	𧾡	chán
Han-Latin	𧾢	jié
Han-Latin	𧾣	jú
Han-Latin	𧾤	yǎn
Han-Latin	𧾥	dú
Han-Latin	𧾧	hòng
Han-Latin	𧾨	xiàn
Han-Latin	𧾩	xún
Han-Latin	𧾮	líng
Han-Latin	𧾯	jié
Han-Latin	𧾰	yì
Han-Latin	𧾱	qú
Han-Latin	𧾲	gān
Han-Latin	𧾳	fēng
Han-Latin	𧾵	jué
Han-Latin	𧾶	qū
Han-Latin	𧾻	jiù
Han-Latin	𧾽	jì
Han-Latin	𧾾	jǐ
Han-Latin	𧿅	xí
Han-Latin	𧿆	pāng
Han-Latin	𧿈	kuàng
Han-Latin	𧿉	kù
Han-Latin	𧿋	kù
Han-Latin	𧿌	zhà
Han-Latin	𧿏	bà
Han-Latin	𧿒	chěn
Han-Latin	𧿓	hù
Han-Latin	𧿔	nù
Han-Latin	𧿕	é
Han-Latin	𧿖	xiōng
Han-Latin	𧿗	dǔn
Han-Latin	𧿘	shēng
Han-Latin	𧿙	wán
Han-Latin	𧿚	fēn
Han-Latin	𧿛	zōng
Han-Latin	𧿝	xī
Han-Latin	𧿞	zī
Han-Latin	𧿠	hù
Han-Latin	𧿥	bié
Han-Latin	𧿧	tuò
Han-Latin	𧿨	bǎn
Han-Latin	𧿩	gé
Han-Latin	𧿫	kē
Han-Latin	𧿲	zhuì
Han-Latin	𧿳	fú
Han-Latin	𧿴	mò
Han-Latin	𧿵	jiá
Han-Latin	𧿶	tuó
Han-Latin	𧿷	yù
Han-Latin	𧿹	mǔ
Han-Latin	𧿺	jué
Han-Latin	𧿻	jú
Han-Latin	𧿼	guā
Han-Latin	𧿽	pǒ
Han-Latin	𨀀	nǐ
Han-Latin	𨀁	lóng
Han-Latin	𨀄	wǎ
Han-Latin	𨀅	yǎn
Han-Latin	𨀔	chǒu
Han-Latin	𨀕	kuāng
Han-Latin	𨀖	hài
Han-Latin	𨀘	xiáng
Han-Latin	𨀙	xī
Han-Latin	𨀛	cún
Han-Latin	𨀜	tōng
Han-Latin	𨀝	ruò
Han-Latin	𨀟	duó
Han-Latin	𨀠	chè
Han-Latin	𨀤	lèi
Han-Latin	𨀥	zī
Han-Latin	𨀧	zhěng
Han-Latin	𨀨	zuǒ
Han-Latin	𨀫	kāng
Han-Latin	𨀬	zài
Han-Latin	𨀮	yuān
Han-Latin	𨀯	qióng
Han-Latin	𨀳	fá
Han-Latin	𨀴	xún
Han-Latin	𨀶	jì
Han-Latin	𨀸	chā
Han-Latin	𨁀	shū
Han-Latin	𨁁	xuàn
Han-Latin	𨁂	xié
Han-Latin	𨁃	tī
Han-Latin	𨁄	hàn
Han-Latin	𨁅	xiān
Han-Latin	𨁆	shān
Han-Latin	𨁇	tùn
Han-Latin	𨁈	háng
Han-Latin	𨁉	kǔn
Han-Latin	𨁊	cén
Han-Latin	𨁋	dōu
Han-Latin	𨁌	nuó
Han-Latin	𨁍	yàn
Han-Latin	𨁎	chéng
Han-Latin	𨁏	pū
Han-Latin	𨁐	qì
Han-Latin	𨁑	yuè
Han-Latin	𨁒	fū
Han-Latin	𨁗	tǐng
Han-Latin	𨁟	wǒ
Han-Latin	𨁠	shēng
Han-Latin	𨁡	tuǒ
Han-Latin	𨁴	tǎn
Han-Latin	𨁶	yǎ
Han-Latin	𨁷	zhì
Han-Latin	𨁸	lù
Han-Latin	𨁹	yǎn
Han-Latin	𨁺	jū
Han-Latin	𨁽	dé
Han-Latin	𨁿	chù
Han-Latin	𨂀	zǔ
Han-Latin	𨂁	è
Han-Latin	𨂂	zhí
Han-Latin	𨂃	péng
Han-Latin	𨂅	biē
Han-Latin	𨂇	dǐ
Han-Latin	𨂐	lái
Han-Latin	𨂒	yè
Han-Latin	𨂜	háo
Han-Latin	𨂝	pán
Han-Latin	𨂞	tàn
Han-Latin	𨂟	kāng
Han-Latin	𨂠	xū
Han-Latin	𨂡	zòu
Han-Latin	𨂢	jí
Han-Latin	𨂣	wù
Han-Latin	𨂦	chuàn
Han-Latin	𨂩	pò
Han-Latin	𨂪	yǎn
Han-Latin	𨂫	tuò
Han-Latin	𨂭	dú
Han-Latin	𨂯	pián
Han-Latin	𨂰	chì
Han-Latin	𨂱	hùn
Han-Latin	𨂲	pīng
Han-Latin	𨂴	cōng
Han-Latin	𨂵	zhǎ
Han-Latin	𨂺	wān
Han-Latin	𨂿	wǎi
Han-Latin	𨃃	è
Han-Latin	𨃄	wèi
Han-Latin	𨃅	bāi
Han-Latin	𨃇	jiāng
Han-Latin	𨃓	chá
Han-Latin	𨃕	chù
Han-Latin	𨃖	kuà
Han-Latin	𨃗	téng
Han-Latin	𨃘	zōu
Han-Latin	𨃙	lì
Han-Latin	𨃚	tà
Han-Latin	𨃛	sà
Han-Latin	𨃞	pán
Han-Latin	𨃟	pán
Han-Latin	𨃣	sào
Han-Latin	𨃤	qiāo
Han-Latin	𨃭	zú
Han-Latin	𨃯	zhì
Han-Latin	𨃰	yǎn
Han-Latin	𨃲	jié
Han-Latin	𨃳	néng
Han-Latin	𨄄	luán
Han-Latin	𨄅	qū
Han-Latin	𨄇	dèng
Han-Latin	𨄈	liáng
Han-Latin	𨄉	chǎn
Han-Latin	𨄊	qiè
Han-Latin	𨄋	lòu
Han-Latin	𨄌	dié
Han-Latin	𨄍	cuī
Han-Latin	𨄐	jǐ
Han-Latin	𨄓	cháo
Han-Latin	𨄔	shuàn
Han-Latin	𨄕	zú
Han-Latin	𨄗	kāng
Han-Latin	𨄚	qiāng
Han-Latin	𨄛	lí
Han-Latin	𨄮	shuāi
Han-Latin	𨄯	yù
Han-Latin	𨄰	zhāng
Han-Latin	𨄱	lěi
Han-Latin	𨅅	pó
Han-Latin	𨅊	zhé
Han-Latin	𨅋	xiào
Han-Latin	𨅍	tǎn
Han-Latin	𨅎	cuì
Han-Latin	𨅏	lán
Han-Latin	𨅑	xū
Han-Latin	𨅒	shù
Han-Latin	𨅓	zhǎ
Han-Latin	𨅔	cán
Han-Latin	𨅗	bǐ
Han-Latin	𨅘	pèng
Han-Latin	𨅛	zhú
Han-Latin	𨅝	chéng
Han-Latin	𨅣	qiáo
Han-Latin	𨅤	jī
Han-Latin	𨅪	zhāi
Han-Latin	𨅬	lán
Han-Latin	𨆁	tiǎn
Han-Latin	𨆂	sà
Han-Latin	𨆃	jīn
Han-Latin	𨆄	zhù
Han-Latin	𨆅	duò
Han-Latin	𨆇	chà
Han-Latin	𨆈	juàn
Han-Latin	𨆉	táng
Han-Latin	𨆊	bèng
Han-Latin	𨆌	fán
Han-Latin	𨆍	liè
Han-Latin	𨆎	zéi
Han-Latin	𨆏	suì
Han-Latin	𨆙	sè
Han-Latin	𨆧	zhì
Han-Latin	𨆨	tuí
Han-Latin	𨆪	qīng
Han-Latin	𨆬	chuò
Han-Latin	𨆰	tà
Han-Latin	𨆱	bìng
Han-Latin	𨆲	wěn
Han-Latin	𨆵	pǒ
Han-Latin	𨆽	mó
Han-Latin	𨆾	cā
Han-Latin	𨇁	kuàng
Han-Latin	𨇃	cuó
Han-Latin	𨇄	rǎo
Han-Latin	𨇅	bào
Han-Latin	𨇆	lài
Han-Latin	𨇍	niǎn
Han-Latin	𨇎	lí
Han-Latin	𨇕	jiǎo
Han-Latin	𨇖	lú
Han-Latin	𨇗	lì
Han-Latin	𨇘	lóng
Han-Latin	𨇙	guì
Han-Latin	𨇝	chǎn
Han-Latin	𨇤	xiān
Han-Latin	𨇦	chàn
Han-Latin	𨇨	xiè
Han-Latin	𨇩	zhàn
Han-Latin	𨇯	shuāng
Han-Latin	𨇻	mǐ
Han-Latin	𨇼	luán
Han-Latin	𨇽	luò
Han-Latin	𨈀	diān
Han-Latin	𨈈	dié
Han-Latin	𨈊	wān
Han-Latin	𨈋	yuè
Han-Latin	𨈌	luán
Han-Latin	𨈎	luán
Han-Latin	𨈓	léng
Han-Latin	𨈕	wǎi
Han-Latin	𨈖	dìn
Han-Latin	𨈗	nèn
Han-Latin	𨈘	shǎo
Han-Latin	𨈙	xiè
Han-Latin	𨈚	pí
Han-Latin	𨈥	máo
Han-Latin	𨈧	yǐn
Han-Latin	𨈩	bó
Han-Latin	𨈫	zhù
Han-Latin	𨈮	chōng
Han-Latin	𨈶	mǔ
Han-Latin	𨈷	tuó
Han-Latin	𨈹	tǒng
Han-Latin	𨈺	yé
Han-Latin	𨉁	huàng
Han-Latin	𨉃	rèn
Han-Latin	𨉅	yè
Han-Latin	𨉋	tuō
Han-Latin	𨉖	zuān
Han-Latin	𨉗	yù
Han-Latin	𨉚	ā
Han-Latin	𨉜	zhōu
Han-Latin	𨉝	wān
Han-Latin	𨉡	duǒ
Han-Latin	𨉢	zhòng
Han-Latin	𨉣	hā
Han-Latin	𨉤	huáng
Han-Latin	𨉥	miàn
Han-Latin	𨉩	chūn
Han-Latin	𨉪	qiè
Han-Latin	𨉫	gōng
Han-Latin	𨉬	tíng
Han-Latin	𨉭	méi
Han-Latin	𨉱	tàng
Han-Latin	𨉴	róng
Han-Latin	𨉷	róng
Han-Latin	𨉸	qí
Han-Latin	𨉹	guó
Han-Latin	𨉽	xiàng
Han-Latin	𨉾	tián
Han-Latin	𨊅	xiāo
Han-Latin	𨊈	zhān
Han-Latin	𨊉	cuì
Han-Latin	𨊔	lán
Han-Latin	𨊘	shēn
Han-Latin	𨊚	lěi
Han-Latin	𨊛	lì
Han-Latin	𨊝	chān
Han-Latin	𨊞	niè
Han-Latin	𨊟	luán
Han-Latin	𨊡	tīng
Han-Latin	𨊢	huì
Han-Latin	𨊧	gōng
Han-Latin	𨊰	qì
Han-Latin	𨊱	yú
Han-Latin	𨊳	xīn
Han-Latin	𨊸	yuè
Han-Latin	𨊹	bā
Han-Latin	𨊺	dài
Han-Latin	𨊻	jī
Han-Latin	𨊼	xuàn
Han-Latin	𨊿	jué
Han-Latin	𨋀	niǔ
Han-Latin	𨋈	dù
Han-Latin	𨋉	jí
Han-Latin	𨋐	pā
Han-Latin	𨋑	gǒng
Han-Latin	𨋒	bèn
Han-Latin	𨋔	kēng
Han-Latin	𨋕	yàng
Han-Latin	𨋖	liǔ
Han-Latin	𨋗	ní
Han-Latin	𨋘	zhà
Han-Latin	𨋙	yìn
Han-Latin	𨋚	niǎn
Han-Latin	𨋛	pào
Han-Latin	𨋝	gōng
Han-Latin	𨋞	bù
Han-Latin	𨋟	hé
Han-Latin	𨋠	rǒng
Han-Latin	𨋡	guì
Han-Latin	𨋥	bì
Han-Latin	𨋦	xī
Han-Latin	𨋧	jú
Han-Latin	𨋨	hún
Han-Latin	𨋩	bì
Han-Latin	𨋫	tiāo
Han-Latin	𨋬	zhěng
Han-Latin	𨋮	hōng
Han-Latin	𨋯	yì
Han-Latin	𨋰	cì
Han-Latin	𨋲	bìng
Han-Latin	𨋷	gōng
Han-Latin	𨋺	fá
Han-Latin	𨋽	yáng
Han-Latin	𨋾	xǔ
Han-Latin	𨌁	hōng
Han-Latin	𨌄	zàng
Han-Latin	𨌅	chái
Han-Latin	𨌆	hóng
Han-Latin	𨌈	tián
Han-Latin	𨌌	zhī
Han-Latin	𨌍	xīng
Han-Latin	𨌎	xú
Han-Latin	𨌑	zhèn
Han-Latin	𨌔	wǎn
Han-Latin	𨌘	jùn
Han-Latin	𨌝	wò
Han-Latin	𨌠	lù
Han-Latin	𨌢	zhēng
Han-Latin	𨌣	rǒng
Han-Latin	𨌤	chéng
Han-Latin	𨌥	fú
Han-Latin	𨌧	è
Han-Latin	𨌨	tāo
Han-Latin	𨌩	táng
Han-Latin	𨌫	juān
Han-Latin	𨌬	chào
Han-Latin	𨌭	tà
Han-Latin	𨌮	dǐ
Han-Latin	𨌰	zōng
Han-Latin	𨌳	kēng
Han-Latin	𨌴	tuī
Han-Latin	𨌶	kēng
Han-Latin	𨍅	rǒng
Han-Latin	𨍆	yūn
Han-Latin	𨍇	hé
Han-Latin	𨍈	zǒng
Han-Latin	𨍉	cōng
Han-Latin	𨍊	qiū
Han-Latin	𨍎	mù
Han-Latin	𨍏	duó
Han-Latin	𨍐	xǔ
Han-Latin	𨍑	kēng
Han-Latin	𨍒	xiàn
Han-Latin	𨍛	dú
Han-Latin	𨍜	kǎn
Han-Latin	𨍞	yīng
Han-Latin	𨍢	zī
Han-Latin	𨍧	huáng
Han-Latin	𨍩	péng
Han-Latin	𨍫	lì
Han-Latin	𨍭	bó
Han-Latin	𨍮	gé
Han-Latin	𨍯	jú
Han-Latin	𨍰	kē
Han-Latin	𨍲	hú
Han-Latin	𨍳	yáo
Han-Latin	𨍴	táng
Han-Latin	𨍶	qióng
Han-Latin	𨍷	rǒng
Han-Latin	𨍸	liǔ
Han-Latin	𨍹	huì
Han-Latin	𨍺	jī
Han-Latin	𨎉	zhì
Han-Latin	𨎋	táng
Han-Latin	𨎌	zhǐ
Han-Latin	𨎍	kāng
Han-Latin	𨎔	yàng
Han-Latin	𨎖	tǎng
Han-Latin	𨎗	hōng
Han-Latin	𨎛	liáng
Han-Latin	𨎝	cáo
Han-Latin	𨎡	nǎi
Han-Latin	𨎢	zǒng
Han-Latin	𨎤	dèng
Han-Latin	𨎦	jiāo
Han-Latin	𨎧	péng
Han-Latin	𨎩	guāng
Han-Latin	𨎪	ér
Han-Latin	𨎫	jiàn
Han-Latin	𨎬	jiào
Han-Latin	𨎭	nuó
Han-Latin	𨎮	zǎo
Han-Latin	𨎳	péng
Han-Latin	𨎴	dāng
Han-Latin	𨎶	qú
Han-Latin	𨎷	lián
Han-Latin	𨎸	mù
Han-Latin	𨎹	lǎn
Han-Latin	𨎾	fén
Han-Latin	𨏂	hún
Han-Latin	𨏆	kuāng
Han-Latin	𨏈	yǐn
Han-Latin	𨏉	shuàn
Han-Latin	𨏊	jiàn
Han-Latin	𨏒	luò
Han-Latin	𨏔	lù
Han-Latin	𨏚	gé
Han-Latin	𨏛	rǎng
Han-Latin	𨏞	pín
Han-Latin	𨏠	lóng
Han-Latin	𨏤	zhěn
Han-Latin	𨏥	xiàn
Han-Latin	𨏨	lìn
Han-Latin	𨏩	lián
Han-Latin	𨏪	shān
Han-Latin	𨏫	bó
Han-Latin	𨏬	lì
Han-Latin	𨏳	xié
Han-Latin	𨏴	gé
Han-Latin	𨏵	mǐn
Han-Latin	𨏶	lián
Han-Latin	𨏹	jué
Han-Latin	𨏺	zhōu
Han-Latin	𨏿	kē
Han-Latin	𨐁	dié
Han-Latin	𨐃	zhé
Han-Latin	𨐅	shū
Han-Latin	𨐆	jī
Han-Latin	𨐇	lóng
Han-Latin	𨐈	guāng
Han-Latin	𨐉	zǎo
Han-Latin	𨐊	xiàn
Han-Latin	𨐋	qiān
Han-Latin	𨐍	shēn
Han-Latin	𨐐	yǐn
Han-Latin	𨐑	jiè
Han-Latin	𨐔	shēn
Han-Latin	𨐕	shēn
Han-Latin	𨐖	sǎ
Han-Latin	𨐛	xì
Han-Latin	𨐡	kù
Han-Latin	𨐣	qú
Han-Latin	𨐥	gé
Han-Latin	𨐦	bàn
Han-Latin	𨐨	bì
Han-Latin	𨐩	qiān
Han-Latin	𨐰	bīn
Han-Latin	𨐱	bàn
Han-Latin	𨐳	zuò
Han-Latin	𨐴	pì
Han-Latin	𨐶	huò
Han-Latin	𨐾	bàn
Han-Latin	𨑊	nóng
Han-Latin	𨑌	chén
Han-Latin	𨑎	pēng
Han-Latin	𨑑	fǔ
Han-Latin	𨑒	tú
Han-Latin	𨑜	pǐ
Han-Latin	𨑝	pò
Han-Latin	𨑠	chǐ
Han-Latin	𨑣	xuè
Han-Latin	𨑤	qì
Han-Latin	𨑥	wù
Han-Latin	𨑨	zhì
Han-Latin	𨑩	dì
Han-Latin	𨑪	cōng
Han-Latin	𨑫	yóu
Han-Latin	𨑹	cōng
Han-Latin	𨑼	dì
Han-Latin	𨑽	zhuó
Han-Latin	𨑿	zǒu
Han-Latin	𨒀	cóng
Han-Latin	𨒃	pàn
Han-Latin	𨒄	yǎn
Han-Latin	𨒅	qì
Han-Latin	𨒆	rǒng
Han-Latin	𨒇	jiá
Han-Latin	𨒉	zhì
Han-Latin	𨒊	qiú
Han-Latin	𨒋	yuè
Han-Latin	𨒍	shì
Han-Latin	𨒑	háo
Han-Latin	𨒙	tuō
Han-Latin	𨒜	bié
Han-Latin	𨒞	kàn
Han-Latin	𨒢	chuò
Han-Latin	𨒤	cǐ
Han-Latin	𨒦	yǐn
Han-Latin	𨒧	shì
Han-Latin	𨒨	hài
Han-Latin	𨒩	ruǎn
Han-Latin	𨒫	yáng
Han-Latin	𨒬	chī
Han-Latin	𨒮	cī
Han-Latin	𨒱	gōng
Han-Latin	𨒲	mí
Han-Latin	𨒴	jǐ
Han-Latin	𨒼	gèn
Han-Latin	𨒽	zào
Han-Latin	𨓁	běng
Han-Latin	𨓇	xǐn
Han-Latin	𨓈	kuò
Han-Latin	𨓊	dié
Han-Latin	𨓍	tíng
Han-Latin	𨓚	shuì
Han-Latin	𨓞	dài
Han-Latin	𨓦	lǐ
Han-Latin	𨓨	yǒng
Han-Latin	𨓩	jiāo
Han-Latin	𨓬	tá
Han-Latin	𨓭	qǔ
Han-Latin	𨓮	yín
Han-Latin	𨓯	yuān
Han-Latin	𨓰	jié
Han-Latin	𨓲	qiān
Han-Latin	𨓳	yāo
Han-Latin	𨓴	yà
Han-Latin	𨓷	qīng
Han-Latin	𨓿	péi
Han-Latin	𨔗	jiā
Han-Latin	𨔙	tòu
Han-Latin	𨔛	tī
Han-Latin	𨔡	dùn
Han-Latin	𨔢	chǎn
Han-Latin	𨔣	jiā
Han-Latin	𨔤	chì
Han-Latin	𨔥	jiān
Han-Latin	𨔦	shù
Han-Latin	𨔯	tà
Han-Latin	𨕕	zhī
Han-Latin	𨕗	yuán
Han-Latin	𨕚	hū
Han-Latin	𨕜	liè
Han-Latin	𨕠	zé
Han-Latin	𨕢	chù
Han-Latin	𨕦	qiù
Han-Latin	𨕧	bēng
Han-Latin	𨕹	huán
Han-Latin	𨕺	kuā
Han-Latin	𨕻	shēng
Han-Latin	𨕽	jié
Han-Latin	𨕿	wǎng
Han-Latin	𨖃	hū
Han-Latin	𨖊	zé
Han-Latin	𨖋	zǎn
Han-Latin	𨖌	yàng
Han-Latin	𨖎	chǐ
Han-Latin	𨖏	jiù
Han-Latin	𨖚	liáo
Han-Latin	𨖛	yū
Han-Latin	𨖠	biǎn
Han-Latin	𨖢	kuáng
Han-Latin	𨖬	chòu
Han-Latin	𨖭	yá
Han-Latin	𨖮	zhuó
Han-Latin	𨖰	qiè
Han-Latin	𨖱	xiàn
Han-Latin	𨖳	yuān
Han-Latin	𨖴	wǔ
Han-Latin	𨖵	jiǎo
Han-Latin	𨖶	xiàng
Han-Latin	𨖷	shà
Han-Latin	𨖹	zhì
Han-Latin	𨖼	chòng
Han-Latin	𨖾	biān
Han-Latin	𨖿	wēi
Han-Latin	𨗓	dào
Han-Latin	𨗝	yù
Han-Latin	𨗞	tuí
Han-Latin	𨗡	chào
Han-Latin	𨗥	huì
Han-Latin	𨗦	qiǎn
Han-Latin	𨗨	wěi
Han-Latin	𨗰	yóu
Han-Latin	𨗼	dì
Han-Latin	𨗾	dà
Han-Latin	𨘁	yóu
Han-Latin	𨘂	jiù
Han-Latin	𨘃	tuí
Han-Latin	𨘄	zǎn
Han-Latin	𨘇	huì
Han-Latin	𨘉	shà
Han-Latin	𨘌	huò
Han-Latin	𨘔	yáo
Han-Latin	𨘙	xiàn
Han-Latin	𨘞	xiàn
Han-Latin	𨘬	dì
Han-Latin	𨘮	jiù
Han-Latin	𨘲	huì
Han-Latin	𨘴	kào
Han-Latin	𨘵	yóu
Han-Latin	𨘸	lì
Han-Latin	𨘼	chuán
Han-Latin	𨘾	chí
Han-Latin	𨙀	huò
Han-Latin	𨙂	yóu
Han-Latin	𨙄	yuè
Han-Latin	𨙎	tà
Han-Latin	𨙏	zàn
Han-Latin	𨙓	niè
Han-Latin	𨙔	zhù
Han-Latin	𨙡	xiǎn
Han-Latin	𨙩	shí
Han-Latin	𨙫	kǒu
Han-Latin	𨙬	qǐ
Han-Latin	𨙭	tǔ
Han-Latin	𨙮	fán
Han-Latin	𨙯	cūn
Han-Latin	𨙲	tún
Han-Latin	𨙳	chā
Han-Latin	𨙴	cái
Han-Latin	𨙵	xiàng
Han-Latin	𨙶	pèi
Han-Latin	𨙷	jǐng
Han-Latin	𨙸	qí
Han-Latin	𨙹	shǎo
Han-Latin	𨙺	niǔ
Han-Latin	𨙻	nà
Han-Latin	𨙽	qín
Han-Latin	𨚍	bì
Han-Latin	𨚓	bì
Han-Latin	𨚔	bāo
Han-Latin	𨚕	biàn
Han-Latin	𨚖	zī
Han-Latin	𨚗	nà
Han-Latin	𨚘	wèi
Han-Latin	𨚙	háo
Han-Latin	𨚡	jǐn
Han-Latin	𨚣	zhèng
Han-Latin	𨚧	qié
Han-Latin	𨚮	hào
Han-Latin	𨚯	tóng
Han-Latin	𨚰	zǎo
Han-Latin	𨚱	shèng
Han-Latin	𨚲	cún
Han-Latin	𨚳	huāng
Han-Latin	𨚴	rú
Han-Latin	𨚵	zài
Han-Latin	𨚶	nián
Han-Latin	𨚾	xiān
Han-Latin	𨛈	quán
Han-Latin	𨛉	jì
Han-Latin	𨛊	yín
Han-Latin	𨛋	lǐ
Han-Latin	𨛌	máng
Han-Latin	𨛍	shào
Han-Latin	𨛎	hàn
Han-Latin	𨛏	cuò
Han-Latin	𨛐	jùn
Han-Latin	𨛑	jì
Han-Latin	𨛒	bù
Han-Latin	𨛓	lòng
Han-Latin	𨛔	fǒu
Han-Latin	𨛕	yóu
Han-Latin	𨛖	kuài
Han-Latin	𨛜	xiàng
Han-Latin	𨛡	yún
Han-Latin	𨛣	qín
Han-Latin	𨛤	huí
Han-Latin	𨛥	pú
Han-Latin	𨛫	lí
Han-Latin	𨛬	péi
Han-Latin	𨛭	shū
Han-Latin	𨛮	jū
Han-Latin	𨛯	yí
Han-Latin	𨛰	zhēng
Han-Latin	𨛱	chóng
Han-Latin	𨛳	xí
Han-Latin	𨛵	hǔ
Han-Latin	𨛶	róu
Han-Latin	𨜌	huàn
Han-Latin	𨜍	qiào
Han-Latin	𨜎	zhī
Han-Latin	𨜏	yíng
Han-Latin	𨜐	xǐ
Han-Latin	𨜑	qiāo
Han-Latin	𨜒	jì
Han-Latin	𨜓	zhēng
Han-Latin	𨜔	huáng
Han-Latin	𨜖	yú
Han-Latin	𨜗	zōu
Han-Latin	𨜘	méi
Han-Latin	𨜜	shěng
Han-Latin	𨜩	quán
Han-Latin	𨜰	jiāng
Han-Latin	𨜱	hé
Han-Latin	𨜳	tóng
Han-Latin	𨜴	hé
Han-Latin	𨜵	wēn
Han-Latin	𨜶	yì
Han-Latin	𨜷	páng
Han-Latin	𨜺	wēng
Han-Latin	𨜻	qián
Han-Latin	𨜼	lì
Han-Latin	𨜽	yí
Han-Latin	𨜾	chuàng
Han-Latin	𨜿	xù
Han-Latin	𨝀	wěi
Han-Latin	𨝆	gē
Han-Latin	𨝈	yǔ
Han-Latin	𨝋	zhài
Han-Latin	𨝌	gān
Han-Latin	𨝍	qiān
Han-Latin	𨝎	kāng
Han-Latin	𨝏	lí
Han-Latin	𨝐	shēn
Han-Latin	𨝑	guàn
Han-Latin	𨝓	piáo
Han-Latin	𨝕	gài
Han-Latin	𨝖	lí
Han-Latin	𨝘	hǔ
Han-Latin	𨝛	tú
Han-Latin	𨝜	shùn
Han-Latin	𨝞	hù
Han-Latin	𨝟	lí
Han-Latin	𨝢	lòu
Han-Latin	𨝦	dàng
Han-Latin	𨝨	zuò
Han-Latin	𨝩	shān
Han-Latin	𨝫	shè
Han-Latin	𨝭	féng
Han-Latin	𨝮	jù
Han-Latin	𨝯	tóng
Han-Latin	𨝰	jiǎo
Han-Latin	𨝱	qiáo
Han-Latin	𨝲	gāo
Han-Latin	𨝳	zī
Han-Latin	𨝴	huáng
Han-Latin	𨝵	shān
Han-Latin	𨝸	tán
Han-Latin	𨞌	tuō
Han-Latin	𨞎	lìng
Han-Latin	𨞐	chéng
Han-Latin	𨞑	wèng
Han-Latin	𨞒	zuó
Han-Latin	𨞓	yù
Han-Latin	𨞕	zhú
Han-Latin	𨞗	qún
Han-Latin	𨞘	xǐ
Han-Latin	𨞙	qú
Han-Latin	𨞛	gé
Han-Latin	𨞢	qī
Han-Latin	𨞣	xū
Han-Latin	𨞨	gài
Han-Latin	𨞩	què
Han-Latin	𨞪	shòu
Han-Latin	𨞫	méng
Han-Latin	𨞲	shēn
Han-Latin	𨞶	qiāo
Han-Latin	𨞷	cán
Han-Latin	𨞺	lì
Han-Latin	𨞼	wàn
Han-Latin	𨞽	léi
Han-Latin	𨞾	xīng
Han-Latin	𨞿	láng
Han-Latin	𨟂	shì
Han-Latin	𨟃	zhēng
Han-Latin	𨟄	fán
Han-Latin	𨟊	zhì
Han-Latin	𨟏	yín
Han-Latin	𨟑	lì
Han-Latin	𨟖	mó
Han-Latin	𨟗	wěi
Han-Latin	𨟙	yīng
Han-Latin	𨟚	ráng
Han-Latin	𨟠	quān
Han-Latin	𨟥	luǒ
Han-Latin	𨟲	dài
Han-Latin	𨟴	yìn
Han-Latin	𨟵	bǐ
Han-Latin	𨟶	gē
Han-Latin	𨟸	wèn
Han-Latin	𨟹	yǎn
Han-Latin	𨟺	miǎn
Han-Latin	𨟼	gǎng
Han-Latin	𨟽	qiú
Han-Latin	𨟾	zhī
Han-Latin	𨠋	gū
Han-Latin	𨠌	tóng
Han-Latin	𨠎	líng
Han-Latin	𨠏	tí
Han-Latin	𨠐	cí
Han-Latin	𨠑	yí
Han-Latin	𨠒	fàn
Han-Latin	𨠓	pō
Han-Latin	𨠔	bì
Han-Latin	𨠖	bào
Han-Latin	𨠟	pēng
Han-Latin	𨠡	suān
Han-Latin	𨠤	sōng
Han-Latin	𨠥	wéi
Han-Latin	𨠦	xiáo
Han-Latin	𨠨	jì
Han-Latin	𨠬	hào
Han-Latin	𨠭	yǎn
Han-Latin	𨠶	yí
Han-Latin	𨠷	zāo
Han-Latin	𨠸	yǐng
Han-Latin	𨠹	nǎn
Han-Latin	𨠿	zā
Han-Latin	𨡁	tiǎn
Han-Latin	𨡂	xī
Han-Latin	𨡃	jiào
Han-Latin	𨡄	yán
Han-Latin	𨡌	néi
Han-Latin	𨡍	tǎn
Han-Latin	𨡎	yàn
Han-Latin	𨡏	tiǎn
Han-Latin	𨡐	zhì
Han-Latin	𨡑	chōu
Han-Latin	𨡒	táo
Han-Latin	𨡗	zhà
Han-Latin	𨡙	dān
Han-Latin	𨡞	miǎn
Han-Latin	𨡡	wǔ
Han-Latin	𨡢	yǐn
Han-Latin	𨡣	yàn
Han-Latin	𨡤	lǎo
Han-Latin	𨡩	pō
Han-Latin	𨡫	hùn
Han-Latin	𨡬	hǎi
Han-Latin	𨡭	mú
Han-Latin	𨡮	cōng
Han-Latin	𨡱	kù
Han-Latin	𨡲	chōu
Han-Latin	𨡴	yǒu
Han-Latin	𨡸	zhuó
Han-Latin	𨡺	kuì
Han-Latin	𨡻	sōu
Han-Latin	𨢂	yìn
Han-Latin	𨢅	zuì
Han-Latin	𨢆	sāng
Han-Latin	𨢇	liù
Han-Latin	𨢈	hàn
Han-Latin	𨢉	wèi
Han-Latin	𨢊	méng
Han-Latin	𨢋	hú
Han-Latin	𨢌	lì
Han-Latin	𨢎	mì
Han-Latin	𨢐	bāng
Han-Latin	𨢑	jiǎn
Han-Latin	𨢜	què
Han-Latin	𨢠	méng
Han-Latin	𨢢	mú
Han-Latin	𨢣	hǒng
Han-Latin	𨢤	hù
Han-Latin	𨢥	mí
Han-Latin	𨢦	shài
Han-Latin	𨢩	shāng
Han-Latin	𨢪	chào
Han-Latin	𨢬	zhuó
Han-Latin	𨢮	zhī
Han-Latin	𨢯	niàn
Han-Latin	𨢵	jì
Han-Latin	𨢸	kē
Han-Latin	𨢹	zhēng
Han-Latin	𨢿	dān
Han-Latin	𨣀	liǎo
Han-Latin	𨣁	zhǎn
Han-Latin	𨣂	gǒng
Han-Latin	𨣃	láo
Han-Latin	𨣄	huā
Han-Latin	𨣅	chuài
Han-Latin	𨣇	jiǎn
Han-Latin	𨣈	kuì
Han-Latin	𨣍	shē
Han-Latin	𨣔	chěn
Han-Latin	𨣕	tǎn
Han-Latin	𨣗	hú
Han-Latin	𨣘	méng
Han-Latin	𨣙	pào
Han-Latin	𨣚	zhǎn
Han-Latin	𨣛	cháng
Han-Latin	𨣝	gǎn
Han-Latin	𨣠	yì
Han-Latin	𨣢	suì
Han-Latin	𨣦	xù
Han-Latin	𨣧	jì
Han-Latin	𨣨	làn
Han-Latin	𨣬	yí
Han-Latin	𨣯	mì
Han-Latin	𨣱	miè
Han-Latin	𨣵	cuán
Han-Latin	𨣸	lǎn
Han-Latin	𨣻	yān
Han-Latin	𨣾	mí
Han-Latin	𨤂	yǒng
Han-Latin	𨤃	cáng
Han-Latin	𨤄	jiǎn
Han-Latin	𨤇	sōu
Han-Latin	𨤎	yán
Han-Latin	𨤑	juàn
Han-Latin	𨤕	è
Han-Latin	𨤘	fèn
Han-Latin	𨤚	fèn
Han-Latin	𨤡	guàng
Han-Latin	𨤢	mái
Han-Latin	𨤤	liě
Han-Latin	𨤩	chōng
Han-Latin	𨤫	lí
Han-Latin	𨤱	zhí
Han-Latin	𨤴	xiè
Han-Latin	𨤷	chóu
Han-Latin	𨤹	jí
Han-Latin	𨤽	pī
Han-Latin	𨥂	jié
Han-Latin	𨥇	zhǒu
Han-Latin	𨥍	xiōng
Han-Latin	𨥑	kuàng
Han-Latin	𨥙	jǐng
Han-Latin	𨥛	hù
Han-Latin	𨥞	qián
Han-Latin	𨥣	cén
Han-Latin	𨥦	qí
Han-Latin	𨥧	wǎn
Han-Latin	𨥨	máo
Han-Latin	𨥪	dǒu
Han-Latin	𨥴	kǒu
Han-Latin	𨥶	dài
Han-Latin	𨥸	náo
Han-Latin	𨥺	hóng
Han-Latin	𨦂	lǎi
Han-Latin	𨦃	duǒ
Han-Latin	𨦄	qiān
Han-Latin	𨦆	yín
Han-Latin	𨦖	lòu
Han-Latin	𨦗	huī
Han-Latin	𨦛	fù
Han-Latin	𨦜	máo
Han-Latin	𨦞	zhōu
Han-Latin	𨦡	yóng
Han-Latin	𨦭	láo
Han-Latin	𨦮	jí
Han-Latin	𨦯	yì
Han-Latin	𨦰	liú
Han-Latin	𨦱	cōng
Han-Latin	𨦳	nǎn
Han-Latin	𨧀	dù
Han-Latin	𨧐	tūn
Han-Latin	𨧑	xiàng
Han-Latin	𨧕	biàn
Han-Latin	𨧖	chuáng
Han-Latin	𨧗	wù
Han-Latin	𨧙	jū
Han-Latin	𨧥	xiē
Han-Latin	𨧦	pī
Han-Latin	𨧧	zhuó
Han-Latin	𨧨	ruì
Han-Latin	𨧪	sào
Han-Latin	𨧫	zì
Han-Latin	𨧭	zhèng
Han-Latin	𨧮	mí
Han-Latin	𨧰	zú
Han-Latin	𨧱	qū
Han-Latin	𨧳	chì
Han-Latin	𨧵	zhì
Han-Latin	𨨏	bō
Han-Latin	𨨗	quàn
Han-Latin	𨨘	qiān
Han-Latin	𨨙	yā
Han-Latin	𨨚	chào
Han-Latin	𨨛	hé
Han-Latin	𨨜	rǔ
Han-Latin	𨨠	jū
Han-Latin	𨨡	wù
Han-Latin	𨨬	chì
Han-Latin	𨨭	kuàng
Han-Latin	𨨯	còu
Han-Latin	𨨰	ruàn
Han-Latin	𨨱	kuò
Han-Latin	𨨲	chí
Han-Latin	𨨳	zú
Han-Latin	𨨴	jiāo
Han-Latin	𨨶	yú
Han-Latin	𨨷	tú
Han-Latin	𨨸	méng
Han-Latin	𨨹	dā
Han-Latin	𨨺	shuò
Han-Latin	𨩥	fēng
Han-Latin	𨩦	gǒu
Han-Latin	𨩧	dōng
Han-Latin	𨩨	chǎ
Han-Latin	𨩩	mào
Han-Latin	𨩪	chǎn
Han-Latin	𨩫	biān
Han-Latin	𨩬	yù
Han-Latin	𨩯	wán
Han-Latin	𨩰	zú
Han-Latin	𨩲	zī
Han-Latin	𨩴	chuān
Han-Latin	𨩵	wǎn
Han-Latin	𨩶	wā
Han-Latin	𨩸	quān
Han-Latin	𨩻	wǎn
Han-Latin	𨩽	xià
Han-Latin	𨪄	yìng
Han-Latin	𨪅	jiàn
Han-Latin	𨪈	wěi
Han-Latin	𨪉	tí
Han-Latin	𨪊	sāo
Han-Latin	𨪌	qí
Han-Latin	𨪍	shā
Han-Latin	𨪎	yù
Han-Latin	𨪏	jí
Han-Latin	𨪐	dòu
Han-Latin	𨪑	chǎn
Han-Latin	𨪒	tuán
Han-Latin	𨪕	liú
Han-Latin	𨪗	zhuì
Han-Latin	𨪳	ruàn
Han-Latin	𨪶	yàn
Han-Latin	𨪷	gǔ
Han-Latin	𨪹	lì
Han-Latin	𨪺	chā
Han-Latin	𨪾	dì
Han-Latin	𨪿	liú
Han-Latin	𨫀	zhǎn
Han-Latin	𨫁	pō
Han-Latin	𨫒	lòu
Han-Latin	𨫔	zhì
Han-Latin	𨬁	lián
Han-Latin	𨬅	luǒ
Han-Latin	𨬍	duò
Han-Latin	𨬐	jué
Han-Latin	𨬑	lì
Han-Latin	𨬒	lán
Han-Latin	𨬔	ruàn
Han-Latin	𨬕	gū
Han-Latin	𨬖	chán
Han-Latin	𨬗	xū
Han-Latin	𨬚	zhǐ
Han-Latin	𨭁	xuè
Han-Latin	𨭂	bō
Han-Latin	𨭃	chēng
Han-Latin	𨭅	zhù
Han-Latin	𨭆	hēi
Han-Latin	𨭉	bān
Han-Latin	𨭎	xǐ
Han-Latin	𨭓	dié
Han-Latin	𨭖	zhǎn
Han-Latin	𨭗	guó
Han-Latin	𨭚	biāo
Han-Latin	𨭛	là
Han-Latin	𨭺	jīn
Han-Latin	𨮂	gǎi
Han-Latin	𨮒	mèng
Han-Latin	𨮔	yù
Han-Latin	𨮪	xǐ
Han-Latin	𨮬	piāo
Han-Latin	𨮭	sī
Han-Latin	𨮴	dèng
Han-Latin	𨮸	chuō
Han-Latin	𨮹	dí
Han-Latin	𨮺	jī
Han-Latin	𨮻	chán
Han-Latin	𨮿	zhuó
Han-Latin	𨯓	cài
Han-Latin	𨯞	jiàng
Han-Latin	𨯲	tóu
Han-Latin	𨯽	lí
Han-Latin	𨰂	qiàn
Han-Latin	𨰆	chuō
Han-Latin	𨰏	tà
Han-Latin	𨰑	diào
Han-Latin	𨰓	jiǎn
Han-Latin	𨰛	zhǐ
Han-Latin	𨰜	jué
Han-Latin	𨰞	mó
Han-Latin	𨰠	luó
Han-Latin	𨰦	bǎo
Han-Latin	𨰭	zuǎn
Han-Latin	𨰵	zhē
Han-Latin	𨰸	yú
Han-Latin	𨰻	bǎo
Han-Latin	𨰾	mǎ
Han-Latin	𨰿	xì
Han-Latin	𨱀	hù
Han-Latin	𨱁	yì
Han-Latin	𨱂	é
Han-Latin	𨱃	gū
Han-Latin	𨱄	tú
Han-Latin	𨱅	zhēn
Han-Latin	𨱇	qiú
Han-Latin	𨱈	sù
Han-Latin	𨱉	liàng
Han-Latin	𨱊	qū
Han-Latin	𨱋	líng
Han-Latin	𨱌	guàn
Han-Latin	𨱍	láng
Han-Latin	𨱎	tōu
Han-Latin	𨱏	dā
Han-Latin	𨱐	lòu
Han-Latin	𨱑	huáng
Han-Latin	𨱒	shòu
Han-Latin	𨱓	jiāo
Han-Latin	𨱔	zūn
Han-Latin	𨱕	gǎi
Han-Latin	𨱖	wéi
Han-Latin	𨱙	kūn
Han-Latin	𨱚	duàn
Han-Latin	𨱛	sōng
Han-Latin	𨱜	qí
Han-Latin	𨱝	yǎng
Han-Latin	𨱡	shì
Han-Latin	𨱣	gǎi
Han-Latin	𨱦	dào
Han-Latin	𨱧	yǎo
Han-Latin	𨱫	qián
Han-Latin	𨱭	shāo
Han-Latin	𨱮	cháng
Han-Latin	𨱯	miǔ
Han-Latin	𨱱	mó
Han-Latin	𨱵	nǎo
Han-Latin	𨱸	cōng
Han-Latin	𨱺	niè
Han-Latin	𨱻	zhāo
Han-Latin	𨱼	cén
Han-Latin	𨱿	sōng
Han-Latin	𨲀	niè
Han-Latin	𨲁	cì
Han-Latin	𨲄	jùn
Han-Latin	𨲆	shāo
Han-Latin	𨲈	zhú
Han-Latin	𨲉	duǒ
Han-Latin	𨲊	àn
Han-Latin	𨲋	bī
Han-Latin	𨲎	tì
Han-Latin	𨲐	pǐ
Han-Latin	𨲑	xiá
Han-Latin	𨲒	qiú
Han-Latin	𨲓	shěng
Han-Latin	𨲗	tāng
Han-Latin	𨲛	mán
Han-Latin	𨲜	piān
Han-Latin	𨲞	tì
Han-Latin	𨲟	róng
Han-Latin	𨲧	cōng
Han-Latin	𨲪	jī
Han-Latin	𨲫	féng
Han-Latin	𨲬	wù
Han-Latin	𨲭	jiào
Han-Latin	𨲮	láo
Han-Latin	𨲯	zēng
Han-Latin	𨲰	péng
Han-Latin	𨲱	cǎn
Han-Latin	𨲳	nóng
Han-Latin	𨲵	chǎn
Han-Latin	𨲾	mán
Han-Latin	𨲿	guì
Han-Latin	𨳀	niào
Han-Latin	𨳁	chōng
Han-Latin	𨳂	chàn
Han-Latin	𨳆	nàng
Han-Latin	𨳉	xiā
Han-Latin	𨳊	jiū
Han-Latin	𨳋	jǐ
Han-Latin	𨳌	zhèn
Han-Latin	𨳑	tǐng
Han-Latin	𨳔	mén
Han-Latin	𨳕	yuè
Han-Latin	𨳗	zhōng
Han-Latin	𨳘	tún
Han-Latin	𨳙	ruì
Han-Latin	𨳚	xiè
Han-Latin	𨳛	xī
Han-Latin	𨳝	tǐng
Han-Latin	𨳞	niǔ
Han-Latin	𨳠	wǎng
Han-Latin	𨳡	jiān
Han-Latin	𨳣	fēn
Han-Latin	𨳲	biàn
Han-Latin	𨳷	yí
Han-Latin	𨳺	dié
Han-Latin	𨳻	jī
Han-Latin	𨳼	gǎn
Han-Latin	𨳿	jiān
Han-Latin	𨴀	jiōng
Han-Latin	𨴆	kāi
Han-Latin	𨴊	què
Han-Latin	𨴌	nán
Han-Latin	𨴍	móu
Han-Latin	𨴎	xù
Han-Latin	𨴏	sǒng
Han-Latin	𨴐	shèn
Han-Latin	𨴑	kuāng
Han-Latin	𨴒	què
Han-Latin	𨴓	wéi
Han-Latin	𨴗	dié
Han-Latin	𨴘	nán
Han-Latin	𨴚	ruò
Han-Latin	𨴛	gōng
Han-Latin	𨴜	dòu
Han-Latin	𨴞	niǎn
Han-Latin	𨴡	chāo
Han-Latin	𨴢	hé
Han-Latin	𨴣	yàn
Han-Latin	𨴩	tú
Han-Latin	𨴪	bǔ
Han-Latin	𨴬	hú
Han-Latin	𨴭	yǒng
Han-Latin	𨴯	shǐ
Han-Latin	𨴰	chù
Han-Latin	𨴹	xiāo
Han-Latin	𨴺	mén
Han-Latin	𨴻	lǐ
Han-Latin	𨴼	tí
Han-Latin	𨴾	jiān
Han-Latin	𨵂	zhǐ
Han-Latin	𨵃	guā
Han-Latin	𨵄	guǎn
Han-Latin	𨵆	qì
Han-Latin	𨵈	fēi
Han-Latin	𨵉	yǔ
Han-Latin	𨵊	zhé
Han-Latin	𨵋	wěi
Han-Latin	𨵌	ě
Han-Latin	𨵍	chān
Han-Latin	𨵎	xī
Han-Latin	𨵐	gǔ
Han-Latin	𨵗	què
Han-Latin	𨵘	huì
Han-Latin	𨵚	xié
Han-Latin	𨵛	yīng
Han-Latin	𨵝	tà
Han-Latin	𨵞	wāi
Han-Latin	𨵟	fú
Han-Latin	𨵠	jiè
Han-Latin	𨵡	pì
Han-Latin	𨵥	shěng
Han-Latin	𨵦	yú
Han-Latin	𨵧	kuā
Han-Latin	𨵩	pì
Han-Latin	𨵪	xié
Han-Latin	𨵫	nüè
Han-Latin	𨵬	xiàn
Han-Latin	𨵭	jiàn
Han-Latin	𨵮	xù
Han-Latin	𨵰	bì
Han-Latin	𨵴	nán
Han-Latin	𨵶	liáng
Han-Latin	𨵸	pián
Han-Latin	𨵼	jìng
Han-Latin	𨶀	tǎ
Han-Latin	𨶁	yàn
Han-Latin	𨶂	ài
Han-Latin	𨶅	xiāo
Han-Latin	𨶆	qiāng
Han-Latin	𨶇	wǔ
Han-Latin	𨶈	táng
Han-Latin	𨶊	jùn
Han-Latin	𨶐	kuò
Han-Latin	𨶗	làng
Han-Latin	𨶙	něng
Han-Latin	𨶜	dòu
Han-Latin	𨶝	shú
Han-Latin	𨶟	jiǎo
Han-Latin	𨶠	niè
Han-Latin	𨶢	yú
Han-Latin	𨶨	cè
Han-Latin	𨶪	jiǎo
Han-Latin	𨶬	huà
Han-Latin	𨶭	wén
Han-Latin	𨶮	yē
Han-Latin	𨶯	é
Han-Latin	𨶰	guāng
Han-Latin	𨶱	huā
Han-Latin	𨶲	jiāo
Han-Latin	𨶺	lèi
Han-Latin	𨶼	shāng
Han-Latin	𨶽	yòng
Han-Latin	𨶿	dēng
Han-Latin	𨷀	guān
Han-Latin	𨷁	niú
Han-Latin	𨷃	suì
Han-Latin	𨷄	xiàng
Han-Latin	𨷆	sà
Han-Latin	𨷇	chāng
Han-Latin	𨷎	rùn
Han-Latin	𨷐	yūn
Han-Latin	𨷒	fēn
Han-Latin	𨷓	jiàn
Han-Latin	𨷔	xù
Han-Latin	𨷘	xì
Han-Latin	𨷙	shú
Han-Latin	𨷥	xié
Han-Latin	𨷦	lì
Han-Latin	𨷩	tóu
Han-Latin	𨷬	mǐ
Han-Latin	𨷭	chán
Han-Latin	𨷮	huō
Han-Latin	𨷱	zhuǎn
Han-Latin	𨷲	yuè
Han-Latin	𨷻	lán
Han-Latin	𨷽	yán
Han-Latin	𨷾	dàng
Han-Latin	𨷿	xiàng
Han-Latin	𨸀	yuè
Han-Latin	𨸁	tǐng
Han-Latin	𨸂	bēng
Han-Latin	𨸃	sàn
Han-Latin	𨸄	xiàn
Han-Latin	𨸅	dié
Han-Latin	𨸆	pì
Han-Latin	𨸇	pián
Han-Latin	𨸉	tǎ
Han-Latin	𨸋	jiāo
Han-Latin	𨸌	yē
Han-Latin	𨸎	yuè
Han-Latin	𨸐	réng
Han-Latin	𨸑	qiǎo
Han-Latin	𨸒	qí
Han-Latin	𨸓	diāo
Han-Latin	𨸔	qí
Han-Latin	𨸗	hàn
Han-Latin	𨸘	yuán
Han-Latin	𨸙	yóu
Han-Latin	𨸚	jí
Han-Latin	𨸛	gài
Han-Latin	𨸜	hāi
Han-Latin	𨸝	shì
Han-Latin	𨸟	qū
Han-Latin	𨸩	wèn
Han-Latin	𨸬	zhèn
Han-Latin	𨸭	pō
Han-Latin	𨸮	yán
Han-Latin	𨸯	gū
Han-Latin	𨸰	jú
Han-Latin	𨸱	tiàn
Han-Latin	𨸷	è
Han-Latin	𨸺	yā
Han-Latin	𨸻	lìn
Han-Latin	𨸼	bì
Han-Latin	𨹀	zǐ
Han-Latin	𨹁	hóng
Han-Latin	𨹃	duǒ
Han-Latin	𨹅	duì
Han-Latin	𨹆	xuàn
Han-Latin	𨹈	shǎn
Han-Latin	𨹊	shǎn
Han-Latin	𨹋	yáo
Han-Latin	𨹌	rǎn
Han-Latin	𨹔	tuó
Han-Latin	𨹗	bīng
Han-Latin	𨹘	xù
Han-Latin	𨹙	tūn
Han-Latin	𨹚	chéng
Han-Latin	𨹜	dòu
Han-Latin	𨹝	yì
Han-Latin	𨹡	chè
Han-Latin	𨹵	juǎn
Han-Latin	𨹶	jī
Han-Latin	𨹸	zhào
Han-Latin	𨹹	bēng
Han-Latin	𨹻	tiǎn
Han-Latin	𨺀	pēng
Han-Latin	𨺅	fù
Han-Latin	𨺖	tuǒ
Han-Latin	𨺘	xián
Han-Latin	𨺙	nì
Han-Latin	𨺚	lóng
Han-Latin	𨺝	zhuó
Han-Latin	𨺟	zhēng
Han-Latin	𨺠	shǔn
Han-Latin	𨺡	zōng
Han-Latin	𨺢	fēng
Han-Latin	𨺣	duàn
Han-Latin	𨺤	pì
Han-Latin	𨺥	yǎn
Han-Latin	𨺦	sǒu
Han-Latin	𨺧	qiú
Han-Latin	𨺨	è
Han-Latin	𨺩	qián
Han-Latin	𨺫	qiǎn
Han-Latin	𨺭	cā
Han-Latin	𨺮	xùn
Han-Latin	𨺵	zhuì
Han-Latin	𨺸	mǎo
Han-Latin	𨺹	jiǎo
Han-Latin	𨺿	zhǎn
Han-Latin	𨻀	pí
Han-Latin	𨻁	xī
Han-Latin	𨻂	yàn
Han-Latin	𨻃	fèi
Han-Latin	𨻄	niè
Han-Latin	𨻆	zhì
Han-Latin	𨻈	suǒ
Han-Latin	𨻊	yì
Han-Latin	𨻌	lěi
Han-Latin	𨻍	xù
Han-Latin	𨻏	yì
Han-Latin	𨻒	wēi
Han-Latin	𨻕	jī
Han-Latin	𨻖	chēn
Han-Latin	𨻗	dié
Han-Latin	𨻣	yuán
Han-Latin	𨻥	xí
Han-Latin	𨻧	liú
Han-Latin	𨻨	suǒ
Han-Latin	𨻱	bēng
Han-Latin	𨻲	xià
Han-Latin	𨻳	yàn
Han-Latin	𨻵	cuī
Han-Latin	𨻷	kāng
Han-Latin	𨻺	qīng
Han-Latin	𨻻	lóu
Han-Latin	𨻼	bī
Han-Latin	𨼈	zhàn
Han-Latin	𨼉	cuàn
Han-Latin	𨼊	wú
Han-Latin	𨼋	xū
Han-Latin	𨼌	chēn
Han-Latin	𨼍	háo
Han-Latin	𨼎	jué
Han-Latin	𨼐	chèn
Han-Latin	𨼑	chá
Han-Latin	𨼒	chǎn
Han-Latin	𨼓	zhí
Han-Latin	𨼔	xún
Han-Latin	𨼣	gé
Han-Latin	𨼤	chén
Han-Latin	𨼥	yè
Han-Latin	𨼪	chǔ
Han-Latin	𨼫	qú
Han-Latin	𨼬	xiè
Han-Latin	𨼮	zhàn
Han-Latin	𨼯	kěn
Han-Latin	𨼱	jué
Han-Latin	𨼽	qú
Han-Latin	𨼿	méng
Han-Latin	𨽀	yè
Han-Latin	𨽁	zōu
Han-Latin	𨽂	pú
Han-Latin	𨽄	shì
Han-Latin	𨽉	shǔ
Han-Latin	𨽊	chán
Han-Latin	𨽍	dú
Han-Latin	𨽏	guō
Han-Latin	𨽐	lù
Han-Latin	𨽑	yān
Han-Latin	𨽖	niǎo
Han-Latin	𨽗	bīn
Han-Latin	𨽟	tuí
Han-Latin	𨽦	nì
Han-Latin	𨽧	huān
Han-Latin	𨽨	qián
Han-Latin	𨽯	xià
Han-Latin	𨽲	líng
Han-Latin	𨽷	lián
Han-Latin	𨽹	yì
Han-Latin	𨽻	lì
Han-Latin	𨽼	sì
Han-Latin	𨽿	dài
Han-Latin	𨾂	wèi
Han-Latin	𨾅	cì
Han-Latin	𨾉	jiǔ
Han-Latin	𨾊	hóng
Han-Latin	𨾌	yú
Han-Latin	𨾎	kuí
Han-Latin	𨾒	háng
Han-Latin	𨾓	gē
Han-Latin	𨾔	fàng
Han-Latin	𨾗	kuí
Han-Latin	𨾚	guī
Han-Latin	𨾛	chǐ
Han-Latin	𨾞	jiǔ
Han-Latin	𨾡	suī
Han-Latin	𨾤	dié
Han-Latin	𨾬	suǐ
Han-Latin	𨾰	qín
Han-Latin	𨾴	guī
Han-Latin	𨾻	zhuī
Han-Latin	𨾾	tiào
Han-Latin	𨿁	yuè
Han-Latin	𨿇	zuǐ
Han-Latin	𨿏	wú
Han-Latin	𨿐	cuǐ
Han-Latin	𨿛	zhì
Han-Latin	𨿠	shuì
Han-Latin	𨿢	dōng
Han-Latin	𨿭	wéi
Han-Latin	𨿿	chǒng
Han-Latin	𩀋	rún
Han-Latin	𩀖	jí
Han-Latin	𩀜	diāo
Han-Latin	𩀞	cāng
Han-Latin	𩀠	kòu
Han-Latin	𩀣	wéi
Han-Latin	𩀧	cán
Han-Latin	𩀪	má
Han-Latin	𩀫	òu
Han-Latin	𩀲	sǎn
Han-Latin	𩀶	wéi
Han-Latin	𩀼	sǎn
Han-Latin	𩀿	jīn
Han-Latin	𩁌	wéi
Han-Latin	𩁞	cài
Han-Latin	𩁟	lí
Han-Latin	𩁯	yuè
Han-Latin	𩁴	yūn
Han-Latin	𩁷	chēng
Han-Latin	𩁺	shān
Han-Latin	𩂂	hū
Han-Latin	𩂃	shài
Han-Latin	𩂄	tún
Han-Latin	𩂆	fǒu
Han-Latin	𩂈	qìn
Han-Latin	𩂉	xū
Han-Latin	𩂍	chuān
Han-Latin	𩂎	fù
Han-Latin	𩂒	yì
Han-Latin	𩂓	dōng
Han-Latin	𩂔	fú
Han-Latin	𩂕	fú
Han-Latin	𩂖	zé
Han-Latin	𩂗	pù
Han-Latin	𩂙	líng
Han-Latin	𩂝	shài
Han-Latin	𩂞	pào
Han-Latin	𩂢	yín
Han-Latin	𩂣	luò
Han-Latin	𩂤	huà
Han-Latin	𩂥	yìn
Han-Latin	𩂦	bèng
Han-Latin	𩂧	yū
Han-Latin	𩂨	shè
Han-Latin	𩂪	xiè
Han-Latin	𩂫	chǔ
Han-Latin	𩂴	shè
Han-Latin	𩂵	diàn
Han-Latin	𩂹	yì
Han-Latin	𩂻	chè
Han-Latin	𩂼	gěng
Han-Latin	𩂽	lóng
Han-Latin	𩂾	píng
Han-Latin	𩂿	yǔn
Han-Latin	𩃀	yàn
Han-Latin	𩃁	mò
Han-Latin	𩃃	suī
Han-Latin	𩃋	jìng
Han-Latin	𩃍	sòng
Han-Latin	𩃎	páng
Han-Latin	𩃐	yá
Han-Latin	𩃑	sè
Han-Latin	𩃒	duǒ
Han-Latin	𩃕	chuáng
Han-Latin	𩃖	xiè
Han-Latin	𩃘	tuán
Han-Latin	𩃙	gōng
Han-Latin	𩃚	xuàn
Han-Latin	𩃜	lā
Han-Latin	𩃞	líng
Han-Latin	𩃠	dài
Han-Latin	𩃡	zhá
Han-Latin	𩃬	yīn
Han-Latin	𩃭	sōng
Han-Latin	𩃯	yǔ
Han-Latin	𩃰	tuó
Han-Latin	𩃱	tuó
Han-Latin	𩃴	bà
Han-Latin	𩃵	rǎn
Han-Latin	𩃶	bó
Han-Latin	𩃷	dài
Han-Latin	𩃹	zhá
Han-Latin	𩃺	hóu
Han-Latin	𩃾	huǐ
Han-Latin	𩄅	lú
Han-Latin	𩄊	lìng
Han-Latin	𩄋	rú
Han-Latin	𩄕	dàn
Han-Latin	𩄖	méng
Han-Latin	𩄗	xià
Han-Latin	𩄘	wěng
Han-Latin	𩄙	hán
Han-Latin	𩄚	zī
Han-Latin	𩄛	zhèn
Han-Latin	𩄜	sè
Han-Latin	𩄝	cuó
Han-Latin	𩄞	lì
Han-Latin	𩄠	diān
Han-Latin	𩄡	lián
Han-Latin	𩄢	gòu
Han-Latin	𩄦	péng
Han-Latin	𩄪	yīng
Han-Latin	𩄬	hòu
Han-Latin	𩄮	duì
Han-Latin	𩄯	wù
Han-Latin	𩄷	piào
Han-Latin	𩄸	hè
Han-Latin	𩄺	lóng
Han-Latin	𩄻	mò
Han-Latin	𩄼	fěi
Han-Latin	𩄽	lǚ
Han-Latin	𩄾	zé
Han-Latin	𩄿	bó
Han-Latin	𩅀	diàn
Han-Latin	𩅁	mǎng
Han-Latin	𩅃	zhuàng
Han-Latin	𩅄	lù
Han-Latin	𩅅	pāng
Han-Latin	𩅆	duì
Han-Latin	𩅇	bù
Han-Latin	𩅌	chēn
Han-Latin	𩅍	màn
Han-Latin	𩅖	xī
Han-Latin	𩅝	ǎn
Han-Latin	𩅞	zhōng
Han-Latin	𩅠	nàn
Han-Latin	𩅡	tuò
Han-Latin	𩅢	hé
Han-Latin	𩅥	duì
Han-Latin	𩅦	wān
Han-Latin	𩅧	zhōng
Han-Latin	𩅨	cén
Han-Latin	𩅩	lì
Han-Latin	𩅪	shuāng
Han-Latin	𩅮	cén
Han-Latin	𩅰	sī
Han-Latin	𩅲	duì
Han-Latin	𩅴	hūn
Han-Latin	𩅼	jiān
Han-Latin	𩅽	nóng
Han-Latin	𩅾	dàn
Han-Latin	𩅿	fù
Han-Latin	𩆀	huò
Han-Latin	𩆁	huì
Han-Latin	𩆂	cí
Han-Latin	𩆄	yǒng
Han-Latin	𩆅	sà
Han-Latin	𩆆	tíng
Han-Latin	𩆎	liù
Han-Latin	𩆑	suān
Han-Latin	𩆒	líng
Han-Latin	𩆓	mán
Han-Latin	𩆔	diàn
Han-Latin	𩆘	pāo
Han-Latin	𩆚	líng
Han-Latin	𩆝	lì
Han-Latin	𩆟	nóu
Han-Latin	𩆣	liè
Han-Latin	𩆤	shǎn
Han-Latin	𩆦	fèi
Han-Latin	𩆫	shǎn
Han-Latin	𩆮	líng
Han-Latin	𩆯	zhàn
Han-Latin	𩆱	bīn
Han-Latin	𩆲	lí
Han-Latin	𩆵	sī
Han-Latin	𩆶	ráng
Han-Latin	𩆷	jiān
Han-Latin	𩆸	zhuó
Han-Latin	𩆻	líng
Han-Latin	𩆼	líng
Han-Latin	𩆽	mèng
Han-Latin	𩆿	shuāng
Han-Latin	𩇄	líng
Han-Latin	𩇇	hùn
Han-Latin	𩇎	líng
Han-Latin	𩇏	jiān
Han-Latin	𩇐	qú
Han-Latin	𩇔	nóng
Han-Latin	𩇕	jìng
Han-Latin	𩇖	chēn
Han-Latin	𩇜	zhēn
Han-Latin	𩇝	qìng
Han-Latin	𩇟	qìng
Han-Latin	𩇠	è
Han-Latin	𩇣	sè
Han-Latin	𩇩	bèi
Han-Latin	𩇫	fēi
Han-Latin	𩇮	fèi
Han-Latin	𩇯	féi
Han-Latin	𩇴	fāng
Han-Latin	𩇵	kǔ
Han-Latin	𩇺	zá
Han-Latin	𩇻	huì
Han-Latin	𩇽	féi
Han-Latin	𩈁	duì
Han-Latin	𩈆	pā
Han-Latin	𩈇	niǔ
Han-Latin	𩈈	pàng
Han-Latin	𩈉	dàn
Han-Latin	𩈊	dān
Han-Latin	𩈋	ài
Han-Latin	𩈍	tiǎn
Han-Latin	𩈎	chǎo
Han-Latin	𩈏	ǎo
Han-Latin	𩈐	mèi
Han-Latin	𩈑	nǎn
Han-Latin	𩈔	bò
Han-Latin	𩈕	yù
Han-Latin	𩈖	xiān
Han-Latin	𩈗	mài
Han-Latin	𩈚	pīng
Han-Latin	𩈜	duī
Han-Latin	𩈞	dào
Han-Latin	𩈡	xìng
Han-Latin	𩈢	nì
Han-Latin	𩈣	hān
Han-Latin	𩈤	chù
Han-Latin	𩈥	shuǎ
Han-Latin	𩈦	mǎn
Han-Latin	𩈬	wàn
Han-Latin	𩈭	yì
Han-Latin	𩈮	diào
Han-Latin	𩈯	yān
Han-Latin	𩈱	wò
Han-Latin	𩈲	suàn
Han-Latin	𩈴	ǎn
Han-Latin	𩈵	lán
Han-Latin	𩈶	nǎn
Han-Latin	𩈸	qiǔ
Han-Latin	𩈹	miàn
Han-Latin	𩈺	nuǒ
Han-Latin	𩈻	cán
Han-Latin	𩈼	cǎn
Han-Latin	𩉀	làn
Han-Latin	𩉁	tiǎn
Han-Latin	𩉂	yè
Han-Latin	𩉄	niǎn
Han-Latin	𩉆	shuǎ
Han-Latin	𩉋	cí
Han-Latin	𩉍	jiǎn
Han-Latin	𩉐	gàn
Han-Latin	𩉔	jiàn
Han-Latin	𩉕	guó
Han-Latin	𩉗	zhān
Han-Latin	𩉙	luǒ
Han-Latin	𩉜	jī
Han-Latin	𩉝	guì
Han-Latin	𩉡	jiá
Han-Latin	𩉢	jǐ
Han-Latin	𩉥	xuàn
Han-Latin	𩉧	fēng
Han-Latin	𩉫	bì
Han-Latin	𩉬	qí
Han-Latin	𩉯	yuán
Han-Latin	𩉰	àng
Han-Latin	𩉱	dī
Han-Latin	𩉴	è
Han-Latin	𩉵	fén
Han-Latin	𩉸	jù
Han-Latin	𩉹	nǐ
Han-Latin	𩉺	tuó
Han-Latin	𩉼	shēn
Han-Latin	𩉽	fú
Han-Latin	𩉾	xiá
Han-Latin	𩉿	qú
Han-Latin	𩊀	pò
Han-Latin	𩊁	wǎn
Han-Latin	𩊂	líng
Han-Latin	𩊃	mà
Han-Latin	𩊄	zhòu
Han-Latin	𩊅	bào
Han-Latin	𩊇	yù
Han-Latin	𩊌	běng
Han-Latin	𩊍	mài
Han-Latin	𩊏	jiā
Han-Latin	𩊑	yǎng
Han-Latin	𩊓	kuǎ
Han-Latin	𩊔	jiào
Han-Latin	𩊖	bǐng
Han-Latin	𩊚	luò
Han-Latin	𩊛	guǐ
Han-Latin	𩊜	duò
Han-Latin	𩊝	zhì
Han-Latin	𩊡	zhèn
Han-Latin	𩊢	è
Han-Latin	𩊣	zhū
Han-Latin	𩊤	bá
Han-Latin	𩊨	zhèn
Han-Latin	𩊩	fēng
Han-Latin	𩊪	dòu
Han-Latin	𩊫	niǎn
Han-Latin	𩊬	bù
Han-Latin	𩊭	duì
Han-Latin	𩊮	shā
Han-Latin	𩊯	sè
Han-Latin	𩊰	bì
Han-Latin	𩊴	zhì
Han-Latin	𩊵	zhé
Han-Latin	𩊶	bù
Han-Latin	𩊺	jué
Han-Latin	𩊻	xùn
Han-Latin	𩊿	xì
Han-Latin	𩋁	zhuó
Han-Latin	𩋂	bài
Han-Latin	𩋃	yáo
Han-Latin	𩋄	chǒu
Han-Latin	𩋅	tà
Han-Latin	𩋆	qiān
Han-Latin	𩋈	nào
Han-Latin	𩋉	yù
Han-Latin	𩋊	è
Han-Latin	𩋋	jiān
Han-Latin	𩋌	yì
Han-Latin	𩋍	xiāo
Han-Latin	𩋏	niè
Han-Latin	𩋒	bīng
Han-Latin	𩋗	guǒ
Han-Latin	𩋘	xié
Han-Latin	𩋙	diào
Han-Latin	𩋜	jū
Han-Latin	𩋝	suǒ
Han-Latin	𩋞	dié
Han-Latin	𩋟	fú
Han-Latin	𩋠	miǎn
Han-Latin	𩋡	shì
Han-Latin	𩋢	xuàn
Han-Latin	𩋣	tí
Han-Latin	𩋤	yù
Han-Latin	𩋧	xié
Han-Latin	𩋨	fú
Han-Latin	𩋩	zhì
Han-Latin	𩋪	nǐ
Han-Latin	𩋫	xuàn
Han-Latin	𩋬	yáng
Han-Latin	𩋮	fěng
Han-Latin	𩋯	zòng
Han-Latin	𩋰	zhòu
Han-Latin	𩋱	xuān
Han-Latin	𩋵	zhū
Han-Latin	𩋷	la
Han-Latin	𩋹	yìng
Han-Latin	𩋺	gào
Han-Latin	𩋻	kuò
Han-Latin	𩋽	é
Han-Latin	𩋾	wéi
Han-Latin	𩋿	méi
Han-Latin	𩌃	huái
Han-Latin	𩌄	chǒu
Han-Latin	𩌆	suǒ
Han-Latin	𩌇	tà
Han-Latin	𩌈	suǒ
Han-Latin	𩌉	tà
Han-Latin	𩌊	xuè
Han-Latin	𩌌	gǒng
Han-Latin	𩌍	jiǎ
Han-Latin	𩌏	bó
Han-Latin	𩌐	tà
Han-Latin	𩌑	yuǎn
Han-Latin	𩌘	tà
Han-Latin	𩌝	chuí
Han-Latin	𩌠	xiōng
Han-Latin	𩌡	hé
Han-Latin	𩌢	suō
Han-Latin	𩌧	mò
Han-Latin	𩌨	chóng
Han-Latin	𩌩	suī
Han-Latin	𩌪	zé
Han-Latin	𩌫	lù
Han-Latin	𩌬	zhāng
Han-Latin	𩌭	luò
Han-Latin	𩌮	xù
Han-Latin	𩌯	jiān
Han-Latin	𩌰	shān
Han-Latin	𩌲	xù
Han-Latin	𩌾	jiǎng
Han-Latin	𩍂	bào
Han-Latin	𩍃	mái
Han-Latin	𩍅	tóng
Han-Latin	𩍆	xì
Han-Latin	𩍉	róng
Han-Latin	𩍋	shéng
Han-Latin	𩍌	zhòu
Han-Latin	𩍎	jiān
Han-Latin	𩍏	fù
Han-Latin	𩍐	dèng
Han-Latin	𩍓	yōng
Han-Latin	𩍔	jū
Han-Latin	𩍖	yì
Han-Latin	𩍗	bāng
Han-Latin	𩍙	sè
Han-Latin	𩍚	suì
Han-Latin	𩍜	duó
Han-Latin	𩍝	xiè
Han-Latin	𩍡	huán
Han-Latin	𩍥	rǔ
Han-Latin	𩍦	nǐ
Han-Latin	𩍧	zhòu
Han-Latin	𩍨	guì
Han-Latin	𩍪	luò
Han-Latin	𩍲	zhī
Han-Latin	𩍳	xù
Han-Latin	𩍵	zhī
Han-Latin	𩍷	jué
Han-Latin	𩍸	jū
Han-Latin	𩍻	yuán
Han-Latin	𩍼	lú
Han-Latin	𩍿	bó
Han-Latin	𩎂	róng
Han-Latin	𩎃	xiè
Han-Latin	𩎉	xǐ
Han-Latin	𩎊	luó
Han-Latin	𩎎	gé
Han-Latin	𩎑	zuān
Han-Latin	𩎒	hàn
Han-Latin	𩎔	jiāo
Han-Latin	𩎕	sǎ
Han-Latin	𩎖	qín
Han-Latin	𩎗	qūn
Han-Latin	𩎘	páo
Han-Latin	𩎙	yuè
Han-Latin	𩎚	chè
Han-Latin	𩎛	fú
Han-Latin	𩎜	pēi
Han-Latin	𩎟	mèi
Han-Latin	𩎢	tāo
Han-Latin	𩎤	kēn
Han-Latin	𩎥	xì
Han-Latin	𩎫	duò
Han-Latin	𩎭	yì
Han-Latin	𩎰	suì
Han-Latin	𩎲	xiá
Han-Latin	𩎳	juān
Han-Latin	𩎵	wéi
Han-Latin	𩎷	yì
Han-Latin	𩎹	yù
Han-Latin	𩎻	bài
Han-Latin	𩎼	tuó
Han-Latin	𩎽	tà
Han-Latin	𩎾	páo
Han-Latin	𩏂	bǐng
Han-Latin	𩏅	yùn
Han-Latin	𩏆	yùn
Han-Latin	𩏇	duàn
Han-Latin	𩏈	ruǎn
Han-Latin	𩏉	wéi
Han-Latin	𩏏	wéi
Han-Latin	𩏐	guì
Han-Latin	𩏒	dá
Han-Latin	𩏓	xiá
Han-Latin	𩏖	hùn
Han-Latin	𩏗	juǎn
Han-Latin	𩏘	suī
Han-Latin	𩏚	suì
Han-Latin	𩏝	lóu
Han-Latin	𩏞	bài
Han-Latin	𩏟	yù
Han-Latin	𩏠	zhèng
Han-Latin	𩏡	guì
Han-Latin	𩏣	kuī
Han-Latin	𩏤	gāo
Han-Latin	𩏥	dān
Han-Latin	𩏩	xiǎn
Han-Latin	𩏪	zhái
Han-Latin	𩏫	sè
Han-Latin	𩏭	kē
Han-Latin	𩏮	bǔ
Han-Latin	𩏯	bó
Han-Latin	𩏲	suì
Han-Latin	𩏴	yù
Han-Latin	𩏵	bǔ
Han-Latin	𩏶	jiū
Han-Latin	𩏷	jiū
Han-Latin	𩏹	juàn
Han-Latin	𩏺	jué
Han-Latin	𩏼	nà
Han-Latin	𩏽	zhái
Han-Latin	𩏾	tāo
Han-Latin	𩏿	wěi
Han-Latin	𩐀	xiá
Han-Latin	𩐁	xiè
Han-Latin	𩐅	sà
Han-Latin	𩐆	jī
Han-Latin	𩐉	xiè
Han-Latin	𩐌	duì
Han-Latin	𩐍	zǐ
Han-Latin	𩐘	yuǎn
Han-Latin	𩐙	qìn
Han-Latin	𩐚	fú
Han-Latin	𩐛	péng
Han-Latin	𩐜	páo
Han-Latin	𩐞	yìn
Han-Latin	𩐠	hōng
Han-Latin	𩐡	zú
Han-Latin	𩐣	gōng
Han-Latin	𩐤	dòng
Han-Latin	𩐥	hē
Han-Latin	𩐦	wò
Han-Latin	𩐨	pāng
Han-Latin	𩐫	sù
Han-Latin	𩐬	kǎn
Han-Latin	𩐭	niè
Han-Latin	𩐮	háo
Han-Latin	𩐯	fèng
Han-Latin	𩐰	è
Han-Latin	𩐱	yè
Han-Latin	𩐴	tíng
Han-Latin	𩐵	dòng
Han-Latin	𩐶	zhé
Han-Latin	𩐷	sāng
Han-Latin	𩐻	mò
Han-Latin	𩐼	sù
Han-Latin	𩐾	lè
Han-Latin	𩑀	pǔ
Han-Latin	𩑁	é
Han-Latin	𩑂	zhuó
Han-Latin	𩑃	yè
Han-Latin	𩑇	xiāng
Han-Latin	𩑈	guàng
Han-Latin	𩑉	rěn
Han-Latin	𩑊	líng
Han-Latin	𩑍	ào
Han-Latin	𩑐	chāi
Han-Latin	𩑒	duó
Han-Latin	𩑓	qióng
Han-Latin	𩑔	kū
Han-Latin	𩑕	xū
Han-Latin	𩑖	huán
Han-Latin	𩑗	yāo
Han-Latin	𩑘	zhèn
Han-Latin	𩑙	tǐng
Han-Latin	𩑚	běng
Han-Latin	𩑝	áng
Han-Latin	𩑟	kān
Han-Latin	𩑡	kū
Han-Latin	𩑢	péi
Han-Latin	𩑣	yòu
Han-Latin	𩑤	ǎo
Han-Latin	𩑥	mén
Han-Latin	𩑦	mò
Han-Latin	𩑬	fǔ
Han-Latin	𩑭	qīng
Han-Latin	𩑮	là
Han-Latin	𩑯	dǒu
Han-Latin	𩑰	tǎn
Han-Latin	𩑳	qiǎn
Han-Latin	𩑴	yào
Han-Latin	𩑵	wèi
Han-Latin	𩑶	hú
Han-Latin	𩑷	mò
Han-Latin	𩑸	hē
Han-Latin	𩑹	xuàn
Han-Latin	𩑻	bì
Han-Latin	𩑼	pō
Han-Latin	𩑾	dī
Han-Latin	𩒀	zhěn
Han-Latin	𩒂	shī
Han-Latin	𩒃	kǎn
Han-Latin	𩒄	cè
Han-Latin	𩒇	xū
Han-Latin	𩒈	zhěn
Han-Latin	𩒊	zhǔ
Han-Latin	𩒏	huì
Han-Latin	𩒐	chǐ
Han-Latin	𩒓	hǒng
Han-Latin	𩒔	nóu
Han-Latin	𩒕	niè
Han-Latin	𩒖	yàn
Han-Latin	𩒘	chǒng
Han-Latin	𩒙	fǔ
Han-Latin	𩒚	guāng
Han-Latin	𩒛	qī
Han-Latin	𩒝	gěn
Han-Latin	𩒞	tǐng
Han-Latin	𩒢	tǎn
Han-Latin	𩒣	qiǎn
Han-Latin	𩒦	jiù
Han-Latin	𩒧	xū
Han-Latin	𩒨	qǐ
Han-Latin	𩒪	zhèn
Han-Latin	𩒮	qiú
Han-Latin	𩒰	ě
Han-Latin	𩒳	huì
Han-Latin	𩒴	hòng
Han-Latin	𩒵	qǐng
Han-Latin	𩒷	chē
Han-Latin	𩒺	fù
Han-Latin	𩒼	hōng
Han-Latin	𩒽	xī
Han-Latin	𩒾	wú
Han-Latin	𩒿	máng
Han-Latin	𩓂	tī
Han-Latin	𩓅	hōng
Han-Latin	𩓐	bó
Han-Latin	𩓒	qǐn
Han-Latin	𩓓	gěn
Han-Latin	𩓖	fú
Han-Latin	𩓗	kuǐ
Han-Latin	𩓝	bié
Han-Latin	𩓞	jìng
Han-Latin	𩓟	kǎn
Han-Latin	𩓠	guī
Han-Latin	𩓢	gǎo
Han-Latin	𩓣	xū
Han-Latin	𩓤	àn
Han-Latin	𩓥	yuè
Han-Latin	𩓦	wù
Han-Latin	𩓧	yí
Han-Latin	𩓨	jīng
Han-Latin	𩓪	lù
Han-Latin	𩓫	quán
Han-Latin	𩓬	tuí
Han-Latin	𩓮	jì
Han-Latin	𩓺	jiǒng
Han-Latin	𩓻	jué
Han-Latin	𩓼	piē
Han-Latin	𩓽	kūn
Han-Latin	𩔀	wài
Han-Latin	𩔁	huì
Han-Latin	𩔂	dùn
Han-Latin	𩔃	yuǎn
Han-Latin	𩔄	jié
Han-Latin	𩔆	guì
Han-Latin	𩔇	gǎo
Han-Latin	𩔈	pò
Han-Latin	𩔉	mén
Han-Latin	𩔊	zhuàn
Han-Latin	𩔋	hàng
Han-Latin	𩔔	yóng
Han-Latin	𩔕	qiú
Han-Latin	𩔗	lèi
Han-Latin	𩔘	áng
Han-Latin	𩔙	pǐ
Han-Latin	𩔚	wēng
Han-Latin	𩔝	qìn
Han-Latin	𩔟	qǐn
Han-Latin	𩔠	miè
Han-Latin	𩔡	dōu
Han-Latin	𩔢	mí
Han-Latin	𩔣	zhān
Han-Latin	𩔥	qǐng
Han-Latin	𩔦	yí
Han-Latin	𩔮	bān
Han-Latin	𩔱	juān
Han-Latin	𩔳	zé
Han-Latin	𩔴	xù
Han-Latin	𩔵	lán
Han-Latin	𩔶	má
Han-Latin	𩔷	má
Han-Latin	𩔸	ōu
Han-Latin	𩔹	bēi
Han-Latin	𩔻	póu
Han-Latin	𩔼	xù
Han-Latin	𩕀	ào
Han-Latin	𩕆	hǒng
Han-Latin	𩕉	hǒng
Han-Latin	𩕊	zhǎn
Han-Latin	𩕌	sěn
Han-Latin	𩕍	gǎo
Han-Latin	𩕏	pó
Han-Latin	𩕐	liào
Han-Latin	𩕕	wài
Han-Latin	𩕖	xuān
Han-Latin	𩕜	kuí
Han-Latin	𩕟	è
Han-Latin	𩕠	hàn
Han-Latin	𩕡	sè
Han-Latin	𩕤	dàn
Han-Latin	𩕪	xuān
Han-Latin	𩕬	è
Han-Latin	𩕭	gài
Han-Latin	𩕯	dāo
Han-Latin	𩕱	měng
Han-Latin	𩕲	yī
Han-Latin	𩕳	nǐng
Han-Latin	𩕵	pín
Han-Latin	𩕹	cāng
Han-Latin	𩕾	yuàn
Han-Latin	𩖀	è
Han-Latin	𩖁	niè
Han-Latin	𩖄	yǐn
Han-Latin	𩖇	qiāo
Han-Latin	𩖉	hōng
Han-Latin	𩖊	líng
Han-Latin	𩖌	chān
Han-Latin	𩖍	yǐng
Han-Latin	𩖒	guān
Han-Latin	𩖔	niǎo
Han-Latin	𩖕	xū
Han-Latin	𩖖	tán
Han-Latin	𩖗	jìn
Han-Latin	𩖛	péng
Han-Latin	𩖝	liáo
Han-Latin	𩖠	bèi
Han-Latin	𩖣	xín
Han-Latin	𩖤	tún
Han-Latin	𩖥	chāo
Han-Latin	𩖦	gān
Han-Latin	𩖨	hū
Han-Latin	𩖩	wǎng
Han-Latin	𩖬	fú
Han-Latin	𩖭	pèi
Han-Latin	𩖯	náo
Han-Latin	𩖰	xún
Han-Latin	𩖱	xuè
Han-Latin	𩖴	liǔ
Han-Latin	𩖵	líng
Han-Latin	𩖶	xuè
Han-Latin	𩖷	qū
Han-Latin	𩖸	háo
Han-Latin	𩖹	yí
Han-Latin	𩖺	hàn
Han-Latin	𩖼	fú
Han-Latin	𩖽	bá
Han-Latin	𩖾	yí
Han-Latin	𩗀	bó
Han-Latin	𩗄	hōng
Han-Latin	𩗅	lì
Han-Latin	𩗉	sà
Han-Latin	𩗊	xī
Han-Latin	𩗎	shì
Han-Latin	𩗏	piāo
Han-Latin	𩗐	huà
Han-Latin	𩗑	yí
Han-Latin	𩗒	bó
Han-Latin	𩗓	bó
Han-Latin	𩗔	něi
Han-Latin	𩗕	qiú
Han-Latin	𩗘	wěi
Han-Latin	𩗙	chè
Han-Latin	𩗚	yóu
Han-Latin	𩗜	wèi
Han-Latin	𩗝	huǐ
Han-Latin	𩗞	sà
Han-Latin	𩗡	chóu
Han-Latin	𩗢	hòng
Han-Latin	𩗣	sōu
Han-Latin	𩗤	hàn
Han-Latin	𩗥	páo
Han-Latin	𩗧	fáng
Han-Latin	𩗩	liú
Han-Latin	𩗪	zhòu
Han-Latin	𩗫	pí
Han-Latin	𩗭	lì
Han-Latin	𩗰	chuí
Han-Latin	𩗱	xī
Han-Latin	𩗲	zhēng
Han-Latin	𩗴	bèng
Han-Latin	𩗵	zhēng
Han-Latin	𩗶	suì
Han-Latin	𩗷	yǎn
Han-Latin	𩗼	qīng
Han-Latin	𩗽	wù
Han-Latin	𩗾	liǎng
Han-Latin	𩘀	zhào
Han-Latin	𩘁	liáng
Han-Latin	𩘅	jiē
Han-Latin	𩘇	hōng
Han-Latin	𩘈	yōu
Han-Latin	𩘊	là
Han-Latin	𩘋	hòu
Han-Latin	𩘍	yuàn
Han-Latin	𩘎	hóng
Han-Latin	𩘏	yè
Han-Latin	𩘑	yǐng
Han-Latin	𩘒	xuǎn
Han-Latin	𩘓	yóu
Han-Latin	𩘘	quán
Han-Latin	𩘜	táng
Han-Latin	𩘝	suǒ
Han-Latin	𩘟	lì
Han-Latin	𩘠	sōu
Han-Latin	𩘡	lì
Han-Latin	𩘤	yù
Han-Latin	𩘧	yì
Han-Latin	𩘭	xiū
Han-Latin	𩘮	áo
Han-Latin	𩘯	tuán
Han-Latin	𩘰	sù
Han-Latin	𩘱	shuài
Han-Latin	𩘳	yù
Han-Latin	𩘵	fēng
Han-Latin	𩘹	sù
Han-Latin	𩘺	tuí
Han-Latin	𩘻	yù
Han-Latin	𩘼	zhēng
Han-Latin	𩘽	zhēng
Han-Latin	𩘿	táo
Han-Latin	𩙄	liú
Han-Latin	𩙆	chéng
Han-Latin	𩙇	suí
Han-Latin	𩙈	sāo
Han-Latin	𩙏	gǔ
Han-Latin	𩙐	fēng
Han-Latin	𩙑	liè
Han-Latin	𩙒	piāo
Han-Latin	𩙖	lì
Han-Latin	𩙘	lóng
Han-Latin	𩙙	chū
Han-Latin	𩙚	xiāo
Han-Latin	𩙛	hōng
Han-Latin	𩙜	xiè
Han-Latin	𩙝	shè
Han-Latin	𩙠	lóng
Han-Latin	𩙡	hōu
Han-Latin	𩙢	xuán
Han-Latin	𩙣	fēng
Han-Latin	𩙥	bá
Han-Latin	𩙦	bó
Han-Latin	𩙧	táo
Han-Latin	𩙨	sù
Han-Latin	𩙩	zhào
Han-Latin	𩙪	biāo
Han-Latin	𩙫	sōu
Han-Latin	𩙬	tuí
Han-Latin	𩙭	suǒ
Han-Latin	𩙮	xiāo
Han-Latin	𩙯	héng
Han-Latin	𩙰	sāo
Han-Latin	𩙲	fēi
Han-Latin	𩙷	niù
Han-Latin	𩙸	mǎng
Han-Latin	𩙽	huán
Han-Latin	𩙾	zhī
Han-Latin	𩚂	yì
Han-Latin	𩚄	yù
Han-Latin	𩚇	yí
Han-Latin	𩚈	yuē
Han-Latin	𩚉	chí
Han-Latin	𩚕	yǐn
Han-Latin	𩚖	niù
Han-Latin	𩚗	rǒng
Han-Latin	𩚛	nà
Han-Latin	𩚣	tián
Han-Latin	𩚥	bā
Han-Latin	𩚪	ěr
Han-Latin	𩚫	zhēng
Han-Latin	𩚬	è
Han-Latin	𩚭	póu
Han-Latin	𩚮	jī
Han-Latin	𩚯	ní
Han-Latin	𩚱	jiǒng
Han-Latin	𩚲	jiá
Han-Latin	𩚵	gān
Han-Latin	𩚹	líng
Han-Latin	𩚻	zuì
Han-Latin	𩚾	bèi
Han-Latin	𩛅	shū
Han-Latin	𩛆	yǐ
Han-Latin	𩛇	pāi
Han-Latin	𩛋	nǎo
Han-Latin	𩛌	shì
Han-Latin	𩛎	mǎn
Han-Latin	𩛏	shì
Han-Latin	𩛑	tí
Han-Latin	𩛘	gōng
Han-Latin	𩛝	lèi
Han-Latin	𩛞	bǎo
Han-Latin	𩛟	yuān
Han-Latin	𩛠	zuō
Han-Latin	𩛡	láng
Han-Latin	𩛢	xiū
Han-Latin	𩛥	zài
Han-Latin	𩛦	chèng
Han-Latin	𩛧	jiān
Han-Latin	𩛨	mào
Han-Latin	𩛩	jiá
Han-Latin	𩛪	yù
Han-Latin	𩛭	yù
Han-Latin	𩛮	yí
Han-Latin	𩛲	māng
Han-Latin	𩛳	zài
Han-Latin	𩛵	zhuì
Han-Latin	𩛶	tí
Han-Latin	𩛹	xì
Han-Latin	𩛺	jú
Han-Latin	𩛻	zàn
Han-Latin	𩛼	lù
Han-Latin	𩛽	táo
Han-Latin	𩜀	zhuì
Han-Latin	𩜁	líng
Han-Latin	𩜃	jù
Han-Latin	𩜆	jī
Han-Latin	𩜇	juǎn
Han-Latin	𩜊	zī
Han-Latin	𩜌	yuē
Han-Latin	𩜍	dōng
Han-Latin	𩜒	nǎng
Han-Latin	𩜖	chóng
Han-Latin	𩜟	àng
Han-Latin	𩜣	gēng
Han-Latin	𩜥	bō
Han-Latin	𩜦	dìng
Han-Latin	𩜧	wěi
Han-Latin	𩜬	quán
Han-Latin	𩜭	kē
Han-Latin	𩜰	pì
Han-Latin	𩜱	kǎn
Han-Latin	𩜲	fú
Han-Latin	𩜳	yǒng
Han-Latin	𩜵	tuán
Han-Latin	𩜶	tǒu
Han-Latin	𩜷	yòu
Han-Latin	𩜸	yāo
Han-Latin	𩜺	yē
Han-Latin	𩜽	yàn
Han-Latin	𩝈	xián
Han-Latin	𩝊	tí
Han-Latin	𩝌	suì
Han-Latin	𩝐	cí
Han-Latin	𩝔	xǔ
Han-Latin	𩝕	wù
Han-Latin	𩝖	cān
Han-Latin	𩝗	yù
Han-Latin	𩝚	chǎn
Han-Latin	𩝛	xiá
Han-Latin	𩝝	kào
Han-Latin	𩝞	cāng
Han-Latin	𩝟	chā
Han-Latin	𩝠	qiǔ
Han-Latin	𩝣	dā
Han-Latin	𩝥	sù
Han-Latin	𩝨	huā
Han-Latin	𩝷	wū
Han-Latin	𩝸	yuān
Han-Latin	𩝽	jiàng
Han-Latin	𩝾	xiǎng
Han-Latin	𩝿	zhāi
Han-Latin	𩞀	sǎn
Han-Latin	𩞁	mó
Han-Latin	𩞃	shǎng
Han-Latin	𩞄	cáo
Han-Latin	𩞅	suī
Han-Latin	𩞆	chuáng
Han-Latin	𩞇	mí
Han-Latin	𩞈	zhú
Han-Latin	𩞉	chóng
Han-Latin	𩞊	jì
Han-Latin	𩞋	chóng
Han-Latin	𩞙	lián
Han-Latin	𩞞	hài
Han-Latin	𩞤	dūn
Han-Latin	𩞥	xiǎng
Han-Latin	𩞦	chēng
Han-Latin	𩞧	shǎng
Han-Latin	𩞨	lì
Han-Latin	𩞩	huáng
Han-Latin	𩞬	dèng
Han-Latin	𩞯	liáng
Han-Latin	𩞶	zā
Han-Latin	𩞺	huò
Han-Latin	𩞻	lín
Han-Latin	𩞾	dú
Han-Latin	𩞿	hàn
Han-Latin	𩟀	yōng
Han-Latin	𩟁	yuàn
Han-Latin	𩟂	guò
Han-Latin	𩟃	líng
Han-Latin	𩟅	liǎn
Han-Latin	𩟇	ào
Han-Latin	𩟈	dāng
Han-Latin	𩟉	yì
Han-Latin	𩟊	nóng
Han-Latin	𩟋	shàn
Han-Latin	𩟍	xìn
Han-Latin	𩟐	dá
Han-Latin	𩟑	yù
Han-Latin	𩟒	cān
Han-Latin	𩟓	wò
Han-Latin	𩟔	chá
Han-Latin	𩟕	bó
Han-Latin	𩟗	jiǎn
Han-Latin	𩟞	méng
Han-Latin	𩟟	wěi
Han-Latin	𩟠	mó
Han-Latin	𩟥	shuì
Han-Latin	𩟦	jié
Han-Latin	𩟧	shuò
Han-Latin	𩟨	huò
Han-Latin	𩟫	chuò
Han-Latin	𩟭	lóng
Han-Latin	𩟮	huài
Han-Latin	𩟰	tuō
Han-Latin	𩟳	yú
Han-Latin	𩟶	chàn
Han-Latin	𩟷	yōng
Han-Latin	𩟸	huò
Han-Latin	𩟺	lǎn
Han-Latin	𩟿	nà
Han-Latin	𩠀	bā
Han-Latin	𩠁	gān
Han-Latin	𩠂	yǐ
Han-Latin	𩠃	jiá
Han-Latin	𩠅	dá
Han-Latin	𩠆	dìng
Han-Latin	𩠇	xùn
Han-Latin	𩠈	rěn
Han-Latin	𩠉	juǎn
Han-Latin	𩠊	tuán
Han-Latin	𩠋	xǔ
Han-Latin	𩠌	sòng
Han-Latin	𩠎	cáo
Han-Latin	𩠏	chēng
Han-Latin	𩠑	dǐng
Han-Latin	𩠚	hái
Han-Latin	𩠟	wǔ
Han-Latin	𩠦	qǐ
Han-Latin	𩠨	jī
Han-Latin	𩠮	kuí
Han-Latin	𩠯	wéi
Han-Latin	𩠶	shǒu
Han-Latin	𩠷	fú
Han-Latin	𩠹	tuán
Han-Latin	𩠻	bié
Han-Latin	𩠽	tán
Han-Latin	𩠾	hāng
Han-Latin	𩠿	piē
Han-Latin	𩡃	yú
Han-Latin	𩡄	tán
Han-Latin	𩡌	xiāng
Han-Latin	𩡎	xiū
Han-Latin	𩡓	wěng
Han-Latin	𩡔	hài
Han-Latin	𩡕	péng
Han-Latin	𩡖	yǐ
Han-Latin	𩡝	tán
Han-Latin	𩡟	bié
Han-Latin	𩡠	xiāng
Han-Latin	𩡣	yǐ
Han-Latin	𩡦	piáo
Han-Latin	𩡧	huán
Han-Latin	𩡨	mǔ
Han-Latin	𩡩	bā
Han-Latin	𩡫	fàn
Han-Latin	𩡯	dīng
Han-Latin	𩡷	fēn
Han-Latin	𩡺	jiè
Han-Latin	𩡾	suó
Han-Latin	𩢄	wàn
Han-Latin	𩢅	gē
Han-Latin	𩢈	fēn
Han-Latin	𩢊	tuó
Han-Latin	𩢌	wén
Han-Latin	𩢍	guā
Han-Latin	𩢎	duō
Han-Latin	𩢐	zhé
Han-Latin	𩢑	cǐ
Han-Latin	𩢒	yǎo
Han-Latin	𩢔	bàn
Han-Latin	𩢕	bù
Han-Latin	𩢖	mò
Han-Latin	𩢘	pǒ
Han-Latin	𩢛	gé
Han-Latin	𩢞	liú
Han-Latin	𩢡	rǎn
Han-Latin	𩢨	gān
Han-Latin	𩢪	hú
Han-Latin	𩢫	móu
Han-Latin	𩢮	xiū
Han-Latin	𩢯	huāng
Han-Latin	𩢰	fú
Han-Latin	𩢱	huí
Han-Latin	𩢳	qú
Han-Latin	𩢴	jié
Han-Latin	𩢵	tuō
Han-Latin	𩢶	yú
Han-Latin	𩢷	mò
Han-Latin	𩢸	zhōu
Han-Latin	𩢹	jiù
Han-Latin	𩢻	shú
Han-Latin	𩢼	kuāng
Han-Latin	𩢽	qióng
Han-Latin	𩢾	liè
Han-Latin	𩢿	fù
Han-Latin	𩣊	xù
Han-Latin	𩣖	lìn
Han-Latin	𩣘	niè
Han-Latin	𩣚	pī
Han-Latin	𩣜	fù
Han-Latin	𩣝	bù
Han-Latin	𩣞	yì
Han-Latin	𩣡	bó
Han-Latin	𩣣	é
Han-Latin	𩣩	zhé
Han-Latin	𩣫	lì
Han-Latin	𩣮	tù
Han-Latin	𩣯	dá
Han-Latin	𩣱	lù
Han-Latin	𩣲	yān
Han-Latin	𩣳	dōng
Han-Latin	𩣴	qiè
Han-Latin	𩣵	wǎn
Han-Latin	𩣶	mǐng
Han-Latin	𩣷	zuī
Han-Latin	𩣸	fù
Han-Latin	𩣹	qū
Han-Latin	𩣺	bēn
Han-Latin	𩣻	ǎo
Han-Latin	𩣼	qiāng
Han-Latin	𩤁	qūn
Han-Latin	𩤅	jù
Han-Latin	𩤈	què
Han-Latin	𩤉	huá
Han-Latin	𩤊	xiàn
Han-Latin	𩤋	kùn
Han-Latin	𩤏	cuì
Han-Latin	𩤒	yí
Han-Latin	𩤖	chī
Han-Latin	𩤗	zòng
Han-Latin	𩤘	nǎo
Han-Latin	𩤙	chéng
Han-Latin	𩤚	duān
Han-Latin	𩤛	yóng
Han-Latin	𩤜	zhě
Han-Latin	𩤞	tàn
Han-Latin	𩤟	yáng
Han-Latin	𩤠	xié
Han-Latin	𩤡	xuān
Han-Latin	𩤣	duàn
Han-Latin	𩤤	shuǎ
Han-Latin	𩤥	xián
Han-Latin	𩤦	xián
Han-Latin	𩤩	é
Han-Latin	𩤲	lā
Han-Latin	𩤸	wèi
Han-Latin	𩤹	yōu
Han-Latin	𩤺	yú
Han-Latin	𩤽	tī
Han-Latin	𩤿	jīn
Han-Latin	𩥁	táng
Han-Latin	𩥂	qí
Han-Latin	𩥄	diān
Han-Latin	𩥅	tāo
Han-Latin	𩥆	lǜ
Han-Latin	𩥇	zhàn
Han-Latin	𩥈	wēn
Han-Latin	𩥉	jì
Han-Latin	𩥊	āo
Han-Latin	𩥋	òu
Han-Latin	𩥌	qià
Han-Latin	𩥐	shī
Han-Latin	𩥑	tǎ
Han-Latin	𩥔	mò
Han-Latin	𩥘	yóu
Han-Latin	𩥠	zhá
Han-Latin	𩥣	yáo
Han-Latin	𩥫	chōng
Han-Latin	𩥬	lí
Han-Latin	𩥭	yú
Han-Latin	𩥮	chǎn
Han-Latin	𩥯	yī
Han-Latin	𩥲	chì
Han-Latin	𩥴	lí
Han-Latin	𩥽	tú
Han-Latin	𩥿	zú
Han-Latin	𩦂	xián
Han-Latin	𩦇	xì
Han-Latin	𩦉	bié
Han-Latin	𩦊	hán
Han-Latin	𩦋	qí
Han-Latin	𩦌	sāng
Han-Latin	𩦎	fēi
Han-Latin	𩦐	shàn
Han-Latin	𩦘	huān
Han-Latin	𩦠	bàng
Han-Latin	𩦡	yú
Han-Latin	𩦢	yú
Han-Latin	𩦤	jí
Han-Latin	𩦱	kuǎi
Han-Latin	𩦲	zōng
Han-Latin	𩦹	xiàn
Han-Latin	𩦺	méng
Han-Latin	𩧃	lì
Han-Latin	𩧄	zhì
Han-Latin	𩧅	fán
Han-Latin	𩧆	liè
Han-Latin	𩧇	cài
Han-Latin	𩧈	dú
Han-Latin	𩧉	guāng
Han-Latin	𩧊	xiòng
Han-Latin	𩧋	lí
Han-Latin	𩧌	qì
Han-Latin	𩧏	jué
Han-Latin	𩧐	tuō
Han-Latin	𩧒	jù
Han-Latin	𩧓	xiāo
Han-Latin	𩧘	qú
Han-Latin	𩧜	zhuǎn
Han-Latin	𩧡	jué
Han-Latin	𩧦	jiè
Han-Latin	𩧨	zhòu
Han-Latin	𩧩	xiàn
Han-Latin	𩧪	lóng
Han-Latin	𩧫	yǎng
Han-Latin	𩧬	rǎn
Han-Latin	𩧭	yì
Han-Latin	𩧮	liè
Han-Latin	𩧯	bō
Han-Latin	𩧰	hún
Han-Latin	𩧱	jì
Han-Latin	𩧲	dòng
Han-Latin	𩧳	zhōu
Han-Latin	𩧴	quān
Han-Latin	𩧵	jié
Han-Latin	𩧸	lì
Han-Latin	𩧺	jú
Han-Latin	𩧻	wǎn
Han-Latin	𩧼	bēn
Han-Latin	𩧿	bī
Han-Latin	𩨀	gé
Han-Latin	𩨁	chǔn
Han-Latin	𩨃	qián
Han-Latin	𩨄	sōu
Han-Latin	𩨅	wèi
Han-Latin	𩨆	chéng
Han-Latin	𩨇	lóu
Han-Latin	𩨈	yú
Han-Latin	𩨉	lā
Han-Latin	𩨊	qián
Han-Latin	𩨋	diān
Han-Latin	𩨌	tǎ
Han-Latin	𩨍	zhàn
Han-Latin	𩨏	fán
Han-Latin	𩨐	liè
Han-Latin	𩨑	tīng
Han-Latin	𩨒	jī
Han-Latin	𩨓	qiān
Han-Latin	𩨔	hú
Han-Latin	𩨗	yú
Han-Latin	𩨘	qì
Han-Latin	𩨙	yú
Han-Latin	𩨚	wā
Han-Latin	𩨜	bà
Han-Latin	𩨝	qí
Han-Latin	𩨞	sǎ
Han-Latin	𩨟	qiāo
Han-Latin	𩨠	yà
Han-Latin	𩨡	xiǎn
Han-Latin	𩨨	cī
Han-Latin	𩨩	fàn
Han-Latin	𩨫	kǔn
Han-Latin	𩨬	gǔn
Han-Latin	𩨭	quē
Han-Latin	𩨮	è
Han-Latin	𩨯	qióng
Han-Latin	𩨲	mà
Han-Latin	𩨳	kū
Han-Latin	𩨴	yǎo
Han-Latin	𩨷	quē
Han-Latin	𩨸	chū
Han-Latin	𩨹	jiǎ
Han-Latin	𩨻	zhǔ
Han-Latin	𩨽	duī
Han-Latin	𩨾	wá
Han-Latin	𩩀	nǎo
Han-Latin	𩩄	yán
Han-Latin	𩩅	tóng
Han-Latin	𩩈	kuài
Han-Latin	𩩋	xíng
Han-Latin	𩩌	gǔn
Han-Latin	𩩍	pīng
Han-Latin	𩩑	yǔ
Han-Latin	𩩒	hè
Han-Latin	𩩔	zhuó
Han-Latin	𩩗	shē
Han-Latin	𩩘	yǔ
Han-Latin	𩩛	jì
Han-Latin	𩩝	qiāng
Han-Latin	𩩞	shuì
Han-Latin	𩩟	chuò
Han-Latin	𩩠	zú
Han-Latin	𩩡	léng
Han-Latin	𩩢	ní
Han-Latin	𩩤	wā
Han-Latin	𩩥	zhá
Han-Latin	𩩧	dàn
Han-Latin	𩩮	dù
Han-Latin	𩩯	biàn
Han-Latin	𩩰	jiē
Han-Latin	𩩱	qià
Han-Latin	𩩲	hé
Han-Latin	𩩳	chòng
Han-Latin	𩩴	yán
Han-Latin	𩩶	yàn
Han-Latin	𩩺	sóng
Han-Latin	𩩻	téng
Han-Latin	𩩼	yǎo
Han-Latin	𩩾	kāo
Han-Latin	𩪀	zhuī
Han-Latin	𩪁	guì
Han-Latin	𩪂	ái
Han-Latin	𩪃	hài
Han-Latin	𩪈	suǒ
Han-Latin	𩪉	xù
Han-Latin	𩪊	biāo
Han-Latin	𩪌	fèng
Han-Latin	𩪍	qū
Han-Latin	𩪎	mǎng
Han-Latin	𩪐	guó
Han-Latin	𩪖	bì
Han-Latin	𩪗	jué
Han-Latin	𩪘	chuáng
Han-Latin	𩪛	pú
Han-Latin	𩪟	yì
Han-Latin	𩪢	qiān
Han-Latin	𩪣	yì
Han-Latin	𩪤	è
Han-Latin	𩪥	líng
Han-Latin	𩪧	bì
Han-Latin	𩪭	huò
Han-Latin	𩪮	mǒ
Han-Latin	𩪱	xūn
Han-Latin	𩪴	yàn
Han-Latin	𩪸	lì
Han-Latin	𩪺	tán
Han-Latin	𩪾	luán
Han-Latin	𩫀	kài
Han-Latin	𩫁	mào
Han-Latin	𩫂	xiāo
Han-Latin	𩫇	ǎi
Han-Latin	𩫊	tǎ
Han-Latin	𩫍	mèi
Han-Latin	𩫏	guō
Han-Latin	𩫓	gǎo
Han-Latin	𩫔	náo
Han-Latin	𩫕	háo
Han-Latin	𩫠	quē
Han-Latin	𩫥	cáo
Han-Latin	𩫦	sào
Han-Latin	𩫫	pí
Han-Latin	𩫲	xiē
Han-Latin	𩫳	xiāo
Han-Latin	𩫴	jú
Han-Latin	𩫹	chéng
Han-Latin	𩫺	nǎo
Han-Latin	𩬀	nèi
Han-Latin	𩬍	mǔ
Han-Latin	𩬏	shāo
Han-Latin	𩬑	diān
Han-Latin	𩬔	líng
Han-Latin	𩬖	zhěn
Han-Latin	𩬗	yǎo
Han-Latin	𩬙	fù
Han-Latin	𩬚	qián
Han-Latin	𩬛	qióng
Han-Latin	𩬜	jú
Han-Latin	𩬝	bìng
Han-Latin	𩬞	máo
Han-Latin	𩬟	zhà
Han-Latin	𩬠	tāi
Han-Latin	𩬤	chōng
Han-Latin	𩬫	zhǎi
Han-Latin	𩬭	shī
Han-Latin	𩬮	yòng
Han-Latin	𩬰	qióng
Han-Latin	𩬱	dào
Han-Latin	𩬲	tì
Han-Latin	𩬳	zhuǐ
Han-Latin	𩬵	yìn
Han-Latin	𩬷	nǎo
Han-Latin	𩬸	bō
Han-Latin	𩬹	kuāng
Han-Latin	𩬺	zhǐ
Han-Latin	𩬻	duǒ
Han-Latin	𩬼	cōng
Han-Latin	𩬽	bǎo
Han-Latin	𩬾	yā
Han-Latin	𩭇	lí
Han-Latin	𩭊	jú
Han-Latin	𩭋	wén
Han-Latin	𩭌	liè
Han-Latin	𩭏	wǒ
Han-Latin	𩭐	shǐ
Han-Latin	𩭑	niǎo
Han-Latin	𩭒	máng
Han-Latin	𩭓	jiū
Han-Latin	𩭘	xiū
Han-Latin	𩭝	wǒ
Han-Latin	𩭟	dào
Han-Latin	𩭡	xī
Han-Latin	𩭢	àn
Han-Latin	𩭣	dá
Han-Latin	𩭤	zǒng
Han-Latin	𩭥	hàn
Han-Latin	𩭦	chuí
Han-Latin	𩭧	bī
Han-Latin	𩭩	dòng
Han-Latin	𩭫	zhǎng
Han-Latin	𩭯	yā
Han-Latin	𩭲	dí
Han-Latin	𩭳	huō
Han-Latin	𩭷	mín
Han-Latin	𩭹	sān
Han-Latin	𩭺	fù
Han-Latin	𩭼	bǎo
Han-Latin	𩭽	kè
Han-Latin	𩭾	máo
Han-Latin	𩭿	rè
Han-Latin	𩮀	zōng
Han-Latin	𩮁	qià
Han-Latin	𩮂	xiā
Han-Latin	𩮃	sōu
Han-Latin	𩮄	xiū
Han-Latin	𩮅	nà
Han-Latin	𩮉	mán
Han-Latin	𩮎	zhā
Han-Latin	𩮏	chán
Han-Latin	𩮐	shè
Han-Latin	𩮑	wǒ
Han-Latin	𩮖	ái
Han-Latin	𩮗	bàng
Han-Latin	𩮘	hāo
Han-Latin	𩮚	sāo
Han-Latin	𩮛	suǒ
Han-Latin	𩮜	tì
Han-Latin	𩮝	yà
Han-Latin	𩮟	bìng
Han-Latin	𩮠	róng
Han-Latin	𩮫	shā
Han-Latin	𩮬	wěng
Han-Latin	𩮯	áo
Han-Latin	𩮱	zhuāng
Han-Latin	𩮳	piào
Han-Latin	𩮴	suī
Han-Latin	𩮵	yī
Han-Latin	𩮶	sōu
Han-Latin	𩮷	dōu
Han-Latin	𩮸	sōu
Han-Latin	𩮹	luó
Han-Latin	𩯃	fèi
Han-Latin	𩯄	zùn
Han-Latin	𩯆	nào
Han-Latin	𩯇	dēng
Han-Latin	𩯈	zhí
Han-Latin	𩯉	cuō
Han-Latin	𩯊	liáo
Han-Latin	𩯋	jǐ
Han-Latin	𩯌	bō
Han-Latin	𩯍	cóng
Han-Latin	𩯎	chéng
Han-Latin	𩯏	bǔ
Han-Latin	𩯑	sān
Han-Latin	𩯒	zàn
Han-Latin	𩯘	jiào
Han-Latin	𩯛	yào
Han-Latin	𩯜	lǔ
Han-Latin	𩯞	càn
Han-Latin	𩯨	nǐ
Han-Latin	𩯰	jié
Han-Latin	𩯱	pú
Han-Latin	𩯲	zhuàng
Han-Latin	𩯳	zàn
Han-Latin	𩯺	lì
Han-Latin	𩯽	là
Han-Latin	𩰀	chōng
Han-Latin	𩰃	zhàn
Han-Latin	𩰍	biàn
Han-Latin	𩰎	wēng
Han-Latin	𩰓	hòng
Han-Latin	𩰗	pīn
Han-Latin	𩰙	sè
Han-Latin	𩰞	nǐ
Han-Latin	𩰟	fēn
Han-Latin	𩰠	xǔ
Han-Latin	𩰢	shǐ
Han-Latin	𩰤	jù
Han-Latin	𩰨	jué
Han-Latin	𩰪	yù
Han-Latin	𩰬	guō
Han-Latin	𩰭	guō
Han-Latin	𩰯	hú
Han-Latin	𩰰	jìng
Han-Latin	𩰲	lì
Han-Latin	𩰳	xié
Han-Latin	𩰴	ér
Han-Latin	𩰵	yuán
Han-Latin	𩰶	hái
Han-Latin	𩰹	jìng
Han-Latin	𩰻	kè
Han-Latin	𩰽	zōng
Han-Latin	𩰾	fèi
Han-Latin	𩱀	pēng
Han-Latin	𩱁	gēng
Han-Latin	𩱃	jiān
Han-Latin	𩱄	ní
Han-Latin	𩱆	xián
Han-Latin	𩱇	lì
Han-Latin	𩱈	chǎo
Han-Latin	𩱊	ér
Han-Latin	𩱋	gēng
Han-Latin	𩱌	yù
Han-Latin	𩱍	hú
Han-Latin	𩱎	fèi
Han-Latin	𩱏	áo
Han-Latin	𩱓	ěr
Han-Latin	𩱘	kè
Han-Latin	𩱙	kù
Han-Latin	𩱚	bó
Han-Latin	𩱝	yè
Han-Latin	𩱞	jiào
Han-Latin	𩱦	chǎo
Han-Latin	𩱧	gēng
Han-Latin	𩱨	rù
Han-Latin	𩱪	yuè
Han-Latin	𩱬	lín
Han-Latin	𩱱	yù
Han-Latin	𩱲	yuè
Han-Latin	𩱳	zhāi
Han-Latin	𩱴	xiāo
Han-Latin	𩱷	miè
Han-Latin	𩱻	guǐ
Han-Latin	𩱼	jiū
Han-Latin	𩱾	tuò
Han-Latin	𩲁	xí
Han-Latin	𩲂	wěi
Han-Latin	𩲃	zhuó
Han-Latin	𩲄	wèi
Han-Latin	𩲅	kuí
Han-Latin	𩲈	mèi
Han-Latin	𩲊	hào
Han-Latin	𩲋	hāng
Han-Latin	𩲌	fāng
Han-Latin	𩲍	niú
Han-Latin	𩲎	yòu
Han-Latin	𩲏	huà
Han-Latin	𩲒	làng
Han-Latin	𩲠	zhú
Han-Latin	𩲡	guǐ
Han-Latin	𩲢	bì
Han-Latin	𩲣	jiǎ
Han-Latin	𩲤	tiáo
Han-Latin	𩲦	lǜ
Han-Latin	𩲧	kǒng
Han-Latin	𩲨	zuǐ
Han-Latin	𩲩	líng
Han-Latin	𩲪	qí
Han-Latin	𩲬	zhú
Han-Latin	𩲱	gǔ
Han-Latin	𩲲	zù
Han-Latin	𩲴	yāng
Han-Latin	𩲵	sū
Han-Latin	𩲷	kuí
Han-Latin	𩲹	chāng
Han-Latin	𩲻	yáo
Han-Latin	𩲾	yù
Han-Latin	𩳅	shū
Han-Latin	𩳆	lài
Han-Latin	𩳇	yì
Han-Latin	𩳈	dōu
Han-Latin	𩳌	wú
Han-Latin	𩳍	yǐng
Han-Latin	𩳎	fú
Han-Latin	𩳏	zhuàn
Han-Latin	𩳐	fǔ
Han-Latin	𩳒	sù
Han-Latin	𩳓	lǐ
Han-Latin	𩳔	yào
Han-Latin	𩳕	tuì
Han-Latin	𩳝	guì
Han-Latin	𩳡	lǜ
Han-Latin	𩳢	yàn
Han-Latin	𩳣	qí
Han-Latin	𩳤	làng
Han-Latin	𩳥	zhú
Han-Latin	𩳧	guǐ
Han-Latin	𩳨	hū
Han-Latin	𩳯	jīng
Han-Latin	𩳲	chǐ
Han-Latin	𩳵	jú
Han-Latin	𩳶	zhá
Han-Latin	𩳸	miáo
Han-Latin	𩴀	zhū
Han-Latin	𩴁	gān
Han-Latin	𩴂	xiōng
Han-Latin	𩴃	jí
Han-Latin	𩴇	shài
Han-Latin	𩴈	mèi
Han-Latin	𩴉	yùn
Han-Latin	𩴌	gān
Han-Latin	𩴍	shòu
Han-Latin	𩴐	lǜ
Han-Latin	𩴑	yòu
Han-Latin	𩴒	jiàng
Han-Latin	𩴓	nuó
Han-Latin	𩴘	jù
Han-Latin	𩴙	yòu
Han-Latin	𩴜	yì
Han-Latin	𩴝	téng
Han-Latin	𩴞	wéi
Han-Latin	𩴟	chě
Han-Latin	𩴠	lìn
Han-Latin	𩴡	gù
Han-Latin	𩴣	lì
Han-Latin	𩴤	liào
Han-Latin	𩴧	jiāo
Han-Latin	𩴨	yáng
Han-Latin	𩴩	biāo
Han-Latin	𩴪	qí
Han-Latin	𩴮	yì
Han-Latin	𩴱	bīn
Han-Latin	𩴲	méng
Han-Latin	𩴳	chà
Han-Latin	𩴵	gān
Han-Latin	𩴹	qú
Han-Latin	𩴺	dí
Han-Latin	𩴻	léi
Han-Latin	𩵀	líng
Han-Latin	𩵄	huān
Han-Latin	𩵅	qú
Han-Latin	𩵇	luó
Han-Latin	𩵉	kuí
Han-Latin	𩵍	qiú
Han-Latin	𩵎	yǔ
Han-Latin	𩵏	huà
Han-Latin	𩵓	lèi
Han-Latin	𩵕	rèn
Han-Latin	𩵖	xiǎo
Han-Latin	𩵗	sì
Han-Latin	𩵚	dù
Han-Latin	𩵛	biē
Han-Latin	𩵠	niú
Han-Latin	𩵢	hè
Han-Latin	𩵣	pēi
Han-Latin	𩵥	fèi
Han-Latin	𩵦	mù
Han-Latin	𩵩	fū
Han-Latin	𩵬	hú
Han-Latin	𩵭	wáng
Han-Latin	𩵮	shā
Han-Latin	𩵰	jiāo
Han-Latin	𩵱	wǔ
Han-Latin	𩵶	yuán
Han-Latin	𩵹	fù
Han-Latin	𩶁	bǐng
Han-Latin	𩶂	zhù
Han-Latin	𩶄	zhú
Han-Latin	𩶅	chī
Han-Latin	𩶇	shěn
Han-Latin	𩶈	hū
Han-Latin	𩶉	bū
Han-Latin	𩶎	rǎn
Han-Latin	𩶖	mù
Han-Latin	𩶘	lì
Han-Latin	𩶛	jiā
Han-Latin	𩶞	mà
Han-Latin	𩶡	méng
Han-Latin	𩶢	móu
Han-Latin	𩶣	zhōu
Han-Latin	𩶤	xiǎn
Han-Latin	𩶥	huǐ
Han-Latin	𩶦	guài
Han-Latin	𩶧	jiù
Han-Latin	𩶩	mù
Han-Latin	𩶫	rù
Han-Latin	𩶭	wú
Han-Latin	𩶯	rú
Han-Latin	𩶱	zhà
Han-Latin	𩷁	nuǒ
Han-Latin	𩷂	xié
Han-Latin	𩷄	jiàng
Han-Latin	𩷋	lǐ
Han-Latin	𩷌	shū
Han-Latin	𩷍	yì
Han-Latin	𩷎	dí
Han-Latin	𩷏	qíng
Han-Latin	𩷐	jú
Han-Latin	𩷓	zhì
Han-Latin	𩷕	láng
Han-Latin	𩷖	bù
Han-Latin	𩷗	kuáng
Han-Latin	𩷘	yì
Han-Latin	𩷚	bó
Han-Latin	𩷧	chì
Han-Latin	𩷭	jiàng
Han-Latin	𩷯	wò
Han-Latin	𩷰	xùn
Han-Latin	𩷵	tūn
Han-Latin	𩷶	máng
Han-Latin	𩷸	fáng
Han-Latin	𩷹	zhuó
Han-Latin	𩷻	qià
Han-Latin	𩷽	tǎ
Han-Latin	𩷾	qí
Han-Latin	𩸀	pèng
Han-Latin	𩸁	biē
Han-Latin	𩸂	fèn
Han-Latin	𩸃	tù
Han-Latin	𩸄	huà
Han-Latin	𩸇	è
Han-Latin	𩸋	è
Han-Latin	𩸎	dìng
Han-Latin	𩸐	rú
Han-Latin	𩸖	è
Han-Latin	𩸞	yàn
Han-Latin	𩸟	sì
Han-Latin	𩸥	yíng
Han-Latin	𩸦	ní
Han-Latin	𩸧	ní
Han-Latin	𩸨	yí
Han-Latin	𩸹	mí
Han-Latin	𩸾	yé
Han-Latin	𩸿	pō
Han-Latin	𩹀	còu
Han-Latin	𩹂	wèi
Han-Latin	𩹄	hài
Han-Latin	𩹅	yīng
Han-Latin	𩹇	tíng
Han-Latin	𩹈	zhì
Han-Latin	𩹉	fēi
Han-Latin	𩹊	yóu
Han-Latin	𩹍	kuí
Han-Latin	𩹎	àn
Han-Latin	𩹏	bà
Han-Latin	𩹑	hàn
Han-Latin	𩹞	nán
Han-Latin	𩹟	nài
Han-Latin	𩹢	jīng
Han-Latin	𩹥	wēi
Han-Latin	𩹱	chù
Han-Latin	𩹳	suǒ
Han-Latin	𩹴	tāo
Han-Latin	𩹵	qí
Han-Latin	𩹶	táng
Han-Latin	𩹷	wěi
Han-Latin	𩹸	gǎn
Han-Latin	𩹺	gé
Han-Latin	𩹼	hàn
Han-Latin	𩹾	nà
Han-Latin	𩹿	gé
Han-Latin	𩺄	zhēng
Han-Latin	𩺗	tǎ
Han-Latin	𩺛	sī
Han-Latin	𩺝	nì
Han-Latin	𩺞	sǎng
Han-Latin	𩺫	xié
Han-Latin	𩺯	zú
Han-Latin	𩺰	yú
Han-Latin	𩺱	nì
Han-Latin	𩺲	qī
Han-Latin	𩺵	shēn
Han-Latin	𩺼	bū
Han-Latin	𩻋	kūn
Han-Latin	𩻌	lí
Han-Latin	𩻎	guā
Han-Latin	𩻖	yǎn
Han-Latin	𩻗	bù
Han-Latin	𩻘	jiàn
Han-Latin	𩻚	wú
Han-Latin	𩻛	cén
Han-Latin	𩻜	lín
Han-Latin	𩻝	zhuàn
Han-Latin	𩻟	huī
Han-Latin	𩻡	tóng
Han-Latin	𩻢	zhǎ
Han-Latin	𩻤	hēi
Han-Latin	𩻧	guǒ
Han-Latin	𩻱	jǐng
Han-Latin	𩻵	dié
Han-Latin	𩻷	yíng
Han-Latin	𩻼	zhì
Han-Latin	𩼂	wěi
Han-Latin	𩼄	jì
Han-Latin	𩼅	rǒng
Han-Latin	𩼈	ào
Han-Latin	𩼉	dāng
Han-Latin	𩼊	luó
Han-Latin	𩼋	yè
Han-Latin	𩼌	wēi
Han-Latin	𩼒	qiáng
Han-Latin	𩼙	gé
Han-Latin	𩼚	jì
Han-Latin	𩼦	zòu
Han-Latin	𩼨	yí
Han-Latin	𩼫	zhǎ
Han-Latin	𩼭	liè
Han-Latin	𩼴	yè
Han-Latin	𩼼	zhān
Han-Latin	𩽀	chóu
Han-Latin	𩽁	biāo
Han-Latin	𩽆	xù
Han-Latin	𩽇	yōu
Han-Latin	𩽍	xiè
Han-Latin	𩽎	wéi
Han-Latin	𩽏	lì
Han-Latin	𩽛	bó
Han-Latin	𩽜	jiǎn
Han-Latin	𩽝	chán
Han-Latin	𩽞	kūn
Han-Latin	𩽡	qíng
Han-Latin	𩽧	shuāng
Han-Latin	𩽨	xī
Han-Latin	𩽩	qú
Han-Latin	𩽰	luó
Han-Latin	𩽳	dǎng
Han-Latin	𩽴	nián
Han-Latin	𩽵	lǐ
Han-Latin	𩽷	bà
Han-Latin	𩽹	è
Han-Latin	𩽺	fū
Han-Latin	𩽻	fù
Han-Latin	𩽼	hǔn
Han-Latin	𩽽	zhà
Han-Latin	𩽾	ān
Han-Latin	𩾁	qiú
Han-Latin	𩾂	chóu
Han-Latin	𩾃	miǎn
Han-Latin	𩾄	xùn
Han-Latin	𩾅	tù
Han-Latin	𩾆	ní
Han-Latin	𩾇	hǔ
Han-Latin	𩾈	shū
Han-Latin	𩾊	xū
Han-Latin	𩾋	zhòng
Han-Latin	𩾌	kāng
Han-Latin	𩾎	yōu
Han-Latin	𩾒	xiāo
Han-Latin	𩾓	xiāo
Han-Latin	𩾔	cì
Han-Latin	𩾕	chì
Han-Latin	𩾗	diāo
Han-Latin	𩾘	yì
Han-Latin	𩾚	dīng
Han-Latin	𩾝	hàn
Han-Latin	𩾞	wán
Han-Latin	𩾠	yǐ
Han-Latin	𩾡	bào
Han-Latin	𩾢	yì
Han-Latin	𩾧	xùn
Han-Latin	𩾬	xiáng
Han-Latin	𩾳	bí
Han-Latin	𩾶	jié
Han-Latin	𩾷	gē
Han-Latin	𩾸	zè
Han-Latin	𩾺	zhèn
Han-Latin	𩾻	hú
Han-Latin	𩾼	xī
Han-Latin	𩾽	xīn
Han-Latin	𩾾	xiāo
Han-Latin	𩾿	fù
Han-Latin	𩿀	zhòng
Han-Latin	𩿂	mào
Han-Latin	𩿃	xīn
Han-Latin	𩿄	qiāng
Han-Latin	𩿈	fén
Han-Latin	𩿉	bān
Han-Latin	𩿊	huān
Han-Latin	𩿑	jiāo
Han-Latin	𩿓	bào
Han-Latin	𩿔	yā
Han-Latin	𩿕	yáo
Han-Latin	𩿛	xì
Han-Latin	𩿝	jù
Han-Latin	𩿟	qù
Han-Latin	𩿠	yuè
Han-Latin	𩿡	tái
Han-Latin	𩿢	tǒu
Han-Latin	𩿣	mò
Han-Latin	𩿤	zhá
Han-Latin	𩿥	qú
Han-Latin	𩿧	fū
Han-Latin	𩿩	qú
Han-Latin	𩿪	chì
Han-Latin	𩿬	yóu
Han-Latin	𩿷	tí
Han-Latin	𩿺	wā
Han-Latin	𩿽	tuó
Han-Latin	𩿿	chú
Han-Latin	𪀁	gē
Han-Latin	𪀉	gē
Han-Latin	𪀊	qú
Han-Latin	𪀏	jù
Han-Latin	𪀒	dié
Han-Latin	𪀓	yí
Han-Latin	𪀔	shī
Han-Latin	𪀕	yì
Han-Latin	𪀗	guǐ
Han-Latin	𪀘	jiàng
Han-Latin	𪀚	sōng
Han-Latin	𪀛	qióng
Han-Latin	𪀝	è
Han-Latin	𪀞	huāng
Han-Latin	𪀟	huí
Han-Latin	𪀠	xún
Han-Latin	𪀣	jú
Han-Latin	𪀥	zhái
Han-Latin	𪀦	chì
Han-Latin	𪀧	lǎo
Han-Latin	𪀩	qí
Han-Latin	𪀪	xiū
Han-Latin	𪀬	huī
Han-Latin	𪀭	tóng
Han-Latin	𪀺	fù
Han-Latin	𪀽	xún
Han-Latin	𪀾	jié
Han-Latin	𪀿	mǐ
Han-Latin	𪁀	yù
Han-Latin	𪁈	zhuàng
Han-Latin	𪁉	jiāo
Han-Latin	𪁊	zhì
Han-Latin	𪁋	chéng
Han-Latin	𪁍	jié
Han-Latin	𪁎	xiāo
Han-Latin	𪁏	chén
Han-Latin	𪁐	lí
Han-Latin	𪁑	yuè
Han-Latin	𪁓	zhì
Han-Latin	𪁔	láo
Han-Latin	𪁕	wò
Han-Latin	𪁖	qú
Han-Latin	𪁘	wāng
Han-Latin	𪁚	yī
Han-Latin	𪁛	yì
Han-Latin	𪁜	láng
Han-Latin	𪁞	tóu
Han-Latin	𪁟	ān
Han-Latin	𪁠	jué
Han-Latin	𪁡	yàn
Han-Latin	𪁣	bǎo
Han-Latin	𪁥	jù
Han-Latin	𪁧	zhèn
Han-Latin	𪁩	zhì
Han-Latin	𪁪	mǎng
Han-Latin	𪁮	xiù
Han-Latin	𪁱	chuáng
Han-Latin	𪁲	chū
Han-Latin	𪁸	qiāng
Han-Latin	𪁹	fēi
Han-Latin	𪁺	cháng
Han-Latin	𪁼	mián
Han-Latin	𪁽	sù
Han-Latin	𪁾	ǎo
Han-Latin	𪂀	fǔ
Han-Latin	𪂄	wèi
Han-Latin	𪂅	zhī
Han-Latin	𪂆	mín
Han-Latin	𪂇	chāng
Han-Latin	𪂈	yán
Han-Latin	𪂉	yù
Han-Latin	𪂋	fù
Han-Latin	𪂌	tà
Han-Latin	𪂍	jǐ
Han-Latin	𪂏	fèi
Han-Latin	𪂒	hú
Han-Latin	𪂓	jū
Han-Latin	𪂕	yǔ
Han-Latin	𪂛	qí
Han-Latin	𪂜	méi
Han-Latin	𪂟	biē
Han-Latin	𪂠	guǒ
Han-Latin	𪂤	mìng
Han-Latin	𪂦	wǎn
Han-Latin	𪂧	wǎn
Han-Latin	𪂴	jīng
Han-Latin	𪂵	yù
Han-Latin	𪂶	xián
Han-Latin	𪂹	chūn
Han-Latin	𪂺	jí
Han-Latin	𪂼	xiāng
Han-Latin	𪂽	pén
Han-Latin	𪂾	fù
Han-Latin	𪃂	liú
Han-Latin	𪃄	sāi
Han-Latin	𪃅	xuē
Han-Latin	𪃆	zòu
Han-Latin	𪃈	jié
Han-Latin	𪃋	zhān
Han-Latin	𪃍	yú
Han-Latin	𪃎	yú
Han-Latin	𪃏	méi
Han-Latin	𪃐	miǎo
Han-Latin	𪃑	mào
Han-Latin	𪃒	duó
Han-Latin	𪃓	fù
Han-Latin	𪃛	jiàn
Han-Latin	𪃦	miáo
Han-Latin	𪃨	āo
Han-Latin	𪃭	kè
Han-Latin	𪃶	hóu
Han-Latin	𪃺	gòu
Han-Latin	𪃼	xī
Han-Latin	𪃾	róng
Han-Latin	𪃿	gē
Han-Latin	𪄀	pán
Han-Latin	𪄁	yuán
Han-Latin	𪄂	xià
Han-Latin	𪄅	shā
Han-Latin	𪄆	pī
Han-Latin	𪄈	qíng
Han-Latin	𪄉	yōng
Han-Latin	𪄊	qú
Han-Latin	𪄌	gòng
Han-Latin	𪄎	gé
Han-Latin	𪄏	xiān
Han-Latin	𪄑	sù
Han-Latin	𪄕	bān
Han-Latin	𪄖	qí
Han-Latin	𪄗	hòu
Han-Latin	𪄛	xī
Han-Latin	𪄝	wū
Han-Latin	𪄭	qī
Han-Latin	𪄮	hù
Han-Latin	𪄯	guī
Han-Latin	𪄱	dí
Han-Latin	𪄲	shāng
Han-Latin	𪄳	mài
Han-Latin	𪄴	mǐn
Han-Latin	𪄵	jì
Han-Latin	𪄶	xí
Han-Latin	𪄷	xiān
Han-Latin	𪄸	jí
Han-Latin	𪄹	cháng
Han-Latin	𪄺	kòu
Han-Latin	𪄻	chōng
Han-Latin	𪅂	zhāng
Han-Latin	𪅃	piǎo
Han-Latin	𪅄	sù
Han-Latin	𪅅	lüè
Han-Latin	𪅆	lí
Han-Latin	𪅇	mèng
Han-Latin	𪅈	chōng
Han-Latin	𪅉	tiān
Han-Latin	𪅋	líng
Han-Latin	𪅍	chì
Han-Latin	𪅖	chōng
Han-Latin	𪅙	chì
Han-Latin	𪅝	niǎo
Han-Latin	𪅟	yóng
Han-Latin	𪅮	mì
Han-Latin	𪅰	shū
Han-Latin	𪅲	xì
Han-Latin	𪅴	è
Han-Latin	𪅵	zī
Han-Latin	𪅸	jié
Han-Latin	𪅹	jī
Han-Latin	𪅺	hōu
Han-Latin	𪅻	shèng
Han-Latin	𪅼	lì
Han-Latin	𪅾	qī
Han-Latin	𪆀	zhōu
Han-Latin	𪆁	sī
Han-Latin	𪆂	qú
Han-Latin	𪆋	xié
Han-Latin	𪆏	tóng
Han-Latin	𪆗	sī
Han-Latin	𪆛	xū
Han-Latin	𪆟	chì
Han-Latin	𪆠	fù
Han-Latin	𪆯	nóng
Han-Latin	𪆰	yà
Han-Latin	𪆱	liú
Han-Latin	𪆲	jiǎ
Han-Latin	𪆳	guī
Han-Latin	𪆴	kuí
Han-Latin	𪆵	chì
Han-Latin	𪆶	càn
Han-Latin	𪆷	chú
Han-Latin	𪆹	guō
Han-Latin	𪆻	dǎn
Han-Latin	𪆿	jiàn
Han-Latin	𪇁	dāng
Han-Latin	𪇂	hòu
Han-Latin	𪇄	kòu
Han-Latin	𪇆	chù
Han-Latin	𪇇	qiān
Han-Latin	𪇈	ài
Han-Latin	𪇊	pì
Han-Latin	𪇑	xùn
Han-Latin	𪇒	jīng
Han-Latin	𪇓	mèng
Han-Latin	𪇕	bīn
Han-Latin	𪇖	lán
Han-Latin	𪇗	gǔ
Han-Latin	𪇘	chóu
Han-Latin	𪇛	yōng
Han-Latin	𪇜	guá
Han-Latin	𪇝	yú
Han-Latin	𪇞	zhòu
Han-Latin	𪇭	cài
Han-Latin	𪇯	liú
Han-Latin	𪇰	bǔ
Han-Latin	𪇱	luò
Han-Latin	𪇲	jié
Han-Latin	𪇳	zhēn
Han-Latin	𪇴	miè
Han-Latin	𪇵	guǎng
Han-Latin	𪇷	jiá
Han-Latin	𪇹	là
Han-Latin	𪈀	shòu
Han-Latin	𪈃	guō
Han-Latin	𪈆	mèng
Han-Latin	𪈇	qián
Han-Latin	𪈈	lài
Han-Latin	𪈊	hé
Han-Latin	𪈋	tuán
Han-Latin	𪈑	huī
Han-Latin	𪈘	hōng
Han-Latin	𪈜	lǚ
Han-Latin	𪈟	jiá
Han-Latin	𪈥	guī
Han-Latin	𪈨	yī
Han-Latin	𪈩	huān
Han-Latin	𪈰	luó
Han-Latin	𪈴	jué
Han-Latin	𪈸	guàn
Han-Latin	𪈻	quán
Han-Latin	𪈼	niǎo
Han-Latin	𪈿	mán
Han-Latin	𪉂	yùn
Han-Latin	𪉃	wén
Han-Latin	𪉄	chì
Han-Latin	𪉅	chì
Han-Latin	𪉆	zhī
Han-Latin	𪉈	cí
Han-Latin	𪉉	zhuàng
Han-Latin	𪉊	huá
Han-Latin	𪉋	jié
Han-Latin	𪉌	qú
Han-Latin	𪉍	tū
Han-Latin	𪉎	mín
Han-Latin	𪉏	méi
Han-Latin	𪉐	yú
Han-Latin	𪉑	áo
Han-Latin	𪉒	bān
Han-Latin	𪉔	pī
Han-Latin	𪉕	zhēn
Han-Latin	𪉖	lǔ
Han-Latin	𪉗	chì
Han-Latin	𪉘	tóu
Han-Latin	𪉚	jiē
Han-Latin	𪉜	zhān
Han-Latin	𪉢	jīn
Han-Latin	𪉣	lǔ
Han-Latin	𪉦	jiàn
Han-Latin	𪉧	tàn
Han-Latin	𪉨	chāng
Han-Latin	𪉪	cì
Han-Latin	𪉭	wāi
Han-Latin	𪉮	còu
Han-Latin	𪉯	kàn
Han-Latin	𪉱	biàn
Han-Latin	𪉸	wēn
Han-Latin	𪉻	qiān
Han-Latin	𪉿	gàn
Han-Latin	𪊂	huì
Han-Latin	𪊄	gǎn
Han-Latin	𪊆	jì
Han-Latin	𪊇	gàn
Han-Latin	𪊉	huái
Han-Latin	𪊍	sì
Han-Latin	𪊐	fū
Han-Latin	𪊕	pí
Han-Latin	𪊗	cā
Han-Latin	𪊜	bèn
Han-Latin	𪊢	shǐ
Han-Latin	𪊥	huán
Han-Latin	𪊧	guī
Han-Latin	𪊪	ǒu
Han-Latin	𪊳	páo
Han-Latin	𪊵	yǐng
Han-Latin	𪊶	tǐng
Han-Latin	𪊷	xiào
Han-Latin	𪊹	zhù
Han-Latin	𪊻	yú
Han-Latin	𪋁	jiàn
Han-Latin	𪋄	qǔ
Han-Latin	𪋅	wǎn
Han-Latin	𪋆	kūn
Han-Latin	𪋇	zhuī
Han-Latin	𪋉	yù
Han-Latin	𪋊	guǒ
Han-Latin	𪋋	píng
Han-Latin	𪋌	zuǐ
Han-Latin	𪋍	zú
Han-Latin	𪋏	zhū
Han-Latin	𪋐	nuàn
Han-Latin	𪋑	zhū
Han-Latin	𪋖	piāo
Han-Latin	𪋗	mí
Han-Latin	𪋜	bì
Han-Latin	𪋝	sù
Han-Latin	𪋡	pú
Han-Latin	𪋢	mí
Han-Latin	𪋫	yè
Han-Latin	𪋬	yǔ
Han-Latin	𪋮	yù
Han-Latin	𪋰	zhǔ
Han-Latin	𪋳	líng
Han-Latin	𪋺	nòu
Han-Latin	𪋾	líng
Han-Latin	𪌀	liǎo
Han-Latin	𪌂	tuō
Han-Latin	𪌄	bǐ
Han-Latin	𪌅	nà
Han-Latin	𪌆	qú
Han-Latin	𪌈	pí
Han-Latin	𪌉	dǒu
Han-Latin	𪌊	niè
Han-Latin	𪌋	tún
Han-Latin	𪌍	jī
Han-Latin	𪌏	líng
Han-Latin	𪌓	kù
Han-Latin	𪌔	sù
Han-Latin	𪌘	tǒu
Han-Latin	𪌞	nái
Han-Latin	𪌟	zé
Han-Latin	𪌢	tǒng
Han-Latin	𪌣	gé
Han-Latin	𪌤	duī
Han-Latin	𪌧	jié
Han-Latin	𪌩	tián
Han-Latin	𪌪	tiào
Han-Latin	𪌫	chí
Han-Latin	𪌬	qū
Han-Latin	𪌮	shā
Han-Latin	𪌰	bó
Han-Latin	𪌱	lí
Han-Latin	𪌳	luò
Han-Latin	𪌵	liáo
Han-Latin	𪌶	shù
Han-Latin	𪌷	děng
Han-Latin	𪌹	chī
Han-Latin	𪌺	miè
Han-Latin	𪌼	táo
Han-Latin	𪌽	hún
Han-Latin	𪌿	nié
Han-Latin	𪍁	jùn
Han-Latin	𪍂	hù
Han-Latin	𪍄	lù
Han-Latin	𪍅	yè
Han-Latin	𪍇	mò
Han-Latin	𪍈	chào
Han-Latin	𪍌	suò
Han-Latin	𪍎	kē
Han-Latin	𪍏	fù
Han-Latin	𪍑	chǎo
Han-Latin	𪍔	suǒ
Han-Latin	𪍗	qiū
Han-Latin	𪍛	sù
Han-Latin	𪍝	yùn
Han-Latin	𪍟	suǒ
Han-Latin	𪍠	kū
Han-Latin	𪍡	bó
Han-Latin	𪍣	lǒu
Han-Latin	𪍤	mò
Han-Latin	𪍦	liǎn
Han-Latin	𪍧	xuàn
Han-Latin	𪍨	suǒ
Han-Latin	𪍩	mán
Han-Latin	𪍪	bì
Han-Latin	𪍲	tì
Han-Latin	𪍴	lián
Han-Latin	𪍵	tán
Han-Latin	𪍶	shàn
Han-Latin	𪍸	qú
Han-Latin	𪍹	dú
Han-Latin	𪍺	huán
Han-Latin	𪍻	sào
Han-Latin	𪍿	kuàng
Han-Latin	𪎃	niè
Han-Latin	𪎅	niè
Han-Latin	𪎆	luó
Han-Latin	𪎇	zuó
Han-Latin	𪎈	yì
Han-Latin	𪎉	xiàn
Han-Latin	𪎊	chǎo
Han-Latin	𪎋	tiè
Han-Latin	𪎌	lái
Han-Latin	𪎒	shuò
Han-Latin	𪎔	mǐ
Han-Latin	𪎗	mí
Han-Latin	𪎛	wǎn
Han-Latin	𪎝	bèn
Han-Latin	𪎞	qiāng
Han-Latin	𪎠	mǒ
Han-Latin	𪎣	liú
Han-Latin	𪎤	wò
Han-Latin	𪎦	měi
Han-Latin	𪎨	tóu
Han-Latin	𪎫	mǔ
Han-Latin	𪎭	méi
Han-Latin	𪎲	zuò
Han-Latin	𪎴	tún
Han-Latin	𪎵	kàng
Han-Latin	𪎶	tún
Han-Latin	𪎺	chè
Han-Latin	𪎻	zhèng
Han-Latin	𪎽	chōng
Han-Latin	𪎾	tiān
Han-Latin	𪏀	zhì
Han-Latin	𪏁	chán
Han-Latin	𪏂	chán
Han-Latin	𪏅	qīng
Han-Latin	𪏆	tūn
Han-Latin	𪏇	huǐ
Han-Latin	𪏈	què
Han-Latin	𪏉	zhān
Han-Latin	𪏊	jiān
Han-Latin	𪏋	chán
Han-Latin	𪏍	huáng
Han-Latin	𪏏	huī
Han-Latin	𪏐	chí
Han-Latin	𪏒	huáng
Han-Latin	𪏓	héng
Han-Latin	𪏔	yǔn
Han-Latin	𪏖	tuān
Han-Latin	𪏗	biān
Han-Latin	𪏙	huáng
Han-Latin	𪏚	yǔn
Han-Latin	𪏟	mò
Han-Latin	𪏠	gōng
Han-Latin	𪏢	gōng
Han-Latin	𪏤	guì
Han-Latin	𪏦	chán
Han-Latin	𪏨	què
Han-Latin	𪏩	ruì
Han-Latin	𪏪	kuàng
Han-Latin	𪏫	piào
Han-Latin	𪏮	rǔ
Han-Latin	𪏲	niǔ
Han-Latin	𪏳	hù
Han-Latin	𪏴	jǐn
Han-Latin	𪏵	nì
Han-Latin	𪏶	bào
Han-Latin	𪏸	nǐ
Han-Latin	𪏺	bì
Han-Latin	𪏻	hú
Han-Latin	𪏼	lí
Han-Latin	𪏿	zhū
Han-Latin	𪐀	nǎ
Han-Latin	𪐂	quǎn
Han-Latin	𪐃	fěng
Han-Latin	𪐄	bǐ
Han-Latin	𪐅	lí
Han-Latin	𪐆	bié
Han-Latin	𪐇	nián
Han-Latin	𪐈	dǒng
Han-Latin	𪐋	lián
Han-Latin	𪐌	nì
Han-Latin	𪐍	lián
Han-Latin	𪐎	má
Han-Latin	𪐏	zhé
Han-Latin	𪐓	jiā
Han-Latin	𪐔	yí
Han-Latin	𪐖	lǒng
Han-Latin	𪐘	yì
Han-Latin	𪐝	dài
Han-Latin	𪐞	dù
Han-Latin	𪐣	yǐ
Han-Latin	𪐥	tài
Han-Latin	𪐦	hāng
Han-Latin	𪐧	shù
Han-Latin	𪐬	wán
Han-Latin	𪐮	sù
Han-Latin	𪐯	yǎo
Han-Latin	𪐰	èr
Han-Latin	𪐲	zhèn
Han-Latin	𪐺	dòu
Han-Latin	𪐻	jiān
Han-Latin	𪐿	pāng
Han-Latin	𪑀	huī
Han-Latin	𪑂	chà
Han-Latin	𪑃	shān
Han-Latin	𪑄	lú
Han-Latin	𪑅	huì
Han-Latin	𪑆	yù
Han-Latin	𪑈	yàn
Han-Latin	𪑉	wǎn
Han-Latin	𪑊	qiào
Han-Latin	𪑋	luō
Han-Latin	𪑌	yù
Han-Latin	𪑏	tú
Han-Latin	𪑐	wèi
Han-Latin	𪑒	tùn
Han-Latin	𪑕	hǔn
Han-Latin	𪑖	bēn
Han-Latin	𪑗	qiè
Han-Latin	𪑙	jīn
Han-Latin	𪑚	lái
Han-Latin	𪑜	zhǐ
Han-Latin	𪑝	yú
Han-Latin	𪑟	cì
Han-Latin	𪑦	yè
Han-Latin	𪑧	dié
Han-Latin	𪑨	chà
Han-Latin	𪑩	diàn
Han-Latin	𪑪	mán
Han-Latin	𪑬	dèng
Han-Latin	𪑭	wēi
Han-Latin	𪑮	niǎn
Han-Latin	𪑯	lèi
Han-Latin	𪑰	bīng
Han-Latin	𪑱	wū
Han-Latin	𪑳	zhěn
Han-Latin	𪑶	róu
Han-Latin	𪑷	wài
Han-Latin	𪑸	mì
Han-Latin	𪑹	jiè
Han-Latin	𪑻	hóu
Han-Latin	𪑽	zhài
Han-Latin	𪑾	rǔ
Han-Latin	𪑿	zī
Han-Latin	𪒀	pán
Han-Latin	𪒂	mò
Han-Latin	𪒄	mì
Han-Latin	𪒆	qī
Han-Latin	𪒇	mò
Han-Latin	𪒊	zhī
Han-Latin	𪒋	bān
Han-Latin	𪒍	miè
Han-Latin	𪒏	lù
Han-Latin	𪒑	qī
Han-Latin	𪒒	chōng
Han-Latin	𪒔	lí
Han-Latin	𪒕	yì
Han-Latin	𪒘	dèng
Han-Latin	𪒙	cuō
Han-Latin	𪒛	duì
Han-Latin	𪒜	mà
Han-Latin	𪒝	yǎn
Han-Latin	𪒟	zèng
Han-Latin	𪒠	yǎn
Han-Latin	𪒡	duì
Han-Latin	𪒢	pū
Han-Latin	𪒥	yuè
Han-Latin	𪒩	huò
Han-Latin	𪒪	mài
Han-Latin	𪒫	jiǎn
Han-Latin	𪒬	nóng
Han-Latin	𪒭	qín
Han-Latin	𪒯	qín
Han-Latin	𪒲	yè
Han-Latin	𪒴	tái
Han-Latin	𪒹	jiān
Han-Latin	𪒼	chá
Han-Latin	𪒾	dàn
Han-Latin	𪒿	téng
Han-Latin	𪓀	lì
Han-Latin	𪓃	niǎng
Han-Latin	𪓄	chán
Han-Latin	𪓅	zāng
Han-Latin	𪓊	yù
Han-Latin	𪓌	zuì
Han-Latin	𪓍	biān
Han-Latin	𪓐	chǔ
Han-Latin	𪓘	rán
Han-Latin	𪓚	rán
Han-Latin	𪓛	yāng
Han-Latin	𪓜	bǒ
Han-Latin	𪓡	cù
Han-Latin	𪓬	mí
Han-Latin	𪓮	kě
Han-Latin	𪓰	cù
Han-Latin	𪓷	xí
Han-Latin	𪓹	má
Han-Latin	𪓻	shī
Han-Latin	𪓼	diān
Han-Latin	𪓿	shī
Han-Latin	𪔂	dǐng
Han-Latin	𪔃	jiōng
Han-Latin	𪔅	yuán
Han-Latin	𪔆	gān
Han-Latin	𪔊	huì
Han-Latin	𪔋	jī
Han-Latin	𪔍	péng
Han-Latin	𪔏	dēng
Han-Latin	𪔑	bèng
Han-Latin	𪔔	pāng
Han-Latin	𪔕	tà
Han-Latin	𪔗	yuān
Han-Latin	𪔘	gāo
Han-Latin	𪔙	yuān
Han-Latin	𪔟	jiā
Han-Latin	𪔣	kōng
Han-Latin	𪔦	dòng
Han-Latin	𪔩	xián
Han-Latin	𪔪	qì
Han-Latin	𪔬	sāng
Han-Latin	𪔰	yìn
Han-Latin	𪔳	lóng
Han-Latin	𪔶	tēng
Han-Latin	𪔷	lóng
Han-Latin	𪔺	rèn
Han-Latin	𪔽	yìn
Han-Latin	𪔾	píng
Han-Latin	𪔿	pū
Han-Latin	𪕀	yuán
Han-Latin	𪕁	rǒng
Han-Latin	𪕃	fāng
Han-Latin	𪕇	hāng
Han-Latin	𪕈	mí
Han-Latin	𪕉	hú
Han-Latin	𪕊	zī
Han-Latin	𪕌	líng
Han-Latin	𪕍	jiōng
Han-Latin	𪕎	rǒng
Han-Latin	𪕒	píng
Han-Latin	𪕓	guāng
Han-Latin	𪕔	ěr
Han-Latin	𪕝	cù
Han-Latin	𪕞	jùn
Han-Latin	𪕦	xiǔ
Han-Latin	𪕨	ér
Han-Latin	𪕩	tì
Han-Latin	𪕫	yáng
Han-Latin	𪕭	ài
Han-Latin	𪕮	hú
Han-Latin	𪕯	xí
Han-Latin	𪕱	hú
Han-Latin	𪕳	sī
Han-Latin	𪕴	lǐ
Han-Latin	𪕶	yì
Han-Latin	𪕷	gǔ
Han-Latin	𪕹	táng
Han-Latin	𪖀	què
Han-Latin	𪖁	zōng
Han-Latin	𪖂	lí
Han-Latin	𪖄	jiào
Han-Latin	𪖇	fán
Han-Latin	𪖈	pú
Han-Latin	𪖉	sī
Han-Latin	𪖋	jié
Han-Latin	𪖌	lú
Han-Latin	𪖍	lì
Han-Latin	𪖎	chán
Han-Latin	𪖐	yào
Han-Latin	𪖕	huī
Han-Latin	𪖙	hōu
Han-Latin	𪖚	diān
Han-Latin	𪖛	qiù
Han-Latin	𪖜	jué
Han-Latin	𪖞	pì
Han-Latin	𪖢	kuī
Han-Latin	𪖥	xǐ
Han-Latin	𪖦	tī
Han-Latin	𪖩	xù
Han-Latin	𪖯	biǎn
Han-Latin	𪖲	hē
Han-Latin	𪖳	lián
Han-Latin	𪖶	sù
Han-Latin	𪖷	liào
Han-Latin	𪖼	jīn
Han-Latin	𪗁	lì
Han-Latin	𪗂	chán
Han-Latin	𪗅	qí
Han-Latin	𪗆	qí
Han-Latin	𪗉	zī
Han-Latin	𪗋	zī
Han-Latin	𪗍	qí
Han-Latin	𪗏	qí
Han-Latin	𪗐	zī
Han-Latin	𪗒	zhāi
Han-Latin	𪗓	zhāi
Han-Latin	𪗔	pà
Han-Latin	𪗖	jū
Han-Latin	𪗙	yǎn
Han-Latin	𪗜	háng
Han-Latin	𪗝	nà
Han-Latin	𪗤	yǎn
Han-Latin	𪗦	zhàn
Han-Latin	𪗧	shǐ
Han-Latin	𪗨	zhí
Han-Latin	𪗭	zhā
Han-Latin	𪗴	rǒng
Han-Latin	𪗵	zhā
Han-Latin	𪗷	yì
Han-Latin	𪗸	míng
Han-Latin	𪗹	yá
Han-Latin	𪗻	zhì
Han-Latin	𪗽	kuò
Han-Latin	𪗾	xiá
Han-Latin	𪘀	pián
Han-Latin	𪘁	tà
Han-Latin	𪘃	yǐ
Han-Latin	𪘆	xiū
Han-Latin	𪘇	zhāi
Han-Latin	𪘉	duǒ
Han-Latin	𪘊	è
Han-Latin	𪘎	yín
Han-Latin	𪘐	è
Han-Latin	𪘑	suān
Han-Latin	𪘒	ān
Han-Latin	𪘓	cuó
Han-Latin	𪘕	tuó
Han-Latin	𪘗	tuó
Han-Latin	𪘘	xiá
Han-Latin	𪘛	chuò
Han-Latin	𪘝	suān
Han-Latin	𪘥	jì
Han-Latin	𪘦	qiǎn
Han-Latin	𪘧	zú
Han-Latin	𪘨	zhāi
Han-Latin	𪘩	yǔn
Han-Latin	𪘪	zhàn
Han-Latin	𪘬	yí
Han-Latin	𪘲	yá
Han-Latin	𪘳	yuē
Han-Latin	𪘹	hé
Han-Latin	𪘺	qià
Han-Latin	𪘾	chā
Han-Latin	𪙃	óu
Han-Latin	𪙈	hú
Han-Latin	𪙊	yàn
Han-Latin	𪙌	qiè
Han-Latin	𪙍	bó
Han-Latin	𪙎	qiāng
Han-Latin	𪙏	jiè
Han-Latin	𪙛	nì
Han-Latin	𪙞	chǎn
Han-Latin	𪙟	qǐn
Han-Latin	𪙡	zāo
Han-Latin	𪙤	yǐn
Han-Latin	𪙥	xiè
Han-Latin	𪙧	qí
Han-Latin	𪙨	jiàn
Han-Latin	𪙫	xū
Han-Latin	𪙭	zèng
Han-Latin	𪙯	è
Han-Latin	𪙳	zū
Han-Latin	𪙴	yǐ
Han-Latin	𪙹	zhí
Han-Latin	𪙺	lì
Han-Latin	𪙽	lì
Han-Latin	𪙾	yín
Han-Latin	𪚁	lián
Han-Latin	𪚃	chán
Han-Latin	𪚅	jué
Han-Latin	𪚇	zá
Han-Latin	𪚎	zhāi
Han-Latin	𪚏	pián
Han-Latin	𪚑	lóng
Han-Latin	𪚓	lóng
Han-Latin	𪚘	lóng
Han-Latin	𪚝	lóng
Han-Latin	𪚠	lóng
Han-Latin	𪚢	mǎng
Han-Latin	𪚥	zhé
Han-Latin	𪚬	gàn
Han-Latin	𪚭	gōu
Han-Latin	𪚮	rán
Han-Latin	𪚯	cù
Han-Latin	𪚰	jiāo
Han-Latin	𪚷	bǒ
Han-Latin	𪚹	zhù
Han-Latin	𪚺	qiū
Han-Latin	𪚻	yāng
Han-Latin	𪛀	xiào
Han-Latin	𪛂	huí
Han-Latin	𪛃	qū
Han-Latin	𪛈	líng
Han-Latin	𪛊	yín
Han-Latin	𪛎	pì
Han-Latin	𪛒	lián
Han-Latin	𪜎	qiào
Han-Latin	𪞝	duó
Han-Latin	𪟎	jiān
Han-Latin	𪟝	jì
Han-Latin	𪠀	kū
Han-Latin	𪠏	yǎn
Han-Latin	𪠟	zhěn
Han-Latin	𪠡	sā
Han-Latin	𪠳	chē
Han-Latin	𪠵	lún
Han-Latin	𪠸	hù
Han-Latin	𪠽	dāng
Han-Latin	𪡀	qiáo
Han-Latin	𪡃	mǎi
Han-Latin	𪡈	bái
Han-Latin	𪡋	yǎn
Han-Latin	𪡏	zhān
Han-Latin	𪡛	hé
Han-Latin	𪡞	kuì
Han-Latin	𪡺	lài
Han-Latin	𪢌	lán
Han-Latin	𪢒	shù
Han-Latin	𪢕	chuò
Han-Latin	𪢠	lán
Han-Latin	𪢮	luán
Han-Latin	𪣆	dōng
Han-Latin	𪣒	huán
Han-Latin	𪣝	zào
Han-Latin	𪣻	lóu
Han-Latin	𪤗	liào
Han-Latin	𪤚	lín
Han-Latin	𪥠	réng
Han-Latin	𪥫	shuāng
Han-Latin	𪥰	níng
Han-Latin	𪥿	dú
Han-Latin	𪧀	yīng
Han-Latin	𪧘	jù
Han-Latin	𪨇	tuí
Han-Latin	𪨊	sóng
Han-Latin	𪨗	juē
Han-Latin	𪨧	lún
Han-Latin	𪨩	yà
Han-Latin	𪨰	qū
Han-Latin	𪨶	shē
Han-Latin	𪨷	yán
Han-Latin	𪨹	tuó
Han-Latin	𪩇	lǒu
Han-Latin	𪩎	yǐng
Han-Latin	𪩘	yǎn
Han-Latin	𪩛	niè
Han-Latin	𪩸	fén
Han-Latin	𪪑	qiào
Han-Latin	𪪝	yōng
Han-Latin	𪪞	qiáng
Han-Latin	𪪴	zé
Han-Latin	𪫌	lòng
Han-Latin	𪫡	lì
Han-Latin	𪫷	chóu
Han-Latin	𪫸	què
Han-Latin	𪫺	xiān
Han-Latin	𪬚	pīn
Han-Latin	𪭝	wěi
Han-Latin	𪭢	chuāng
Han-Latin	𪭧	ér
Han-Latin	𪭯	guài
Han-Latin	𪭵	liǎng
Han-Latin	𪭾	xiàn
Han-Latin	𪮃	cán
Han-Latin	𪮋	xiāo
Han-Latin	𪮖	juē
Han-Latin	𪮶	là
Han-Latin	𪯋	shǎn
Han-Latin	𪰶	fèi
Han-Latin	𪱥	fèn
Han-Latin	𪱷	bèi
Han-Latin	𪲎	jī
Han-Latin	𪲔	lì
Han-Latin	𪲛	jì
Han-Latin	𪲮	fèi
Han-Latin	𪳍	shè
Han-Latin	𪴙	cuán
Han-Latin	𪴯	ē
Han-Latin	𪵑	xiāo
Han-Latin	𪵣	xì
Han-Latin	𪵱	lì
Han-Latin	𪶄	shí
Han-Latin	𪶒	luó
Han-Latin	𪷍	qìng
Han-Latin	𪷽	zàn
Han-Latin	𪸕	xì
Han-Latin	𪸩	huī
Han-Latin	𪹀	yì
Han-Latin	𪹳	zhú
Han-Latin	𪹹	tà
Han-Latin	𪺣	dào
Han-Latin	𪺭	qiáo
Han-Latin	𪺷	cāng
Han-Latin	𪺹	nǔ
Han-Latin	𪺻	nóng
Han-Latin	𪺽	yìn
Han-Latin	𪻐	cōng
Han-Latin	𪻨	dú
Han-Latin	𪻲	kūn
Han-Latin	𪻺	guī
Han-Latin	𪼋	bǐ
Han-Latin	𪽇	kē
Han-Latin	𪽪	zhàng
Han-Latin	𪽭	jiàn
Han-Latin	𪽮	lú
Han-Latin	𪽴	shè
Han-Latin	𪽷	yì
Han-Latin	𪾔	xǔ
Han-Latin	𪾢	xiàn
Han-Latin	𪾦	lú
Han-Latin	𪾸	pín
Han-Latin	𪿊	yà
Han-Latin	𪿫	pào
Han-Latin	𫀌	shī
Han-Latin	𫀓	mǐn
Han-Latin	𫀨	jiǎn
Han-Latin	𫀬	chú
Han-Latin	𫀮	dǎng
Han-Latin	𫁂	bà
Han-Latin	𫁟	zhuǎn
Han-Latin	𫁡	lì
Han-Latin	𫁲	wú
Han-Latin	𫁳	wěi
Han-Latin	𫁷	shuāng
Han-Latin	𫂃	mǐn
Han-Latin	𫂆	guì
Han-Latin	𫂈	fèi
Han-Latin	𫂖	ài
Han-Latin	𫂙	sù
Han-Latin	𫂿	sà
Han-Latin	𫃗	jiū
Han-Latin	𫃜	kòu
Han-Latin	𫄙	jiū
Han-Latin	𫄚	hù
Han-Latin	𫄛	jīn
Han-Latin	𫄜	mào
Han-Latin	𫄝	diào
Han-Latin	𫄞	bì
Han-Latin	𫄟	shī
Han-Latin	𫄠	huán
Han-Latin	𫄡	dòng
Han-Latin	𫄢	fú
Han-Latin	𫄣	nǒng
Han-Latin	𫄤	da
Han-Latin	𫄥	lí
Han-Latin	𫄦	jié
Han-Latin	𫄧	yán
Han-Latin	𫄨	chī
Han-Latin	𫄩	fán
Han-Latin	𫄪	sāng
Han-Latin	𫄫	lì
Han-Latin	𫄬	xiè
Han-Latin	𫄭	fù
Han-Latin	𫄮	tīng
Han-Latin	𫄰	bāng
Han-Latin	𫄱	sè
Han-Latin	𫄲	mù
Han-Latin	𫄳	xǐ
Han-Latin	𫄴	lǜ
Han-Latin	𫄵	bēng
Han-Latin	𫄶	qiǎng
Han-Latin	𫄷	yì
Han-Latin	𫄸	xūn
Han-Latin	𫄹	zuī
Han-Latin	𫅅	jǐ
Han-Latin	𫅗	fén
Han-Latin	𫅭	pīn
Han-Latin	𫅼	lián
Han-Latin	𫆏	nǐ
Han-Latin	𫇦	yìng
Han-Latin	𫇪	gāng
Han-Latin	𫇭	wěi
Han-Latin	𫇴	chú
Han-Latin	𫇽	nóng
Han-Latin	𫈉	jiān
Han-Latin	𫈎	qíng
Han-Latin	𫈟	chén
Han-Latin	𫈰	qià
Han-Latin	𫈵	jué
Han-Latin	𫉁	ài
Han-Latin	𫉄	shǔ
Han-Latin	𫊨	xì
Han-Latin	𫊪	cháng
Han-Latin	𫊮	lú
Han-Latin	𫊱	jiǎn
Han-Latin	𫊸	jiǎo
Han-Latin	𫊻	xún
Han-Latin	𫋇	xiāo
Han-Latin	𫋌	tè
Han-Latin	𫋐	gǒng
Han-Latin	𫋲	ōu
Han-Latin	𫋷	zé
Han-Latin	𫋹	ráo
Han-Latin	𫋻	guì
Han-Latin	𫌀	jī
Han-Latin	𫌇	zhě
Han-Latin	𫌋	shù
Han-Latin	𫌨	luó
Han-Latin	𫌪	mì
Han-Latin	𫌫	liàn
Han-Latin	𫌭	wéi
Han-Latin	𫌯	jiào
Han-Latin	𫍐	pín
Han-Latin	𫍙	yì
Han-Latin	𫍚	yāo
Han-Latin	𫍛	fēn
Han-Latin	𫍜	qǔ
Han-Latin	𫍞	hū
Han-Latin	𫍟	yí
Han-Latin	𫍠	yuǎn
Han-Latin	𫍡	tuó
Han-Latin	𫍢	náo
Han-Latin	𫍣	tóng
Han-Latin	𫍤	jiǎo
Han-Latin	𫍥	tiǎo
Han-Latin	𫍦	nóng
Han-Latin	𫍧	chī
Han-Latin	𫍨	zhèn
Han-Latin	𫍩	huà
Han-Latin	𫍪	jì
Han-Latin	𫍫	yàn
Han-Latin	𫍬	wǎng
Han-Latin	𫍮	qū
Han-Latin	𫍯	xián
Han-Latin	𫍰	xǐ
Han-Latin	𫍱	zhuān
Han-Latin	𫍲	xiǎo
Han-Latin	𫍳	zhòng
Han-Latin	𫍴	lóu
Han-Latin	𫍵	áo
Han-Latin	𫍶	zhǐ
Han-Latin	𫍷	kuì
Han-Latin	𫍸	shàn
Han-Latin	𫍹	jiē
Han-Latin	𫍺	shǎ
Han-Latin	𫍻	xī
Han-Latin	𫍼	zhòng
Han-Latin	𫍽	xuān
Han-Latin	𫍾	níng
Han-Latin	𫍿	jiǎn
Han-Latin	𫎆	zōng
Han-Latin	𫎌	jù
Han-Latin	𫎦	lòng
Han-Latin	𫎧	gòu
Han-Latin	𫎨	liàn
Han-Latin	𫎩	chēn
Han-Latin	𫎪	chèn
Han-Latin	𫎫	dàn
Han-Latin	𫎬	gàn
Han-Latin	𫎭	chēng
Han-Latin	𫎱	lì
Han-Latin	𫎳	bì
Han-Latin	𫎺	cān
Han-Latin	𫏃	cháng
Han-Latin	𫏆	bō
Han-Latin	𫏋	juē
Han-Latin	𫏌	lái
Han-Latin	𫏐	zàn
Han-Latin	𫏑	luò
Han-Latin	𫏕	qīng
Han-Latin	𫏨	xiān
Han-Latin	𫐄	yuè
Han-Latin	𫐅	shān
Han-Latin	𫐆	kuài
Han-Latin	𫐇	nà
Han-Latin	𫐈	bá
Han-Latin	𫐉	líng
Han-Latin	𫐊	fàn
Han-Latin	𫐋	zhì
Han-Latin	𫐌	píng
Han-Latin	𫐍	tián
Han-Latin	𫐎	yǐ
Han-Latin	𫐏	zhōu
Han-Latin	𫐐	ní
Han-Latin	𫐑	guǎn
Han-Latin	𫐒	hōng
Han-Latin	𫐓	róu
Han-Latin	𫐔	kē
Han-Latin	𫐕	wèi
Han-Latin	𫐖	jiāo
Han-Latin	𫐗	bú
Han-Latin	𫐘	kǎn
Han-Latin	𫐙	léi
Han-Latin	𫐷	lóu
Han-Latin	𫑘	zhuān
Han-Latin	𫑡	méng
Han-Latin	𫑷	yàn
Han-Latin	𫒶	hán
Han-Latin	𫓥	bā
Han-Latin	𫓦	zǐ
Han-Latin	𫓧	fū
Han-Latin	𫓨	guō
Han-Latin	𫓩	cōng
Han-Latin	𫓪	qiān
Han-Latin	𫓬	zā
Han-Latin	𫓭	yāng
Han-Latin	𫓮	liú
Han-Latin	𫓯	jī
Han-Latin	𫓰	xù
Han-Latin	𫓱	qiáo
Han-Latin	𫓲	jūn
Han-Latin	𫓴	máo
Han-Latin	𫓵	shèn
Han-Latin	𫓶	xuān
Han-Latin	𫓸	wàn
Han-Latin	𫓹	jī
Han-Latin	𫓺	lǔ
Han-Latin	𫓻	niè
Han-Latin	𫓼	hé
Han-Latin	𫓽	cóng
Han-Latin	𫓾	yù
Han-Latin	𫔀	liàn
Han-Latin	𫔁	fén
Han-Latin	𫔂	dī
Han-Latin	𫔄	róu
Han-Latin	𫔅	suǒ
Han-Latin	𫔆	bà
Han-Latin	𫔇	bī
Han-Latin	𫔈	shuò
Han-Latin	𫔊	xiù
Han-Latin	𫔋	kuǎn
Han-Latin	𫔌	sǎn
Han-Latin	𫔍	fán
Han-Latin	𫔎	jué
Han-Latin	𫔏	chán
Han-Latin	𫔑	zhǎn
Han-Latin	𫔔	xī
Han-Latin	𫔖	nóng
Han-Latin	𫔭	kāi
Han-Latin	𫔮	xián
Han-Latin	𫔯	dòu
Han-Latin	𫔰	biàn
Han-Latin	𫔱	lán
Han-Latin	𫔲	xiāo
Han-Latin	𫔴	lìn
Han-Latin	𫔵	zhì
Han-Latin	𫔶	niè
Han-Latin	𫕥	yǔn
Han-Latin	𫖃	huì
Han-Latin	𫖅	lóng
Han-Latin	𫖇	xuē
Han-Latin	𫖑	qín
Han-Latin	𫖒	bì
Han-Latin	𫖓	bǐng
Han-Latin	𫖔	bài
Han-Latin	𫖕	gōu
Han-Latin	𫖖	zhèng
Han-Latin	𫖪	kū
Han-Latin	𫖫	zhěn
Han-Latin	𫖬	zhěn
Han-Latin	𫖮	yǐ
Han-Latin	𫖯	fǔ
Han-Latin	𫖰	duǒ
Han-Latin	𫖱	gěn
Han-Latin	𫖲	hùn
Han-Latin	𫖳	yūn
Han-Latin	𫖴	zé
Han-Latin	𫖵	yuè
Han-Latin	𫖶	qiān
Han-Latin	𫖸	yuàn
Han-Latin	𫖹	cù
Han-Latin	𫖺	fán
Han-Latin	𫗇	yù
Han-Latin	𫗈	bó
Han-Latin	𫗉	bèng
Han-Latin	𫗊	àn
Han-Latin	𫗋	sè
Han-Latin	𫗚	jiǎn
Han-Latin	𫗞	zhān
Han-Latin	𫗟	yuán
Han-Latin	𫗠	zhāng
Han-Latin	𫗢	zuò
Han-Latin	𫗣	bì
Han-Latin	𫗤	shì
Han-Latin	𫗥	yùn
Han-Latin	𫗦	bù
Han-Latin	𫗧	sù
Han-Latin	𫗨	láng
Han-Latin	𫗩	luó
Han-Latin	𫗪	wèi
Han-Latin	𫗫	hú
Han-Latin	𫗬	nuǎn
Han-Latin	𫗭	wèi
Han-Latin	𫗮	huáng
Han-Latin	𫗯	hóu
Han-Latin	𫗰	duī
Han-Latin	𫗱	lián
Han-Latin	𫗳	qiǎng
Han-Latin	𫗴	zhān
Han-Latin	𫗵	xiǎng
Han-Latin	𫘛	hàn
Han-Latin	𫘜	wén
Han-Latin	𫘝	jué
Han-Latin	𫘞	tuó
Han-Latin	𫘟	pǒ
Han-Latin	𫘠	zhì
Han-Latin	𫘡	jiōng
Han-Latin	𫘣	hàn
Han-Latin	𫘤	ái
Han-Latin	𫘥	kūn
Han-Latin	𫘦	táo
Han-Latin	𫘧	lù
Han-Latin	𫘨	tí
Han-Latin	𫘩	huáng
Han-Latin	𫘪	yuán
Han-Latin	𫘫	yàn
Han-Latin	𫘬	xí
Han-Latin	𫘭	shuāng
Han-Latin	𫘮	zhé
Han-Latin	𫘯	céng
Han-Latin	𫘰	zhān
Han-Latin	𫘱	xí
Han-Latin	𫘽	kuò
Han-Latin	𫚈	xù
Han-Latin	𫚉	hóng
Han-Latin	𫚊	yáng
Han-Latin	𫚋	zhuān
Han-Latin	𫚌	shā
Han-Latin	𫚍	fén
Han-Latin	𫚎	bǐng
Han-Latin	𫚏	qiáo
Han-Latin	𫚐	yāng
Han-Latin	𫚑	bì
Han-Latin	𫚒	fú
Han-Latin	𫚓	liè
Han-Latin	𫚔	huí
Han-Latin	𫚕	shī
Han-Latin	𫚖	cǐ
Han-Latin	𫚗	gé
Han-Latin	𫚙	pū
Han-Latin	𫚚	zhé
Han-Latin	𫚛	tuō
Han-Latin	𫚜	guī
Han-Latin	𫚝	huà
Han-Latin	𫚞	lí
Han-Latin	𫚡	zhǒu
Han-Latin	𫚢	yǎn
Han-Latin	𫚣	biān
Han-Latin	𫚤	zī
Han-Latin	𫚥	xiā
Han-Latin	𫚦	yóng
Han-Latin	𫚧	qiú
Han-Latin	𫚨	bù
Han-Latin	𫚪	yù
Han-Latin	𫚫	sāo
Han-Latin	𫚭	liè
Han-Latin	𫛚	jiān
Han-Latin	𫛛	zhī
Han-Latin	𫛜	fǒu
Han-Latin	𫛝	huān
Han-Latin	𫛞	jué
Han-Latin	𫛟	lóng
Han-Latin	𫛠	zhá
Han-Latin	𫛡	fú
Han-Latin	𫛢	níng
Han-Latin	𫛣	yù
Han-Latin	𫛤	jiā
Han-Latin	𫛥	jiá
Han-Latin	𫛦	wū
Han-Latin	𫛨	pí
Han-Latin	𫛩	yàn
Han-Latin	𫛪	rú
Han-Latin	𫛫	yuán
Han-Latin	𫛬	tú
Han-Latin	𫛭	kuáng
Han-Latin	𫛮	biē
Han-Latin	𫛯	fǎng
Han-Latin	𫛰	qí
Han-Latin	𫛱	zhuó
Han-Latin	𫛲	diāo
Han-Latin	𫛳	fú
Han-Latin	𫛴	tí
Han-Latin	𫛵	qū
Han-Latin	𫛶	chì
Han-Latin	𫛷	hú
Han-Latin	𫛸	tí
Han-Latin	𫛺	hóu
Han-Latin	𫛻	duó
Han-Latin	𫛼	kuí
Han-Latin	𫛽	lì
Han-Latin	𫛾	chú
Han-Latin	𫜀	chén
Han-Latin	𫜁	bì
Han-Latin	𫜂	zhāng
Han-Latin	𫜃	yín
Han-Latin	𫜄	zūn
Han-Latin	𫜅	huán
Han-Latin	𫜊	wēn
Han-Latin	𫜑	fēng
Han-Latin	𫜒	tuō
Han-Latin	𫜔	pí
Han-Latin	𫜕	kū
Han-Latin	𫜙	yìng
Han-Latin	𫜟	cù
Han-Latin	𫜨	bā
Han-Latin	𫜩	niè
Han-Latin	𫜪	yǎo
Han-Latin	𫜬	zé
Han-Latin	𫜭	chǔ
Han-Latin	𫜮	yǎn
Han-Latin	𫜯	jiè
Han-Latin	𫜰	yà
Han-Latin	𫜲	lóng
Han-Latin	𫜳	rán
Han-Latin	𫜷	shòu
Han-Latin	𫜸	huà
Han-Latin	𫝈	hún
Han-Latin	𫝋	shù
Han-Latin	𫝜	zǎ
Han-Latin	𫝦	bèi
Han-Latin	𫝧	shù
Han-Latin	𫝨	huī
Han-Latin	𫝩	chóu
Han-Latin	𫝪	gòng
Han-Latin	𫝫	lái
Han-Latin	𫝬	kuì
Han-Latin	𫝭	yīng
Han-Latin	𫝮	lǎn
Han-Latin	𫝵	dǎo
Han-Latin	𫞅	xún
Han-Latin	𫞗	mǐn
Han-Latin	𫞚	zī
Han-Latin	𫞛	zhū
Han-Latin	𫞝	jué
Han-Latin	𫞠	líng
Han-Latin	𫞡	róng
Han-Latin	𫞢	zhì
Han-Latin	𫞣	chǎn
Han-Latin	𫞥	bèi
Han-Latin	𫞦	jì
Han-Latin	𫞧	láo
Han-Latin	𫞨	lán
Han-Latin	𫞩	mén
Han-Latin	𫞷	kuài
Han-Latin	𫟃	rèn
Han-Latin	𫟄	hóng
Han-Latin	𫟅	liáng
Han-Latin	𫟆	chóng
Han-Latin	𫟑	líng
Han-Latin	𫟕	jī
Han-Latin	𫟞	zhǐ
Han-Latin	𫟟	pàn
Han-Latin	𫟠	chǎn
Han-Latin	𫟡	cóng
Han-Latin	𫟢	tán
Han-Latin	𫟤	tuó
Han-Latin	𫟥	kēng
Han-Latin	𫟦	suì
Han-Latin	𫟫	lì
Han-Latin	𫟬	zhì
Han-Latin	𫟲	qiú
Han-Latin	𫟳	sì
Han-Latin	𫟴	fēn
Han-Latin	𫟵	yǔn
Han-Latin	𫟶	shàn
Han-Latin	𫟷	lì
Han-Latin	𫟸	shì
Han-Latin	𫟹	hóng
Han-Latin	𫟺	kāi
Han-Latin	𫟻	zhōu
Han-Latin	𫟼	dá
Han-Latin	𫟽	zú
Han-Latin	𫟾	zú
Han-Latin	𫟿	chā
Han-Latin	𫠀	cù
Han-Latin	𫠁	hé
Han-Latin	𫠂	líng
Han-Latin	𫠅	gé
Han-Latin	𫠆	kuǐ
Han-Latin	𫠇	xín
Han-Latin	𫠈	bī
Han-Latin	𫠊	xuán
Han-Latin	𫠋	lù
Han-Latin	𫠌	bàng
Han-Latin	𫠏	mù
Han-Latin	𫠐	hān
Han-Latin	𫠑	sōu
Han-Latin	𫠒	zhāng
Han-Latin	𫠜	ní
Han-Latin	𫠥	lòu
Han-Latin	𫠦	suǒ
Han-Latin	𫡑	yīn
Han-Latin	𫡬	wō
Han-Latin	𫡶	dàn
Han-Latin	𫢒	lǒng
Han-Latin	𫢔	guì
Han-Latin	𫢘	duì
Han-Latin	𫢙	dòng
Han-Latin	𫢪	liàn
Han-Latin	𫢬	láo
Han-Latin	𫢭	wěi
Han-Latin	𫢸	dàn
Han-Latin	𫢹	chòng
Han-Latin	𫢺	cān
Han-Latin	𫣉	lán
Han-Latin	𫣊	ài
Han-Latin	𫣛	qiān
Han-Latin	𫣫	sú
Han-Latin	𫤸	mào
Han-Latin	𫤽	gǎn
Han-Latin	𫥍	yán
Han-Latin	𫥎	chán
Han-Latin	𫥳	lì
Han-Latin	𫥵	lì
Han-Latin	𫥺	yè
Han-Latin	𫥼	yā
Han-Latin	𫦁	suǒ
Han-Latin	𫦅	xiào
Han-Latin	𫦉	lóu
Han-Latin	𫦌	jué
Han-Latin	𫦩	liǎng
Han-Latin	𫦳	jué
Han-Latin	𫧯	xiè
Han-Latin	𫧿	dú
Han-Latin	𫨆	xiá
Han-Latin	𫩕	hōng
Han-Latin	𫩚	gāng
Han-Latin	𫩛	cóng
Han-Latin	𫩤	yè
Han-Latin	𫩥	huò
Han-Latin	𫩩	chū
Han-Latin	𫩫	yè
Han-Latin	𫩯	hái
Han-Latin	𫩺	jìn
Han-Latin	𫪀	guō
Han-Latin	𫪁	lài
Han-Latin	𫪂	yán
Han-Latin	𫪃	lì
Han-Latin	𫪄	jiān
Han-Latin	𫪘	ōu
Han-Latin	𫪚	zàn
Han-Latin	𫪧	jiāo
Han-Latin	𫪪	zhì
Han-Latin	𫪺	tì
Han-Latin	𫪽	jìn
Han-Latin	𫫇	è
Han-Latin	𫫦	dàn
Han-Latin	𫫵	lǜ
Han-Latin	𫫾	pín
Han-Latin	𫬐	sǎi
Han-Latin	𫬙	gùn
Han-Latin	𫬟	dié
Han-Latin	𫭞	zhuān
Han-Latin	𫭟	ōu
Han-Latin	𫭢	lǔn
Han-Latin	𫭨	fá
Han-Latin	𫭪	qiāo
Han-Latin	𫭮	cè
Han-Latin	𫭯	xún
Han-Latin	𫭲	yán
Han-Latin	𫭼	láo
Han-Latin	𫮃	shàn
Han-Latin	𫮅	chěn
Han-Latin	𫮜	yín
Han-Latin	𫮬	jiàng
Han-Latin	𫯒	nóng
Han-Latin	𫯥	huò
Han-Latin	𫯶	yūn
Han-Latin	𫰂	duǒ
Han-Latin	𫰍	wéi
Han-Latin	𫰛	xíng
Han-Latin	𫰡	huà
Han-Latin	𫰢	huì
Han-Latin	𫰨	mái
Han-Latin	𫰰	xiān
Han-Latin	𫰹	guī
Han-Latin	𫱕	làn
Han-Latin	𫱿	qiā
Han-Latin	𫲗	zàn
Han-Latin	𫲸	fēng
Han-Latin	𫳃	yā
Han-Latin	𫵒	tuí
Han-Latin	𫵘	bī
Han-Latin	𫵵	yáng
Han-Latin	𫵷	lì
Han-Latin	𫵸	kēng
Han-Latin	𫶇	dié
Han-Latin	𫶊	lǎn
Han-Latin	𫶕	yíng
Han-Latin	𫶲	kēng
Han-Latin	𫷅	kūn
Han-Latin	𫷈	xū
Han-Latin	𫷉	xiǎn
Han-Latin	𫷌	lán
Han-Latin	𫷬	lái
Han-Latin	𫷮	yìn
Han-Latin	𫷷	xīn
Han-Latin	𫷹	lóu
Han-Latin	𫷾	yǐng
Han-Latin	𫸩	kōu
Han-Latin	𫹮	yǔ
Han-Latin	𫹴	wěi
Han-Latin	𫹼	dōng
Han-Latin	𫹽	shāng
Han-Latin	𫺁	qiè
Han-Latin	𫺂	qiè
Han-Latin	𫺆	huá
Han-Latin	𫺊	qí
Han-Latin	𫺌	gōng
Han-Latin	𫺓	mèn
Han-Latin	𫺘	lào
Han-Latin	𫺪	yǎng
Han-Latin	𫺷	nán
Han-Latin	𫻁	xì
Han-Latin	𫼛	diào
Han-Latin	𫼝	chōu
Han-Latin	𫼣	piē
Han-Latin	𫼤	zè
Han-Latin	𫼥	hāi
Han-Latin	𫼧	huá
Han-Latin	𫼫	bì
Han-Latin	𫼮	nǎng
Han-Latin	𫼱	gāng
Han-Latin	𫼵	lǔ
Han-Latin	𫼶	suǒ
Han-Latin	𫽀	nà
Han-Latin	𫽁	liǎn
Han-Latin	𫽇	huò
Han-Latin	𫽊	jiǎo
Han-Latin	𫽋	luó
Han-Latin	𫽐	jiān
Han-Latin	𫽙	káng
Han-Latin	𫽣	jiāng
Han-Latin	𫽥	qiān
Han-Latin	𫽧	fèi
Han-Latin	𫽮	dǎng
Han-Latin	𫽲	niǎo
Han-Latin	𫽳	bì
Han-Latin	𫾁	yǎn
Han-Latin	𫾃	sù
Han-Latin	𫾲	lǐ
Han-Latin	𫿗	shǔ
Han-Latin	𬀥	huò
Han-Latin	𬀩	wěi
Han-Latin	𬀪	xiàn
Han-Latin	𬀮	duì
Han-Latin	𬀱	kǎi
Han-Latin	𬀷	shāng
Han-Latin	𬁠	xiǎng
Han-Latin	𬁵	ōu
Han-Latin	𬁺	yà
Han-Latin	𬁽	sǔn
Han-Latin	𬂀	rùn
Han-Latin	𬂂	luó
Han-Latin	𬂅	dān
Han-Latin	𬂉	shèng
Han-Latin	𬂠	mó
Han-Latin	𬂩	jiā
Han-Latin	𬂮	shā
Han-Latin	𬂰	nóng
Han-Latin	𬃀	guī
Han-Latin	𬃊	zhì
Han-Latin	𬃘	èr
Han-Latin	𬃦	jiān
Han-Latin	𬃫	xiǎn
Han-Latin	𬃮	fèi
Han-Latin	𬃲	lín
Han-Latin	𬃳	yán
Han-Latin	𬄩	yǐn
Han-Latin	𬅢	xià
Han-Latin	𬅥	guā
Han-Latin	𬅫	pēn
Han-Latin	𬅲	zú
Han-Latin	𬆛	nǎo
Han-Latin	𬆦	jī
Han-Latin	𬆮	kòu
Han-Latin	𬆾	mào
Han-Latin	𬇃	jiàn
Han-Latin	𬇄	bīn
Han-Latin	𬇇	dié
Han-Latin	𬇕	wàn
Han-Latin	𬇘	tuán
Han-Latin	𬇙	bèi
Han-Latin	𬇰	mèn
Han-Latin	𬇹	guó
Han-Latin	𬈁	tān
Han-Latin	𬈕	fèi
Han-Latin	𬈜	yíng
Han-Latin	𬈧	sè
Han-Latin	𬈱	pō
Han-Latin	𬈾	huá
Han-Latin	𬉂	fèn
Han-Latin	𬉇	shà
Han-Latin	𬉋	wěi
Han-Latin	𬉠	lán
Han-Latin	𬉧	hán
Han-Latin	𬉼	ǒu
Han-Latin	𬊂	chǎo
Han-Latin	𬊈	xún
Han-Latin	𬊉	dá
Han-Latin	𬊍	chóu
Han-Latin	𬊎	gòng
Han-Latin	𬊖	měi
Han-Latin	𬊗	jiān
Han-Latin	𬊤	chǎn
Han-Latin	𬊦	shǎn
Han-Latin	𬊵	tǎng
Han-Latin	𬊶	làn
Han-Latin	𬊺	wēi
Han-Latin	𬊾	rán
Han-Latin	𬋃	liàn
Han-Latin	𬋍	lài
Han-Latin	𬌒	jiǎng
Han-Latin	𬌗	hé
Han-Latin	𬌝	chú
Han-Latin	𬌮	yào
Han-Latin	𬌷	shān
Han-Latin	𬍙	zhǎn
Han-Latin	𬍛	lì
Han-Latin	𬍡	dàng
Han-Latin	𬍤	xún
Han-Latin	𬎆	yíng
Han-Latin	𬎑	làn
Han-Latin	𬎧	cóng
Han-Latin	𬏜	mà
Han-Latin	𬏟	jì
Han-Latin	𬏦	fèi
Han-Latin	𬏫	wén
Han-Latin	𬏮	guō
Han-Latin	𬏷	fèn
Han-Latin	𬐚	hǎi
Han-Latin	𬐠	yáng
Han-Latin	𬑆	gùn
Han-Latin	𬑇	chàng
Han-Latin	𬑍	chǒu
Han-Latin	𬑏	yǐng
Han-Latin	𬑒	kōu
Han-Latin	𬑓	yè
Han-Latin	𬑔	zhòng
Han-Latin	𬑕	hùn
Han-Latin	𬑗	xián
Han-Latin	𬑙	mài
Han-Latin	𬑡	chǒu
Han-Latin	𬑧	mián
Han-Latin	𬒆	yè
Han-Latin	𬒇	làn
Han-Latin	𬒈	què
Han-Latin	𬒍	yǔn
Han-Latin	𬒎	kēng
Han-Latin	𬒔	gěng
Han-Latin	𬒕	sù
Han-Latin	𬒗	lán
Han-Latin	𬒘	xìn
Han-Latin	𬓠	jǐ
Han-Latin	𬓫	qiū
Han-Latin	𬓱	bèn
Han-Latin	𬓸	shài
Han-Latin	𬓼	tuí
Han-Latin	𬔯	ōu
Han-Latin	𬕂	lǒng
Han-Latin	𬕄	shī
Han-Latin	𬕊	jiàn
Han-Latin	𬕛	kū
Han-Latin	𬕦	ōu
Han-Latin	𬕬	lǐng
Han-Latin	𬖃	zuǎn
Han-Latin	𬖑	xiàn
Han-Latin	𬖖	chōu
Han-Latin	𬖘	shì
Han-Latin	𬖠	lǒu
Han-Latin	𬖮	xiàn
Han-Latin	𬘓	xún
Han-Latin	𬘔	miè
Han-Latin	𬘕	qiú
Han-Latin	𬘖	jiǎn
Han-Latin	𬘘	dǎn
Han-Latin	𬘙	yuè
Han-Latin	𬘚	wà
Han-Latin	𬘛	qū
Han-Latin	𬘜	zhàn
Han-Latin	𬘝	zhěn
Han-Latin	𬘞	diǎo
Han-Latin	𬘟	xiàn
Han-Latin	𬘠	gǎi
Han-Latin	𬘡	yīn
Han-Latin	𬘢	kuàng
Han-Latin	𬘤	lǚ
Han-Latin	𬘥	quán
Han-Latin	𬘦	pài
Han-Latin	𬘧	jì
Han-Latin	𬘨	zhī
Han-Latin	𬘩	tīng
Han-Latin	𬘪	liǎn
Han-Latin	𬘫	huán
Han-Latin	𬘬	qiàn
Han-Latin	𬘭	chēn
Han-Latin	𬘮	mì
Han-Latin	𬘯	zhǔn
Han-Latin	𬘰	ruǎn
Han-Latin	𬘱	yāo
Han-Latin	𬘲	zhǎ
Han-Latin	𬘳	xū
Han-Latin	𬘵	gēng
Han-Latin	𬘶	qiū
Han-Latin	𬘷	cuō
Han-Latin	𬘸	nì
Han-Latin	𬘺	tào
Han-Latin	𬘻	xiá
Han-Latin	𬘼	suì
Han-Latin	𬘽	zhì
Han-Latin	𬘾	shuàng
Han-Latin	𬙁	yǎn
Han-Latin	𬙂	yǎn
Han-Latin	𬙃	qiǎn
Han-Latin	𬙅	zhǔ
Han-Latin	𬙆	fān
Han-Latin	𬙇	rán
Han-Latin	𬙈	lín
Han-Latin	𬙉	dàn
Han-Latin	𬙊	mò
Han-Latin	𬙋	xiāng
Han-Latin	𬙎	lú
Han-Latin	𬙝	bì
Han-Latin	𬙭	wěi
Han-Latin	𬚄	sù
Han-Latin	𬛸	niē
Han-Latin	𬛹	dàng
Han-Latin	𬛼	yú
Han-Latin	𬜔	dá
Han-Latin	𬜥	lán
Han-Latin	𬜧	fà
Han-Latin	𬜨	huì
Han-Latin	𬜬	màn
Han-Latin	𬜯	liǎng
Han-Latin	𬜸	huái
Han-Latin	𬜾	xián
Han-Latin	𬜿	guó
Han-Latin	𬝁	yú
Han-Latin	𬝃	láo
Han-Latin	𬝊	sī
Han-Latin	𬝋	jié
Han-Latin	𬝠	zéi
Han-Latin	𬝯	pín
Han-Latin	𬝴	rán
Han-Latin	𬞋	jiàn
Han-Latin	𬞕	lán
Han-Latin	𬞘	tuī
Han-Latin	𬞟	pín
Han-Latin	𬞣	sēn
Han-Latin	𬞫	làn
Han-Latin	𬟁	yì
Han-Latin	𬟪	xì
Han-Latin	𬟺	cóng
Han-Latin	𬟽	dōng
Han-Latin	𬠃	bì
Han-Latin	𬠅	dāng
Han-Latin	𬠈	gòng
Han-Latin	𬠐	sǐ
Han-Latin	𬠠	zéi
Han-Latin	𬠷	tuó
Han-Latin	𬡇	niǎo
Han-Latin	𬡍	diāo
Han-Latin	𬡎	zhòu
Han-Latin	𬡒	jiá
Han-Latin	𬡓	diē
Han-Latin	𬡔	shī
Han-Latin	𬡕	shā
Han-Latin	𬡠	luò
Han-Latin	𬡷	zàn
Han-Latin	𬡻	chǎn
Han-Latin	𬢇	hā
Han-Latin	𬢈	dòng
Han-Latin	𬢉	cī
Han-Latin	𬢊	sì
Han-Latin	𬢋	tiào
Han-Latin	𬢌	zhì
Han-Latin	𬢎	dǔ
Han-Latin	𬢏	dān
Han-Latin	𬢐	qì
Han-Latin	𬢑	yǐng
Han-Latin	𬢒	míng
Han-Latin	𬢔	dēng
Han-Latin	𬢪	zhōu
Han-Latin	𬢯	yīng
Han-Latin	𬢳	cān
Han-Latin	𬣀	wèi
Han-Latin	𬣙	xū
Han-Latin	𬣚	kǒu
Han-Latin	𬣛	zhì
Han-Latin	𬣜	hào
Han-Latin	𬣝	jùn
Han-Latin	𬣞	zhǔ
Han-Latin	𬣟	tǒu
Han-Latin	𬣠	gàn
Han-Latin	𬣡	jiàn
Han-Latin	𬣢	tā
Han-Latin	𬣣	zhù
Han-Latin	𬣤	juǎn
Han-Latin	𬣥	tāo
Han-Latin	𬣦	ào
Han-Latin	𬣧	fèi
Han-Latin	𬣨	yǎ
Han-Latin	𬣩	wēi
Han-Latin	𬣪	huì
Han-Latin	𬣬	huì
Han-Latin	𬣭	dǎng
Han-Latin	𬣮	míng
Han-Latin	𬣯	rén
Han-Latin	𬣰	huì
Han-Latin	𬣱	chóu
Han-Latin	𬣲	bìng
Han-Latin	𬣳	hěn
Han-Latin	𬣶	zhà
Han-Latin	𬣷	sù
Han-Latin	𬣸	hàn
Han-Latin	𬣹	cù
Han-Latin	𬣻	tìng
Han-Latin	𬣼	lǎng
Han-Latin	𬣽	lián
Han-Latin	𬣾	zhā
Han-Latin	𬣿	láo
Han-Latin	𬤀	xià
Han-Latin	𬤁	táo
Han-Latin	𬤂	tàn
Han-Latin	𬤄	càn
Han-Latin	𬤅	jí
Han-Latin	𬤆	gùn
Han-Latin	𬤇	yīn
Han-Latin	𬤉	huì
Han-Latin	𬤊	shì
Han-Latin	𬤋	còng
Han-Latin	𬤌	chā
Han-Latin	𬤍	huáng
Han-Latin	𬤎	xuān
Han-Latin	𬤏	duó
Han-Latin	𬤐	gē
Han-Latin	𬤑	gé
Han-Latin	𬤒	gé
Han-Latin	𬤓	chī
Han-Latin	𬤕	tà
Han-Latin	𬤖	gùn
Han-Latin	𬤘	chì
Han-Latin	𬤙	hū
Han-Latin	𬤚	yīng
Han-Latin	𬤛	chǎn
Han-Latin	𬤜	zhā
Han-Latin	𬤝	huì
Han-Latin	𬤞	yì
Han-Latin	𬤟	liáo
Han-Latin	𬤠	yán
Han-Latin	𬤡	ào
Han-Latin	𬤢	zǔn
Han-Latin	𬤣	duì
Han-Latin	𬤤	zēng
Han-Latin	𬤥	zhuàn
Han-Latin	𬤦	yí
Han-Latin	𬤨	zào
Han-Latin	𬤩	ài
Han-Latin	𬤪	tà
Han-Latin	𬤫	háo
Han-Latin	𬤬	tuān
Han-Latin	𬤭	huì
Han-Latin	𬤮	zàn
Han-Latin	𬤯	jiǎn
Han-Latin	𬤰	huān
Han-Latin	𬤱	tuí
Han-Latin	𬥄	zhé
Han-Latin	𬥈	mào
Han-Latin	𬥳	chuàng
Han-Latin	𬥴	hān
Han-Latin	𬥵	yì
Han-Latin	𬥶	bì
Han-Latin	𬥷	zhèng
Han-Latin	𬥸	chuàn
Han-Latin	𬥺	yǎn
Han-Latin	𬥻	ruǎn
Han-Latin	𬥼	zhuàn
Han-Latin	𬥽	hòu
Han-Latin	𬥾	làn
Han-Latin	𬥿	zhàn
Han-Latin	𬦅	tàng
Han-Latin	𬦆	tuán
Han-Latin	𬦣	lì
Han-Latin	𬦥	bèi
Han-Latin	𬦧	lún
Han-Latin	𬦩	zǒu
Han-Latin	𬦫	duò
Han-Latin	𬦯	xié
Han-Latin	𬦴	bìng
Han-Latin	𬦵	zhāng
Han-Latin	𬦻	guàn
Han-Latin	𬧀	qiāng
Han-Latin	𬧃	téng
Han-Latin	𬧑	niǎn
Han-Latin	𬧚	diān
Han-Latin	𬧢	lǒng
Han-Latin	𬧤	lào
Han-Latin	𬧩	guó
Han-Latin	𬨁	máo
Han-Latin	𬨂	qí
Han-Latin	𬨄	yǎng
Han-Latin	𬨅	niǎn
Han-Latin	𬨆	gǒng
Han-Latin	𬨇	kǎi
Han-Latin	𬨈	wǎn
Han-Latin	𬨉	tián
Han-Latin	𬨋	zàng
Han-Latin	𬨌	pì
Han-Latin	𬨍	gé
Han-Latin	𬨎	yóu
Han-Latin	𬨏	xǔ
Han-Latin	𬨐	huì
Han-Latin	𬨑	sǎng
Han-Latin	𬨒	guāng
Han-Latin	𬨓	cháo
Han-Latin	𬨔	pì
Han-Latin	𬨕	zhì
Han-Latin	𬩎	huò
Han-Latin	𬩽	xún
Han-Latin	𬩾	lái
Han-Latin	𬪍	mào
Han-Latin	𬪧	yù
Han-Latin	𬪨	zhǎn
Han-Latin	𬪩	nóng
Han-Latin	𬪺	guàng
Han-Latin	𬫿	gá
Han-Latin	𬬇	zhē
Han-Latin	𬬧	hàn
Han-Latin	𬬨	huá
Han-Latin	𬬩	yì
Han-Latin	𬬪	kòu
Han-Latin	𬬫	pī
Han-Latin	𬬬	wéi
Han-Latin	𬬭	lún
Han-Latin	𬬮	chǎng
Han-Latin	𬬯	rén
Han-Latin	𬬰	qiāng
Han-Latin	𬬱	jīn
Han-Latin	𬬲	zhāo
Han-Latin	𬬳	qí
Han-Latin	𬬵	chén
Han-Latin	𬬷	shí
Han-Latin	𬬸	shù
Han-Latin	𬬹	shén
Han-Latin	𬬺	chú
Han-Latin	𬬻	lú
Han-Latin	𬬽	zuó
Han-Latin	𬬾	níng
Han-Latin	𬬿	zhāo
Han-Latin	𬭀	sì
Han-Latin	𬭁	mǔ
Han-Latin	𬭂	hóng
Han-Latin	𬭃	pī
Han-Latin	𬭄	xī
Han-Latin	𬭅	xiàng
Han-Latin	𬭆	duǒ
Han-Latin	𬭇	guó
Han-Latin	𬭈	chá
Han-Latin	𬭉	jī
Han-Latin	𬭊	dù
Han-Latin	𬭌	huá
Han-Latin	𬭍	hàn
Han-Latin	𬭎	hóng
Han-Latin	𬭏	yáng
Han-Latin	𬭑	zì
Han-Latin	𬭓	tiǎn
Han-Latin	𬭔	chuò
Han-Latin	𬭕	diāo
Han-Latin	𬭖	péng
Han-Latin	𬭗	nèi
Han-Latin	𬭚	chún
Han-Latin	𬭛	bō
Han-Latin	𬭜	lèi
Han-Latin	𬭝	sǎn
Han-Latin	𬭞	dā
Han-Latin	𬭟	còu
Han-Latin	𬭠	chǎ
Han-Latin	𬭡	zhāo
Han-Latin	𬭢	guì
Han-Latin	𬭣	xiàn
Han-Latin	𬭤	hóu
Han-Latin	𬭥	zǒng
Han-Latin	𬭦	nòu
Han-Latin	𬭨	chuí
Han-Latin	𬭩	wēng
Han-Latin	𬭪	xiá
Han-Latin	𬭫	zhǎn
Han-Latin	𬭬	huì
Han-Latin	𬭭	qī
Han-Latin	𬭮	mǎn
Han-Latin	𬭯	piě
Han-Latin	𬭰	yí
Han-Latin	𬭲	suǒ
Han-Latin	𬭳	xǐ
Han-Latin	𬭴	jié
Han-Latin	𬭶	hēi
Han-Latin	𬭷	chēng
Han-Latin	𬭸	lín
Han-Latin	𬭺	biāo
Han-Latin	𬭻	jiǎo
Han-Latin	𬭼	suì
Han-Latin	𬭽	bì
Han-Latin	𬭿	jī
Han-Latin	𬮁	bó
Han-Latin	𬮃	zuǎn
Han-Latin	𬮄	jiào
Han-Latin	𬮘	huò
Han-Latin	𬮟	lìn
Han-Latin	𬮠	xiǎ
Han-Latin	𬮡	mǎ
Han-Latin	𬮢	hòng
Han-Latin	𬮣	kuāng
Han-Latin	𬮤	gé
Han-Latin	𬮥	chù
Han-Latin	𬮦	guān
Han-Latin	𬮨	huò
Han-Latin	𬮩	qì
Han-Latin	𬮪	shā
Han-Latin	𬮭	kuī
Han-Latin	𬮯	què
Han-Latin	𬮰	ē
Han-Latin	𬮱	yīn
Han-Latin	𬮲	yǎo
Han-Latin	𬮳	bǎn
Han-Latin	𬮴	àn
Han-Latin	𬮵	xiàn
Han-Latin	𬮹	dēng
Han-Latin	𬮺	mà
Han-Latin	𬮻	wù
Han-Latin	𬮿	gài
Han-Latin	𬯀	jī
Han-Latin	𬯅	xiá
Han-Latin	𬯎	tuí
Han-Latin	𬰃	mù
Han-Latin	𬰡	luǒ
Han-Latin	𬰣	jiǎn
Han-Latin	𬰤	zhòu
Han-Latin	𬰥	liǎng
Han-Latin	𬰱	jiān
Han-Latin	𬰳	dié
Han-Latin	𬰶	suì
Han-Latin	𬰷	chān
Han-Latin	𬰸	yù
Han-Latin	𬰺	yè
Han-Latin	𬱇	cí
Han-Latin	𬱓	qiú
Han-Latin	𬱔	yòu
Han-Latin	𬱕	mò
Han-Latin	𬱖	dí
Han-Latin	𬱗	dān
Han-Latin	𬱙	pàn
Han-Latin	𬱛	zhuàn
Han-Latin	𬱜	lèi
Han-Latin	𬱝	gěn
Han-Latin	𬱟	wěi
Han-Latin	𬱠	guā
Han-Latin	𬱢	wèn
Han-Latin	𬱣	cén
Han-Latin	𬱥	hōng
Han-Latin	𬱦	qī
Han-Latin	𬱪	yí
Han-Latin	𬱫	dìng
Han-Latin	𬱬	sǎn
Han-Latin	𬱭	pò
Han-Latin	𬱮	āo
Han-Latin	𬱯	shǒu
Han-Latin	𬱰	pī
Han-Latin	𬱱	zhǎn
Han-Latin	𬱳	yù
Han-Latin	𬱵	wěi
Han-Latin	𬱷	xuè
Han-Latin	𬱸	xuè
Han-Latin	𬱼	kǎi
Han-Latin	𬱽	xuàn
Han-Latin	𬱿	guó
Han-Latin	𬲀	hū
Han-Latin	𬲅	liáo
Han-Latin	𬲆	yù
Han-Latin	𬲕	jiǎn
Han-Latin	𬲜	chēng
Han-Latin	𬲦	sì
Han-Latin	𬲪	sōng
Han-Latin	𬲫	niǎn
Han-Latin	𬲭	jiě
Han-Latin	𬲮	dī
Han-Latin	𬲯	gōu
Han-Latin	𬲰	shāng
Han-Latin	𬲲	níng
Han-Latin	𬲳	yì
Han-Latin	𬲴	mǎn
Han-Latin	𬲶	cí
Han-Latin	𬲷	èn
Han-Latin	𬲸	guò
Han-Latin	𬲹	māng
Han-Latin	𬲺	bǎo
Han-Latin	𬲻	tí
Han-Latin	𬲼	yè
Han-Latin	𬲾	hú
Han-Latin	𬳀	yì
Han-Latin	𬳁	yáo
Han-Latin	𬳂	zhuì
Han-Latin	𬳃	bì
Han-Latin	𬳅	suǐ
Han-Latin	𬳆	jiān
Han-Latin	𬳉	dā
Han-Latin	𬳊	táo
Han-Latin	𬳋	xī
Han-Latin	𬳌	qiǔ
Han-Latin	𬳍	táng
Han-Latin	𬳐	chóng
Han-Latin	𬳑	yǐng
Han-Latin	𬳒	dèng
Han-Latin	𬳓	yōng
Han-Latin	𬳔	mó
Han-Latin	𬳟	fén
Han-Latin	𬳲	chǎn
Han-Latin	𬳳	fān
Han-Latin	𬳴	pēng
Han-Latin	𬳵	pī
Han-Latin	𬳶	jiōng
Han-Latin	𬳷	guā
Han-Latin	𬳸	wò
Han-Latin	𬳻	kuāng
Han-Latin	𬳽	shēn
Han-Latin	𬳾	chí
Han-Latin	𬳿	tú
Han-Latin	𬴀	liáng
Han-Latin	𬴁	àn
Han-Latin	𬴂	fēi
Han-Latin	𬴃	huō
Han-Latin	𬴅	péng
Han-Latin	𬴆	qí
Han-Latin	𬴇	chì
Han-Latin	𬴊	lín
Han-Latin	𬴋	tiě
Han-Latin	𬴌	méng
Han-Latin	𬴍	biāo
Han-Latin	𬴎	tuó
Han-Latin	𬴏	jiǎn
Han-Latin	𬴐	huān
Han-Latin	𬴨	nào
Han-Latin	𬴩	nóng
Han-Latin	𬵨	mì
Han-Latin	𬶀	jiē
Han-Latin	𬶁	rén
Han-Latin	𬶂	dù
Han-Latin	𬶄	diào
Han-Latin	𬶆	bàng
Han-Latin	𬶇	jiè
Han-Latin	𬶉	wǔ
Han-Latin	𬶊	gèng
Han-Latin	𬶋	jū
Han-Latin	𬶌	dài
Han-Latin	𬶍	tuó
Han-Latin	𬶎	jié
Han-Latin	𬶏	wéi
Han-Latin	𬶐	zhào
Han-Latin	𬶓	tíng
Han-Latin	𬶔	kào
Han-Latin	𬶕	tí
Han-Latin	𬶗	láo
Han-Latin	𬶛	shàn
Han-Latin	𬶞	hú
Han-Latin	𬶟	là
Han-Latin	𬶠	liàn
Han-Latin	𬶢	xīng
Han-Latin	𬶣	zhǎ
Han-Latin	𬶤	tí
Han-Latin	𬶦	yóu
Han-Latin	𬶧	róu
Han-Latin	𬶨	jì
Han-Latin	𬶪	nì
Han-Latin	𬶫	huáng
Han-Latin	𬶬	qū
Han-Latin	𬶭	jì
Han-Latin	𬶮	xǐ
Han-Latin	𬶯	guǒ
Han-Latin	𬶱	jǐng
Han-Latin	𬶲	xiàng
Han-Latin	𬶴	pū
Han-Latin	𬶵	guān
Han-Latin	𬶺	guàn
Han-Latin	𬶻	bà
Han-Latin	𬷕	bǔ
Han-Latin	𬷟	jiān
Han-Latin	𬷼	yì
Han-Latin	𬷽	xiāo
Han-Latin	𬷾	hóng
Han-Latin	𬸀	wén
Han-Latin	𬸁	ǒu
Han-Latin	𬸂	gē
Han-Latin	𬸅	chú
Han-Latin	𬸆	shēng
Han-Latin	𬸈	chī
Han-Latin	𬸉	qióng
Han-Latin	𬸊	rén
Han-Latin	𬸌	shā
Han-Latin	𬸍	chóu
Han-Latin	𬸎	lí
Han-Latin	𬸏	láng
Han-Latin	𬸐	chuáng
Han-Latin	𬸑	yuè
Han-Latin	𬸒	qí
Han-Latin	𬸕	yīng
Han-Latin	𬸖	yán
Han-Latin	𬸘	yǎn
Han-Latin	𬸙	miáo
Han-Latin	𬸚	yuè
Han-Latin	𬸛	huáng
Han-Latin	𬸜	piān
Han-Latin	𬸝	ān
Han-Latin	𬸞	lǘ
Han-Latin	𬸠	gē
Han-Latin	𬸡	lán
Han-Latin	𬸢	gāo
Han-Latin	𬸣	xiān
Han-Latin	𬸤	piāo
Han-Latin	𬸥	chōng
Han-Latin	𬸦	zhuó
Han-Latin	𬸧	yàn
Han-Latin	𬸨	qī
Han-Latin	𬸩	ǎo
Han-Latin	𬸪	fán
Han-Latin	𬸬	kòu
Han-Latin	𬸭	yà
Han-Latin	𬸮	kuí
Han-Latin	𬸯	pì
Han-Latin	𬸰	hè
Han-Latin	𬸱	qú
Han-Latin	𬸵	zhàn
Han-Latin	𬸶	chāng
Han-Latin	𬸷	còu
Han-Latin	𬸸	biàn
Han-Latin	𬸹	gàn
Han-Latin	𬸾	qí
Han-Latin	𬹅	cái
Han-Latin	𬹇	bó
Han-Latin	𬹉	hún
Han-Latin	𬹋	hún
Han-Latin	𬹌	nié
Han-Latin	𬹍	mò
Han-Latin	𬹎	shàn
Han-Latin	𬹕	zhěn
Han-Latin	𬹖	nóng
Han-Latin	𬹗	lái
Han-Latin	𬹘	téng
Han-Latin	𬹣	zhū
Han-Latin	𬹳	jī
Han-Latin	𬹺	yá
Han-Latin	𬹻	nà
Han-Latin	𬹼	xiè
Han-Latin	𬹽	háng
Han-Latin	𬺀	zhā
Han-Latin	𬺁	zhì
Han-Latin	𬺂	niè
Han-Latin	𬺃	ái
Han-Latin	𬺄	kuò
Han-Latin	𬺅	chǎn
Han-Latin	𬺇	cuó
Han-Latin	𬺈	yǐ
Han-Latin	𬺉	zé
Han-Latin	𬺊	yǔn
Han-Latin	𬺋	zú
Han-Latin	𬺌	yá
Han-Latin	𬺍	jiān
Han-Latin	𬺎	cī
Han-Latin	𬺏	bó
Han-Latin	𬺒	yǐn
Han-Latin	𬺓	chǔ
Han-Latin	𬺔	jìn
Han-Latin	𬺕	chà
Han-Latin	𬺖	jué
Han-Latin	𬺜	lóng
Han-Latin	𬺟	yào
Han-Latin	𭀖	lí
Han-Latin	𭄛	zuān
Han-Latin	𭇜	pō
Han-Latin	𭇯	liú
Han-Latin	𭈈	mǔ
Han-Latin	𭈉	yìng
Han-Latin	𭈮	huán
Han-Latin	𭉨	zuǐ
Han-Latin	𭊸	là
Han-Latin	𭎂	zōng
Han-Latin	𭎜	dǎo
Han-Latin	𭏦	ài
Han-Latin	𭏸	wěi
Han-Latin	𭕆	suǒ
Han-Latin	𭗡	kē
Han-Latin	𭘓	hū
Han-Latin	𭚦	guō
Han-Latin	𭝋	líng
Han-Latin	𭞄	ài
Han-Latin	𭠙	pū
Han-Latin	𭡜	shěn
Han-Latin	𭣇	diān
Han-Latin	𭣧	yì
Han-Latin	𭤎	lí
Han-Latin	𭤰	yú
Han-Latin	𭧋	tǎng
Han-Latin	𭩚	yǐ
Han-Latin	𭩛	mēn
Han-Latin	𭩰	fá
Han-Latin	𭪆	zhuā
Han-Latin	𭫀	kuì
Han-Latin	𭫙	dí
Han-Latin	𭭈	yà
Han-Latin	𭰎	dāng
Han-Latin	𭰒	shā
Han-Latin	𭱊	hòng
Han-Latin	𭲫	zhú
Han-Latin	𭴊	mó
Han-Latin	𭹜	luó
Han-Latin	𭻔	lái
Han-Latin	𮀤	láo
Han-Latin	𮀲	gèng
Han-Latin	𮅆	bǐ
Han-Latin	𮆏	lán
Han-Latin	𮇤	líng
Han-Latin	𮉠	qiú
Han-Latin	𮉡	lú
Han-Latin	𮉢	zhì
Han-Latin	𮉣	zuó
Han-Latin	𮉤	guà
Han-Latin	𮉦	wǎng
Han-Latin	𮉧	liǎng
Han-Latin	𮉨	guā
Han-Latin	𮉪	zōu
Han-Latin	𮉫	ruí
Han-Latin	𮉬	cuì
Han-Latin	𮉮	suì
Han-Latin	𮉯	cài
Han-Latin	𮏺	dú
Han-Latin	𮐚	fán
Han-Latin	𮐨	yīng
Han-Latin	𮔂	jié
Han-Latin	𮔅	fù
Han-Latin	𮔊	liǎng
Han-Latin	𮖁	liǎng
Han-Latin	𮖱	xié
Han-Latin	𮙊	yǐn
Han-Latin	𮙋	dú
Han-Latin	𮚫	zhù
Han-Latin	𮛗	táng
Han-Latin	𮜶	dào
Han-Latin	𮝴	gū
Han-Latin	𮝵	ér
Han-Latin	𮝷	fén
Han-Latin	𮝸	chūn
Han-Latin	𮝹	huàn
Han-Latin	𮝺	gé
Han-Latin	𮠞	qiāng
Han-Latin	𮠳	chěn
Han-Latin	𮡈	kē
Han-Latin	𮣲	gāng
Han-Latin	𮣳	hóng
Han-Latin	𮣴	chán
Han-Latin	𮣵	zhuì
Han-Latin	𮣶	lǜ
Han-Latin	𮣷	jù
Han-Latin	𮤫	mén
Han-Latin	𮤬	chù
Han-Latin	𮤯	ruì
Han-Latin	𮤲	bì
Han-Latin	𮤸	é
Han-Latin	𮧴	chàng
Han-Latin	𮧵	wěi
Han-Latin	𮨴	fēng
Han-Latin	𮨵	liù
Han-Latin	𮩛	bì
Han-Latin	𮩜	hài
Han-Latin	𮩝	ài
Han-Latin	𮩞	yì
Han-Latin	𮪡	máng
Han-Latin	𮪢	hài
Han-Latin	𮪣	zōng
Han-Latin	𮪤	cǎo
Han-Latin	𮪥	dūn
Han-Latin	𮫂	níng
Han-Latin	𮬛	xù
Han-Latin	𮬜	yì
Han-Latin	𮬝	guì
Han-Latin	𮬞	cān
Han-Latin	𮬟	huò
Han-Latin	𮬠	lù
Han-Latin	𮬡	huá
Han-Latin	𮬢	wēng
Han-Latin	𮬣	xián
Han-Latin	𮬤	zhēn
Han-Latin	𮭡	jiè
Han-Latin	𮭢	yāo
Han-Latin	𮭤	miè
Han-Latin	𮭥	gōng
Han-Latin	𮭦	chén
Han-Latin	𮭨	yàn
Han-Latin	𮭪	shuāng
Han-Latin	𮭰	gǎng
Han-Latin	𮮄	miàn
Han-Latin	𮮆	pào
Han-Latin	𮮇	móu
Han-Latin	𮯙	kè
Han-Latin	𮯴	ní
Han-Latin	𮯵	ǒu
Han-Latin	𮯸	lì
Han-Latin	𮰄	chǒng
Han-Latin	𮰉	píng
Han-Latin	𮰔	wéi
Han-Latin	𮰸	yǐ
Han-Latin	𮰽	yuè
Han-Latin	𮰾	lǎn
Han-Latin	𮰿	qiè
Han-Latin	𮱁	jìn
Han-Latin	𮱇	lián
Han-Latin	𮱊	luó
Han-Latin	𮱐	wān
Han-Latin	𮱒	niǎo
Han-Latin	𮱠	jùn
Han-Latin	𮱣	tuí
Han-Latin	𮱩	yùn
Han-Latin	𮱯	dān
Han-Latin	𮱵	qiāo
Han-Latin	𮲁	qiàn
Han-Latin	𮲃	lè
Han-Latin	𮲄	tòng
Han-Latin	𮲇	guó
Han-Latin	𮲔	ái
Han-Latin	𮲚	wàn
Han-Latin	𮲝	yāo
Han-Latin	𮲟	xǔ
Han-Latin	𮲮	shuāng
Han-Latin	𮲰	bì
Han-Latin	𮲲	qìng
Han-Latin	𮲶	jiàn
Han-Latin	𮳆	hé
Han-Latin	𮳎	lán
Han-Latin	𮳏	xiàn
Han-Latin	𮳖	yàn
Han-Latin	𮳗	shū
Han-Latin	𮳜	yì
Han-Latin	𮳠	fèng
Han-Latin	𮳢	zhǔ
Han-Latin	𮳧	qiāo
Han-Latin	𮳳	zǒng
Han-Latin	𮳴	yè
Han-Latin	𮴔	yè
Han-Latin	𮴕	qìng
Han-Latin	𮴨	cōng
Han-Latin	𮴼	yǎn
Han-Latin	𮴿	tián
Han-Latin	𮵅	xī
Han-Latin	𮵑	nǎo
Han-Latin	𮵠	yī
Han-Latin	𮵮	diǎo
Han-Latin	𮵱	lái
Han-Latin	𮵿	chà
Han-Latin	𮶁	guān
Han-Latin	𮶂	féng
Han-Latin	𮶃	tāo
Han-Latin	𮶔	wèi
Han-Latin	𮶙	jiàn
Han-Latin	𮶝	é
Han-Latin	𮶬	jiàn
Han-Latin	𮷅	dǒng
Han-Latin	𮷇	luò
Han-Latin	𮷈	jī
Han-Latin	𮷊	bò
Han-Latin	𮷍	zhù
Han-Latin	𮷗	dài
Han-Latin	𮷚	zàng
Han-Latin	𮷛	hōng
Han-Latin	𮷝	tāo
Han-Latin	𮷣	yuǎn
Han-Latin	𮷨	lì
Han-Latin	𮷯	xǐ
Han-Latin	𮷸	yuán
Han-Latin	𮷻	liú
Han-Latin	𮸀	liàn
Han-Latin	𮸈	jūn
Han-Latin	𮸊	chān
Han-Latin	𮸌	shì
Han-Latin	𮸏	cuān
Han-Latin	𮸐	fāng
Han-Latin	𮸕	fù
Han-Latin	𮸗	xiǎn
Han-Latin	𮸛	kǎi
Han-Latin	𮸞	qī
Han-Latin	𮸟	cháng
Han-Latin	𮸠	xiàn
Han-Latin	𮸥	xié
Han-Latin	𮸦	fù
Han-Latin	𮸧	què
Han-Latin	𮸮	xié
Han-Latin	𮸹	gù
Han-Latin	𮸼	biāo
Han-Latin	𮸽	fēi
Han-Latin	𮹀	pīn
Han-Latin	𮹂	fēi
Han-Latin	𮹅	mò
Han-Latin	𮹋	zhōu
Han-Latin	𮹌	wēn
Han-Latin	𮹘	yīng
Han-Latin	𮹙	hè
Han-Latin	𮹜	yàn
Han-Latin	𮹝	tà
Han-Latin	𰀡	qiān
Han-Latin	𰀢	jiān
Han-Latin	𰁜	luán
Han-Latin	𰁧	sǒng
Han-Latin	𰁸	dàng
Han-Latin	𰁾	fù
Han-Latin	𰂋	xiàn
Han-Latin	𰂎	xiàn
Han-Latin	𰂏	yù
Han-Latin	𰂗	dì
Han-Latin	𰂜	tuǐ
Han-Latin	𰂦	lǚ
Han-Latin	𰂭	sì
Han-Latin	𰃆	zǎn
Han-Latin	𰃮	xué
Han-Latin	𰃷	cāng
Han-Latin	𰃻	bì
Han-Latin	𰃿	dú
Han-Latin	𰄁	shèn
Han-Latin	𰄞	tuán
Han-Latin	𰅔	lǜ
Han-Latin	𰅥	dú
Han-Latin	𰅦	dān
Han-Latin	𰅻	xiá
Han-Latin	𰆕	wēi
Han-Latin	𰆚	lán
Han-Latin	𰇀	gài
Han-Latin	𰇎	dǒng
Han-Latin	𰇕	jiá
Han-Latin	𰇖	hóng
Han-Latin	𰇘	jī
Han-Latin	𰇡	hé
Han-Latin	𰇣	xī
Han-Latin	𰇲	tǎn
Han-Latin	𰇼	shān
Han-Latin	𰈆	lǎn
Han-Latin	𰈇	cháng
Han-Latin	𰈊	diǎn
Han-Latin	𰈍	chèn
Han-Latin	𰈓	làn
Han-Latin	𰈯	zá
Han-Latin	𰈶	mó
Han-Latin	𰉁	yán
Han-Latin	𰉄	zá
Han-Latin	𰉘	wěi
Han-Latin	𰉙	gāng
Han-Latin	𰉚	xiàn
Han-Latin	𰉣	yì
Han-Latin	𰉥	jiā
Han-Latin	𰉩	què
Han-Latin	𰉪	yè
Han-Latin	𰉱	jiǎn
Han-Latin	𰉽	xué
Han-Latin	𰊂	zhì
Han-Latin	𰊅	zhàn
Han-Latin	𰊈	qiǎng
Han-Latin	𰊑	xiàn
Han-Latin	𰊛	kuí
Han-Latin	𰊟	mán
Han-Latin	𰊡	yán
Han-Latin	𰊢	qiàn
Han-Latin	𰋖	lǒu
Han-Latin	𰋸	dàng
Han-Latin	𰋹	zhuān
Han-Latin	𰋽	yān
Han-Latin	𰋾	bì
Han-Latin	𰌀	yīng
Han-Latin	𰌂	zhēng
Han-Latin	𰌆	qiàn
Han-Latin	𰌇	zé
Han-Latin	𰌉	yùn
Han-Latin	𰌙	lǎn
Han-Latin	𰌦	yā
Han-Latin	𰌷	wěi
Han-Latin	𰎌	sǒng
Han-Latin	𰎎	lóng
Han-Latin	𰎏	dōng
Han-Latin	𰎐	lú
Han-Latin	𰎑	yè
Han-Latin	𰎔	yáo
Han-Latin	𰎖	zè
Han-Latin	𰎛	kuài
Han-Latin	𰎞	náo
Han-Latin	𰎠	yán
Han-Latin	𰎢	wéi
Han-Latin	𰎫	yuè
Han-Latin	𰎹	yǎn
Han-Latin	𰏁	cuán
Han-Latin	𰏓	wù
Han-Latin	𰏕	sàn
Han-Latin	𰏜	lóu
Han-Latin	𰏟	lán
Han-Latin	𰏲	mà
Han-Latin	𰏶	kuài
Han-Latin	𰏼	dài
Han-Latin	𰐾	kuǎng
Han-Latin	𰑁	tuán
Han-Latin	𰑄	lún
Han-Latin	𰑔	zhí
Han-Latin	𰑕	yān
Han-Latin	𰑙	liú
Han-Latin	𰑟	gōng
Han-Latin	𰑥	xián
Han-Latin	𰑧	cán
Han-Latin	𰑪	shéng
Han-Latin	𰑫	luǒ
Han-Latin	𰑬	zhì
Han-Latin	𰑵	dì
Han-Latin	𰑸	yì
Han-Latin	𰑿	tǎng
Han-Latin	𰒆	mán
Han-Latin	𰒒	chì
Han-Latin	𰒖	miǎo
Han-Latin	𰓄	chéng
Han-Latin	𰓆	wǔ
Han-Latin	𰓔	shǎn
Han-Latin	𰓙	yè
Han-Latin	𰓜	zhì
Han-Latin	𰓟	zá
Han-Latin	𰓧	sūn
Han-Latin	𰓬	lì
Han-Latin	𰓱	kēng
Han-Latin	𰓷	ruán
Han-Latin	𰓻	guī
Han-Latin	𰓼	chàn
Han-Latin	𰔇	dì
Han-Latin	𰔋	guì
Han-Latin	𰔲	qiān
Han-Latin	𰔶	yú
Han-Latin	𰕁	xún
Han-Latin	𰕅	qū
Han-Latin	𰕈	jiǎo
Han-Latin	𰕐	xié
Han-Latin	𰕭	kuài
Han-Latin	𰖈	yǎn
Han-Latin	𰖠	nàn
Han-Latin	𰖩	lí
Han-Latin	𰗆	huì
Han-Latin	𰗓	huǎng
Han-Latin	𰗖	lún
Han-Latin	𰗙	chōu
Han-Latin	𰗚	xiě
Han-Latin	𰗛	zhái
Han-Latin	𰗜	yǎn
Han-Latin	𰗡	chǎn
Han-Latin	𰗢	huī
Han-Latin	𰗣	zá
Han-Latin	𰗦	jǐn
Han-Latin	𰗨	shí
Han-Latin	𰗬	qiān
Han-Latin	𰗵	shěn
Han-Latin	𰗹	sù
Han-Latin	𰗺	fén
Han-Latin	𰘀	dài
Han-Latin	𰘈	jú
Han-Latin	𰘓	qǐng
Han-Latin	𰘠	yán
Han-Latin	𰘣	mián
Han-Latin	𰘩	xiāo
Han-Latin	𰘳	lài
Han-Latin	𰘶	sū
Han-Latin	𰘸	sǒu
Han-Latin	𰙋	wū
Han-Latin	𰙎	hān
Han-Latin	𰙑	xiào
Han-Latin	𰙕	lòu
Han-Latin	𰚔	níng
Han-Latin	𰚦	lǘ
Han-Latin	𰚪	rán
Han-Latin	𰚱	yè
Han-Latin	𰛊	mǎ
Han-Latin	𰛏	cóng
Han-Latin	𰛒	dōng
Han-Latin	𰛛	shǎn
Han-Latin	𰛡	bì
Han-Latin	𰛣	zhí
Han-Latin	𰛤	zhì
Han-Latin	𰛥	ái
Han-Latin	𰛦	huì
Han-Latin	𰛩	shǎn
Han-Latin	𰛪	luán
Han-Latin	𰛮	lǔ
Han-Latin	𰛲	liàn
Han-Latin	𰛵	xián
Han-Latin	𰛽	dǐng
Han-Latin	𰜐	lǎn
Han-Latin	𰜜	qìn
Han-Latin	𰜝	yàng
Han-Latin	𰜢	hè
Han-Latin	𰜨	jiàn
Han-Latin	𰜳	yíng
Han-Latin	𰝅	yíng
Han-Latin	𰝋	yīn
Han-Latin	𰝍	huī
Han-Latin	𰝗	jiǎn
Han-Latin	𰝟	xiǎn
Han-Latin	𰝤	xiǎn
Han-Latin	𰝾	chuǐ
Han-Latin	𰞇	yì
Han-Latin	𰞍	jié
Han-Latin	𰞤	jiān
Han-Latin	𰞲	bì
Han-Latin	𰞷	zào
Han-Latin	𰞻	fén
Han-Latin	𰟘	yàn
Han-Latin	𰠛	jiān
Han-Latin	𰠫	gāng
Han-Latin	𰠲	kēng
Han-Latin	𰠴	yǎo
Han-Latin	𰠹	pái
Han-Latin	𰡄	lú
Han-Latin	𰡊	xiāo
Han-Latin	𰡋	huī
Han-Latin	𰡎	lái
Han-Latin	𰡏	wō
Han-Latin	𰡔	chán
Han-Latin	𰡞	bèn
Han-Latin	𰡢	yīng
Han-Latin	𰡩	qí
Han-Latin	𰡰	chē
Han-Latin	𰡵	lú
Han-Latin	𰡻	nǎo
Han-Latin	𰡽	shú
Han-Latin	𰢄	sù
Han-Latin	𰢢	wǔ
Han-Latin	𰢤	yīng
Han-Latin	𰢦	lǒu
Han-Latin	𰣦	wěi
Han-Latin	𰣩	níng
Han-Latin	𰣬	jì
Han-Latin	𰣯	xián
Han-Latin	𰣶	tuí
Han-Latin	𰣼	jī
Han-Latin	𰣽	luán
Han-Latin	𰤓	tǎng
Han-Latin	𰤕	lì
Han-Latin	𰤨	tà
Han-Latin	𰤫	dú
Han-Latin	𰤬	dú
Han-Latin	𰥊	kàn
Han-Latin	𰥒	cōng
Han-Latin	𰥛	fèn
Han-Latin	𰥞	yíng
Han-Latin	𰥠	mǎn
Han-Latin	𰥢	xǐ
Han-Latin	𰥣	kēng
Han-Latin	𰥨	xián
Han-Latin	𰥪	guī
Han-Latin	𰥭	měng
Han-Latin	𰥹	tǎng
Han-Latin	𰦜	bà
Han-Latin	𰦦	lì
Han-Latin	𰦨	huǐ
Han-Latin	𰦭	lóng
Han-Latin	𰦰	zé
Han-Latin	𰦴	yā
Han-Latin	𰦷	láo
Han-Latin	𰦾	yán
Han-Latin	𰦿	tuó
Han-Latin	𰧃	jiàn
Han-Latin	𰧇	xián
Han-Latin	𰧉	zhì
Han-Latin	𰧎	qīn
Han-Latin	𰧔	jiān
Han-Latin	𰧘	zhū
Han-Latin	𰧰	yáng
Han-Latin	𰧻	guì
Han-Latin	𰧾	nóng
Han-Latin	𰨖	tí
Han-Latin	𰨜	kuàng
Han-Latin	𰨦	jì
Han-Latin	𰨳	zī
Han-Latin	𰩅	lǒng
Han-Latin	𰩏	tiǎo
Han-Latin	𰩓	chēng
Han-Latin	𰩧	xū
Han-Latin	𰩮	tuán
Han-Latin	𰩲	lú
Han-Latin	𰩸	jiāo
Han-Latin	𰩹	dàng
Han-Latin	𰩺	yuē
Han-Latin	𰩻	zhuā
Han-Latin	𰪊	zhōng
Han-Latin	𰪏	lù
Han-Latin	𰪣	yíng
Han-Latin	𰪫	tuán
Han-Latin	𰪭	zhāng
Han-Latin	𰪶	tuán
Han-Latin	𰫋	mén
Han-Latin	𰫖	làn
Han-Latin	𰫼	zhěng
Han-Latin	𰫽	fóu
Han-Latin	𰬀	jì
Han-Latin	𰬃	liè
Han-Latin	𰬅	fū
Han-Latin	𰬆	qú
Han-Latin	𰬇	zhù
Han-Latin	𰬈	xián
Han-Latin	𰬉	tuó
Han-Latin	𰬋	hóng
Han-Latin	𰬌	gēng
Han-Latin	𰬍	xié
Han-Latin	𰬎	bì
Han-Latin	𰬏	zhū
Han-Latin	𰬐	qiāo
Han-Latin	𰬑	zhēng
Han-Latin	𰬒	cì
Han-Latin	𰬓	gāi
Han-Latin	𰬔	bēng
Han-Latin	𰬖	chéng
Han-Latin	𰬗	qiú
Han-Latin	𰬘	fú
Han-Latin	𰬙	chēn
Han-Latin	𰬚	yún
Han-Latin	𰬛	zhèn
Han-Latin	𰬜	miǎn
Han-Latin	𰬞	qīn
Han-Latin	𰬟	yù
Han-Latin	𰬠	huà
Han-Latin	𰬡	qiè
Han-Latin	𰬢	qī
Han-Latin	𰬣	xī
Han-Latin	𰬤	bì
Han-Latin	𰬥	zǒng
Han-Latin	𰬦	hū
Han-Latin	𰬧	tián
Han-Latin	𰬩	xiù
Han-Latin	𰬪	shān
Han-Latin	𰬫	zhì
Han-Latin	𰬬	miáo
Han-Latin	𰬭	běng
Han-Latin	𰬮	qiàn
Han-Latin	𰬯	zōng
Han-Latin	𰬰	zǒng
Han-Latin	𰬱	suǒ
Han-Latin	𰬲	quán
Han-Latin	𰬳	nì
Han-Latin	𰬴	zài
Han-Latin	𰬵	xuàn
Han-Latin	𰬶	qiè
Han-Latin	𰬷	sǎn
Han-Latin	𰬸	suì
Han-Latin	𰬹	zuǎn
Han-Latin	𰬺	zūn
Han-Latin	𰬻	yù
Han-Latin	𰬼	là
Han-Latin	𰬽	xiè
Han-Latin	𰬾	lián
Han-Latin	𰬿	pú
Han-Latin	𰭀	yōu
Han-Latin	𰭁	cōng
Han-Latin	𰭄	guàn
Han-Latin	𰭔	juàn
Han-Latin	𰭚	lóu
Han-Latin	𰭢	shà
Han-Latin	𰭣	dào
Han-Latin	𰭹	lóng
Han-Latin	𰮅	xiāng
Han-Latin	𰮇	hū
Han-Latin	𰮙	zhù
Han-Latin	𰮝	xiāo
Han-Latin	𰮲	sōu
Han-Latin	𰯋	ní
Han-Latin	𰯎	mán
Han-Latin	𰯲	jiān
Han-Latin	𰰆	tān
Han-Latin	𰰋	shuāng
Han-Latin	𰰌	zhōu
Han-Latin	𰰏	dài
Han-Latin	𰰑	lóu
Han-Latin	𰰠	xù
Han-Latin	𰰡	méng
Han-Latin	𰰢	tāng
Han-Latin	𰰤	qiū
Han-Latin	𰰨	lún
Han-Latin	𰰮	kuī
Han-Latin	𰰱	duì
Han-Latin	𰰳	shī
Han-Latin	𰰴	qǐ
Han-Latin	𰰵	shā
Han-Latin	𰰶	zá
Han-Latin	𰰷	fù
Han-Latin	𰰹	liú
Han-Latin	𰰺	shè
Han-Latin	𰰾	kē
Han-Latin	𰱀	gòng
Han-Latin	𰱇	jiān
Han-Latin	𰱈	yǒng
Han-Latin	𰱉	méng
Han-Latin	𰱌	nà
Han-Latin	𰱍	fén
Han-Latin	𰱐	xù
Han-Latin	𰱑	jiàn
Han-Latin	𰱛	zhōng
Han-Latin	𰱝	xiàng
Han-Latin	𰱟	fén
Han-Latin	𰱦	fù
Han-Latin	𰱩	lǘ
Han-Latin	𰱮	lǘ
Han-Latin	𰱯	bēi
Han-Latin	𰱱	cí
Han-Latin	𰱲	zhī
Han-Latin	𰱾	lài
Han-Latin	𰲁	tuí
Han-Latin	𰲂	téng
Han-Latin	𰲒	lèi
Han-Latin	𰲟	wū
Han-Latin	𰲠	zhàn
Han-Latin	𰲫	wú
Han-Latin	𰲬	chē
Han-Latin	𰲮	qiǎn
Han-Latin	𰲯	zōng
Han-Latin	𰲰	lún
Han-Latin	𰲲	guǐ
Han-Latin	𰲳	zhàn
Han-Latin	𰲴	lóng
Han-Latin	𰲵	zé
Han-Latin	𰲶	xīng
Han-Latin	𰲸	è
Han-Latin	𰲹	yǐ
Han-Latin	𰲺	guò
Han-Latin	𰲻	dá
Han-Latin	𰳁	jī
Han-Latin	𰳂	jiàn
Han-Latin	𰳄	chén
Han-Latin	𰳊	féi
Han-Latin	𰳗	yīng
Han-Latin	𰳚	wèi
Han-Latin	𰳲	lóng
Han-Latin	𰳵	yì
Han-Latin	𰳸	duì
Han-Latin	𰳹	yǎn
Han-Latin	𰳺	nóng
Han-Latin	𰳼	shī
Han-Latin	𰴂	sēn
Han-Latin	𰴕	miè
Han-Latin	𰴖	shào
Han-Latin	𰴗	lì
Han-Latin	𰴘	jiàn
Han-Latin	𰴙	jūn
Han-Latin	𰴚	lóu
Han-Latin	𰴛	dōu
Han-Latin	𰴜	qū
Han-Latin	𰴝	luó
Han-Latin	𰴞	qū
Han-Latin	𰴢	lì
Han-Latin	𰴣	xué
Han-Latin	𰴤	dǎi
Han-Latin	𰴯	yíng
Han-Latin	𰵊	jiào
Han-Latin	𰵌	yáng
Han-Latin	𰵍	zhùn
Han-Latin	𰵎	yóu
Han-Latin	𰵏	chāo
Han-Latin	𰵐	fǎn
Han-Latin	𰵑	é
Han-Latin	𰵒	chén
Han-Latin	𰵓	xù
Han-Latin	𰵔	yì
Han-Latin	𰵖	yì
Han-Latin	𰵗	yàng
Han-Latin	𰵙	dié
Han-Latin	𰵚	líng
Han-Latin	𰵛	gòu
Han-Latin	𰵜	táo
Han-Latin	𰵝	hé
Han-Latin	𰵞	yǒng
Han-Latin	𰵠	náo
Han-Latin	𰵡	kēng
Han-Latin	𰵢	jiá
Han-Latin	𰵣	hé
Han-Latin	𰵤	è
Han-Latin	𰵥	yí
Han-Latin	𰵦	xiào
Han-Latin	𰵧	zhì
Han-Latin	𰵨	zhān
Han-Latin	𰵩	bū
Han-Latin	𰵫	dòu
Han-Latin	𰵬	bié
Han-Latin	𰵭	chán
Han-Latin	𰵮	é
Han-Latin	𰵯	shuà
Han-Latin	𰵰	xìng
Han-Latin	𰵱	chēn
Han-Latin	𰵲	qī
Han-Latin	𰵳	zhuó
Han-Latin	𰵴	chù
Han-Latin	𰵵	nì
Han-Latin	𰵶	zhuì
Han-Latin	𰵷	zhuó
Han-Latin	𰵸	tà
Han-Latin	𰵹	niè
Han-Latin	𰵺	yuán
Han-Latin	𰵻	huá
Han-Latin	𰵼	huò
Han-Latin	𰵽	tāo
Han-Latin	𰵾	xǐ
Han-Latin	𰵿	hè
Han-Latin	𰶀	yú
Han-Latin	𰶁	yí
Han-Latin	𰶂	còng
Han-Latin	𰶃	xí
Han-Latin	𰶄	zhā
Han-Latin	𰶅	hào
Han-Latin	𰶆	hàn
Han-Latin	𰶇	tuō
Han-Latin	𰶈	chí
Han-Latin	𰶉	tán
Han-Latin	𰶊	yī
Han-Latin	𰶌	nòu
Han-Latin	𰶍	juàn
Han-Latin	𰶎	sè
Han-Latin	𰶏	yào
Han-Latin	𰶑	lóng
Han-Latin	𰶔	dú
Han-Latin	𰶨	mì
Han-Latin	𰶬	lóu
Han-Latin	𰷞	tè
Han-Latin	𰷠	yì
Han-Latin	𰷡	wán
Han-Latin	𰷢	chí
Han-Latin	𰷣	zàn
Han-Latin	𰷤	suì
Han-Latin	𰷥	cóng
Han-Latin	𰷦	fèi
Han-Latin	𰷧	jìn
Han-Latin	𰷨	kuì
Han-Latin	𰷩	shèng
Han-Latin	𰷪	yì
Han-Latin	𰷫	biāo
Han-Latin	𰷬	zhuàn
Han-Latin	𰷭	zāng
Han-Latin	𰷮	xuàn
Han-Latin	𰷴	lì
Han-Latin	𰷵	qiāo
Han-Latin	𰷶	qiáo
Han-Latin	𰷸	dú
Han-Latin	𰸇	shuāng
Han-Latin	𰸈	dié
Han-Latin	𰸊	guì
Han-Latin	𰸎	chǎn
Han-Latin	𰸐	xǐ
Han-Latin	𰸔	lián
Han-Latin	𰸚	dài
Han-Latin	𰸛	chì
Han-Latin	𰸞	tuí
Han-Latin	𰹀	duǒ
Han-Latin	𰹲	wèi
Han-Latin	𰹳	chūn
Han-Latin	𰹴	fàn
Han-Latin	𰹵	yǐ
Han-Latin	𰹶	kuáng
Han-Latin	𰹷	yuè
Han-Latin	𰹸	tún
Han-Latin	𰹺	fǎn
Han-Latin	𰹻	bā
Han-Latin	𰹼	zhàn
Han-Latin	𰹽	pēng
Han-Latin	𰹾	xiàn
Han-Latin	𰹿	rǒng
Han-Latin	𰺀	dǐ
Han-Latin	𰺁	qú
Han-Latin	𰺂	páo
Han-Latin	𰺃	duì
Han-Latin	𰺄	gǒng
Han-Latin	𰺅	jú
Han-Latin	𰺆	hōng
Han-Latin	𰺇	wàn
Han-Latin	𰺈	yǐn
Han-Latin	𰺉	qiàn
Han-Latin	𰺊	líng
Han-Latin	𰺋	zhé
Han-Latin	𰺌	lù
Han-Latin	𰺍	guǒ
Han-Latin	𰺎	pái
Han-Latin	𰺏	péng
Han-Latin	𰺐	kǎn
Han-Latin	𰺑	yuān
Han-Latin	𰺒	chuán
Han-Latin	𰺓	fù
Han-Latin	𰺔	zǒng
Han-Latin	𰺕	duó
Han-Latin	𰺖	zhēn
Han-Latin	𰺗	jiàn
Han-Latin	𰺘	kēng
Han-Latin	𰺙	sè
Han-Latin	𰺚	ér
Han-Latin	𰺛	lǎo
Han-Latin	𰺜	fān
Han-Latin	𰺝	chōng
Han-Latin	𰺞	zhàn
Han-Latin	𰺟	jí
Han-Latin	𰺠	niè
Han-Latin	𰺡	xiá
Han-Latin	𰺢	luò
Han-Latin	𰺣	lìn
Han-Latin	𰺤	mín
Han-Latin	𰺨	huò
Han-Latin	𰺭	chén
Han-Latin	𰺲	dàng
Han-Latin	𰺷	rào
Han-Latin	𰻆	dì
Han-Latin	𰻝	biáng
Han-Latin	𰻞	biáng
Han-Latin	𰻡	xǔ
Han-Latin	𰻦	wéi
Han-Latin	𰻮	qiāo
Han-Latin	𰻳	bì
Han-Latin	𰼅	yì
Han-Latin	𰼋	láo
Han-Latin	𰼏	làn
Han-Latin	𰼑	mí
Han-Latin	𰼻	qīng
Han-Latin	𰽕	jī
Han-Latin	𰽖	bā
Han-Latin	𰽗	huá
Han-Latin	𰽘	dì
Han-Latin	𰽚	kuàng
Han-Latin	𰽛	qiǎo
Han-Latin	𰽜	ōu
Han-Latin	𰽝	lì
Han-Latin	𰽞	è
Han-Latin	𰽟	jǐng
Han-Latin	𰽠	zhǐ
Han-Latin	𰽡	rì
Han-Latin	𰽢	xiàn
Han-Latin	𰽣	yǐn
Han-Latin	𰽤	jué
Han-Latin	𰽥	bǐng
Han-Latin	𰽦	lóng
Han-Latin	𰽧	pī
Han-Latin	𰽨	zhǎi
Han-Latin	𰽩	kǎ
Han-Latin	𰽫	shēng
Han-Latin	𰽬	hé
Han-Latin	𰽭	gōu
Han-Latin	𰽮	fú
Han-Latin	𰽯	zhù
Han-Latin	𰽰	bàn
Han-Latin	𰽱	fú
Han-Latin	𰽲	jí
Han-Latin	𰽳	qīn
Han-Latin	𰽴	kuǎ
Han-Latin	𰽵	guāng
Han-Latin	𰽶	tóng
Han-Latin	𰽷	huì
Han-Latin	𰽸	pī
Han-Latin	𰽹	chǐ
Han-Latin	𰽺	guǐ
Han-Latin	𰽻	rén
Han-Latin	𰽼	bǐng
Han-Latin	𰽽	róng
Han-Latin	𰽾	guǒ
Han-Latin	𰽿	zhé
Han-Latin	𰾀	bó
Han-Latin	𰾁	hòng
Han-Latin	𰾃	zhuó
Han-Latin	𰾄	méi
Han-Latin	𰾅	hán
Han-Latin	𰾆	yù
Han-Latin	𰾇	tūn
Han-Latin	𰾈	shā
Han-Latin	𰾊	cōng
Han-Latin	𰾌	jiàn
Han-Latin	𰾍	biǎo
Han-Latin	𰾎	pī
Han-Latin	𰾏	táo
Han-Latin	𰾐	fèi
Han-Latin	𰾑	qiān
Han-Latin	𰾒	guǎn
Han-Latin	𰾓	tà
Han-Latin	𰾕	yè
Han-Latin	𰾖	duò
Han-Latin	𰾗	zhēn
Han-Latin	𰾘	chěn
Han-Latin	𰾙	yú
Han-Latin	𰾚	wěi
Han-Latin	𰾛	jiè
Han-Latin	𰾜	duān
Han-Latin	𰾝	shēng
Han-Latin	𰾞	zōng
Han-Latin	𰾟	fù
Han-Latin	𰾡	hōng
Han-Latin	𰾢	shī
Han-Latin	𰾤	xiá
Han-Latin	𰾥	kuí
Han-Latin	𰾦	zuǎn
Han-Latin	𰾩	yè
Han-Latin	𰾪	yā
Han-Latin	𰾫	jiàn
Han-Latin	𰾬	dá
Han-Latin	𰾭	ài
Han-Latin	𰾮	lián
Han-Latin	𰾯	táng
Han-Latin	𰾰	cuī
Han-Latin	𰾱	zǒng
Han-Latin	𰾲	lù
Han-Latin	𰾳	lán
Han-Latin	𰾴	sī
Han-Latin	𰾶	huì
Han-Latin	𰾷	zān
Han-Latin	𰾸	dǐng
Han-Latin	𰾹	juān
Han-Latin	𰾻	tián
Han-Latin	𰾼	quān
Han-Latin	𰾽	zhú
Han-Latin	𰾾	niè
Han-Latin	𰾿	là
Han-Latin	𰿁	áo
Han-Latin	𰿂	xū
Han-Latin	𰿃	miè
Han-Latin	𰿄	léi
Han-Latin	𰿆	zuān
Han-Latin	𰿇	zhá
Han-Latin	𰿈	jiān
Han-Latin	𰿉	lěi
Han-Latin	𰿊	luó
Han-Latin	𰿦	zhèn
Han-Latin	𰿨	guǎn
Han-Latin	𰿩	xiā
Han-Latin	𰿪	xiè
Han-Latin	𰿫	wěi
Han-Latin	𰿬	pēng
Han-Latin	𰿰	zuān
Han-Latin	𰿳	shā
Han-Latin	𰿴	yà
Han-Latin	𰿵	yú
Han-Latin	𰿹	guāng
Han-Latin	𰿺	táng
Han-Latin	𰿻	xì
Han-Latin	𰿾	pì
Han-Latin	𱀑	zhì
Han-Latin	𱀡	fén
Han-Latin	𱁒	duì
Han-Latin	𱁞	wān
Han-Latin	𱁱	yáng
Han-Latin	𱁳	duó
Han-Latin	𱁴	bì
Han-Latin	𱁶	qiān
Han-Latin	𱁷	dú
Han-Latin	𱁹	guì
Han-Latin	𱁺	lóu
Han-Latin	𱁽	lán
Han-Latin	𱁾	lán
Han-Latin	𱂃	sǎ
Han-Latin	𱂄	mèi
Han-Latin	𱂅	bì
Han-Latin	𱂆	gé
Han-Latin	𱂇	quàn
Han-Latin	𱂈	yùn
Han-Latin	𱂉	qiào
Han-Latin	𱂊	shè
Han-Latin	𱂋	dú
Han-Latin	𱂌	hù
Han-Latin	𱂍	duì
Han-Latin	𱂎	xiè
Han-Latin	𱂐	yùn
Han-Latin	𱂠	duó
Han-Latin	𱂡	kū
Han-Latin	𱂢	zhuō
Han-Latin	𱂣	yáo
Han-Latin	𱂤	huì
Han-Latin	𱂥	é
Han-Latin	𱂦	pīng
Han-Latin	𱂧	lèi
Han-Latin	𱂨	è
Han-Latin	𱂩	fù
Han-Latin	𱂫	yǎn
Han-Latin	𱂬	kuí
Han-Latin	𱂭	chuí
Han-Latin	𱂮	pǐ
Han-Latin	𱂯	cuì
Han-Latin	𱂰	hàn
Han-Latin	𱂱	kǎn
Han-Latin	𱂲	sāi
Han-Latin	𱂳	gǎo
Han-Latin	𱂴	jiǎng
Han-Latin	𱂵	kuī
Han-Latin	𱂶	xìn
Han-Latin	𱂷	zhān
Han-Latin	𱂸	bīn
Han-Latin	𱂺	piǎo
Han-Latin	𱂻	qiáo
Han-Latin	𱃔	biāo
Han-Latin	𱃕	xiā
Han-Latin	𱃖	yǒu
Han-Latin	𱃗	tái
Han-Latin	𱃘	liè
Han-Latin	𱃙	liú
Han-Latin	𱃚	lì
Han-Latin	𱃜	ruí
Han-Latin	𱃝	xiū
Han-Latin	𱃞	yú
Han-Latin	𱃟	xí
Han-Latin	𱃠	biāo
Han-Latin	𱃱	xì
Han-Latin	𱃲	yù
Han-Latin	𱃳	bó
Han-Latin	𱃴	fàn
Han-Latin	𱃵	yǐng
Han-Latin	𱃷	bǎn
Han-Latin	𱃸	zhì
Han-Latin	𱃹	èn
Han-Latin	𱃺	tiǎn
Han-Latin	𱃼	fēn
Han-Latin	𱃽	è
Han-Latin	𱃾	bù
Han-Latin	𱃿	tán
Han-Latin	𱄀	fēn
Han-Latin	𱄁	tǒu
Han-Latin	𱄃	jiàn
Han-Latin	𱄄	huì
Han-Latin	𱄆	xī
Han-Latin	𱄇	shǎng
Han-Latin	𱄈	méng
Han-Latin	𱄉	èn
Han-Latin	𱄊	zàn
Han-Latin	𱄼	zhù
Han-Latin	𱄽	zhé
Han-Latin	𱄾	guāng
Han-Latin	𱄿	dú
Han-Latin	𱅀	bǎo
Han-Latin	𱅁	zhí
Han-Latin	𱅂	sà
Han-Latin	𱅃	jù
Han-Latin	𱅄	bá
Han-Latin	𱅅	lóng
Han-Latin	𱅇	zhěn
Han-Latin	𱅈	bì
Han-Latin	𱅉	róng
Han-Latin	𱅊	zhì
Han-Latin	𱅋	ěr
Han-Latin	𱅍	xù
Han-Latin	𱅎	fú
Han-Latin	𱅏	táo
Han-Latin	𱅐	bó
Han-Latin	𱅑	téng
Han-Latin	𱅓	bó
Han-Latin	𱅔	sǒng
Han-Latin	𱅕	lái
Han-Latin	𱅖	xuān
Han-Latin	𱅗	ě
Han-Latin	𱅙	tuì
Han-Latin	𱅚	shè
Han-Latin	𱅛	tuó
Han-Latin	𱅜	yǎo
Han-Latin	𱅝	piàn
Han-Latin	𱅞	xiá
Han-Latin	𱅟	róu
Han-Latin	𱅠	hàn
Han-Latin	𱅡	guī
Han-Latin	𱅢	chéng
Han-Latin	𱅣	tāo
Han-Latin	𱅤	pīn
Han-Latin	𱅦	huáng
Han-Latin	𱅧	xū
Han-Latin	𱅩	xí
Han-Latin	𱅪	diàn
Han-Latin	𱅫	yù
Han-Latin	𱅬	yàn
Han-Latin	𱅮	xiāo
Han-Latin	𱆀	qiān
Han-Latin	𱆁	qiān
Han-Latin	𱆃	kuì
Han-Latin	𱆄	fèi
Han-Latin	𱆅	lán
Han-Latin	𱆆	mán
Han-Latin	𱆈	zuǎn
Han-Latin	𱆌	shāng
Han-Latin	𱆍	chǎo
Han-Latin	𱆙	chāo
Han-Latin	𱆚	kuǐ
Han-Latin	𱆛	chǒu
Han-Latin	𱆥	dān
Han-Latin	𱇍	yà
Han-Latin	𱇏	tuō
Han-Latin	𱇐	yuán
Han-Latin	𱇑	bèi
Han-Latin	𱇒	pí
Han-Latin	𱇓	hú
Han-Latin	𱇔	nà
Han-Latin	𱇕	yú
Han-Latin	𱇖	bǎn
Han-Latin	𱇗	lún
Han-Latin	𱇘	háng
Han-Latin	𱇙	shěn
Han-Latin	𱇚	mò
Han-Latin	𱇛	wèi
Han-Latin	𱇜	qū
Han-Latin	𱇝	pī
Han-Latin	𱇞	shàn
Han-Latin	𱇟	xiá
Han-Latin	𱇠	qiú
Han-Latin	𱇡	xīng
Han-Latin	𱇢	gǔn
Han-Latin	𱇣	bō
Han-Latin	𱇤	yǒu
Han-Latin	𱇥	gèng
Han-Latin	𱇦	kū
Han-Latin	𱇧	yí
Han-Latin	𱇨	shū
Han-Latin	𱇩	jiǎo
Han-Latin	𱇪	luò
Han-Latin	𱇫	rú
Han-Latin	𱇬	yí
Han-Latin	𱇭	lái
Han-Latin	𱇮	máng
Han-Latin	𱇯	shāo
Han-Latin	𱇰	yè
Han-Latin	𱇱	tiáo
Han-Latin	𱇲	fū
Han-Latin	𱇳	suō
Han-Latin	𱇴	nà
Han-Latin	𱇵	jì
Han-Latin	𱇶	lù
Han-Latin	𱇷	cuò
Han-Latin	𱇸	yìng
Han-Latin	𱇹	zhì
Han-Latin	𱇺	jì
Han-Latin	𱇻	xiàn
Han-Latin	𱇼	jiù
Han-Latin	𱇽	jú
Han-Latin	𱇾	zōng
Han-Latin	𱇿	sù
Han-Latin	𱈀	jù
Han-Latin	𱈁	shān
Han-Latin	𱈂	yú
Han-Latin	𱈃	wèi
Han-Latin	𱈄	hóu
Han-Latin	𱈅	zōng
Han-Latin	𱈆	lóu
Han-Latin	𱈇	gèng
Han-Latin	𱈈	gèng
Han-Latin	𱈉	qián
Han-Latin	𱈊	liú
Han-Latin	𱈋	hào
Han-Latin	𱈌	xiū
Han-Latin	𱈍	ruò
Han-Latin	𱈎	sǎng
Han-Latin	𱈏	zhú
Han-Latin	𱈐	zhuān
Han-Latin	𱈑	huī
Han-Latin	𱈒	sī
Han-Latin	𱈓	xún
Han-Latin	𱈔	cén
Han-Latin	𱈕	fān
Han-Latin	𱈖	lài
Han-Latin	𱈗	rú
Han-Latin	𱈘	cháng
Han-Latin	𱈙	miè
Han-Latin	𱈚	è
Han-Latin	𱈛	méng
Han-Latin	𱈜	xiān
Han-Latin	𱉇	yǐ
Han-Latin	𱉈	diāo
Han-Latin	𱉊	gān
Han-Latin	𱉋	hàn
Han-Latin	𱉌	yí
Han-Latin	𱉍	yù
Han-Latin	𱉎	fū
Han-Latin	𱉏	tuán
Han-Latin	𱉐	jú
Han-Latin	𱉑	bān
Han-Latin	𱉒	huān
Han-Latin	𱉓	hù
Han-Latin	𱉔	jué
Han-Latin	𱉕	gē
Han-Latin	𱉖	pí
Han-Latin	𱉗	dàn
Han-Latin	𱉘	jū
Han-Latin	𱉙	zhǐ
Han-Latin	𱉚	dié
Han-Latin	𱉛	zhì
Han-Latin	𱉜	fū
Han-Latin	𱉝	bī
Han-Latin	𱉞	wǔ
Han-Latin	𱉟	zé
Han-Latin	𱉠	jīng
Han-Latin	𱉡	biǎn
Han-Latin	𱉢	yǎo
Han-Latin	𱉣	sōng
Han-Latin	𱉤	guì
Han-Latin	𱉥	jiá
Han-Latin	𱉦	lǎo
Han-Latin	𱉧	yuān
Han-Latin	𱉨	yā
Han-Latin	𱉩	tí
Han-Latin	𱉪	ài
Han-Latin	𱉫	zhū
Han-Latin	𱉬	jiāo
Han-Latin	𱉭	guǐ
Han-Latin	𱉮	luò
Han-Latin	𱉯	yáng
Han-Latin	𱉰	yù
Han-Latin	𱉱	kūn
Han-Latin	𱉲	móu
Han-Latin	𱉳	mǎi
Han-Latin	𱉴	yáng
Han-Latin	𱉵	lái
Han-Latin	𱉶	hàn
Han-Latin	𱉷	yì
Han-Latin	𱉸	tú
Han-Latin	𱉹	xī
Han-Latin	𱉺	fú
Han-Latin	𱉻	tuǒ
Han-Latin	𱉼	jí
Han-Latin	𱉽	jì
Han-Latin	𱉾	jùn
Han-Latin	𱉿	jùn
Han-Latin	𱊀	lù
Han-Latin	𱊁	qí
Han-Latin	𱊂	míng
Han-Latin	𱊃	lí
Han-Latin	𱊄	yì
Han-Latin	𱊅	zhuī
Han-Latin	𱊆	tù
Han-Latin	𱊇	jú
Han-Latin	𱊈	yì
Han-Latin	𱊊	kōng
Han-Latin	𱊋	jiān
Han-Latin	𱊌	jū
Han-Latin	𱊍	duò
Han-Latin	𱊎	zī
Han-Latin	𱊏	fú
Han-Latin	𱊐	jiē
Han-Latin	𱊑	chūn
Han-Latin	𱊒	yuán
Han-Latin	𱊓	mò
Han-Latin	𱊕	tí
Han-Latin	𱊖	tú
Han-Latin	𱊗	róu
Han-Latin	𱊘	chuàn
Han-Latin	𱊙	zhèn
Han-Latin	𱊚	tián
Han-Latin	𱊛	sǔn
Han-Latin	𱊜	niǎo
Han-Latin	𱊝	táng
Han-Latin	𱊟	xiá
Han-Latin	𱊠	tú
Han-Latin	𱊡	yǎo
Han-Latin	𱊢	jí
Han-Latin	𱊣	ān
Han-Latin	𱊤	yōng
Han-Latin	𱊥	shāng
Han-Latin	𱊦	yì
Han-Latin	𱊧	jué
Han-Latin	𱊩	tú
Han-Latin	𱊪	líng
Han-Latin	𱊫	yú
Han-Latin	𱊬	chǔ
Han-Latin	𱊭	yù
Han-Latin	𱊮	luó
Han-Latin	𱊯	jī
Han-Latin	𱊰	yì
Han-Latin	𱊱	dí
Han-Latin	𱊲	bǔ
Han-Latin	𱊳	lěi
Han-Latin	𱊵	yuè
Han-Latin	𱊺	lǔ
Han-Latin	𱊻	lǔ
Han-Latin	𱊼	chuài
Han-Latin	𱊽	huái
Han-Latin	𱋆	shàn
Han-Latin	𱋇	hé
Han-Latin	𱋈	kuàng
Han-Latin	𱋊	mò
Han-Latin	𱋋	qù
Han-Latin	𱋍	tǒu
Han-Latin	𱋎	huá
Han-Latin	𱋐	qū
Han-Latin	𱋓	gé
Han-Latin	𱋔	bǐng
Han-Latin	𱋕	chǎo
Han-Latin	𱋖	fū
Han-Latin	𱋗	fū
Han-Latin	𱋘	shā
Han-Latin	𱋙	guǒ
Han-Latin	𱋜	chǎo
Han-Latin	𱋝	bù
Han-Latin	𱋡	lǒu
Han-Latin	𱋢	chǎo
Han-Latin	𱋧	cuó
Han-Latin	𱋪	zhí
Han-Latin	𱋫	kuàng
Han-Latin	𱋬	lián
Han-Latin	𱋮	méng
Han-Latin	𱋱	fén
Han-Latin	𱋴	chǎn
Han-Latin	𱋶	lú
Han-Latin	𱋾	cù
Han-Latin	𱋿	qù
Han-Latin	𱌀	yāng
Han-Latin	𱌁	qú
Han-Latin	𱌃	wā
Han-Latin	𱌄	zhī
Han-Latin	𱌅	mí
Han-Latin	𱌆	měng
Han-Latin	𱌇	biē
Han-Latin	𱌈	má
Han-Latin	𱌉	bì
Han-Latin	𱌊	chāng
Han-Latin	𱌏	hún
Han-Latin	𱌖	nòng
Han-Latin	𱌗	jì
Han-Latin	𱌘	zī
Han-Latin	𱌙	zī
Han-Latin	𱌫	yǎn
Han-Latin	𱌬	zé
Han-Latin	𱌭	zōu
Han-Latin	𱌮	chū
Han-Latin	𱌯	chī
Han-Latin	𱌰	yǎo
Han-Latin	𱌱	xiè
Han-Latin	𱌲	quán
Han-Latin	𱌳	yǔn
Han-Latin	𱌴	zhāi
Han-Latin	𱌵	zhān
Han-Latin	𱌶	zōu
Han-Latin	𱌷	yí
Han-Latin	𱌸	jì
Han-Latin	𱌹	óu
Han-Latin	𱌺	diān
Han-Latin	𱌽	yì
Han-Latin	𱍁	gōng
Han-Latin	𱍂	dá
Han-Latin	𱍄	rán
Han-Latin	𱍅	gōu
Han-Latin	𱍆	jiāo
Han-Latin	𱍇	tóng
Han-Latin	𱍈	biē
Han-Latin	𱍐	qí
Han-Latin	𱍕	pā
Han-Latin	𱍛	áo
Han-Latin	𱎠	sǐ
Han-Latin	𱎶	kuǎ
Han-Latin	𱎼	gě
Han-Latin	𱏅	jí
Han-Latin	𱏋	ān
Han-Latin	𱏤	lū
Han-Latin	𱏱	lǎo
Han-Latin	𱐏	gù
Han-Latin	𱐙	chǎn
Han-Latin	𱐛	tuǒ
Han-Latin	𱐿	wài
Han-Latin	𱑖	guān
Han-Latin	𱒀	xiè
Han-Latin	𱓰	rì
Han-Latin	𱔯	zhàn
Han-Latin	𱕰	léi
Han-Latin	𱖀	hōng
Han-Latin	𱖅	biǎn
Han-Latin	𱖇	gān
Han-Latin	𱖎	ào
Han-Latin	𱖑	jù
Han-Latin	𱖒	shàn
Han-Latin	𱖕	zhuǎi
Han-Latin	𱖖	tū
Han-Latin	𱖙	hèn
Han-Latin	𱖝	zài
Han-Latin	𱖞	zài
Han-Latin	𱖟	kuāng
Han-Latin	𱖧	chōng
Han-Latin	𱖫	wú
Han-Latin	𱖭	gòng
Han-Latin	𱖰	tuó
Han-Latin	𱖲	jiàn
Han-Latin	𱖷	chéng
Han-Latin	𱖼	pái
Han-Latin	𱖽	zhōng
Han-Latin	𱗂	sǎ
Han-Latin	𱗃	hūn
Han-Latin	𱗅	niào
Han-Latin	𱗉	wā
Han-Latin	𱗋	gé
Han-Latin	𱗌	là
Han-Latin	𱗎	yōu
Han-Latin	𱗕	qiū
Han-Latin	𱗖	zhǒng
Han-Latin	𱗚	yǒng
Han-Latin	𱗞	kū
Han-Latin	𱗟	líng
Han-Latin	𱗢	huǎng
Han-Latin	𱗤	gāo
Han-Latin	𱘆	hǎi
Han-Latin	𱘉	lián
Han-Latin	𱘭	nǎng
Han-Latin	𱘮	fēn
Han-Latin	𱘲	tuō
Han-Latin	𱙧	xū
Han-Latin	𱚛	lào
Han-Latin	𱚝	zhǎ
Han-Latin	𱚦	māo
Han-Latin	𱚯	mò
Han-Latin	𱚱	ā
Han-Latin	𱛆	niao
Han-Latin	𱛍	lún
Han-Latin	𱛒	hóng
Han-Latin	𱛓	lóng
Han-Latin	𱛔	lè
Han-Latin	𱛧	hāo
Han-Latin	𱛨	hòng
Han-Latin	𱛬	shí
Han-Latin	𱛹	yē
Han-Latin	𱛽	duàn
Han-Latin	𱜀	nàng
Han-Latin	𱜒	xiè
Han-Latin	𱜬	liàng
Han-Latin	𱝃	shuǎ
Han-Latin	𱝄	sāo
Han-Latin	𱝉	tòng
Han-Latin	𱝳	sǎn
Han-Latin	𱝴	hú
Han-Latin	𱞌	huā
Han-Latin	𱞝	qiè
Han-Latin	𱟫	chàn
Han-Latin	𱠏	kāng
Han-Latin	𱠸	yuán
Han-Latin	𱢡	huán
Han-Latin	𱣂	wū
Han-Latin	𱣄	huí
Han-Latin	𱣑	ròu
Han-Latin	𱣕	qǐ
Han-Latin	𱣡	xián
Han-Latin	𱣤	xiàn
Han-Latin	𱣹	zàng
Han-Latin	𱣻	hè
Han-Latin	𱤑	guī
Han-Latin	𱤗	gé
Han-Latin	𱤦	luǎn
Han-Latin	𱤭	pèng
Han-Latin	𱤺	bēng
Han-Latin	𱥟	yuè
Han-Latin	𱥣	ruò
Han-Latin	𱥰	yā
Han-Latin	𱥷	nà
Han-Latin	𱦈	guǐ
Han-Latin	𱧚	liǎn
Han-Latin	𱧴	mài
Han-Latin	𱨙	zhā
Han-Latin	𱨸	kuò
Han-Latin	𱨿	ǎn
Han-Latin	𱩂	yīng
Han-Latin	𱩉	wù
Han-Latin	𱩽	è
Han-Latin	𱪿	xūn
Han-Latin	𱬏	liàn
Han-Latin	𱭰	wěng
Han-Latin	𱮒	sāng
Han-Latin	𱮜	tān
Han-Latin	𱮴	gāng
Han-Latin	𱮷	càng
Han-Latin	𱮿	bāng
Han-Latin	𱯧	fù
Han-Latin	𱰆	lóu
Han-Latin	𱰎	shēng
Han-Latin	𱰗	ché
Han-Latin	𱰤	qín
Han-Latin	𱰥	lēi
Han-Latin	𱰭	zī
Han-Latin	𱰮	lǐng
Han-Latin	𱱚	xī
Han-Latin	𱱭	yān
Han-Latin	𱱱	jué
Han-Latin	𱲆	cè
Han-Latin	𱲎	yìng
Han-Latin	𱳋	chù
Han-Latin	𱳞	zī
Han-Latin	𱳢	huī
Han-Latin	𱳩	hén
Han-Latin	𱳪	dài
Han-Latin	𱳳	wù
Han-Latin	𱴂	là
Han-Latin	𱴇	chéng
Han-Latin	𱴐	chǎng
Han-Latin	𱴘	jiǎng
Han-Latin	𱴞	hóu
Han-Latin	𱴨	èn
Han-Latin	𱴾	guǎ
Han-Latin	𱵁	shěn
Han-Latin	𱶡	gàn
Han-Latin	𱶻	tuó
Han-Latin	𱸂	ōu
Han-Latin	𱸃	xī
Han-Latin	𱸇	láo
Han-Latin	𱸖	yáng
Han-Latin	𱸛	běn
Han-Latin	𱸜	gǎn
Han-Latin	𱸡	háo
Han-Latin	𱸥	tiào
Han-Latin	𱸧	lū
Han-Latin	𱹁	qí
Han-Latin	𱹼	zī
Han-Latin	𱺑	niǎo
Han-Latin	𱺓	jiǔ
Han-Latin	𱺕	chóng
Han-Latin	𱺘	mín
Han-Latin	𱺛	chuò
Han-Latin	𱺜	lái
Han-Latin	𱺢	nuò
Han-Latin	𱺦	chán
Han-Latin	𱺨	miǎn
Han-Latin	𱺫	mì
Han-Latin	𱺮	háo
Han-Latin	𱺯	cā
Han-Latin	𱺰	nàng
Han-Latin	𱻴	zhá
Han-Latin	𱼞	hàn
Han-Latin	𱼷	zhǐ
Han-Latin	𱽎	bèi
Han-Latin	𱽕	dāo
Han-Latin	𱽖	shēn
Han-Latin	𱽿	jiàng
Han-Latin	𱾃	huā
Han-Latin	𱾆	guàn
Han-Latin	𱾎	xié
Han-Latin	𱾝	zhuī
Han-Latin	𱾢	lǔ
Han-Latin	𱾾	pū
Han-Latin	𱿅	bòng
Han-Latin	𱿗	biáng
Han-Latin	𱿣	kè
Han-Latin	𱿫	tàng
Han-Latin	𱿯	wāi
Han-Latin	𲀃	bāng
Han-Latin	𲀄	xū
Han-Latin	𲀟	háng
Han-Latin	𲀯	xié
Han-Latin	𲁉	zhēn
Han-Latin	𲁑	mì
Han-Latin	𲁓	biàng
Han-Latin	𲁔	lì
Han-Latin	𲁖	yíng
Han-Latin	𲁙	pǎng
Han-Latin	𲂂	fàn
Han-Latin	𲂃	chài
Han-Latin	𲂄	yún
Han-Latin	𲂅	sǎ
Han-Latin	𲂆	xiá
Han-Latin	𲂇	níng
Han-Latin	𲂈	ná
Han-Latin	𲂉	wù
Han-Latin	𲂊	huá
Han-Latin	𲂍	jìng
Han-Latin	𲂎	zhǎ
Han-Latin	𲂏	biǎo
Han-Latin	𲂐	nán
Han-Latin	𲂒	án
Han-Latin	𲂓	zāo
Han-Latin	𲂔	zhuó
Han-Latin	𲂕	zhàn
Han-Latin	𲂖	suì
Han-Latin	𲂗	liè
Han-Latin	𲂺	suǒ
Han-Latin	𲂻	yīng
Han-Latin	𲂿	kē
Han-Latin	𲃄	bǎo
Han-Latin	𲃅	lóu
Han-Latin	𲃫	jī
Han-Latin	𲄀	mí
Han-Latin	𲄗	kuǎi
Han-Latin	𲄚	lào
Han-Latin	𲄨	qián
Han-Latin	𲅂	róu
Han-Latin	𲅃	zhé
Han-Latin	𲅗	zhēn
Han-Latin	𲆦	xī
Han-Latin	𲆩	sōng
Han-Latin	𲆫	xūn
Han-Latin	𲆭	chóu
Han-Latin	𲆰	xī
Han-Latin	𲆳	pǐn
Han-Latin	𲆵	rǒng
Han-Latin	𲇊	xī
Han-Latin	𲇙	xiù
Han-Latin	𲇭	qí
Han-Latin	𲇮	yù
Han-Latin	𲇰	rì
Han-Latin	𲇱	yǐ
Han-Latin	𲇲	tuán
Han-Latin	𲇳	yìng
Han-Latin	𲇴	xīn
Han-Latin	𲇷	liàn
Han-Latin	𲇸	mín
Han-Latin	𲇻	zùn
Han-Latin	𲇽	zhì
Han-Latin	𲇿	bīng
Han-Latin	𲈀	jiàn
Han-Latin	𲈁	lù
Han-Latin	𲈆	cháng
Han-Latin	𲈈	jū
Han-Latin	𲈋	hú
Han-Latin	𲈌	kuí
Han-Latin	𲈍	yé
Han-Latin	𲈎	xuān
Han-Latin	𲈒	huàng
Han-Latin	𲈔	wěi
Han-Latin	𲈖	gá
Han-Latin	𲈗	jǐn
Han-Latin	𲈙	sù
Han-Latin	𲈚	yǐng
Han-Latin	𲈜	chēng
Han-Latin	𲈝	lù
Han-Latin	𲈞	qiāo
Han-Latin	𲈡	guàn
Han-Latin	𲈵	shuǐ
Han-Latin	𲈶	tí
Han-Latin	𲈸	niǔ
Han-Latin	𲈹	sē
Han-Latin	𲈼	chǔ
Han-Latin	𲈽	wú
Han-Latin	𲉁	hòng
Han-Latin	𲉃	nüè
Han-Latin	𲉅	táng
Han-Latin	𲉉	lún
Han-Latin	𲉨	kuàng
Han-Latin	𲉵	diàn
Han-Latin	𲊹	chāi
Han-Latin	𲊺	chè
Han-Latin	𲊻	hē
Han-Latin	𲊼	chēng
Han-Latin	𲊽	cí
Han-Latin	𲊾	chěn
Han-Latin	𲊿	xiǎn
Han-Latin	𲋀	lóu
Han-Latin	𲋁	xìng
Han-Latin	𲋃	hàn
Han-Latin	𲋎	hóng
Han-Latin	𲋏	pāo
Han-Latin	𲋐	lóng
Han-Latin	𲋤	shào
Han-Latin	𲋥	nóng
Han-Latin	𲋩	sù
Han-Latin	𲋶	mài
Han-Latin	𲌅	líng
Han-Latin	𲌉	jù
Han-Latin	𲌊	shàn
Han-Latin	𲌋	dèng
Han-Latin	𲌞	qián
Han-Latin	𲌡	qiáng
Han-Latin	𲌰	mào
Han-Latin	𲍇	yí
Han-Latin	𲍉	yuán
Han-Latin	𲍊	niú
Han-Latin	𲍌	gū
Han-Latin	𲍎	gǒng
Han-Latin	𲍏	xiǎn
Han-Latin	𲍐	mǐ
Han-Latin	𲍑	miáo
Han-Latin	𲍒	chéng
Han-Latin	𲍓	nián
Han-Latin	𲍔	shā
Han-Latin	𲍕	pái
Han-Latin	𲍗	huàn
Han-Latin	𲍙	něi
Han-Latin	𲍛	tún
Han-Latin	𲍬	mǎ
Han-Latin	𲍭	tún
Han-Latin	𲍮	fāng
Han-Latin	𲍯	jiān
Han-Latin	𲍰	mí
Han-Latin	𲍲	diāo
Han-Latin	𲍳	yǒu
Han-Latin	𲍴	bì
Han-Latin	𲍸	xiāo
Han-Latin	𲍹	bǎo
Han-Latin	𲍻	xián
Han-Latin	𲍼	wò
Han-Latin	𲍽	chāng
Han-Latin	𲍾	zhuī
Han-Latin	𲍿	yè
Han-Latin	𲎀	yīng
Han-Latin	𲎅	chì
Han-Latin	𲎆	tóng
Han-Latin	𲎈	méng
Han-Latin	𲎉	mò
Han-Latin	𲎊	jì
Han-Latin	𲎑	liǎn
Han-Latin	𲎒	yè
Han-Latin	𲎨	tà
Han-Latin	𲎫	zá
Han-Latin	𲥂	wàn
Han-Latin	𲪙	lán
Han-Latin	𲰍	qìng
Han-Latin	𲶓	lián
Han-Latin	𲸱	luò
Han-Latin	𳁼	shēn
Han-Latin	𳇯	héng
Han-Latin	𳇰	mǔ
Han-Latin	𳇲	chēng
Han-Latin	𳇻	chǔ
Han-Latin	𳈆	què
Han-Latin	𳈑	chǎn
Han-Latin	𳈗	dòu
Han-Latin	𳋎	yǐng
Han-Latin	𳋨	dòu
Han-Latin	𳋮	kuì
Han-Latin	𳋱	shàn
Han-Latin	𳋲	qiǎn
Han-Latin	𳌖	tuó
Han-Latin	𳌗	máo
Han-Latin	𳌘	luó
Han-Latin	𳎒	é
Han-Latin	𳎓	huī
Han-Latin	𳎕	líng
Han-Latin	𳎖	zhì
Han-Latin	𳎘	shēn
Han-Latin	𳎙	méng
Han-Latin	𳎚	yàn
Han-Latin	𳎜	chún
Han-Latin	𳎝	yé
Han-Latin	𳐀	diāo
Han-Latin	𳐁	yí
Han-Latin	𳐂	pǐ
Han-Latin	𳐃	yàn
Han-Latin	𳐄	zhòng
Han-Latin	𳐅	mò
Han-Latin	𳐆	bái
Han-Latin	𳐇	lǎo
Han-Latin	𳐈	jiàng
Han-Latin	𳐋	pàn
Han-Latin	𳐌	yǔ
Han-Latin	𳐑	hàn
Han-Latin	𳐓	tuán
Han-Latin	𳐔	tóng
Han-Latin	𳐕	dēng
Han-Latin	𳐖	liú
Han-Latin	𳐜	xiāo
Han-Latin	𳑇	tì
Han-Latin	𳑒	shī
Hant-Latin	㪅	gēng
Hant-Latin	㴔	xī
Hant-Latin	䏲	dié
Hant-Latin	万	mò
Hant-Latin	乾	gān
Hant-Latin	伲	nǐ
Hant-Latin	俾	bì
Hant-Latin	剋	kè
Hant-Latin	剖	pǒ
Hant-Latin	剽	piào
Hant-Latin	卜	bǔ
Hant-Latin	叚	jiǎ
Hant-Latin	呇	qǐ
Hant-Latin	呷	xiá
Hant-Latin	啵	bō
Hant-Latin	嗯	en
Hant-Latin	嗲	diē
Hant-Latin	嘸	wǔ
Hant-Latin	噠	dá
Hant-Latin	地	dì
Hant-Latin	坋	fèn
Hant-Latin	埫	chǒng
Hant-Latin	堤	tí
Hant-Latin	峛	lǐ
Hant-Latin	崾	yǎo
Hant-Latin	嶦	zhān
Hant-Latin	差	chā
Hant-Latin	帆	fán
Hant-Latin	彷	fǎng
Hant-Latin	徵	zhēng
Hant-Latin	摽	biāo
Hant-Latin	斗	dǒu
Hant-Latin	杓	sháo
Hant-Latin	杣	shān
Hant-Latin	柁	duò
Hant-Latin	柏	bó
Hant-Latin	框	kuāng
Hant-Latin	棓	bàng
Hant-Latin	楯	shǔn
Hant-Latin	槭	cù
Hant-Latin	欻	hū
Hant-Latin	氾	fàn
Hant-Latin	氿	guǐ
Hant-Latin	沈	chén
Hant-Latin	沓	tà
Hant-Latin	洓	suǒ
Hant-Latin	炔	guì
Hant-Latin	牚	chēng
Hant-Latin	町	dīng
Hant-Latin	畬	yú
Hant-Latin	癿	qié
Hant-Latin	眄	miǎn
Hant-Latin	瞭	liǎo
Hant-Latin	砉	huò
Hant-Latin	硊	wěi
Hant-Latin	硍	xiàn
Hant-Latin	碈	mín
Hant-Latin	碡	dú
Hant-Latin	筽	wú
Hant-Latin	繃	bēng
Hant-Latin	耙	pá
Hant-Latin	聒	guā
Hant-Latin	肋	lè
Hant-Latin	脿	biāo
Hant-Latin	舍	shè
Hant-Latin	芎	qiōng
Hant-Latin	芘	pí
Hant-Latin	苧	zhù
Hant-Latin	菹	jū
Hant-Latin	萎	wēi
Hant-Latin	萹	biǎn
Hant-Latin	著	zhe
Hant-Latin	蓇	gǔ
Hant-Latin	蓻	jí
Hant-Latin	蔈	biāo
Hant-Latin	蕃	fān
Hant-Latin	薁	yù
Hant-Latin	薄	bó
Hant-Latin	袷	jiá
Hant-Latin	誰	shéi
Hant-Latin	諞	pián
Hant-Latin	諷	fèng
Hant-Latin	識	shì
Hant-Latin	讽	fèng
Hant-Latin	识	shì
Hant-Latin	跌	dié
Hant-Latin	蹣	mán
Hant-Latin	蹬	dèng
Hant-Latin	适	kuò
Hant-Latin	都	dū
Hant-Latin	醱	pò
Hant-Latin	釐	lí
Hant-Latin	隄	tí
Hant-Latin	頗	pǒ
Hant-Latin	髪	fǎ
Hant-Latin	髮	fǎ
Hant-Latin	麃	biāo
Hant-Latin	𩷕	liáng
Hant-Latin	𪟝	jī
Hant-Latin	𲆦	xì
Hant-Latin	𲆰	xí
Latin-ASCII	\	→ '->'
Latin-ASCII	\u00A0	' '
Latin-ASCII	\u00AD	'-'
Latin-ASCII	\u2002	' '
Latin-ASCII	\u2003	' '
Latin-ASCII	\u2004	' '
Latin-ASCII	\u2005	' '
Latin-ASCII	\u2006	' '
Latin-ASCII	\u2007	' '
Latin-ASCII	\u2008	' '
Latin-ASCII	\u2009	' '
Latin-ASCII	\u200A	' '
Latin-ASCII	\u205F	' '
Latin-ASCII	\u3000	' '
Latin-ASCII	\←	'<-'
Latin-ASCII	\↔	'<->'
Latin-ASCII	¡	'!'
Latin-ASCII	«	'<<'
Latin-ASCII	±	'+/-'
Latin-ASCII	»	'>>'
Latin-ASCII	¼	' 1/4'
Latin-ASCII	½	' 1/2'
Latin-ASCII	¾	' 3/4'
Latin-ASCII	¿	'?'
Latin-ASCII	Æ	AE
Latin-ASCII	Ð	D
Latin-ASCII	×	'*'
Latin-ASCII	Ø	O
Latin-ASCII	Þ	TH
Latin-ASCII	ß	ss
Latin-ASCII	æ	ae
Latin-ASCII	ð	d
Latin-ASCII	÷	'/'
Latin-ASCII	ø	o
Latin-ASCII	þ	th
Latin-ASCII	Đ	D
Latin-ASCII	đ	d
Latin-ASCII	Ħ	H
Latin-ASCII	ħ	h
Latin-ASCII	ı	i
Latin-ASCII	Ĳ	IJ
Latin-ASCII	ĳ	ij
Latin-ASCII	ĸ	q
Latin-ASCII	Ŀ	L
Latin-ASCII	ŀ	l
Latin-ASCII	Ł	L
Latin-ASCII	ł	l
Latin-ASCII	ŉ	\'n
Latin-ASCII	Ŋ	N
Latin-ASCII	ŋ	n
Latin-ASCII	Œ	OE
Latin-ASCII	œ	oe
Latin-ASCII	Ŧ	T
Latin-ASCII	ŧ	t
Latin-ASCII	ſ	s
Latin-ASCII	ƀ	b
Latin-ASCII	Ɓ	B
Latin-ASCII	Ƃ	B
Latin-ASCII	ƃ	b
Latin-ASCII	Ƈ	C
Latin-ASCII	ƈ	c
Latin-ASCII	Ɖ	D
Latin-ASCII	Ɗ	D
Latin-ASCII	Ƌ	D
Latin-ASCII	ƌ	d
Latin-ASCII	Ɛ	E
Latin-ASCII	Ƒ	F
Latin-ASCII	ƒ	f
Latin-ASCII	Ɠ	G
Latin-ASCII	ƕ	hv
Latin-ASCII	Ɩ	I
Latin-ASCII	Ɨ	I
Latin-ASCII	Ƙ	K
Latin-ASCII	ƙ	k
Latin-ASCII	ƚ	l
Latin-ASCII	Ɲ	N
Latin-ASCII	ƞ	n
Latin-ASCII	Ƣ	OI
Latin-ASCII	ƣ	oi
Latin-ASCII	Ƥ	P
Latin-ASCII	ƥ	p
Latin-ASCII	ƫ	t
Latin-ASCII	Ƭ	T
Latin-ASCII	ƭ	t
Latin-ASCII	Ʈ	T
Latin-ASCII	Ʋ	V
Latin-ASCII	Ƴ	Y
Latin-ASCII	ƴ	y
Latin-ASCII	Ƶ	Z
Latin-ASCII	ƶ	z
Latin-ASCII	Ǆ	DZ
Latin-ASCII	ǅ	Dz
Latin-ASCII	ǆ	dz
Latin-ASCII	Ǉ	LJ
Latin-ASCII	ǈ	Lj
Latin-ASCII	ǉ	lj
Latin-ASCII	Ǌ	NJ
Latin-ASCII	ǋ	Nj
Latin-ASCII	ǌ	nj
Latin-ASCII	Ǥ	G
Latin-ASCII	ǥ	g
Latin-ASCII	Ǳ	DZ
Latin-ASCII	ǲ	Dz
Latin-ASCII	ǳ	dz
Latin-ASCII	ȡ	d
Latin-ASCII	Ȥ	Z
Latin-ASCII	ȥ	z
Latin-ASCII	ȴ	l
Latin-ASCII	ȵ	n
Latin-ASCII	ȶ	t
Latin-ASCII	ȷ	j
Latin-ASCII	ȸ	db
Latin-ASCII	ȹ	qp
Latin-ASCII	Ⱥ	A
Latin-ASCII	Ȼ	C
Latin-ASCII	ȼ	c
Latin-ASCII	Ƚ	L
Latin-ASCII	Ⱦ	T
Latin-ASCII	ȿ	s
Latin-ASCII	ɀ	z
Latin-ASCII	Ƀ	B
Latin-ASCII	Ʉ	U
Latin-ASCII	Ɇ	E
Latin-ASCII	ɇ	e
Latin-ASCII	Ɉ	J
Latin-ASCII	ɉ	j
Latin-ASCII	Ɍ	R
Latin-ASCII	ɍ	r
Latin-ASCII	Ɏ	Y
Latin-ASCII	ɏ	y
Latin-ASCII	ɓ	b
Latin-ASCII	ɕ	c
Latin-ASCII	ɖ	d
Latin-ASCII	ɗ	d
Latin-ASCII	ɛ	e
Latin-ASCII	ɟ	j
Latin-ASCII	ɠ	g
Latin-ASCII	ɡ	g
Latin-ASCII	ɢ	G
Latin-ASCII	ɦ	h
Latin-ASCII	ɧ	h
Latin-ASCII	ɨ	i
Latin-ASCII	ɪ	I
Latin-ASCII	ɫ	l
Latin-ASCII	ɬ	l
Latin-ASCII	ɭ	l
Latin-ASCII	ɱ	m
Latin-ASCII	ɲ	n
Latin-ASCII	ɳ	n
Latin-ASCII	ɴ	N
Latin-ASCII	ɶ	OE
Latin-ASCII	ɼ	r
Latin-ASCII	ɽ	r
Latin-ASCII	ɾ	r
Latin-ASCII	ʀ	R
Latin-ASCII	ʂ	s
Latin-ASCII	ʈ	t
Latin-ASCII	ʉ	u
Latin-ASCII	ʋ	v
Latin-ASCII	ʏ	Y
Latin-ASCII	ʐ	z
Latin-ASCII	ʑ	z
Latin-ASCII	ʙ	B
Latin-ASCII	ʛ	G
Latin-ASCII	ʜ	H
Latin-ASCII	ʝ	j
Latin-ASCII	ʟ	L
Latin-ASCII	ʠ	q
Latin-ASCII	ʣ	dz
Latin-ASCII	ʥ	dz
Latin-ASCII	ʦ	ts
Latin-ASCII	ʪ	ls
Latin-ASCII	ʫ	lz
Latin-ASCII	ʹ	\'
Latin-ASCII	ʺ	\"
Latin-ASCII	ʻ	\'
Latin-ASCII	ʼ	\'
Latin-ASCII	ʽ	\'
Latin-ASCII	˂	'<'
Latin-ASCII	˃	'>'
Latin-ASCII	˄	'^'
Latin-ASCII	ˆ	'^'
Latin-ASCII	ˈ	\'
Latin-ASCII	ˋ	'`'
Latin-ASCII	ː	':'
Latin-ASCII	˖	'+'
Latin-ASCII	˗	'-'
Latin-ASCII	˜	'~'
Latin-ASCII	ᴀ	A
Latin-ASCII	ᴁ	AE
Latin-ASCII	ᴃ	B
Latin-ASCII	ᴄ	C
Latin-ASCII	ᴅ	D
Latin-ASCII	ᴆ	D
Latin-ASCII	ᴇ	E
Latin-ASCII	ᴊ	J
Latin-ASCII	ᴋ	K
Latin-ASCII	ᴌ	L
Latin-ASCII	ᴍ	M
Latin-ASCII	ᴏ	O
Latin-ASCII	ᴘ	P
Latin-ASCII	ᴛ	T
Latin-ASCII	ᴜ	U
Latin-ASCII	ᴠ	V
Latin-ASCII	ᴡ	W
Latin-ASCII	ᴢ	Z
Latin-ASCII	ᵫ	ue
Latin-ASCII	ᵬ	b
Latin-ASCII	ᵭ	d
Latin-ASCII	ᵮ	f
Latin-ASCII	ᵯ	m
Latin-ASCII	ᵰ	n
Latin-ASCII	ᵱ	p
Latin-ASCII	ᵲ	r
Latin-ASCII	ᵳ	r
Latin-ASCII	ᵴ	s
Latin-ASCII	ᵵ	t
Latin-ASCII	ᵶ	z
Latin-ASCII	ᵺ	th
Latin-ASCII	ᵻ	I
Latin-ASCII	ᵽ	p
Latin-ASCII	ᵾ	U
Latin-ASCII	ᶀ	b
Latin-ASCII	ᶁ	d
Latin-ASCII	ᶂ	f
Latin-ASCII	ᶃ	g
Latin-ASCII	ᶄ	k
Latin-ASCII	ᶅ	l
Latin-ASCII	ᶆ	m
Latin-ASCII	ᶇ	n
Latin-ASCII	ᶈ	p
Latin-ASCII	ᶉ	r
Latin-ASCII	ᶊ	s
Latin-ASCII	ᶌ	v
Latin-ASCII	ᶍ	x
Latin-ASCII	ᶎ	z
Latin-ASCII	ᶏ	a
Latin-ASCII	ᶑ	d
Latin-ASCII	ᶒ	e
Latin-ASCII	ᶓ	e
Latin-ASCII	ᶖ	i
Latin-ASCII	ᶙ	u
Latin-ASCII	ẚ	a
Latin-ASCII	ẜ	s
Latin-ASCII	ẝ	s
Latin-ASCII	ẞ	SS
Latin-ASCII	Ỻ	LL
Latin-ASCII	ỻ	ll
Latin-ASCII	Ỽ	V
Latin-ASCII	ỽ	v
Latin-ASCII	Ỿ	Y
Latin-ASCII	ỿ	y
Latin-ASCII	‐	'-'
Latin-ASCII	‑	'-'
Latin-ASCII	‒	'-'
Latin-ASCII	–	'-'
Latin-ASCII	—	'-'
Latin-ASCII	―	'-'
Latin-ASCII	‘	\'
Latin-ASCII	’	\'
Latin-ASCII	‚	','
Latin-ASCII	‛	\'
Latin-ASCII	“	\"
Latin-ASCII	”	\"
Latin-ASCII	„	',,'
Latin-ASCII	‟	\"
Latin-ASCII	․	'.'
Latin-ASCII	‥	'..'
Latin-ASCII	…	'...'
Latin-ASCII	′	\'
Latin-ASCII	″	\"
Latin-ASCII	‹	'<'
Latin-ASCII	›	'>'
Latin-ASCII	‼	'!!'
Latin-ASCII	⁄	'/'
Latin-ASCII	⁇	'??'
Latin-ASCII	⁈	'?!'
Latin-ASCII	⁉	'!?'
Latin-ASCII	⁎	'*'
Latin-ASCII	₠	CE
Latin-ASCII	₢	Cr
Latin-ASCII	₣	'Fr.'
Latin-ASCII	₤	'L.'
Latin-ASCII	₧	Pts
Latin-ASCII	₹	Rs
Latin-ASCII	₺	TL
Latin-ASCII	℀	'a/c'
Latin-ASCII	℁	'a/s'
Latin-ASCII	ℂ	C
Latin-ASCII	℅	'c/o'
Latin-ASCII	℆	'c/u'
Latin-ASCII	ℊ	g
Latin-ASCII	ℋ	H
Latin-ASCII	ℌ	x
Latin-ASCII	ℍ	H
Latin-ASCII	ℎ	h
Latin-ASCII	ℐ	I
Latin-ASCII	ℑ	I
Latin-ASCII	ℒ	L
Latin-ASCII	ℓ	l
Latin-ASCII	ℕ	N
Latin-ASCII	№	No
Latin-ASCII	℘	P
Latin-ASCII	ℙ	P
Latin-ASCII	ℚ	Q
Latin-ASCII	ℛ	R
Latin-ASCII	ℜ	R
Latin-ASCII	ℝ	R
Latin-ASCII	℞	Rx
Latin-ASCII	℡	TEL
Latin-ASCII	ℤ	Z
Latin-ASCII	ℨ	Z
Latin-ASCII	ℬ	B
Latin-ASCII	ℭ	C
Latin-ASCII	ℯ	e
Latin-ASCII	ℰ	E
Latin-ASCII	ℱ	F
Latin-ASCII	ℳ	M
Latin-ASCII	ℴ	o
Latin-ASCII	ℹ	i
Latin-ASCII	℻	FAX
Latin-ASCII	ⅅ	D
Latin-ASCII	ⅆ	d
Latin-ASCII	ⅇ	e
Latin-ASCII	ⅈ	i
Latin-ASCII	ⅉ	j
Latin-ASCII	⅐	' 1/7'
Latin-ASCII	⅑	' 1/9'
Latin-ASCII	⅒	' 1/10'
Latin-ASCII	⅓	' 1/3'
Latin-ASCII	⅔	' 2/3'
Latin-ASCII	⅕	' 1/5'
Latin-ASCII	⅖	' 2/5'
Latin-ASCII	⅗	' 3/5'
Latin-ASCII	⅘	' 4/5'
Latin-ASCII	⅙	' 1/6'
Latin-ASCII	⅚	' 5/6'
Latin-ASCII	⅛	' 1/8'
Latin-ASCII	⅜	' 3/8'
Latin-ASCII	⅝	' 5/8'
Latin-ASCII	⅞	' 7/8'
Latin-ASCII	⅟	' 1/'
Latin-ASCII	Ⅰ	I
Latin-ASCII	Ⅱ	II
Latin-ASCII	Ⅲ	III
Latin-ASCII	Ⅳ	IV
Latin-ASCII	Ⅴ	V
Latin-ASCII	Ⅵ	VI
Latin-ASCII	Ⅶ	VII
Latin-ASCII	Ⅷ	VIII
Latin-ASCII	Ⅸ	IX
Latin-ASCII	Ⅹ	X
Latin-ASCII	Ⅺ	XI
Latin-ASCII	Ⅻ	XII
Latin-ASCII	Ⅼ	L
Latin-ASCII	Ⅽ	C
Latin-ASCII	Ⅾ	D
Latin-ASCII	Ⅿ	M
Latin-ASCII	ⅰ	i
Latin-ASCII	ⅱ	ii
Latin-ASCII	ⅲ	iii
Latin-ASCII	ⅳ	iv
Latin-ASCII	ⅴ	v
Latin-ASCII	ⅵ	vi
Latin-ASCII	ⅶ	vii
Latin-ASCII	ⅷ	viii
Latin-ASCII	ⅸ	ix
Latin-ASCII	ⅹ	x
Latin-ASCII	ⅺ	xi
Latin-ASCII	ⅻ	xii
Latin-ASCII	ⅼ	l
Latin-ASCII	ⅽ	c
Latin-ASCII	ⅾ	d
Latin-ASCII	ⅿ	m
Latin-ASCII	↉	' 0/3'
Latin-ASCII	−	'-'
Latin-ASCII	∕	'/'
Latin-ASCII	∖	'\'
Latin-ASCII	≪	'<<'
Latin-ASCII	≫	'>>'
Latin-ASCII	⒈	'1.'
Latin-ASCII	⒉	'2.'
Latin-ASCII	⒊	'3.'
Latin-ASCII	⒋	'4.'
Latin-ASCII	⒌	'5.'
Latin-ASCII	⒍	'6.'
Latin-ASCII	⒎	'7.'
Latin-ASCII	⒏	'8.'
Latin-ASCII	⒐	'9.'
Latin-ASCII	⒑	'10.'
Latin-ASCII	⒒	'11.'
Latin-ASCII	⒓	'12.'
Latin-ASCII	⒔	'13.'
Latin-ASCII	⒕	'14.'
Latin-ASCII	⒖	'15.'
Latin-ASCII	⒗	'16.'
Latin-ASCII	⒘	'17.'
Latin-ASCII	⒙	'18.'
Latin-ASCII	⒚	'19.'
Latin-ASCII	⒛	'20.'
Latin-ASCII	⦆	'))'
Latin-ASCII	⩴	'::='
Latin-ASCII	⩵	'=='
Latin-ASCII	⩶	'==='
Latin-ASCII	Ⱡ	L
Latin-ASCII	ⱡ	l
Latin-ASCII	Ɫ	L
Latin-ASCII	Ᵽ	P
Latin-ASCII	Ɽ	R
Latin-ASCII	ⱥ	a
Latin-ASCII	ⱦ	t
Latin-ASCII	Ⱨ	H
Latin-ASCII	ⱨ	h
Latin-ASCII	Ⱪ	K
Latin-ASCII	ⱪ	k
Latin-ASCII	Ⱬ	Z
Latin-ASCII	ⱬ	z
Latin-ASCII	Ɱ	M
Latin-ASCII	ⱱ	v
Latin-ASCII	Ⱳ	W
Latin-ASCII	ⱳ	w
Latin-ASCII	ⱴ	v
Latin-ASCII	ⱸ	e
Latin-ASCII	ⱺ	o
Latin-ASCII	Ȿ	S
Latin-ASCII	Ɀ	Z
Latin-ASCII	、	','
Latin-ASCII	。	'.'
Latin-ASCII	〇	0
Latin-ASCII	〈	'<'
Latin-ASCII	〉	'>'
Latin-ASCII	《	'<<'
Latin-ASCII	》	'>>'
Latin-ASCII	〝	\"
Latin-ASCII	〞	\"
Latin-ASCII	㍱	hPa
Latin-ASCII	㍲	da
Latin-ASCII	㍳	AU
Latin-ASCII	㍴	bar
Latin-ASCII	㍵	oV
Latin-ASCII	㍶	pc
Latin-ASCII	㍷	dm
Latin-ASCII	㍺	IU
Latin-ASCII	㎀	pA
Latin-ASCII	㎁	nA
Latin-ASCII	㎃	mA
Latin-ASCII	㎄	kA
Latin-ASCII	㎅	KB
Latin-ASCII	㎆	MB
Latin-ASCII	㎇	GB
Latin-ASCII	㎈	cal
Latin-ASCII	㎉	kcal
Latin-ASCII	㎊	pF
Latin-ASCII	㎋	nF
Latin-ASCII	㎎	mg
Latin-ASCII	㎏	kg
Latin-ASCII	㎐	Hz
Latin-ASCII	㎑	kHz
Latin-ASCII	㎒	MHz
Latin-ASCII	㎓	GHz
Latin-ASCII	㎔	THz
Latin-ASCII	㎙	fm
Latin-ASCII	㎚	nm
Latin-ASCII	㎜	mm
Latin-ASCII	㎝	cm
Latin-ASCII	㎞	km
Latin-ASCII	㎧	'm/s'
Latin-ASCII	㎩	Pa
Latin-ASCII	㎪	kPa
Latin-ASCII	㎫	MPa
Latin-ASCII	㎬	GPa
Latin-ASCII	㎭	rad
Latin-ASCII	㎮	'rad/s'
Latin-ASCII	㎰	ps
Latin-ASCII	㎱	ns
Latin-ASCII	㎳	ms
Latin-ASCII	㎴	pV
Latin-ASCII	㎵	nV
Latin-ASCII	㎷	mV
Latin-ASCII	㎸	kV
Latin-ASCII	㎹	MV
Latin-ASCII	㎺	pW
Latin-ASCII	㎻	nW
Latin-ASCII	㎽	mW
Latin-ASCII	㎾	kW
Latin-ASCII	㎿	MW
Latin-ASCII	㏂	'a.m.'
Latin-ASCII	㏃	Bq
Latin-ASCII	㏄	cc
Latin-ASCII	㏅	cd
Latin-ASCII	㏆	'C/kg'
Latin-ASCII	㏇	'Co.'
Latin-ASCII	㏈	dB
Latin-ASCII	㏉	Gy
Latin-ASCII	㏊	ha
Latin-ASCII	㏋	HP
Latin-ASCII	㏌	in
Latin-ASCII	㏍	KK
Latin-ASCII	㏎	KM
Latin-ASCII	㏏	kt
Latin-ASCII	㏐	lm
Latin-ASCII	㏑	ln
Latin-ASCII	㏒	log
Latin-ASCII	㏓	lx
Latin-ASCII	㏔	mb
Latin-ASCII	㏕	mil
Latin-ASCII	㏖	mol
Latin-ASCII	㏗	pH
Latin-ASCII	㏘	'p.m.'
Latin-ASCII	㏙	PPM
Latin-ASCII	㏚	PR
Latin-ASCII	㏛	sr
Latin-ASCII	㏜	Sv
Latin-ASCII	㏝	Wb
Latin-ASCII	㏞	'V/m'
Latin-ASCII	㏟	'A/m'
Latin-ASCII	ꜰ	F
Latin-ASCII	ꜱ	S
Latin-ASCII	Ꜳ	AA
Latin-ASCII	ꜳ	aa
Latin-ASCII	Ꜵ	AO
Latin-ASCII	ꜵ	ao
Latin-ASCII	Ꜷ	AU
Latin-ASCII	ꜷ	au
Latin-ASCII	Ꜹ	AV
Latin-ASCII	ꜹ	av
Latin-ASCII	Ꜻ	AV
Latin-ASCII	ꜻ	av
Latin-ASCII	Ꜽ	AY
Latin-ASCII	ꜽ	ay
Latin-ASCII	Ꝁ	K
Latin-ASCII	ꝁ	k
Latin-ASCII	Ꝃ	K
Latin-ASCII	ꝃ	k
Latin-ASCII	Ꝅ	K
Latin-ASCII	ꝅ	k
Latin-ASCII	Ꝇ	L
Latin-ASCII	ꝇ	l
Latin-ASCII	Ꝉ	L
Latin-ASCII	ꝉ	l
Latin-ASCII	Ꝋ	O
Latin-ASCII	ꝋ	o
Latin-ASCII	Ꝍ	O
Latin-ASCII	ꝍ	o
Latin-ASCII	Ꝏ	OO
Latin-ASCII	ꝏ	oo
Latin-ASCII	Ꝑ	P
Latin-ASCII	ꝑ	p
Latin-ASCII	Ꝓ	P
Latin-ASCII	ꝓ	p
Latin-ASCII	Ꝕ	P
Latin-ASCII	ꝕ	p
Latin-ASCII	Ꝗ	Q
Latin-ASCII	ꝗ	q
Latin-ASCII	Ꝙ	Q
Latin-ASCII	ꝙ	q
Latin-ASCII	Ꝟ	V
Latin-ASCII	ꝟ	v
Latin-ASCII	Ꝡ	VY
Latin-ASCII	ꝡ	vy
Latin-ASCII	Ꝥ	TH
Latin-ASCII	ꝥ	th
Latin-ASCII	Ꝧ	TH
Latin-ASCII	ꝧ	th
Latin-ASCII	ꝱ	d
Latin-ASCII	ꝲ	l
Latin-ASCII	ꝳ	m
Latin-ASCII	ꝴ	n
Latin-ASCII	ꝵ	r
Latin-ASCII	ꝶ	R
Latin-ASCII	ꝷ	t
Latin-ASCII	Ꝺ	D
Latin-ASCII	ꝺ	d
Latin-ASCII	Ꝼ	F
Latin-ASCII	ꝼ	f
Latin-ASCII	Ꞇ	T
Latin-ASCII	ꞇ	t
Latin-ASCII	Ꞑ	N
Latin-ASCII	ꞑ	n
Latin-ASCII	Ꞓ	C
Latin-ASCII	ꞓ	c
Latin-ASCII	Ꞡ	G
Latin-ASCII	ꞡ	g
Latin-ASCII	Ꞣ	K
Latin-ASCII	ꞣ	k
Latin-ASCII	Ꞥ	N
Latin-ASCII	ꞥ	n
Latin-ASCII	Ꞧ	R
Latin-ASCII	ꞧ	r
Latin-ASCII	Ꞩ	S
Latin-ASCII	ꞩ	s
Latin-ASCII	Ɦ	H
Latin-ASCII	ﬀ	ff
Latin-ASCII	ﬁ	fi
Latin-ASCII	ﬂ	fl
Latin-ASCII	ﬃ	ffi
Latin-ASCII	ﬄ	ffl
Latin-ASCII	ﬅ	st
Latin-ASCII	ﬆ	st
Latin-ASCII	︐	','
Latin-ASCII	︑	','
Latin-ASCII	︒	'.'
Latin-ASCII	︓	':'
Latin-ASCII	︔	'
Latin-ASCII	︕	'!'
Latin-ASCII	︖	'?'
Latin-ASCII	︙	'...'
Latin-ASCII	︰	'..'
Latin-ASCII	︱	'-'
Latin-ASCII	︲	'-'
Latin-ASCII	︶	')'
Latin-ASCII	︽	'<<'
Latin-ASCII	︾	'>>'
Latin-ASCII	︿	'<'
Latin-ASCII	﹀	'>'
Latin-ASCII	﹐	','
Latin-ASCII	﹑	','
Latin-ASCII	﹒	'.'
Latin-ASCII	﹔	'
Latin-ASCII	﹕	':'
Latin-ASCII	﹖	'?'
Latin-ASCII	﹗	'!'
Latin-ASCII	﹘	'-'
Latin-ASCII	﹚	')'
Latin-ASCII	﹟	'
Latin-ASCII	﹡	'*'
Latin-ASCII	﹢	'+'
Latin-ASCII	﹣	'-'
Latin-ASCII	﹤	'<'
Latin-ASCII	﹥	'>'
Latin-ASCII	﹦	'='
Latin-ASCII	﹨	'\'
Latin-ASCII	﹪	'%'
Latin-ASCII	﹫	'@'
Latin-ASCII	！	'!'
Latin-ASCII	＂	\"
Latin-ASCII	＃	'
Latin-ASCII	％	'%'
Latin-ASCII	＇	\'
Latin-ASCII	）	')'
Latin-ASCII	＊	'*'
Latin-ASCII	＋	'+'
Latin-ASCII	，	','
Latin-ASCII	－	'-'
Latin-ASCII	．	'.'
Latin-ASCII	／	'/'
Latin-ASCII	０	0
Latin-ASCII	１	1
Latin-ASCII	２	2
Latin-ASCII	３	3
Latin-ASCII	４	4
Latin-ASCII	５	5
Latin-ASCII	６	6
Latin-ASCII	７	7
Latin-ASCII	８	8
Latin-ASCII	９	9
Latin-ASCII	：	':'
Latin-ASCII	；	'
Latin-ASCII	＜	'<'
Latin-ASCII	＝	'='
Latin-ASCII	＞	'>'
Latin-ASCII	？	'?'
Latin-ASCII	＠	'@'
Latin-ASCII	Ａ	A
Latin-ASCII	Ｂ	B
Latin-ASCII	Ｃ	C
Latin-ASCII	Ｄ	D
Latin-ASCII	Ｅ	E
Latin-ASCII	Ｆ	F
Latin-ASCII	Ｇ	G
Latin-ASCII	Ｈ	H
Latin-ASCII	Ｉ	I
Latin-ASCII	Ｊ	J
Latin-ASCII	Ｋ	K
Latin-ASCII	Ｌ	L
Latin-ASCII	Ｍ	M
Latin-ASCII	Ｎ	N
Latin-ASCII	Ｏ	O
Latin-ASCII	Ｐ	P
Latin-ASCII	Ｑ	Q
Latin-ASCII	Ｒ	R
Latin-ASCII	Ｓ	S
Latin-ASCII	Ｔ	T
Latin-ASCII	Ｕ	U
Latin-ASCII	Ｖ	V
Latin-ASCII	Ｗ	W
Latin-ASCII	Ｘ	X
Latin-ASCII	Ｙ	Y
Latin-ASCII	Ｚ	Z
Latin-ASCII	＼	'\'
Latin-ASCII	＾	'^'
Latin-ASCII	＿	'_'
Latin-ASCII	｀	'`'
Latin-ASCII	ａ	a
Latin-ASCII	ｂ	b
Latin-ASCII	ｃ	c
Latin-ASCII	ｄ	d
Latin-ASCII	ｅ	e
Latin-ASCII	ｆ	f
Latin-ASCII	ｇ	g
Latin-ASCII	ｈ	h
Latin-ASCII	ｉ	i
Latin-ASCII	ｊ	j
Latin-ASCII	ｋ	k
Latin-ASCII	ｌ	l
Latin-ASCII	ｍ	m
Latin-ASCII	ｎ	n
Latin-ASCII	ｏ	o
Latin-ASCII	ｐ	p
Latin-ASCII	ｑ	q
Latin-ASCII	ｒ	r
Latin-ASCII	ｓ	s
Latin-ASCII	ｔ	t
Latin-ASCII	ｕ	u
Latin-ASCII	ｖ	v
Latin-ASCII	ｗ	w
Latin-ASCII	ｘ	x
Latin-ASCII	ｙ	y
Latin-ASCII	ｚ	z
Latin-ASCII	～	'~'
Latin-ASCII	｠	'))'
Latin-ASCII	｡	'.'
Latin-ASCII	､	','
Latin-ASCII	￩	'<-'
Latin-ASCII	￫	'->'
Latin-ASCII	🄀	'0.'
Latin-ASCII	🄁	'0,'
Latin-ASCII	🄂	'1,'
Latin-ASCII	🄃	'2,'
Latin-ASCII	🄄	'3,'
Latin-ASCII	🄅	'4,'
Latin-ASCII	🄆	'5,'
Latin-ASCII	🄇	'6,'
Latin-ASCII	🄈	'7,'
Latin-ASCII	🄉	'8,'
Latin-ASCII	🄊	'9,'
Cyrillic-Latin	Ђ	Đ
Cyrillic-Latin	А	A
Cyrillic-Latin	Б	B
Cyrillic-Latin	В	V
Cyrillic-Latin	Г	G
Cyrillic-Latin	Д	D
Cyrillic-Latin	Е	E
Cyrillic-Latin	З	Z
Cyrillic-Latin	И	I
Cyrillic-Latin	Й	J
Cyrillic-Latin	К	K
Cyrillic-Latin	Л	L
Cyrillic-Latin	М	M
Cyrillic-Latin	Н	N
Cyrillic-Latin	О	O
Cyrillic-Latin	П	P
Cyrillic-Latin	Р	R
Cyrillic-Latin	С	S
Cyrillic-Latin	Т	T
Cyrillic-Latin	У	U
Cyrillic-Latin	Ф	F
Cyrillic-Latin	Х	H
Cyrillic-Latin	Ц	C
Cyrillic-Latin	Ы	Y
Cyrillic-Latin	а	a
Cyrillic-Latin	б	b
Cyrillic-Latin	в	v
Cyrillic-Latin	г	g
Cyrillic-Latin	д	d
Cyrillic-Latin	е	e
Cyrillic-Latin	з	z
Cyrillic-Latin	и	i
Cyrillic-Latin	й	j
Cyrillic-Latin	к	k
Cyrillic-Latin	л	l
Cyrillic-Latin	м	m
Cyrillic-Latin	н	n
Cyrillic-Latin	о	o
Cyrillic-Latin	п	p
Cyrillic-Latin	р	r
Cyrillic-Latin	с	s
Cyrillic-Latin	т	t
Cyrillic-Latin	у	u
Cyrillic-Latin	ф	f
Cyrillic-Latin	х	h
Cyrillic-Latin	ц	c
Cyrillic-Latin	ы	y
Cyrillic-Latin	ђ	đ
Cyrillic-Latin	Ӕ	Æ
Cyrillic-Latin	ӕ	æ
Cyrillic-Latin	Ә	Ə
Cyrillic-Latin	ә	ə
Greek-Latin	·	\:
Greek-Latin	͂	̂
Greek-Latin	ͺ	i
Greek-Latin	΄	´
Greek-Latin	Α	A
Greek-Latin	Β	B
Greek-Latin	Γ	G
Greek-Latin	Δ	D
Greek-Latin	Ε	E
Greek-Latin	Ζ	Z
Greek-Latin	Θ	TH
Greek-Latin	Ι	I
Greek-Latin	Κ	K
Greek-Latin	Λ	L
Greek-Latin	Μ	M
Greek-Latin	Ν	N
Greek-Latin	Ξ	X
Greek-Latin	Ο	O
Greek-Latin	Π	P
Greek-Latin	Ρ	R
Greek-Latin	Σ	S
Greek-Latin	Τ	T
Greek-Latin	Υ	Y
Greek-Latin	Φ	PH
Greek-Latin	Χ	CH
Greek-Latin	Ψ	PS
Greek-Latin	α	a
Greek-Latin	β	b
Greek-Latin	γ	g
Greek-Latin	δ	d
Greek-Latin	ε	e
Greek-Latin	ζ	z
Greek-Latin	θ	th
Greek-Latin	ι	i
Greek-Latin	κ	k
Greek-Latin	λ	l
Greek-Latin	μ	m
Greek-Latin	ν	n
Greek-Latin	ξ	x
Greek-Latin	ο	o
Greek-Latin	π	p
Greek-Latin	ρ	r
Greek-Latin	σ	s
Greek-Latin	τ	t
Greek-Latin	υ	y
Greek-Latin	φ	ph
Greek-Latin	χ	ch
Greek-Latin	ψ	ps
Greek-Latin	ϳ	j
Greek-Latin	Ϸ	Š
Greek-Latin	ϸ	š
Greek-Latin	Ϻ	Ŝ
Greek-Latin	ϻ	ŝ
Latin-Phonetic	tion	xn
Latin-Phonetic	sion	xn
Latin-Phonetic	ough	o
Latin-Phonetic	augh	af
Latin-Phonetic	eigh	e
Latin-Phonetic	sch	sk
Latin-Phonetic	tch	x
Latin-Phonetic	dge	j
Latin-Phonetic	ph	f
Latin-Phonetic	ck	k
Latin-Phonetic	ch	x
Latin-Phonetic	sh	x
Latin-Phonetic	th	0
Latin-Phonetic	gh	
Latin-Phonetic	wr	r
Latin-Phonetic	kn	n
Latin-Phonetic	gn	n
Latin-Phonetic	pn	n
Latin-Phonetic	wh	w
Latin-Phonetic	qu	kw
Latin-Phonetic	mb	m
Latin-Phonetic	mn	m
Latin-Phonetic	ps	s
Latin-Phonetic	rh	r
Latin-Phonetic	ce	se
Latin-Phonetic	ci	si
Latin-Phonetic	cy	sy
Latin-Phonetic	bb	b
Latin-Phonetic	dd	d
Latin-Phonetic	ff	f
Latin-Phonetic	gg	g
Latin-Phonetic	kk	k
Latin-Phonetic	ll	l
Latin-Phonetic	mm	m
Latin-Phonetic	nn	n
Latin-Phonetic	pp	p
Latin-Phonetic	rr	r
Latin-Phonetic	ss	s
Latin-Phonetic	tt	t
Latin-Phonetic	zz	z
Latin-Phonetic	c	k
Latin-Phonetic	q	k
Latin-Phonetic	x	ks
Latin-Phonetic	z	s
Latin-Phonetic	v	f
Latin-Phonetic	y	i
Latin-Phonetic	j	i
Pinyin-Fuzzy	zh	z
Pinyin-Fuzzy	ch	c
Pinyin-Fuzzy	sh	s
Pinyin-Fuzzy	iang	ian
Pinyin-Fuzzy	uang	uan
Pinyin-Fuzzy	ang	an
Pinyin-Fuzzy	eng	en
Pinyin-Fuzzy	ing	in
Cologne-Phonetic	sch	s
Cologne-Phonetic	chs	ks
Cologne-Phonetic	ph	f
Cologne-Phonetic	ck	k
Cologne-Phonetic	dt	t
Cologne-Phonetic	tz	z
Cologne-Phonetic	ts	z
Cologne-Phonetic	qu	kw
Cologne-Phonetic	ß	s
Cologne-Phonetic	ä	a
Cologne-Phonetic	ö	o
Cologne-Phonetic	ü	u
Cologne-Phonetic	v	f
Cologne-Phonetic	w	f
Cologne-Phonetic	y	i
Cologne-Phonetic	x	ks
Cologne-Phonetic	c	k
Cologne-Phonetic	z	s
Cologne-Phonetic	d	t
Cologne-Phonetic	g	k
Cologne-Phonetic	b	p
Daitch-Mokotoff	ai	a
Daitch-Mokotoff	aj	a
Daitch-Mokotoff	ay	a
Daitch-Mokotoff	ei	a
Daitch-Mokotoff	ej	a
Daitch-Mokotoff	ey	a
Daitch-Mokotoff	oi	o
Daitch-Mokotoff	oj	o
Daitch-Mokotoff	oy	o
Daitch-Mokotoff	ui	u
Daitch-Mokotoff	uj	u
Daitch-Mokotoff	uy	u
Daitch-Mokotoff	schtsch	s
Daitch-Mokotoff	shtsh	s
Daitch-Mokotoff	sch	s
Daitch-Mokotoff	shch	s
Daitch-Mokotoff	sh	s
Daitch-Mokotoff	sz	s
Daitch-Mokotoff	cz	c
Daitch-Mokotoff	cs	c
Daitch-Mokotoff	ts	c
Daitch-Mokotoff	tz	c
Daitch-Mokotoff	dzh	j
Daitch-Mokotoff	dzs	j
Daitch-Mokotoff	dz	j
Daitch-Mokotoff	zh	z
Daitch-Mokotoff	rz	z
Daitch-Mokotoff	kh	k
Daitch-Mokotoff	ch	k
Daitch-Mokotoff	ck	k
Daitch-Mokotoff	ph	f
Daitch-Mokotoff	th	t
Daitch-Mokotoff	w	v
Daitch-Mokotoff	x	ks
Daitch-Mokotoff	q	k
Daitch-Mokotoff	y	i
Daitch-Mokotoff	j	i
Daitch-Mokotoff	ä	a
Daitch-Mokotoff	ö	o
Daitch-Mokotoff	ü	u
Daitch-Mokotoff	ß	s
Kana-Latin	aー	ā
Kana-Latin	eー	ē
Kana-Latin	iー	ī
Kana-Latin	oー	ō
Kana-Latin	uー	ū
Kana-Latin	vー	vū
Kana-Latin	あ	a
Kana-Latin	い	i
Kana-Latin	う	u
Kana-Latin	え	e
Kana-Latin	お	o
Kana-Latin	おう	ō
Kana-Latin	か	ka
Kana-Latin	が	ga
Kana-Latin	き	ki
Kana-Latin	きゃ	kya
Kana-Latin	きゅ	kyu
Kana-Latin	きゅう	kyū
Kana-Latin	きょ	kyo
Kana-Latin	きょう	kyō
Kana-Latin	ぎ	gi
Kana-Latin	ぎゃ	gya
Kana-Latin	ぎゅ	gyu
Kana-Latin	ぎゅう	gyū
Kana-Latin	ぎょ	gyo
Kana-Latin	ぎょう	gyō
Kana-Latin	く	ku
Kana-Latin	ぐ	gu
Kana-Latin	け	ke
Kana-Latin	げ	ge
Kana-Latin	こ	ko
Kana-Latin	こう	kō
Kana-Latin	ご	go
Kana-Latin	ごう	gō
Kana-Latin	さ	sa
Kana-Latin	ざ	za
Kana-Latin	し	shi
Kana-Latin	しゃ	sha
Kana-Latin	しゅ	shu
Kana-Latin	しゅう	shū
Kana-Latin	しょ	sho
Kana-Latin	しょう	shō
Kana-Latin	じ	ji
Kana-Latin	じゃ	ja
Kana-Latin	じゅ	ju
Kana-Latin	じゅう	jū
Kana-Latin	じょ	jo
Kana-Latin	じょう	jō
Kana-Latin	す	su
Kana-Latin	ず	zu
Kana-Latin	せ	se
Kana-Latin	ぜ	ze
Kana-Latin	そ	so
Kana-Latin	そう	sō
Kana-Latin	ぞ	zo
Kana-Latin	ぞう	zō
Kana-Latin	た	ta
Kana-Latin	だ	da
Kana-Latin	ち	chi
Kana-Latin	ちゃ	cha
Kana-Latin	ちゅ	chu
Kana-Latin	ちゅう	chū
Kana-Latin	ちょ	cho
Kana-Latin	ちょう	chō
Kana-Latin	ぢ	ji
Kana-Latin	つ	tsu
Kana-Latin	づ	zu
Kana-Latin	て	te
Kana-Latin	で	de
Kana-Latin	と	to
Kana-Latin	とう	tō
Kana-Latin	ど	do
Kana-Latin	どう	dō
Kana-Latin	な	na
Kana-Latin	に	ni
Kana-Latin	にゃ	nya
Kana-Latin	にゅ	nyu
Kana-Latin	にゅう	nyū
Kana-Latin	にょ	nyo
Kana-Latin	にょう	nyō
Kana-Latin	ぬ	nu
Kana-Latin	ね	ne
Kana-Latin	の	no
Kana-Latin	のう	nō
Kana-Latin	は	ha
Kana-Latin	ば	ba
Kana-Latin	ぱ	pa
Kana-Latin	ひ	hi
Kana-Latin	ひゃ	hya
Kana-Latin	ひゅ	hyu
Kana-Latin	ひゅう	hyū
Kana-Latin	ひょ	hyo
Kana-Latin	ひょう	hyō
Kana-Latin	び	bi
Kana-Latin	びゃ	bya
Kana-Latin	びゅ	byu
Kana-Latin	びゅう	byū
Kana-Latin	びょ	byo
Kana-Latin	びょう	byō
Kana-Latin	ぴ	pi
Kana-Latin	ぴゃ	pya
Kana-Latin	ぴゅ	pyu
Kana-Latin	ぴゅう	pyū
Kana-Latin	ぴょ	pyo
Kana-Latin	ぴょう	pyō
Kana-Latin	ふ	fu
Kana-Latin	ぶ	bu
Kana-Latin	ぷ	pu
Kana-Latin	へ	he
Kana-Latin	べ	be
Kana-Latin	ぺ	pe
Kana-Latin	ほ	ho
Kana-Latin	ほう	hō
Kana-Latin	ぼ	bo
Kana-Latin	ぼう	bō
Kana-Latin	ぽ	po
Kana-Latin	ぽう	pō
Kana-Latin	ま	ma
Kana-Latin	み	mi
Kana-Latin	みゃ	mya
Kana-Latin	みゅ	myu
Kana-Latin	みゅう	myū
Kana-Latin	みょ	myo
Kana-Latin	みょう	myō
Kana-Latin	む	mu
Kana-Latin	め	me
Kana-Latin	も	mo
Kana-Latin	もう	mō
Kana-Latin	や	ya
Kana-Latin	ゆ	yu
Kana-Latin	よ	yo
Kana-Latin	よう	yō
Kana-Latin	ら	ra
Kana-Latin	り	ri
Kana-Latin	りゃ	rya
Kana-Latin	りゅ	ryu
Kana-Latin	りゅう	ryū
Kana-Latin	りょ	ryo
Kana-Latin	りょう	ryō
Kana-Latin	る	ru
Kana-Latin	れ	re
Kana-Latin	ろ	ro
Kana-Latin	ろう	rō
Kana-Latin	わ	wa
Kana-Latin	ゐ	i
Kana-Latin	ゑ	e
Kana-Latin	を	o
Kana-Latin	ん	n
Kana-Latin	ゔ	v
Kana-Latin	ア	a
Kana-Latin	イ	i
Kana-Latin	ウ	u
Kana-Latin	エ	e
Kana-Latin	オ	o
Kana-Latin	オウ	ō
Kana-Latin	カ	ka
Kana-Latin	ガ	ga
Kana-Latin	キ	ki
Kana-Latin	キャ	kya
Kana-Latin	キュ	kyu
Kana-Latin	キュウ	kyū
Kana-Latin	キョ	kyo
Kana-Latin	キョウ	kyō
Kana-Latin	ギ	gi
Kana-Latin	ギャ	gya
Kana-Latin	ギュ	gyu
Kana-Latin	ギュウ	gyū
Kana-Latin	ギョ	gyo
Kana-Latin	ギョウ	gyō
Kana-Latin	ク	ku
Kana-Latin	グ	gu
Kana-Latin	ケ	ke
Kana-Latin	ゲ	ge
Kana-Latin	コ	ko
Kana-Latin	コウ	kō
Kana-Latin	ゴ	go
Kana-Latin	ゴウ	gō
Kana-Latin	サ	sa
Kana-Latin	ザ	za
Kana-Latin	シ	shi
Kana-Latin	シャ	sha
Kana-Latin	シュ	shu
Kana-Latin	シュウ	shū
Kana-Latin	ショ	sho
Kana-Latin	ショウ	shō
Kana-Latin	ジ	ji
Kana-Latin	ジャ	ja
Kana-Latin	ジュ	ju
Kana-Latin	ジュウ	jū
Kana-Latin	ジョ	jo
Kana-Latin	ジョウ	jō
Kana-Latin	ス	su
Kana-Latin	ズ	zu
Kana-Latin	セ	se
Kana-Latin	ゼ	ze
Kana-Latin	ソ	so
Kana-Latin	ソウ	sō
Kana-Latin	ゾ	zo
Kana-Latin	ゾウ	zō
Kana-Latin	タ	ta
Kana-Latin	ダ	da
Kana-Latin	チ	chi
Kana-Latin	チャ	cha
Kana-Latin	チュ	chu
Kana-Latin	チュウ	chū
Kana-Latin	チョ	cho
Kana-Latin	チョウ	chō
Kana-Latin	ヂ	ji
Kana-Latin	ツ	tsu
Kana-Latin	ヅ	zu
Kana-Latin	テ	te
Kana-Latin	デ	de
Kana-Latin	ト	to
Kana-Latin	トウ	tō
Kana-Latin	ド	do
Kana-Latin	ドウ	dō
Kana-Latin	ナ	na
Kana-Latin	ニ	ni
Kana-Latin	ニャ	nya
Kana-Latin	ニュ	nyu
Kana-Latin	ニュウ	nyū
Kana-Latin	ニョ	nyo
Kana-Latin	ニョウ	nyō
Kana-Latin	ヌ	nu
Kana-Latin	ネ	ne
Kana-Latin	ノ	no
Kana-Latin	ノウ	nō
Kana-Latin	ハ	ha
Kana-Latin	バ	ba
Kana-Latin	パ	pa
Kana-Latin	ヒ	hi
Kana-Latin	ヒャ	hya
Kana-Latin	ヒュ	hyu
Kana-Latin	ヒュウ	hyū
Kana-Latin	ヒョ	hyo
Kana-Latin	ヒョウ	hyō
Kana-Latin	ビ	bi
Kana-Latin	ビャ	bya
Kana-Latin	ビュ	byu
Kana-Latin	ビュウ	byū
Kana-Latin	ビョ	byo
Kana-Latin	ビョウ	byō
Kana-Latin	ピ	pi
Kana-Latin	ピャ	pya
Kana-Latin	ピュ	pyu
Kana-Latin	ピュウ	pyū
Kana-Latin	ピョ	pyo
Kana-Latin	ピョウ	pyō
Kana-Latin	フ	fu
Kana-Latin	ブ	bu
Kana-Latin	プ	pu
Kana-Latin	ヘ	he
Kana-Latin	ベ	be
Kana-Latin	ペ	pe
Kana-Latin	ホ	ho
Kana-Latin	ホウ	hō
Kana-Latin	ボ	bo
Kana-Latin	ボウ	bō
Kana-Latin	ポ	po
Kana-Latin	ポウ	pō
Kana-Latin	マ	ma
Kana-Latin	ミ	mi
Kana-Latin	ミャ	mya
Kana-Latin	ミュ	myu
Kana-Latin	ミュウ	myū
Kana-Latin	ミョ	myo
Kana-Latin	ミョウ	myō
Kana-Latin	ム	mu
Kana-Latin	メ	me
Kana-Latin	モ	mo
Kana-Latin	モウ	mō
Kana-Latin	ヤ	ya
Kana-Latin	ユ	yu
Kana-Latin	ヨ	yo
Kana-Latin	ヨウ	yō
Kana-Latin	ラ	ra
Kana-Latin	リ	ri
Kana-Latin	リャ	rya
Kana-Latin	リュ	ryu
Kana-Latin	リュウ	ryū
Kana-Latin	リョ	ryo
Kana-Latin	リョウ	ryō
Kana-Latin	ル	ru
Kana-Latin	レ	re
Kana-Latin	ロ	ro
Kana-Latin	ロウ	rō
Kana-Latin	ワ	wa
Kana-Latin	ヰ	i
Kana-Latin	ヱ	e
Kana-Latin	ヲ	o
Kana-Latin	ン	n
Kana-Latin	ヴ	v
Kana-Latin	あ	a
Kana-Latin	い	i
Kana-Latin	う	u
Kana-Latin	え	e
Kana-Latin	お	o
Kana-Latin	おう	ō
Kana-Latin	か	ka
Kana-Latin	が	ga
Kana-Latin	き	ki
Kana-Latin	きゃ	kya
Kana-Latin	きゅ	kyu
Kana-Latin	きゅう	kyū
Kana-Latin	きょ	kyo
Kana-Latin	きょう	kyō
Kana-Latin	ぎ	gi
Kana-Latin	ぎゃ	gya
Kana-Latin	ぎゅ	gyu
Kana-Latin	ぎゅう	gyū
Kana-Latin	ぎょ	gyo
Kana-Latin	ぎょう	gyō
Kana-Latin	く	ku
Kana-Latin	ぐ	gu
Kana-Latin	け	ke
Kana-Latin	げ	ge
Kana-Latin	こ	ko
Kana-Latin	こう	kō
Kana-Latin	ご	go
Kana-Latin	ごう	gō
Kana-Latin	さ	sa
Kana-Latin	ざ	za
Kana-Latin	し	shi
Kana-Latin	しゃ	sha
Kana-Latin	しゅ	shu
Kana-Latin	しゅう	shū
Kana-Latin	しょ	sho
Kana-Latin	しょう	shō
Kana-Latin	じ	ji
Kana-Latin	じゃ	ja
Kana-Latin	じゅ	ju
Kana-Latin	じゅう	jū
Kana-Latin	じょ	jo
Kana-Latin	じょう	jō
Kana-Latin	す	su
Kana-Latin	ず	zu
Kana-Latin	せ	se
Kana-Latin	ぜ	ze
Kana-Latin	そ	so
Kana-Latin	そう	sō
Kana-Latin	ぞ	zo
Kana-Latin	ぞう	zō
Kana-Latin	た	ta
Kana-Latin	だ	da
Kana-Latin	ち	chi
Kana-Latin	ちゃ	cha
Kana-Latin	ちゅ	chu
Kana-Latin	ちゅう	chū
Kana-Latin	ちょ	cho
Kana-Latin	ちょう	chō
Kana-Latin	ぢ	ji
Kana-Latin	つ	tsu
Kana-Latin	づ	zu
Kana-Latin	て	te
Kana-Latin	で	de
Kana-Latin	と	to
Kana-Latin	とう	tō
Kana-Latin	ど	do
Kana-Latin	どう	dō
Kana-Latin	な	na
Kana-Latin	に	ni
Kana-Latin	にゃ	nya
Kana-Latin	にゅ	nyu
Kana-Latin	にゅう	nyū
Kana-Latin	にょ	nyo
Kana-Latin	にょう	nyō
Kana-Latin	ぬ	nu
Kana-Latin	ね	ne
Kana-Latin	の	no
Kana-Latin	のう	nō
Kana-Latin	は	ha
Kana-Latin	ば	ba
Kana-Latin	ぱ	pa
Kana-Latin	ひ	hi
Kana-Latin	ひゃ	hya
Kana-Latin	ひゅ	hyu
Kana-Latin	ひゅう	hyū
Kana-Latin	ひょ	hyo
Kana-Latin	ひょう	hyō
Kana-Latin	び	bi
Kana-Latin	びゃ	bya
Kana-Latin	びゅ	byu
Kana-Latin	びゅう	byū
Kana-Latin	びょ	byo
Kana-Latin	びょう	byō
Kana-Latin	ぴ	pi
Kana-Latin	ぴゃ	pya
Kana-Latin	ぴゅ	pyu
Kana-Latin	ぴゅう	pyū
Kana-Latin	ぴょ	pyo
Kana-Latin	ぴょう	pyō
Kana-Latin	ふ	fu
Kana-Latin	ぶ	bu
Kana-Latin	ぷ	pu
Kana-Latin	へ	he
Kana-Latin	べ	be
Kana-Latin	ぺ	pe
Kana-Latin	ほ	ho
Kana-Latin	ほう	hō
Kana-Latin	ぼ	bo
Kana-Latin	ぼう	bō
Kana-Latin	ぽ	po
Kana-Latin	ぽう	pō
Kana-Latin	ま	ma
Kana-Latin	み	mi
Kana-Latin	みゃ	mya
Kana-Latin	みゅ	myu
Kana-Latin	みゅう	myū
Kana-Latin	みょ	myo
Kana-Latin	みょう	myō
Kana-Latin	む	mu
Kana-Latin	め	me
Kana-Latin	も	mo
Kana-Latin	もう	mō
Kana-Latin	や	ya
Kana-Latin	ゆ	yu
Kana-Latin	よ	yo
Kana-Latin	よう	yō
Kana-Latin	ら	ra
Kana-Latin	り	ri
Kana-Latin	りゃ	rya
Kana-Latin	りゅ	ryu
Kana-Latin	りゅう	ryū
Kana-Latin	りょ	ryo
Kana-Latin	りょう	ryō
Kana-Latin	る	ru
Kana-Latin	れ	re
Kana-Latin	ろ	ro
Kana-Latin	ろう	rō
Kana-Latin	わ	wa
Kana-Latin	ゐ	i
Kana-Latin	ゑ	e
Kana-Latin	を	o
Kana-Latin	ん	n
Kana-Latin	ゔ	v
Latin-ASCII	À	A
Latin-ASCII	Á	A
Latin-ASCII	Â	A
Latin-ASCII	Ã	A
Latin-ASCII	Ä	A
Latin-ASCII	Å	A
Latin-ASCII	Ç	C
Latin-ASCII	È	E
Latin-ASCII	É	E
Latin-ASCII	Ê	E
Latin-ASCII	Ë	E
Latin-ASCII	Ì	I
Latin-ASCII	Í	I
Latin-ASCII	Î	I
Latin-ASCII	Ï	I
Latin-ASCII	Ñ	N
Latin-ASCII	Ò	O
Latin-ASCII	Ó	O
Latin-ASCII	Ô	O
Latin-ASCII	Õ	O
Latin-ASCII	Ö	O
Latin-ASCII	Ù	U
Latin-ASCII	Ú	U
Latin-ASCII	Û	U
Latin-ASCII	Ü	U
Latin-ASCII	Ý	Y
Latin-ASCII	à	a
Latin-ASCII	á	a
Latin-ASCII	â	a
Latin-ASCII	ã	a
Latin-ASCII	ä	a
Latin-ASCII	å	a
Latin-ASCII	ç	c
Latin-ASCII	è	e
Latin-ASCII	é	e
Latin-ASCII	ê	e
Latin-ASCII	ë	e
Latin-ASCII	ì	i
Latin-ASCII	í	i
Latin-ASCII	î	i
Latin-ASCII	ï	i
Latin-ASCII	ñ	n
Latin-ASCII	ò	o
Latin-ASCII	ó	o
Latin-ASCII	ô	o
Latin-ASCII	õ	o
Latin-ASCII	ö	o
Latin-ASCII	ù	u
Latin-ASCII	ú	u
Latin-ASCII	û	u
Latin-ASCII	ü	u
Latin-ASCII	ý	y
Latin-ASCII	ÿ	y
Latin-ASCII	Ā	A
Latin-ASCII	ā	a
Latin-ASCII	Ă	A
Latin-ASCII	ă	a
Latin-ASCII	Ą	A
Latin-ASCII	ą	a
Latin-ASCII	Ć	C
Latin-ASCII	ć	c
Latin-ASCII	Ĉ	C
Latin-ASCII	ĉ	c
Latin-ASCII	Ċ	C
Latin-ASCII	ċ	c
Latin-ASCII	Č	C
Latin-ASCII	č	c
Latin-ASCII	Ď	D
Latin-ASCII	ď	d
Latin-ASCII	Ē	E
Latin-ASCII	ē	e
Latin-ASCII	Ĕ	E
Latin-ASCII	ĕ	e
Latin-ASCII	Ė	E
Latin-ASCII	ė	e
Latin-ASCII	Ę	E
Latin-ASCII	ę	e
Latin-ASCII	Ě	E
Latin-ASCII	ě	e
Latin-ASCII	Ĝ	G
Latin-ASCII	ĝ	g
Latin-ASCII	Ğ	G
Latin-ASCII	ğ	g
Latin-ASCII	Ġ	G
Latin-ASCII	ġ	g
Latin-ASCII	Ģ	G
Latin-ASCII	ģ	g
Latin-ASCII	Ĥ	H
Latin-ASCII	ĥ	h
Latin-ASCII	Ĩ	I
Latin-ASCII	ĩ	i
Latin-ASCII	Ī	I
Latin-ASCII	ī	i
Latin-ASCII	Ĭ	I
Latin-ASCII	ĭ	i
Latin-ASCII	Į	I
Latin-ASCII	į	i
Latin-ASCII	İ	I
Latin-ASCII	Ĵ	J
Latin-ASCII	ĵ	j
Latin-ASCII	Ķ	K
Latin-ASCII	ķ	k
Latin-ASCII	Ĺ	L
Latin-ASCII	ĺ	l
Latin-ASCII	Ļ	L
Latin-ASCII	ļ	l
Latin-ASCII	Ľ	L
Latin-ASCII	ľ	l
Latin-ASCII	Ń	N
Latin-ASCII	ń	n
Latin-ASCII	Ņ	N
Latin-ASCII	ņ	n
Latin-ASCII	Ň	N
Latin-ASCII	ň	n
Latin-ASCII	Ō	O
Latin-ASCII	ō	o
Latin-ASCII	Ŏ	O
Latin-ASCII	ŏ	o
Latin-ASCII	Ő	O
Latin-ASCII	ő	o
Latin-ASCII	Ŕ	R
Latin-ASCII	ŕ	r
Latin-ASCII	Ŗ	R
Latin-ASCII	ŗ	r
Latin-ASCII	Ř	R
Latin-ASCII	ř	r
Latin-ASCII	Ś	S
Latin-ASCII	ś	s
Latin-ASCII	Ŝ	S
Latin-ASCII	ŝ	s
Latin-ASCII	Ş	S
Latin-ASCII	ş	s
Latin-ASCII	Š	S
Latin-ASCII	š	s
Latin-ASCII	Ţ	T
Latin-ASCII	ţ	t
Latin-ASCII	Ť	T
Latin-ASCII	ť	t
Latin-ASCII	Ũ	U
Latin-ASCII	ũ	u
Latin-ASCII	Ū	U
Latin-ASCII	ū	u
Latin-ASCII	Ŭ	U
Latin-ASCII	ŭ	u
Latin-ASCII	Ů	U
Latin-ASCII	ů	u
Latin-ASCII	Ű	U
Latin-ASCII	ű	u
Latin-ASCII	Ų	U
Latin-ASCII	ų	u
Latin-ASCII	Ŵ	W
Latin-ASCII	ŵ	w
Latin-ASCII	Ŷ	Y
Latin-ASCII	ŷ	y
Latin-ASCII	Ÿ	Y
Latin-ASCII	Ź	Z
Latin-ASCII	ź	z
Latin-ASCII	Ż	Z
Latin-ASCII	ż	z
Latin-ASCII	Ž	Z
Latin-ASCII	ž	z
Latin-ASCII	Ơ	O
Latin-ASCII	ơ	o
Latin-ASCII	Ư	U
Latin-ASCII	ư	u
Latin-ASCII	Ǎ	A
Latin-ASCII	ǎ	a
Latin-ASCII	Ǐ	I
Latin-ASCII	ǐ	i
Latin-ASCII	Ǒ	O
Latin-ASCII	ǒ	o
Latin-ASCII	Ǔ	U
Latin-ASCII	ǔ	u
Latin-ASCII	Ǖ	U
Latin-ASCII	ǖ	u
Latin-ASCII	Ǘ	U
Latin-ASCII	ǘ	u
Latin-ASCII	Ǚ	U
Latin-ASCII	ǚ	u
Latin-ASCII	Ǜ	U
Latin-ASCII	ǜ	u
Latin-ASCII	Ǟ	A
Latin-ASCII	ǟ	a
Latin-ASCII	Ǡ	A
Latin-ASCII	ǡ	a
Latin-ASCII	Ǧ	G
Latin-ASCII	ǧ	g
Latin-ASCII	Ǩ	K
Latin-ASCII	ǩ	k
Latin-ASCII	Ǫ	O
Latin-ASCII	ǫ	o
Latin-ASCII	Ǭ	O
Latin-ASCII	ǭ	o
Latin-ASCII	ǰ	j
Latin-ASCII	Ǵ	G
Latin-ASCII	ǵ	g
Latin-ASCII	Ǹ	N
Latin-ASCII	ǹ	n
Latin-ASCII	Ǻ	A
Latin-ASCII	ǻ	a
Latin-ASCII	Ȁ	A
Latin-ASCII	ȁ	a
Latin-ASCII	Ȃ	A
Latin-ASCII	ȃ	a
Latin-ASCII	Ȅ	E
Latin-ASCII	ȅ	e
Latin-ASCII	Ȇ	E
Latin-ASCII	ȇ	e
Latin-ASCII	Ȉ	I
Latin-ASCII	ȉ	i
Latin-ASCII	Ȋ	I
Latin-ASCII	ȋ	i
Latin-ASCII	Ȍ	O
Latin-ASCII	ȍ	o
Latin-ASCII	Ȏ	O
Latin-ASCII	ȏ	o
Latin-ASCII	Ȑ	R
Latin-ASCII	ȑ	r
Latin-ASCII	Ȓ	R
Latin-ASCII	ȓ	r
Latin-ASCII	Ȕ	U
Latin-ASCII	ȕ	u
Latin-ASCII	Ȗ	U
Latin-ASCII	ȗ	u
Latin-ASCII	Ș	S
Latin-ASCII	ș	s
Latin-ASCII	Ț	T
Latin-ASCII	ț	t
Latin-ASCII	Ȟ	H
Latin-ASCII	ȟ	h
Latin-ASCII	Ȧ	A
Latin-ASCII	ȧ	a
Latin-ASCII	Ȩ	E
Latin-ASCII	ȩ	e
Latin-ASCII	Ȫ	O
Latin-ASCII	ȫ	o
Latin-ASCII	Ȭ	O
Latin-ASCII	ȭ	o
Latin-ASCII	Ȯ	O
Latin-ASCII	ȯ	o
Latin-ASCII	Ȱ	O
Latin-ASCII	ȱ	o
Latin-ASCII	Ȳ	Y
Latin-ASCII	ȳ	y
Latin-ASCII	Ḁ	A
Latin-ASCII	ḁ	a
Latin-ASCII	Ḃ	B
Latin-ASCII	ḃ	b
Latin-ASCII	Ḅ	B
Latin-ASCII	ḅ	b
Latin-ASCII	Ḇ	B
Latin-ASCII	ḇ	b
Latin-ASCII	Ḉ	C
Latin-ASCII	ḉ	c
Latin-ASCII	Ḋ	D
Latin-ASCII	ḋ	d
Latin-ASCII	Ḍ	D
Latin-ASCII	ḍ	d
Latin-ASCII	Ḏ	D
Latin-ASCII	ḏ	d
Latin-ASCII	Ḑ	D
Latin-ASCII	ḑ	d
Latin-ASCII	Ḓ	D
Latin-ASCII	ḓ	d
Latin-ASCII	Ḕ	E
Latin-ASCII	ḕ	e
Latin-ASCII	Ḗ	E
Latin-ASCII	ḗ	e
Latin-ASCII	Ḙ	E
Latin-ASCII	ḙ	e
Latin-ASCII	Ḛ	E
Latin-ASCII	ḛ	e
Latin-ASCII	Ḝ	E
Latin-ASCII	ḝ	e
Latin-ASCII	Ḟ	F
Latin-ASCII	ḟ	f
Latin-ASCII	Ḡ	G
Latin-ASCII	ḡ	g
Latin-ASCII	Ḣ	H
Latin-ASCII	ḣ	h
Latin-ASCII	Ḥ	H
Latin-ASCII	ḥ	h
Latin-ASCII	Ḧ	H
Latin-ASCII	ḧ	h
Latin-ASCII	Ḩ	H
Latin-ASCII	ḩ	h
Latin-ASCII	Ḫ	H
Latin-ASCII	ḫ	h
Latin-ASCII	Ḭ	I
Latin-ASCII	ḭ	i
Latin-ASCII	Ḯ	I
Latin-ASCII	ḯ	i
Latin-ASCII	Ḱ	K
Latin-ASCII	ḱ	k
Latin-ASCII	Ḳ	K
Latin-ASCII	ḳ	k
Latin-ASCII	Ḵ	K
Latin-ASCII	ḵ	k
Latin-ASCII	Ḷ	L
Latin-ASCII	ḷ	l
Latin-ASCII	Ḹ	L
Latin-ASCII	ḹ	l
Latin-ASCII	Ḻ	L
Latin-ASCII	ḻ	l
Latin-ASCII	Ḽ	L
Latin-ASCII	ḽ	l
Latin-ASCII	Ḿ	M
Latin-ASCII	ḿ	m
Latin-ASCII	Ṁ	M
Latin-ASCII	ṁ	m
Latin-ASCII	Ṃ	M
Latin-ASCII	ṃ	m
Latin-ASCII	Ṅ	N
Latin-ASCII	ṅ	n
Latin-ASCII	Ṇ	N
Latin-ASCII	ṇ	n
Latin-ASCII	Ṉ	N
Latin-ASCII	ṉ	n
Latin-ASCII	Ṋ	N
Latin-ASCII	ṋ	n
Latin-ASCII	Ṍ	O
Latin-ASCII	ṍ	o
Latin-ASCII	Ṏ	O
Latin-ASCII	ṏ	o
Latin-ASCII	Ṑ	O
Latin-ASCII	ṑ	o
Latin-ASCII	Ṓ	O
Latin-ASCII	ṓ	o
Latin-ASCII	Ṕ	P
Latin-ASCII	ṕ	p
Latin-ASCII	Ṗ	P
Latin-ASCII	ṗ	p
Latin-ASCII	Ṙ	R
Latin-ASCII	ṙ	r
Latin-ASCII	Ṛ	R
Latin-ASCII	ṛ	r
Latin-ASCII	Ṝ	R
Latin-ASCII	ṝ	r
Latin-ASCII	Ṟ	R
Latin-ASCII	ṟ	r
Latin-ASCII	Ṡ	S
Latin-ASCII	ṡ	s
Latin-ASCII	Ṣ	S
Latin-ASCII	ṣ	s
Latin-ASCII	Ṥ	S
Latin-ASCII	ṥ	s
Latin-ASCII	Ṧ	S
Latin-ASCII	ṧ	s
Latin-ASCII	Ṩ	S
Latin-ASCII	ṩ	s
Latin-ASCII	Ṫ	T
Latin-ASCII	ṫ	t
Latin-ASCII	Ṭ	T
Latin-ASCII	ṭ	t
Latin-ASCII	Ṯ	T
Latin-ASCII	ṯ	t
Latin-ASCII	Ṱ	T
Latin-ASCII	ṱ	t
Latin-ASCII	Ṳ	U
Latin-ASCII	ṳ	u
Latin-ASCII	Ṵ	U
Latin-ASCII	ṵ	u
Latin-ASCII	Ṷ	U
Latin-ASCII	ṷ	u
Latin-ASCII	Ṹ	U
Latin-ASCII	ṹ	u
Latin-ASCII	Ṻ	U
Latin-ASCII	ṻ	u
Latin-ASCII	Ṽ	V
Latin-ASCII	ṽ	v
Latin-ASCII	Ṿ	V
Latin-ASCII	ṿ	v
Latin-ASCII	Ẁ	W
Latin-ASCII	ẁ	w
Latin-ASCII	Ẃ	W
Latin-ASCII	ẃ	w
Latin-ASCII	Ẅ	W
Latin-ASCII	ẅ	w
Latin-ASCII	Ẇ	W
Latin-ASCII	ẇ	w
Latin-ASCII	Ẉ	W
Latin-ASCII	ẉ	w
Latin-ASCII	Ẋ	X
Latin-ASCII	ẋ	x
Latin-ASCII	Ẍ	X
Latin-ASCII	ẍ	x
Latin-ASCII	Ẏ	Y
Latin-ASCII	ẏ	y
Latin-ASCII	Ẑ	Z
Latin-ASCII	ẑ	z
Latin-ASCII	Ẓ	Z
Latin-ASCII	ẓ	z
Latin-ASCII	Ẕ	Z
Latin-ASCII	ẕ	z
Latin-ASCII	ẖ	h
Latin-ASCII	ẗ	t
Latin-ASCII	ẘ	w
Latin-ASCII	ẙ	y
Latin-ASCII	Ạ	A
Latin-ASCII	ạ	a
Latin-ASCII	Ả	A
Latin-ASCII	ả	a
Latin-ASCII	Ấ	A
Latin-ASCII	ấ	a
Latin-ASCII	Ầ	A
Latin-ASCII	ầ	a
Latin-ASCII	Ẩ	A
Latin-ASCII	ẩ	a
Latin-ASCII	Ẫ	A
Latin-ASCII	ẫ	a
Latin-ASCII	Ậ	A
Latin-ASCII	ậ	a
Latin-ASCII	Ắ	A
Latin-ASCII	ắ	a
Latin-ASCII	Ằ	A
Latin-ASCII	ằ	a
Latin-ASCII	Ẳ	A
Latin-ASCII	ẳ	a
Latin-ASCII	Ẵ	A
Latin-ASCII	ẵ	a
Latin-ASCII	Ặ	A
Latin-ASCII	ặ	a
Latin-ASCII	Ẹ	E
Latin-ASCII	ẹ	e
Latin-ASCII	Ẻ	E
Latin-ASCII	ẻ	e
Latin-ASCII	Ẽ	E
Latin-ASCII	ẽ	e
Latin-ASCII	Ế	E
Latin-ASCII	ế	e
Latin-ASCII	Ề	E
Latin-ASCII	ề	e
Latin-ASCII	Ể	E
Latin-ASCII	ể	e
Latin-ASCII	Ễ	E
Latin-ASCII	ễ	e
Latin-ASCII	Ệ	E
Latin-ASCII	ệ	e
Latin-ASCII	Ỉ	I
Latin-ASCII	ỉ	i
Latin-ASCII	Ị	I
Latin-ASCII	ị	i
Latin-ASCII	Ọ	O
Latin-ASCII	ọ	o
Latin-ASCII	Ỏ	O
Latin-ASCII	ỏ	o
Latin-ASCII	Ố	O
Latin-ASCII	ố	o
Latin-ASCII	Ồ	O
Latin-ASCII	ồ	o
Latin-ASCII	Ổ	O
Latin-ASCII	ổ	o
Latin-ASCII	Ỗ	O
Latin-ASCII	ỗ	o
Latin-ASCII	Ộ	O
Latin-ASCII	ộ	o
Latin-ASCII	Ớ	O
Latin-ASCII	ớ	o
Latin-ASCII	Ờ	O
Latin-ASCII	ờ	o
Latin-ASCII	Ở	O
Latin-ASCII	ở	o
Latin-ASCII	Ỡ	O
Latin-ASCII	ỡ	o
Latin-ASCII	Ợ	O
Latin-ASCII	ợ	o
Latin-ASCII	Ụ	U
Latin-ASCII	ụ	u
Latin-ASCII	Ủ	U
Latin-ASCII	ủ	u
Latin-ASCII	Ứ	U
Latin-ASCII	ứ	u
Latin-ASCII	Ừ	U
Latin-ASCII	ừ	u
Latin-ASCII	Ử	U
Latin-ASCII	ử	u
Latin-ASCII	Ữ	U
Latin-ASCII	ữ	u
Latin-ASCII	Ự	U
Latin-ASCII	ự	u
Latin-ASCII	Ỳ	Y
Latin-ASCII	ỳ	y
Latin-ASCII	Ỵ	Y
Latin-ASCII	ỵ	y
Latin-ASCII	Ỷ	Y
Latin-ASCII	ỷ	y
Latin-ASCII	Ỹ	Y
Latin-ASCII	ỹ	y
