en	abandenment	abandonment
en	abandining	abandoning
en	abandomnent	abandonment
en	abandond	abandoned
en	abandonding	abandoning
en	abandonig	abandoning
en	abandonne	abandonment
en	abandonned	abandoned
en	abandonnent	abandonment
en	abandonning	abandoning
en	abanonded	abandoned
en	abberivation	abbreviation
en	abberviation	abbreviation
en	abbout	about
en	abbreivation	abbreviation
en	abbreveation	abbreviation
en	abbreviatin	abbreviation
en	abbreviato	abbreviation
en	abbreviaton	abbreviation
en	abbrievation	abbreviation
en	abbrievations	abbreviation
en	abdominable	abdominal
en	abdomine	abdomen
en	abdomnial	abdominal
en	abdonimal	abdominal
en	aberation	aberration
en	abilitiy	ability
en	abilties	abilities
en	abiltiy	ability
en	abilty	ability
en	abnoramlly	abnormally
en	abnormalty	abnormally
en	abnormaly	abnormally
en	abnornally	abnormally
en	abodmen	abdomen
en	abodminal	abdominal
en	abomanation	abomination
en	abominacion	abomination
en	abominaton	abomination
en	abomonation	abomination
en	abondon	abandon
en	abondoned	abandoned
en	abondoning	abandoning
en	abondons	abandons
en	abonimation	abomination
en	aborginial	aboriginal
en	aboriganal	aboriginal
en	aborigenal	aboriginal
en	aborigene	aborigine
en	aboriginial	aboriginal
en	aborigional	aboriginal
en	aborignial	aboriginal
en	aborigonal	aboriginal
en	aboroginal	aboriginal
en	abortificant	abortifacient
en	aboslute	absolute
en	aboslutely	absolutely
en	aboslutes	absolutes
en	aboslve	absolve
en	abosrbed	absorbed
en	abosrbing	absorbing
en	abosrbs	absorbs
en	abosrption	absorption
en	abotu	about
en	abreviate	abbreviate
en	abreviated	abbreviated
en	abreviation	abbreviation
en	abriter	arbiter
en	abritrarily	arbitrarily
en	abritrary	arbitrary
en	abritration	arbitration
en	abrreviation	abbreviation
en	abruplty	abruptly
en	abruptley	abruptly
en	abrupty	abruptly
en	abrutply	abruptly
en	absail	abseil
en	absailing	abseiling
en	abscence	absence
en	absense	absence
en	absestos	asbestos
en	absintence	abstinence
en	absitnence	abstinence
en	absloutes	absolutes
en	absolue	absolute
en	absolument	absolute
en	absolutelly	absolutely
en	absolutelys	absolutes
en	absolutey	absolutely
en	absolutisme	absolutes
en	absolutiste	absolutes
en	absolutley	absolutely
en	absolutly	absolutely
en	absoluts	absolutes
en	absolvte	absolve
en	absoprtion	absorption
en	absorbes	absorbs
en	absorbsion	absorption
en	absorbtion	absorption
en	absorpsion	absorption
en	absoulte	absolute
en	absoultely	absolutely
en	absoultes	absolutes
en	absovle	absolve
en	absrobs	absorbs
en	abstanence	abstinence
en	abstante	bastante
en	abstenance	abstinence
en	abstenince	abstinence
en	abstinense	abstinence
en	abstinince	abstinence
en	abstraccion	abstraction
en	abstracto	abstraction
en	abstraktion	abstraction
en	abstruction	abstraction
en	absuers	abusers
en	absurditiy	absurdity
en	absurdley	absurdly
en	absurdy	absurdly
en	absuridty	absurdity
en	absymal	abysmal
en	abudance	abundance
en	abudcted	abducted
en	abundacies	abundances
en	abundancies	abundances
en	abundunt	abundant
en	aburptly	abruptly
en	abuseres	abusers
en	abusrdity	absurdity
en	abusrdly	absurdly
en	abutts	abuts
en	abymsal	abysmal
en	acadamy	academy
en	academcially	academically
en	academica	academia
en	academicaly	academically
en	academicas	academics
en	academicese	academics
en	academicos	academics
en	academicus	academics
en	academis	academics
en	acadmic	academic
en	accademic	academic
en	accademy	academy
en	accalimed	acclaimed
en	acccused	accused
en	accdiently	accidentally
en	accedentally	accidentally
en	accelarate	accelerate
en	accelarated	accelerated
en	accelarating	accelerating
en	accelaration	acceleration
en	accelarator	accelerator
en	acceleartion	acceleration
en	accelerade	accelerated
en	acceleraptor	accelerator
en	accelerar	accelerator
en	accelerare	accelerate
en	accelerater	accelerator
en	acceleratie	accelerate
en	acceleratio	accelerator
en	accelerato	acceleration
en	acceleraton	acceleration
en	acceleread	accelerated
en	accelertor	accelerator
en	accelleration	acceleration
en	accelorate	accelerate
en	accelorated	accelerated
en	accelorating	accelerating
en	accelorator	accelerator
en	accending	ascending
en	accension	accession
en	acceptabel	acceptable
en	acceptabelt	acceptable
en	acceptabil	acceptable
en	acceptence	acceptance
en	accepterad	accepted
en	acceptes	accepts
en	acceptible	acceptable
en	accerelate	accelerated
en	accesories	accessories
en	accessable	accessible
en	accessbile	accessible
en	accesseries	accessories
en	accessibile	accessible
en	accessibilty	accessibility
en	accessibily	accessibility
en	accessoire	accessories
en	accessoires	accessories
en	accessoirs	accessories
en	accesss	access
en	accicently	accidentally
en	accidantely	accidentally
en	accidantly	accidentally
en	accidebtly	accidentally
en	accidenlty	accidentally
en	accidens	accidents
en	accidentaly	accidentally
en	accidentely	accidentally
en	accidentes	accidents
en	accidential	accidental
en	accidentily	accidentally
en	accidentky	accidentally
en	accidentlaly	accidentally
en	accidentlay	accidentally
en	accidentley	accidentally
en	accidentlly	accidentally
en	accidently	accidentally
en	accidenty	accidentally
en	accideny	accidentally
en	accidnetly	accidentally
en	acclamied	acclaimed
en	accliamed	acclaimed
en	acclimitization	acclimatization
en	accomadate	accommodate
en	accomadated	accommodated
en	accomadates	accommodates
en	accomadating	accommodating
en	accomadation	accommodation
en	accomadations	accommodations
en	accomdate	accommodate
en	accommadate	accommodate
en	accommadating	accommodating
en	accommadation	accommodation
en	accommidate	accommodate
en	accommidation	accommodation
en	accomodate	accommodate
en	accomodated	accommodated
en	accomodates	accommodates
en	accomodating	accommodating
en	accomodation	accommodation
en	accomodations	accommodations
en	accomondate	accommodate
en	accomondating	accommodating
en	accomondation	accommodation
en	accompained	accompanied
en	accompanyed	accompanied
en	accompianed	accompanied
en	accompined	accompanied
en	accompinied	accompanied
en	accomplise	accomplishes
en	accomplises	accomplishes
en	accomplishements	accomplishments
en	accomplishemnt	accomplishment
en	accomplishemnts	accomplishments
en	accomplishent	accomplishment
en	accomplishents	accomplishes
en	accomplishs	accomplishes
en	accompliss	accomplishes
en	accomponied	accompanied
en	acconplishment	accomplishment
en	accordeon	accordion
en	accordian	accordion
en	accoridng	according
en	accoring	according
en	accostumed	accustomed
en	accountabillity	accountability
en	accountabilty	accountability
en	accountas	accountants
en	accountat	accountants
en	accountatns	accountants
en	accountent	accountant
en	accountents	accountants
en	accountt	accountant
en	accoustic	acoustic
en	accpetable	acceptable
en	accpetance	acceptance
en	accpeted	accepted
en	accpets	accepts
en	accquainted	acquainted
en	accrediated	accredited
en	accrediation	accreditation
en	accredidation	accreditation
en	accreditied	accredited
en	accreditted	accredited
en	accroding	according
en	accross	across
en	accuarcy	accuracy
en	accuastion	accusation
en	acculumate	accumulate
en	acculumated	accumulated
en	acculumation	accumulation
en	accumalate	accumulate
en	accumalated	accumulated
en	accumalation	accumulation
en	accumelate	accumulate
en	accumelated	accumulated
en	accumilate	accumulate
en	accumilated	accumulated
en	accumilation	accumulation
en	accumulare	accumulate
en	accumulatin	accumulation
en	accumulato	accumulation
en	accumulaton	accumulation
en	accumule	accumulate
en	accumulted	accumulated
en	accuraccy	accuracy
en	accuratelly	accurately
en	accuratley	accurately
en	accuray	accuracy
en	accusating	accusation
en	accusato	accusation
en	accusition	accusation
en	accussed	accused
en	accustommed	accustomed
en	accustumed	accustomed
en	acedamia	academia
en	acedemic	academic
en	acedemically	academically
en	acftually	factually
en	acheivable	achievable
en	acheive	achieve
en	acheived	achieved
en	acheivement	achievement
en	acheivements	achievements
en	acheives	achieves
en	acheiving	achieving
en	acheivment	achievement
en	acheivments	achievements
en	acheviable	achievable
en	achiavable	achievable
en	achieval	achievable
en	achieveble	achievable
en	achieveds	achieves
en	achievemint	achievement
en	achievemnt	achievement
en	achievemnts	achievements
en	achievemts	achievements
en	achievents	achievements
en	achievment	achievement
en	achievments	achievements
en	achillees	achilles
en	achilleos	achilles
en	achilleous	achilles
en	achilleus	achilles
en	achive	achieve
en	achiveable	achievable
en	achived	achieved
en	achiveing	achieving
en	achivement	achievement
en	achivements	achievements
en	acident	accident
en	acitvates	activates
en	acitvating	activating
en	acitvision	activision
en	acknolwedge	acknowledge
en	acknolwedged	acknowledged
en	acknolwedgement	acknowledgement
en	acknolwedges	acknowledges
en	acknolwedging	acknowledging
en	acknoweldge	acknowledge
en	acknoweldged	acknowledged
en	acknoweldgement	acknowledgement
en	acknoweldges	acknowledges
en	acknowiedged	acknowledged
en	acknowladges	acknowledges
en	acknowldeged	acknowledged
en	acknowldegement	acknowledgement
en	acknowldge	acknowledge
en	acknowlede	acknowledge
en	acknowleded	acknowledged
en	acknowledgeing	acknowledging
en	acknowledgemnt	acknowledgement
en	acknowledget	acknowledgement
en	acknowleding	acknowledging
en	acknowlegde	acknowledge
en	acknowlegded	acknowledged
en	acknowlegdement	acknowledgement
en	acknowlegdes	acknowledges
en	acknowlegding	acknowledging
en	acknowlege	acknowledge
en	acknowleged	acknowledge
en	acknowleges	acknowledges
en	acknwoledge	acknowledges
en	ackumulation	accumulation
en	ackward	awkward
en	aclhemist	alchemist
en	acnedote	anecdote
en	acommodate	accommodate
en	acomplish	accomplish
en	acomplished	accomplished
en	acomplishment	accomplishment
en	acomplishments	accomplishments
en	acopalypse	apocalypse
en	acopalyptic	apocalyptic
en	acording	according
en	acordingly	accordingly
en	acornyms	acronyms
en	acousitc	acoustic
en	acoutsic	acoustic
en	acovados	avocados
en	acqauinted	acquainted
en	acquaintace	acquaintance
en	acquaintaces	acquaintances
en	acquaintaince	acquaintance
en	acquaintence	acquaintance
en	acquaintences	acquaintances
en	acquaintinces	acquaintances
en	acquanitances	acquaintance
en	acquanited	acquainted
en	acquantaince	acquaintance
en	acquantainces	acquaintances
en	acquantiance	acquaintance
en	acquantiances	acquaintances
en	acquiantance	acquaintance
en	acquiantances	acquaintances
en	acquianted	acquainted
en	acquiantence	acquaintance
en	acquiantences	acquaintances
en	acquifer	acquire
en	acquinated	acquainted
en	acquisation	acquisition
en	acquisito	acquisition
en	acquisiton	acquisition
en	acquited	acquitted
en	acquried	acquired
en	acrlyic	acrylic
en	acronmys	acronyms
en	acronymes	acronyms
en	acronymns	acronyms
en	acronysm	acronyms
en	acroynms	acronyms
en	acrynoms	acronyms
en	acsended	ascended
en	acsending	ascending
en	acsension	ascension
en	actaully	actually
en	actauly	actually
en	acticating	activating
en	actication	activation
en	activacion	activation
en	activaste	activates
en	activateing	activating
en	activaters	activates
en	activatin	activation
en	activationg	activating
en	activelly	actively
en	activiates	activist
en	activiites	activist
en	activisim	activism
en	activisiom	activism
en	activisit	activist
en	activisits	activist
en	activistas	activists
en	activistes	activists
en	activistion	activision
en	activit	activist
en	activite	activities
en	activites	activities
en	activiting	activating
en	activits	activities
en	activizion	activision
en	activley	actively
en	activly	actively
en	actresess	actresses
en	actresss	actresses
en	actualey	actually
en	actualiy	actuality
en	actualky	actually
en	actualmy	actually
en	actualoy	actually
en	actualpy	actually
en	actualty	actually
en	actualy	actually
en	actulay	actually
en	acuracy	accuracy
en	acusation	causation
en	acused	accused
en	acusing	causing
en	acustom	accustom
en	acustommed	accustomed
en	acutality	actuality
en	acutally	actually
en	acutaly	actually
en	acutions	auctions
en	acyrlic	acrylic
en	adaptacion	adaptation
en	adaptare	adapter
en	adaptating	adaptation
en	adaptes	adapters
en	adaquetely	adequately
en	adatper	adapter
en	adavanced	advanced
en	adbandon	abandon
en	adbomen	abdomen
en	adbominal	abdominal
en	adbucted	abducted
en	addcits	addicts
en	adderss	address
en	addicitons	addictions
en	addictes	addicts
en	addictin	addictions
en	addictis	addictions
en	addional	additional
en	addionally	additionally
en	additinally	additionally
en	additionaly	additionally
en	additivies	additive
en	additivley	additive
en	additonal	additional
en	additonally	additionally
en	addittions	addictions
en	addmission	admission
en	addopt	adopt
en	addopted	adopted
en	addoptive	adoptive
en	addres	address
en	addresable	addressable
en	addresed	addressed
en	addresing	addressing
en	addressess	addresses
en	addtion	addition
en	addtional	additional
en	adealide	adelaide
en	adecuate	adequate
en	adeilade	adelaide
en	adeladie	adelaide
en	adeliade	adelaide
en	adeqaute	adequate
en	adequatedly	adequately
en	adequatley	adequately
en	adequet	adequate
en	adequetely	adequately
en	adequit	adequate
en	adequitely	adequately
en	adernaline	adrenaline
en	adhearing	adhering
en	adheisve	adhesive
en	adherance	adherence
en	adhevise	adhesive
en	adivser	adviser
en	adivsor	advisor
en	adivsors	advisors
en	adjectiveus	adjectives
en	adjectivos	adjectives
en	adjectivs	adjectives
en	adjustabe	adjustable
en	adjustible	adjustable
en	adknowledged	acknowledged
en	adknowledges	acknowledges
en	admendment	amendment
en	adminastrator	administrator
en	admininistrative	administrative
en	administartion	administration
en	administartor	administrator
en	administartors	administrators
en	administed	administered
en	administerd	administered
en	administor	administer
en	administored	administered
en	administr	administer
en	administraion	administration
en	administrar	administrator
en	administraron	administrator
en	administrater	administrator
en	administraters	administrators
en	administratief	administrative
en	administratiei	administrative
en	administratieve	administrative
en	administratio	administrator
en	administratior	administrator
en	administratiors	administrators
en	administrativne	administrative
en	administrativo	administration
en	administraton	administration
en	administre	administer
en	administren	administer
en	administrer	administer
en	administres	administer
en	administrez	administer
en	administro	administer
en	adminsiter	administer
en	adminsitered	administered
en	adminsitration	administration
en	adminsitrative	administrative
en	adminsitrator	administrator
en	adminsitrators	administrators
en	adminstered	administered
en	adminstrate	administrate
en	adminstration	administration
en	adminstrative	administrative
en	adminstrator	administrator
en	admiraal	admiral
en	admissability	admissibility
en	admissable	admissible
en	admited	admitted
en	admitedly	admittedly
en	admittadely	admittedly
en	admittadly	admittedly
en	admittetly	admittedly
en	admittidly	admittedly
en	admrial	admiral
en	adn	and
en	adnimistrator	administrators
en	adolecent	adolescent
en	adolence	adolescent
en	adolencence	adolescence
en	adolencent	adolescent
en	adolescance	adolescence
en	adolescant	adolescent
en	adolescene	adolescence
en	adolescense	adolescence
en	adoloscent	adolescent
en	adolsecent	adolescent
en	adorbale	adorable
en	adovcacy	advocacy
en	adovcated	advocated
en	adovcates	advocates
en	adpatation	adaptation
en	adpater	adapter
en	adpaters	adapters
en	adquire	acquire
en	adquired	acquired
en	adquires	acquires
en	adquiring	acquiring
en	adreanline	adrenaline
en	adrelanine	adrenaline
en	adreneline	adrenaline
en	adreniline	adrenaline
en	adres	address
en	adresable	addressable
en	adresing	addressing
en	adress	address
en	adressable	addressable
en	adressed	addressed
en	adressing	addressing
en	adroable	adorable
en	aduiobook	audiobook
en	adultey	adultery
en	adultrey	adultery
en	advantadges	advantages
en	advantageos	advantageous
en	advantageus	advantageous
en	advantagious	advantageous
en	advantagous	advantageous
en	advantegeous	advantageous
en	advanteges	advantages
en	advatange	advantage
en	advatanges	advantages
en	adventageous	advantageous
en	adventerous	adventures
en	adventourus	adventurous
en	adventrous	adventurous
en	adventrues	adventures
en	adventue	adventures
en	adventuers	adventures
en	adventuous	adventurous
en	adventureous	adventures
en	adventureres	adventures
en	adventurious	adventurous
en	adventuros	adventurous
en	adventurs	adventures
en	adventuruous	adventurous
en	adventurus	adventurous
en	adventus	adventures
en	adveristy	adversity
en	adversiting	advertising
en	adverst	adverts
en	adverticed	advertised
en	adverticement	advertisement
en	advertis	adverts
en	advertisiers	advertisers
en	advertisiment	advertisement
en	advertisment	advertisement
en	advertisments	advertisements
en	advertisors	advertisers
en	advertisted	advertised
en	advertisters	advertisers
en	advertisting	advertising
en	advertisy	adversity
en	advesary	adversary
en	adviced	advised
en	advirtisement	advertisement
en	adviseer	adviser
en	adviseur	adviser
en	advisorys	advisors
en	advocade	advocated
en	advocats	advocates
en	advocay	advocacy
en	advsior	advisor
en	advsiors	advisors
en	aeorspace	aerospace
en	aeriel	aerial
en	aeriels	aerials
en	aeropsace	aerospace
en	aerosapce	aerospace
en	aersopace	aerospace
en	aestethic	aesthetic
en	aestethically	aesthetically
en	aestethics	aesthetics
en	aesthatically	aesthetically
en	aesthatics	aesthetics
en	aesthestic	aesthetics
en	aesthethics	aesthetics
en	aestheticaly	aesthetically
en	aestheticlly	aesthetically
en	aesthitically	aesthetically
en	aethistic	atheistic
en	aethists	atheists
en	afair	affair
en	affaires	affairs
en	affaris	affairs
en	affectionatley	affectionate
en	affectionnate	affectionate
en	affiars	affairs
en	afficianados	aficionados
en	afficionado	aficionado
en	afficionados	aficionados
en	affilate	affiliate
en	affiliato	affiliation
en	affiliaton	affiliation
en	affiliction	affiliation
en	affilliate	affiliate
en	affinitiy	affinity
en	affintiy	affinity
en	affirmate	affirmative
en	affirmitave	affirmative
en	affirmitive	affirmative
en	affirmitve	affirmative
en	affixiation	affiliation
en	afflcition	affliction
en	afflection	affliction
en	affleunt	affluent
en	affliated	affiliated
en	affliation	affliction
en	affliciton	affliction
en	afforadble	affordable
en	affordible	affordable
en	affort	afford
en	affortable	affordable
en	affrimative	affirmative
en	affulent	affluent
en	afgahnistan	afghanistan
en	afganhistan	afghanistan
en	afghanastan	afghanistan
en	afghanisthan	afghanistan
en	afghansitan	afghanistan
en	afhganistan	afghanistan
en	afircan	african
en	afircans	africans
en	aforememtioned	aforementioned
en	aforementioend	aforementioned
en	aforementiond	aforementioned
en	aforementionned	aforementioned
en	africain	african
en	africanas	africans
en	africaners	africans
en	africaness	africans
en	africanos	africans
en	africas	africans
en	afterhtought	afterthought
en	aftermaket	aftermarket
en	afternarket	aftermarket
en	afternon	afternoon
en	afternooon	afternoon
en	afterthougt	afterthought
en	afterthougth	afterthought
en	afwully	awfully
en	againnst	against
en	agains	against
en	againts	against
en	agaisnt	against
en	aganist	against
en	aggaravates	aggravates
en	aggegrate	aggregate
en	aggragating	aggravating
en	aggravanti	aggravating
en	aggraveted	aggravated
en	aggreed	agreed
en	aggreement	agreement
en	aggregatore	aggregate
en	aggregious	egregious
en	aggresions	aggression
en	aggresive	aggressive
en	aggressivley	aggressively
en	aggressivly	aggressively
en	aggressivo	aggression
en	aggresssion	aggression
en	aggrovated	aggravated
en	aggrovating	aggravating
en	agian	again
en	agianst	against
en	agin	again
en	agina	again
en	aginst	against
en	agircultural	agricultural
en	agknowledged	acknowledged
en	agnositc	agnostic
en	agnostacism	agnosticism
en	agnosticim	agnosticism
en	agnosticisim	agnosticism
en	agnosticm	agnosticism
en	agnosticsm	agnosticism
en	agnostisch	agnostic
en	agnostiscm	agnosticism
en	agnostisicm	agnosticism
en	agnostisim	agnosticism
en	agnostisism	agnosticism
en	agnostocism	agnosticism
en	agnsoticism	agnosticism
en	agonstic	agnostic
en	agonsticism	agnosticism
en	agracultural	agricultural
en	agravate	aggravate
en	agre	agree
en	agred	agreed
en	agreeement	agreement
en	agreemnt	agreement
en	agregate	aggregate
en	agregates	aggregates
en	agreggate	aggregate
en	agreing	agreeing
en	agrentina	argentina
en	agressie	aggressive
en	agression	aggression
en	agressive	aggressive
en	agressively	aggressively
en	agressivley	aggressive
en	agressivnes	aggressive
en	agressor	aggressor
en	agressvie	aggressive
en	agricolture	agriculture
en	agriculteral	agricultural
en	agriculteur	agriculture
en	agriculteurs	agriculture
en	agricultral	agricultural
en	agricultre	agriculture
en	agricultrual	agricultural
en	agricultual	agricultural
en	agricultue	agriculture
en	agriculturual	agricultural
en	agriculure	agriculture
en	agriculutral	agricultural
en	agricutlure	agriculture
en	agricuture	agriculture
en	agrieved	aggrieved
en	agrigultural	agricultural
en	agrocultural	agricultural
en	agruable	arguable
en	agruably	arguably
en	agruement	argument
en	agruing	arguing
en	agrument	argument
en	agrumentative	argumentative
en	agruments	arguments
en	agurement	argument
en	ahev	have
en	ahppen	happen
en	ahtiest	atheist
en	ahtletes	athletes
en	ahtleticism	athleticism
en	ahve	have
en	aicraft	aircraft
en	ailenated	alienated
en	ailenating	alienating
en	ailmony	alimony
en	aincents	ancients
en	aiport	airport
en	airboner	airborne
en	airbore	airborne
en	airbourne	airborne
en	airbrone	airborne
en	aircaft	aircraft
en	aircarft	aircraft
en	aircrafts	aircraft
en	airlfow	airflow
en	airosft	airsoft
en	airplance	airplane
en	airplans	airplanes
en	airporta	airports
en	airpost	airports
en	airpsace	airspace
en	airrcraft	aircraft
en	airscape	airspace
en	airsfot	airsoft
en	airzona	arizona
en	aisian	asian
en	ajdectives	adjectives
en	akransas	arkansas
en	aksreddit	askreddit
en	albiet	albeit
en	alcehmist	alchemist
en	alchemey	alchemy
en	alchemsit	alchemist
en	alchimest	alchemist
en	alchmeist	alchemist
en	alchmey	alchemy
en	alchohol	alcohol
en	alchoholic	alcoholic
en	alchol	alcohol
en	alcholic	alcoholic
en	alchool	alcohol
en	alchoolic	alcoholic
en	alchoolism	alcoholism
en	alcohal	alcohol
en	alcohalics	alcoholics
en	alcohalism	alcoholism
en	alcoholc	alcoholics
en	alcoholicas	alcoholics
en	alcoholicos	alcoholics
en	alcoholis	alcoholics
en	alcoholisim	alcoholism
en	alcoholsim	alcoholism
en	aldutery	adultery
en	alechmist	alchemist
en	aledge	allege
en	aledged	alleged
en	aledges	alleges
en	alegbra	algebra
en	alege	allege
en	aleged	alleged
en	alegience	allegiance
en	aleinated	alienated
en	aleinating	alienating
en	aleniate	alienate
en	algerba	algebra
en	algorhitms	algorithms
en	algorithem	algorithm
en	algorithems	algorithm
en	algorithim	algorithm
en	algorithims	algorithm
en	algorithmes	algorithms
en	algorithmns	algorithms
en	algorithmus	algorithms
en	algoriths	algorithms
en	algorithsm	algorithms
en	algorithum	algorithm
en	algorithym	algorithm
en	algorithyms	algorithm
en	algoritm	algorithm
en	algoritmes	algorithms
en	algoritmos	algorithms
en	algoritms	algorithms
en	algorthim	algorithm
en	algorthims	algorithms
en	algortihm	algorithm
en	algortihms	algorithms
en	algorythims	algorithms
en	algorythms	algorithms
en	alienet	alienate
en	alientating	alienating
en	alievating	alienating
en	alignemnt	alignment
en	alimoney	alimony
en	alimunium	aluminium
en	alingment	alignment
en	alirghty	alrighty
en	allaince	alliance
en	allainces	alliances
en	alledge	allege
en	alledged	alleged
en	alledgedly	allegedly
en	alledgely	allegedly
en	alledges	alleges
en	allegeance	allegiance
en	allegedely	allegedly
en	allegedley	allegedly
en	allegedy	allegedly
en	allegely	allegedly
en	allegence	allegiance
en	allegiancies	allegiance
en	allegience	allegiance
en	allegric	allergic
en	allegry	allergy
en	alleigance	allegiance
en	alleigances	allegiance
en	alleivate	alleviate
en	allergey	allergy
en	allergisch	allergic
en	allianse	alliances
en	alliegance	allegiance
en	allievate	alleviate
en	alligeance	allegiance
en	allign	align
en	alligned	aligned
en	allignment	alignment
en	allinace	alliance
en	alliviate	alleviate
en	allopone	allophone
en	allopones	allophones
en	allready	already
en	allthough	although
en	alltogether	altogether
en	almightly	almighty
en	almighy	almighty
en	almigthy	almighty
en	almsot	almost
en	alochol	alcohol
en	alocholic	alcoholic
en	alocholics	alcoholics
en	alocholism	alcoholism
en	alogrithm	algorithm
en	alogrithms	algorithms
en	alomst	almost
en	alotted	allotted
en	alowed	allowed
en	alowing	allowing
en	alpahbet	alphabet
en	alphabeast	alphabet
en	alphabeat	alphabet
en	alphabt	alphabet
en	alreayd	already
en	alrightey	alrighty
en	alrightly	alrighty
en	alrightty	alrighty
en	alrighy	alrighty
en	alrigthy	alrighty
en	alrington	arlington
en	alrorythm	algorithm
en	alse	else
en	alsot	also
en	altanta	atlanta
en	altantic	atlantic
en	alteast	atleast
en	alteracion	alteration
en	alterante	alternate
en	alterantive	alternative
en	alterantively	alternatively
en	alterantives	alternatives
en	alterarion	alteration
en	alterating	alteration
en	alterato	alteration
en	alternador	alternator
en	alternar	alternator
en	alternater	alternator
en	alternatevly	alternately
en	alternatie	alternatives
en	alternatiely	alternately
en	alternatieve	alternative
en	alternativelly	alternatively
en	alternativets	alternatives
en	alternativley	alternatively
en	alternativly	alternatively
en	alternativos	alternatives
en	alternatley	alternately
en	alternatly	alternately
en	alternatr	alternator
en	alternatve	alternate
en	alternatvely	alternately
en	alternetly	alternately
en	alternitavely	alternatively
en	alternitive	alternative
en	alternitively	alternatively
en	alternitives	alternatives
en	althetes	athletes
en	althetic	athletic
en	altheticism	athleticism
en	althetics	athletics
en	altho	although
en	althought	although
en	altnerately	alternately
en	altogehter	altogether
en	altogheter	altogether
en	altough	although
en	altriusm	altruism
en	altriustic	altruistic
en	altruisim	altruism
en	altruisitc	altruistic
en	altruisitic	altruistic
en	altruistisch	altruistic
en	altruistric	altruistic
en	altrusim	altruism
en	altrusitic	altruistic
en	alturism	altruism
en	alturistic	altruistic
en	aluminim	aluminium
en	aluminimum	aluminium
en	alumnium	aluminium
en	alunimum	aluminium
en	alusion	allusion
en	alwasy	always
en	alwyas	always
en	amalgomated	amalgamated
en	amargeddon	armageddon
en	amatersu	amateurs
en	amaterus	amateurs
en	amateures	amateurs
en	amateurest	amateurs
en	amateus	amateurs
en	amatuer	amateur
en	amature	armature
en	ambassabor	ambassador
en	ambassader	ambassador
en	ambassator	ambassador
en	ambassedor	ambassador
en	ambassidor	ambassador
en	ambassodor	ambassador
en	ambiguitiy	ambiguity
en	ambluance	ambulance
en	ambuigity	ambiguity
en	ambulancier	ambulance
en	amendmant	amendment
en	amendmants	amendments
en	amendmends	amendments
en	amendmenters	amendments
en	amendmet	amendment
en	amensia	amnesia
en	amensty	amnesty
en	amercia	america
en	amercian	american
en	amercians	americans
en	amercias	americas
en	americain	american
en	americains	americas
en	americams	americas
en	americanas	americans
en	americanis	americas
en	americanss	americas
en	americants	americas
en	americanus	americans
en	americaps	americas
en	americares	americas
en	americats	americas
en	americs	americas
en	amerliorate	ameliorate
en	amernian	armenian
en	amethsyt	amethyst
en	ameythst	amethyst
en	amibguity	ambiguity
en	aminosity	animosity
en	amke	make
en	amking	making
en	ammend	amend
en	ammended	amended
en	ammendment	amendment
en	ammendments	amendments
en	amministrative	administrative
en	ammount	amount
en	ammused	amused
en	amneisa	amnesia
en	amnestry	amnesty
en	amnsety	amnesty
en	amognst	amongst
en	amohetamines	amphetamines
en	amongts	amongst
en	amonsgt	amongst
en	amoung	among
en	amoungst	amongst
en	ampehtamine	amphetamine
en	ampehtamines	amphetamines
en	ampethamine	amphetamine
en	ampethamines	amphetamines
en	amphatamines	amphetamines
en	amphedamines	amphetamines
en	amphetamenes	amphetamines
en	amphetamies	amphetamines
en	amphetamins	amphetamines
en	amphetemine	amphetamine
en	amphetemines	amphetamines
en	amphetimine	amphetamine
en	amphetimines	amphetamines
en	amphetmaine	amphetamines
en	amphetmaines	amphetamines
en	ampilfy	amplify
en	amplifiy	amplify
en	amplifly	amplify
en	amrageddon	armageddon
en	amrchair	armchair
en	amrenian	armenian
en	amrpits	armpits
en	amrstrong	armstrong
en	amtheyst	amethyst
en	amublance	ambulance
en	amung	among
en	amunition	ammunition
en	anachrist	anarchist
en	analagous	analogous
en	analgoue	analogue
en	analisys	analysis
en	analitic	analytic
en	analitical	analytical
en	analitycal	analytical
en	analitycs	analytics
en	analoge	analogue
en	analogeous	analogous
en	analouge	analogue
en	analsyt	analyst
en	analtyics	analytics
en	analyes	analyse
en	analyitcal	analytical
en	analyitcs	analytics
en	analyseas	analyses
en	analysees	analyses
en	analyseles	analyses
en	analysens	analyses
en	analyseras	analyses
en	analyseres	analyses
en	analysie	analyse
en	analysise	analyses
en	analysised	analyses
en	analysises	analyses
en	analysisto	analysts
en	analysit	analyst
en	analyste	analyse
en	analystes	analysts
en	analystics	analysts
en	analysze	analyse
en	analyticals	analytics
en	analyts	analyst
en	analzye	analyze
en	analzyed	analyzed
en	analzying	analyzing
en	anaolgue	analogue
en	anarchim	anarchism
en	anarchisim	anarchism
en	anarchistes	anarchists
en	anarchistm	anarchism
en	anarchiszm	anarchism
en	anarchsim	anarchism
en	anarchsits	anarchists
en	anaylse	analyse
en	anaylses	analyses
en	anaylsis	analysis
en	anaylst	analyst
en	anaylsts	analysts
en	anayltical	analytical
en	anayltics	analytics
en	anaylze	analyze
en	anaylzed	analyzed
en	anaylzing	analyzing
en	anbd	and
en	ancedotal	anecdotal
en	ancedotally	anecdotally
en	ancedote	anecdote
en	ancedotes	anecdotes
en	anceint	ancient
en	anceints	ancients
en	ancestory	ancestry
en	ancilliary	ancillary
en	ancinets	ancients
en	andd	and
en	andoirds	androids
en	andorid	android
en	andorids	androids
en	andriod	android
en	andriods	androids
en	androgenous	androgynous
en	androgeny	androgyny
en	androiders	androids
en	androides	androids
en	androidos	androids
en	androidtvs	androids
en	androis	androids
en	anecdatally	anecdotally
en	anecdotale	anecdote
en	anecdotallly	anecdotally
en	anecdotelly	anecdotally
en	anecdotice	anecdote
en	anecdotle	anecdote
en	anecdots	anecdotes
en	anecodtal	anecdotal
en	anecodtally	anecdotally
en	anecodtes	anecdotes
en	anectodal	anecdotal
en	anectodally	anecdotally
en	anectode	anecdote
en	anectodes	anecdotes
en	anectotally	anecdotally
en	anedoctal	anecdotal
en	anedoctally	anecdotally
en	anedocte	anecdote
en	anedoctes	anecdotes
en	aneroxia	anorexia
en	aneroxic	anorexic
en	anestheisa	anesthesia
en	anesthetia	anesthesia
en	anesthisia	anesthesia
en	angirly	angrily
en	angluar	angular
en	angostic	agnostic
en	angosticism	agnosticism
en	angrilly	angrily
en	angualr	angular
en	anicent	ancient
en	anicents	ancients
en	anihilation	annihilation
en	animatie	animate
en	animatte	animate
en	animostiy	animosity
en	aninteresting	uninteresting
en	anitbiotic	antibiotic
en	anitbiotics	antibiotics
en	anitdepressant	antidepressants
en	anitdepressants	antidepressants
en	anitquated	antiquated
en	anitque	antique
en	anitsocial	antisocial
en	anitvirus	antivirus
en	aniversary	anniversary
en	anixety	anxiety
en	anlayses	analyses
en	anlaytics	analytics
en	anmesia	amnesia
en	anmesty	amnesty
en	annhiliation	annihilation
en	annihalated	annihilated
en	annihalition	annihilation
en	annihilaton	annihilation
en	annihilatron	annihilation
en	annihilited	annihilated
en	annihliated	annihilated
en	annihliation	annihilation
en	annilihate	annihilated
en	annilihated	annihilated
en	annilihation	annihilation
en	anniverary	anniversary
en	anniversairy	anniversary
en	anniversarry	anniversary
en	anniversay	anniversary
en	anniversery	anniversary
en	anniversiary	anniversary
en	anniversry	anniversary
en	anniversy	anniversary
en	annoint	anoint
en	annointed	anointed
en	annointing	anointing
en	annoints	anoints
en	annonceurs	announcers
en	annonymouse	anonymous
en	annouced	announced
en	annoucenment	announcements
en	annoucne	announce
en	annoucnement	announcement
en	annoucnements	announcements
en	annoucners	announcers
en	annoucnes	announces
en	annoucning	announcing
en	announceing	announcing
en	announcemet	announcement
en	announcemnet	announcements
en	announcemnt	announcement
en	announcemnts	announcements
en	announcents	announces
en	announched	announce
en	annoyingy	annoyingly
en	annoymous	anonymous
en	annoymously	anonymously
en	annoynace	annoyance
en	anntenas	antennas
en	annualy	annually
en	annuled	annulled
en	annyoance	annoyance
en	annyoingly	annoyingly
en	anoerxia	anorexia
en	anoerxic	anorexic
en	anohter	another
en	anomisity	animosity
en	anomolies	anomalies
en	anomolous	anomalous
en	anomoly	anomaly
en	anomynity	anonymity
en	anomynous	anonymous
en	anonamously	anonymously
en	anonimity	anonymity
en	anonimously	anonymously
en	anonmyous	anonymous
en	anonmyously	anonymously
en	anonomously	anonymously
en	anonymos	anonymous
en	anonymosly	anonymously
en	anonymousny	anonymously
en	anonymousy	anonymously
en	anonymoys	anonymously
en	anoreixa	anorexia
en	anorexiac	anorexic
en	anorexica	anorexia
en	anounced	announced
en	anouncement	announcement
en	anoxeria	anorexia
en	anoxeric	anorexic
en	anphetamines	amphetamines
en	anrachist	anarchist
en	ansalisation	nasalisation
en	ansalization	nasalization
en	ansestors	ancestors
en	answerd	answered
en	answeres	answers
en	antaganist	antagonist
en	antaganistic	antagonistic
en	antagnoist	antagonist
en	antagonisic	antagonistic
en	antagonisitc	antagonistic
en	antagonisitic	antagonistic
en	antagonistc	antagonistic
en	antagonostic	antagonist
en	antagonstic	antagonist
en	antarcitca	antarctica
en	antarctia	antarctica
en	antarctida	antarctica
en	antartic	antarctic
en	antennaes	antennas
en	antennea	antenna
en	antennna	antenna
en	anthromorphization	anthropomorphization
en	anthropolgist	anthropologist
en	anthropolgy	anthropology
en	anthropoloy	anthropology
en	anthropoly	anthropology
en	antibiodic	antibiotic
en	antibiodics	antibiotics
en	antibioitcs	antibiotic
en	antibioitic	antibiotic
en	antibiotcs	antibiotics
en	antibioticos	antibiotics
en	antibitoic	antibiotic
en	antibitoics	antibiotics
en	antiboitic	antibiotics
en	antiboitics	antibiotics
en	anticapate	anticipate
en	anticapated	anticipated
en	anticiapte	anticipate
en	anticiapted	anticipated
en	anticiaption	anticipation
en	anticipacion	anticipation
en	anticipare	anticipate
en	anticipatin	anticipation
en	anticipato	anticipation
en	anticipe	anticipate
en	anticuated	antiquated
en	antidepressents	antidepressants
en	antidepresssants	antidepressants
en	antiobitics	antibiotic
en	antiquae	antique
en	antiquaited	antiquated
en	antiquited	antiquated
en	antiqvated	antiquated
en	antisipate	anticipate
en	antisipated	anticipated
en	antisipation	anticipation
en	antisocail	antisocial
en	antisosial	antisocial
en	antivirs	antivirus
en	antiviurs	antivirus
en	antivrius	antivirus
en	antivuris	antivirus
en	antoganist	antagonist
en	antogonistic	antagonistic
en	antractica	antarctica
en	antrhopology	anthropology
en	antrophology	anthropology
en	anual	annual
en	anuglar	angular
en	anulled	annulled
en	anwsered	answered
en	anwsering	answering
en	anwsers	answers
en	anwyays	anyways
en	anxeity	anxiety
en	anyhting	anything
en	anyhwere	anywhere
en	anynomity	anonymity
en	anynomous	anonymous
en	anyoens	anyones
en	anyoneis	anyones
en	anyonse	anyones
en	anythign	anything
en	anytying	anything
en	anywyas	anyways
en	apacolypse	apocalypse
en	apacolyptic	apocalyptic
en	aparent	apparent
en	aparment	apartment
en	apartheied	apartheid
en	aparthide	apartheid
en	aparthied	apartheid
en	apartmens	apartments
en	apartmet	apartment
en	apenines	apennines
en	aperutre	aperture
en	aplhabet	alphabet
en	aplication	application
en	aplied	applied
en	apllications	applications
en	apocalipse	apocalypse
en	apocaliptic	apocalyptic
en	apocalpyse	apocalypse
en	apocalpytic	apocalyptic
en	apocalype	apocalypse
en	apocalypes	apocalypse
en	apocalypic	apocalyptic
en	apocalypitic	apocalyptic
en	apocalyspe	apocalypse
en	apocalytic	apocalyptic
en	apocalytpic	apocalyptic
en	apocaplyse	apocalypse
en	apocolapse	apocalypse
en	apolagetic	apologetic
en	apolagized	apologized
en	apolagizing	apologizing
en	apolegetic	apologetic
en	apolegetics	apologetics
en	apoligetic	apologetic
en	apoligists	apologists
en	apoligized	apologized
en	apologes	apologise
en	apologisms	apologists
en	apologistas	apologists
en	apologiste	apologise
en	apologistes	apologists
en	apologistics	apologists
en	apologitic	apologetic
en	apologizeing	apologizing
en	apon	upon
en	aposltes	apostles
en	apostels	apostles
en	apostraphe	apostrophe
en	apostrephe	apostrophe
en	apostrohpe	apostrophe
en	apostrope	apostrophe
en	apostropes	apostrophe
en	apostrophie	apostrophe
en	apostrophied	apostrophe
en	apostrophies	apostrophe
en	appaluse	applause
en	apparant	apparent
en	apparantely	apparently
en	apparantly	apparently
en	appareal	apparel
en	appareance	appearance
en	appareances	appearances
en	appareil	apparel
en	apparenlty	apparently
en	apparentely	apparently
en	apparenty	apparently
en	appart	apart
en	appartment	apartment
en	appartments	apartments
en	appealling	appealing
en	appearane	appearances
en	appeard	appeared
en	appeareance	appearance
en	appearence	appearance
en	appearences	appearances
en	appearnace	appearances
en	appenines	apennines
en	apperance	appearance
en	apperances	appearances
en	apperantly	apparently
en	apperciate	appreciate
en	apperciated	appreciated
en	apperciates	appreciates
en	apperciation	appreciation
en	apperead	appeared
en	appereance	appearance
en	appereances	appearances
en	appetitie	appetite
en	appetities	appetite
en	appetitite	appetite
en	appication	application
en	applainces	appliances
en	applaudes	applause
en	applaued	applaud
en	applicabile	applicable
en	applicaiton	application
en	applicaitons	applications
en	applicaple	applicable
en	applicates	applicants
en	applicatins	applicants
en	applicato	application
en	applicaton	application
en	applicatons	applications
en	applicible	applicable
en	appliences	appliances
en	appluad	applaud
en	appluase	applause
en	appointmet	appointments
en	appoitnment	appointments
en	appoitnments	appointments
en	appologies	apologies
en	appology	apology
en	apporach	approach
en	apporachable	approachable
en	apporached	approached
en	apporaches	approaches
en	apporaching	approaching
en	apporpriate	appropriate
en	apporpriately	appropriately
en	apporpriation	appropriation
en	apporximate	approximate
en	apporximately	approximately
en	appraoch	approach
en	appraochable	approachable
en	appraoched	approached
en	appraoches	approaches
en	appraoching	approaching
en	apprearance	appearance
en	apprecaite	appreciate
en	apprecaited	appreciated
en	apprecaites	appreciates
en	appreceating	appreciating
en	appreciae	appreciate
en	appreciaite	appreciative
en	appreciateing	appreciating
en	appreciateive	appreciative
en	appreciaters	appreciates
en	appreciatie	appreciative
en	appreciatied	appreciative
en	appreciatin	appreciation
en	appreciationg	appreciating
en	appreciato	appreciation
en	appreciaton	appreciation
en	appreciatve	appreciative
en	appreciste	appreciates
en	apprecitae	appreciates
en	apprecited	appreciated
en	apprectice	apprentice
en	appreicate	appreciate
en	appreicated	appreciated
en	appreicates	appreciates
en	appreicating	appreciating
en	appreication	appreciation
en	apprendice	apprentice
en	apprentace	apprentice
en	apprentie	apprentice
en	apprentince	apprentice
en	apprentise	apprentice
en	appretiate	appreciate
en	appretiation	appreciation
en	appretince	apprentice
en	appriceate	appreciates
en	appriciate	appreciate
en	appriciated	appreciated
en	appriciates	appreciates
en	appriecate	appreciates
en	apprieciate	appreciate
en	approachs	approaches
en	approacing	approaching
en	appropiate	appropriate
en	appropirate	appropriate
en	appropirately	appropriately
en	appropiration	appropriation
en	appropraite	appropriate
en	appropraitely	appropriately
en	approprate	appropriate
en	appropreation	appropriation
en	appropriatin	appropriation
en	appropriatley	appropriately
en	appropriatly	appropriately
en	appropriato	appropriation
en	appropriaton	appropriation
en	approprietly	appropriately
en	appropropiate	appropriate
en	approproximate	approximate
en	approrpiation	appropriation
en	approstraphe	apostrophe
en	approxamate	approximate
en	approxamately	approximately
en	approxiamte	approximate
en	approxiamtely	approximately
en	approxiately	approximately
en	approximatelly	approximately
en	approximatley	approximately
en	approximatly	approximately
en	approximetly	approximately
en	approximitely	approximately
en	approxmiate	approximate
en	apratheid	apartheid
en	aprehensive	apprehensive
en	apreture	aperture
en	apropriate	appropriate
en	aproval	approval
en	aproximate	approximate
en	aproximately	approximately
en	apsaragus	asparagus
en	apsects	aspects
en	apsergers	aspergers
en	apshalt	asphalt
en	apsirations	aspirations
en	apsirin	aspirin
en	apsotles	apostles
en	apsotrophe	apostrophe
en	aptitudine	aptitude
en	aqaurium	aquarium
en	aqcuaintance	acquaintance
en	aqcuaintances	acquaintances
en	aqcuainted	acquainted
en	aqcuire	acquire
en	aqcuired	acquired
en	aqcuisition	acquisition
en	aqquaintance	acquaintance
en	aqquaintances	acquaintances
en	aquaduct	aqueduct
en	aquaintance	acquaintance
en	aquainted	acquainted
en	aquairum	aquarium
en	aquarim	aquarium
en	aquaruim	aquarium
en	aquiantance	acquaintance
en	aquire	acquire
en	aquired	acquired
en	aquiring	acquiring
en	aquisition	acquisition
en	aquitted	acquitted
en	aramgeddon	armageddon
en	aranged	arranged
en	arangement	arrangement
en	arbirtary	arbitrary
en	arbitarily	arbitrarily
en	arbitary	arbitrary
en	arbitraily	arbitrarily
en	arbitraion	arbitration
en	arbitrairly	arbitrarily
en	arbitrairy	arbitrarily
en	arbitralily	arbitrarily
en	arbitrarely	arbitrarily
en	arbitrariliy	arbitrarily
en	arbitrarilly	arbitrarily
en	arbitrarion	arbitration
en	arbitrarly	arbitrary
en	arbitratily	arbitrarily
en	arbitraton	arbitration
en	arbitray	arbitrary
en	arbitre	arbiter
en	arbiture	arbiter
en	arbritarily	arbitrarily
en	arbritary	arbitrary
en	arbritation	arbitration
en	arcaheology	archaeology
en	arcahic	archaic
en	arcehtype	archetype
en	arcehtypes	archetypes
en	archaelogical	archaeological
en	archaelogists	archaeologists
en	archaelogy	archaeology
en	archaeolgy	archaeology
en	archaoelogy	archeology
en	archaology	archeology
en	archatypes	archetypes
en	archeaologist	archeologist
en	archeaologists	archeologists
en	archeaology	archaeology
en	archetect	architect
en	archetects	architects
en	archetectural	architectural
en	archetecturally	architecturally
en	archetecture	architecture
en	archetipes	archetypes
en	archetpye	archetype
en	archetpyes	archetypes
en	archetyps	archetypes
en	archetypus	archetypes
en	archeytpes	archetypes
en	archiac	archaic
en	archictect	architect
en	archimedian	archimedean
en	architechs	architects
en	architecht	architect
en	architechts	architects
en	architechturally	architecturally
en	architechture	architecture
en	architechtures	architectures
en	architechural	architectural
en	architechure	architecture
en	architecs	architects
en	architecte	architect
en	architectes	architects
en	architectrual	architectural
en	architectual	architectural
en	architectureal	architectural
en	architecturial	architectural
en	architectuur	architecture
en	architecure	architecture
en	architecutral	architectural
en	architecutre	architecture
en	architet	architect
en	architexts	architects
en	architexture	architecture
en	architypes	archetypes
en	archtecture	architecture
en	archtiects	architects
en	archtype	archetype
en	archtypes	archetypes
en	archytypes	archetypes
en	arcitechture	architecture
en	arcive	archive
en	arcylic	acrylic
en	aready	already
en	aregument	argument
en	aremnian	armenian
en	areodynamics	aerodynamics
en	areospace	aerospace
en	aresnal	arsenal
en	aretmis	artemis
en	argentia	argentina
en	argentinia	argentina
en	argessive	aggressive
en	argeument	argument
en	argicultural	agricultural
en	argiculture	agriculture
en	arguabley	arguably
en	arguablly	arguably
en	argubaly	arguably
en	argubly	arguably
en	arguement	argument
en	arguements	arguments
en	arguemet	argument
en	arguemnet	argument
en	arguemnts	arguments
en	arguemtn	argument
en	argumeent	argument
en	argumentas	arguments
en	argumentate	argumentative
en	argumentatie	argumentative
en	argumentitive	argumentative
en	argumentos	arguments
en	arhtritis	arthritis
en	ariborne	airborne
en	aribter	arbiter
en	aribtrarily	arbitrarily
en	aribtrary	arbitrary
en	aribtration	arbitration
en	aricraft	aircraft
en	ariflow	airflow
en	ariplane	airplane
en	ariplanes	airplanes
en	ariports	airports
en	arised	arose
en	arisoft	airsoft
en	arispace	airspace
en	aristolte	aristotle
en	aristote	aristotle
en	aristotel	aristotle
en	aritfact	artifact
en	aritfacts	artifacts
en	arithemtic	arithmetic
en	arithmentic	arithmetic
en	arithmethic	arithmetic
en	arithmetisch	arithmetic
en	arithmetric	arithmetic
en	arithmitic	arithmetic
en	aritmethic	arithmetic
en	aritsts	artists
en	arival	arrival
en	arizonia	arizona
en	arkasnas	arkansas
en	arlighty	alrighty
en	arlignton	arlington
en	arlingotn	arlington
en	armagaddon	armageddon
en	armageddan	armageddon
en	armagedddon	armageddon
en	armagedden	armageddon
en	armageddeon	armageddon
en	armageddin	armageddon
en	armageddomon	armageddon
en	armagedeon	armageddon
en	armageedon	armageddon
en	armagideon	armageddon
en	armamant	armament
en	armchar	armchair
en	armegaddon	armageddon
en	armenain	armenian
en	armenina	armenian
en	armistace	armistice
en	armpitts	armpits
en	armstorng	armstrong
en	armstrog	armstrong
en	arogant	arrogant
en	arogent	arrogant
en	aroud	around
en	arpanoid	paranoid
en	arpatheid	apartheid
en	arpeture	aperture
en	arragned	arranged
en	arrangerad	arranged
en	arrangment	arrangement
en	arrangments	arrangements
en	arrary	array
en	arrengement	arrangement
en	arrengements	arrangements
en	arresst	arrests
en	arrestes	arrests
en	arrestos	arrests
en	arround	around
en	arsenaal	arsenal
en	arsneal	arsenal
en	artcile	article
en	artemios	artemis
en	artemius	artemis
en	arthimetic	arithmetic
en	arthirtis	arthritis
en	arthrits	arthritis
en	artical	article
en	artice	article
en	articel	article
en	articifial	artificial
en	articifially	artificially
en	articluate	articulate
en	articluated	articulated
en	articualte	articulate
en	articualted	articulated
en	articule	articulate
en	articulted	articulated
en	artifacs	artifacts
en	artifactos	artifacts
en	artifcat	artifact
en	artifcats	artifacts
en	artificailly	artificially
en	artifical	artificial
en	artifically	artificially
en	artificialy	artificially
en	artificiel	artificial
en	artificiella	artificial
en	artificually	artificially
en	artifiically	artificially
en	artihmetic	arithmetic
en	artillary	artillery
en	artillerly	artillery
en	artilley	artillery
en	artisitc	artistic
en	artistas	artists
en	artistc	artistic
en	artmeis	artemis
en	artsits	artists
en	arugable	arguable
en	arugably	arguably
en	arugement	argument
en	aruging	arguing
en	arugment	argument
en	arugmentative	argumentative
en	arugments	arguments
en	arund	around
en	asapragus	asparagus
en	asbestoast	asbestos
en	asbestoes	asbestos
en	asborbed	absorbed
en	asborbing	absorbing
en	asburdity	absurdity
en	asburdly	absurdly
en	ascendend	ascended
en	ascneded	ascended
en	ascneding	ascending
en	ascnesion	ascension
en	asethetic	aesthetic
en	asethetically	aesthetically
en	asethetics	aesthetics
en	asetic	ascetic
en	aseuxal	asexual
en	asexaul	asexual
en	ashpalt	asphalt
en	asign	assign
en	asiprin	aspirin
en	asisstants	assistants
en	asissted	assisted
en	asissts	assists
en	askreddt	askreddit
en	aslo	also
en	asnwered	answered
en	asnwering	answering
en	asnwers	answers
en	asociated	associated
en	asorbed	absorbed
en	aspahlt	asphalt
en	aspectos	aspects
en	aspergerers	aspergers
en	asperges	aspergers
en	asphlat	asphalt
en	asphyxation	asphyxiation
en	aspiratons	aspirations
en	aspriations	aspirations
en	aspriin	aspirin
en	assagne	assange
en	assasin	assassin
en	assasinate	assassinate
en	assasinated	assassinated
en	assasinates	assassinates
en	assasination	assassination
en	assasinations	assassinations
en	assasined	assassinated
en	assasins	assassins
en	assassian	assassin
en	assassians	assassin
en	assassiante	assassinate
en	assassinare	assassinate
en	assassinas	assassins
en	assassinatd	assassinated
en	assassinatin	assassination
en	assassinato	assassination
en	assassinats	assassins
en	assassine	assassinate
en	assassines	assassins
en	assassinos	assassins
en	assassintation	assassination
en	assassinted	assassinated
en	assasssin	assassins
en	assaultes	assaults
en	assembe	assemble
en	assembeld	assembled
en	assemblare	assemble
en	assembleing	assembling
en	assembley	assembly
en	assemblie	assemble
en	assemblying	assembling
en	assemby	assembly
en	assemple	assemble
en	assempling	assembling
en	assersions	assertions
en	assertation	assertion
en	assertin	assertions
en	assesement	assessment
en	assestment	assessment
en	asshates	asshats
en	asshatts	asshats
en	asside	aside
en	assigments	assignments
en	assignemnt	assignment
en	assignemnts	assignments
en	assimalate	assimilate
en	assimialted	assimilate
en	assimilant	assimilate
en	assimilare	assimilate
en	assimilatie	assimilate
en	assimile	assimilate
en	assimilerat	assimilate
en	assimiliate	assimilate
en	assimliate	assimilate
en	assimliated	assimilate
en	assimulate	assimilate
en	assingment	assignment
en	assingments	assignments
en	assisnate	assassinate
en	assissinated	assassinated
en	assisst	assists
en	assistanat	assistants
en	assistans	assistants
en	assistanse	assistants
en	assistante	assistance
en	assistantes	assistants
en	assistat	assistants
en	assistence	assistance
en	assistendo	assisted
en	assistents	assistants
en	assistsnt	assistants
en	assit	assist
en	assitant	assistant
en	assmeble	assemble
en	assmebled	assembled
en	assmebling	assembling
en	assmebly	assembly
en	assnage	assange
en	assocaited	associated
en	assocaites	associates
en	assocaition	associations
en	assocation	association
en	associaiton	associations
en	associatie	associated
en	associaties	associates
en	associatin	associations
en	associationg	associating
en	associationthis	associations
en	associato	association
en	associaton	association
en	associatons	associations
en	associsted	associates
en	assoicate	associate
en	assoicated	associated
en	assoicates	associates
en	assoication	association
en	assoications	associations
en	assosiated	associated
en	assosiates	associates
en	assosiating	associating
en	assosiation	association
en	assosiations	associations
en	assosication	assassination
en	assotiations	associations
en	assoziation	association
en	asssasin	assassin
en	asssasins	assassins
en	asssassans	assassins
en	asssits	assists
en	assualt	assault
en	assualted	assaulted
en	assualts	assaults
en	assulated	assaulted
en	assumptious	assumptions
en	assupmtion	assumptions
en	assymetric	asymmetric
en	assymetrical	asymmetrical
en	asteorid	asteroid
en	asteorids	asteroids
en	astericks	asterisk
en	asterik	asterisk
en	asteriks	asterisk
en	asteriod	asteroid
en	asteriods	asteroids
en	asteroides	asteroids
en	asterois	asteroids
en	astersik	asterisk
en	asthetic	aesthetic
en	asthetical	aesthetical
en	asthetically	aesthetically
en	astonashing	astonishing
en	astonising	astonishing
en	astonoshing	astonishing
en	astornauts	astronauts
en	astranauts	astronauts
en	astranomical	astronomical
en	astroanut	astronaut
en	astromonical	astronomical
en	astronat	astronaut
en	astronatus	astronauts
en	astronaught	astronaut
en	astronaunt	astronaut
en	astronaunts	astronaut
en	astronautas	astronauts
en	astronautes	astronauts
en	astronautlis	astronauts
en	astronimical	astronomical
en	astronomia	astronomical
en	astronomicly	astronomical
en	astronouts	astronauts
en	astronuat	astronaut
en	astronuats	astronauts
en	astrounat	astronaut
en	asume	assume
en	asuterity	austerity
en	asutralian	australian
en	asutria	austria
en	asutrian	austrian
en	asychronous	asynchronous
en	asyncronous	asynchronous
en	atain	attain
en	atatchment	attachment
en	atatchments	attachments
en	atcualy	actually
en	atelast	atleast
en	atempting	attempting
en	atheisim	atheism
en	atheistc	atheistic
en	atheistisch	atheistic
en	atheltes	athletes
en	atheltic	athletic
en	athelticism	athleticism
en	atheltics	athletics
en	athenean	athenian
en	atheneans	athenians
en	athesim	atheism
en	athesitic	atheistic
en	athesits	atheists
en	athetlic	athletic
en	athetlics	athletics
en	athients	atheist
en	athiesm	atheism
en	athiest	atheist
en	athiestic	atheistic
en	athiets	atheist
en	athletecism	athleticism
en	athleticisim	athleticism
en	athleticm	athleticism
en	athleticos	athletics
en	athleticsim	athleticism
en	athleticsm	athleticism
en	athletiscm	athleticism
en	athletisicm	athleticism
en	athletisim	athleticism
en	athletisism	athleticism
en	athlets	athletes
en	atittude	attitude
en	atlantc	atlantic
en	atlantia	atlanta
en	atleats	atleast
en	atlesat	atleast
en	atmoizer	atomizer
en	atmopshere	atmosphere
en	atmopsheric	atmospheric
en	atmoshpere	atmosphere
en	atmoshperic	atmospheric
en	atmosoheric	atmospheric
en	atmosphereic	atmospheric
en	atmosphir	atmospheric
en	atomsphere	atmosphere
en	atomspheric	atmospheric
en	atomzier	atomizer
en	atorney	attorney
en	atremis	artemis
en	atribute	attribute
en	atributed	attributed
en	atributes	attributes
en	atriculate	articulate
en	atrifact	artifact
en	atrifacts	artifacts
en	atrillery	artillery
en	atrittion	attrition
en	atrocitites	atrocities
en	atrocoties	atrocities
en	atrosities	atrocities
en	attachemnt	attachment
en	attachemnts	attachments
en	attachmet	attachments
en	attackeras	attackers
en	attackerasu	attackers
en	attackerats	attackers
en	attackes	attackers
en	attactment	attachment
en	attactments	attachments
en	attaindre	attainder
en	attemp	attempt
en	attemped	attempted
en	attemps	attempts
en	attemt	attempt
en	attemted	attempted
en	attemting	attempting
en	attemtped	attempted
en	attemtping	attempting
en	attemtps	attempts
en	attemts	attempts
en	attendence	attendance
en	attendent	attendant
en	attendents	attendants
en	attened	attended
en	attension	attention
en	attidute	attitude
en	attirbute	attribute
en	attirbutes	attributes
en	attirtion	attrition
en	attitide	attitude
en	attmepted	attempted
en	attmepting	attempting
en	attracs	attracts
en	attracters	attracts
en	attractes	attracts
en	attractice	attractive
en	attracties	attracts
en	attractifs	attracts
en	attractin	attraction
en	attraktion	attraction
en	attraktive	attractive
en	attribue	attribute
en	attribuito	attribution
en	attributo	attribution
en	attributred	attributed
en	attributs	attributes
en	attributted	attribute
en	attritube	attribute
en	attritubes	attributes
en	attrocities	atrocities
en	atttributes	attributes
en	aucitons	auctions
en	auctioners	auctions
en	auctionrs	auctions
en	audactiy	audacity
en	audbile	audible
en	audcaity	audacity
en	audeince	audience
en	audibel	audible
en	audiobok	audiobook
en	audiobookas	audiobooks
en	audiobookmrs	audiobooks
en	audioboook	audiobook
en	audioboooks	audiobook
en	audioboost	audiobooks
en	audomoderator	automoderator
en	auhtenticate	authenticate
en	auidobook	audiobook
en	auidobooks	audiobooks
en	auotattack	autoattack
en	auotcorrect	autocorrect
en	auromated	automated
en	austeriy	austerity
en	austira	austria
en	austiran	austrian
en	austitic	autistic
en	austrai	austria
en	austrailan	australian
en	austrailans	australians
en	austrailia	australia
en	austrailian	australian
en	austrain	austrian
en	australa	australian
en	australain	australians
en	australiaan	australians
en	australiams	australians
en	australianas	australians
en	australianess	australians
en	australianos	australians
en	australien	australian
en	australiens	australians
en	australin	australians
en	australina	australians
en	australlian	australian
en	austrija	austria
en	austrila	austria
en	austrlaian	australians
en	authenitcation	authentication
en	authenticaion	authentication
en	authenticaiton	authentication
en	authenticaton	authentication
en	authenticiy	authenticity
en	authenticor	authenticator
en	authenticty	authenticity
en	authenticy	authenticity
en	authentisity	authenticity
en	auther	author
en	autherization	authorization
en	autherized	authorized
en	authobiographic	autobiographic
en	authobiography	autobiography
en	authoratitive	authoritative
en	authorative	authoritative
en	authoritate	authoritative
en	authoritatian	authoritarian
en	authoritation	authorization
en	authoritay	authority
en	authorites	authorities
en	authorithies	authorities
en	authorithy	authority
en	authoritiers	authorities
en	authorititive	authoritative
en	authoritorian	authoritarian
en	authorizaton	authorization
en	authorotative	authoritative
en	authoroties	authorities
en	authroity	authority
en	authroization	authorization
en	authroized	authorized
en	authrorities	authorities
en	autisitc	autistic
en	autistc	autistic
en	autistisch	autistic
en	autoattak	autoattack
en	autoattaks	autoattack
en	autoattk	autoattack
en	autoatttack	autoattack
en	autochtonous	autochthonous
en	autocorect	autocorrect
en	autocoreect	autocorrect
en	autocorrct	autocorrect
en	autocorrekt	autocorrect
en	autocorrent	autocorrect
en	autocorret	autocorrect
en	autocorrext	autocorrect
en	autocorrrect	autocorrect
en	autoctonous	autochthonous
en	autograh	autograph
en	autograpgh	autograph
en	autogrpah	autograph
en	autokorrect	autocorrect
en	automatice	automate
en	automaticly	automatically
en	automatico	automation
en	automatied	automate
en	automatiek	automate
en	automato	automation
en	automatonic	automation
en	automatron	automation
en	automatted	automate
en	automibile	automobile
en	automitive	automotive
en	automobilies	automobile
en	automoblie	automobile
en	automoblies	automobile
en	automoderador	automoderator
en	automoderater	automoderator
en	automodertor	automoderator
en	automodorator	automoderator
en	automomous	autonomous
en	automonomous	autonomous
en	automonous	autonomous
en	automony	autonomy
en	automoterator	automoderator
en	automotice	automotive
en	automotion	automation
en	automotize	automotive
en	automotove	automotive
en	autonamous	autonomous
en	autonation	automation
en	autonimous	autonomous
en	autonomity	autonomy
en	autonomos	autonomous
en	autononous	autonomous
en	autor	author
en	autoritharian	authoritarian
en	autority	authority
en	autsitic	autistic
en	auttoatack	autoattack
en	auxilary	auxiliary
en	auxillaries	auxiliaries
en	auxillary	auxiliary
en	auxilliaries	auxiliaries
en	auxilliary	auxiliary
en	avacodos	avocados
en	avaiable	available
en	avaialble	available
en	availabale	available
en	availabe	available
en	availabiliy	availability
en	availabillity	availability
en	availabilty	availability
en	availablity	availability
en	availaible	available
en	availble	available
en	availiable	available
en	availible	available
en	avaition	aviation
en	avalable	available
en	avalaible	available
en	avalance	avalanche
en	avaliability	availability
en	avaliable	available
en	avataras	avatars
en	avatards	avatars
en	avatares	avatars
en	avation	aviation
en	averadge	averaged
en	averageadi	averaged
en	averageed	averaged
en	averageifs	averages
en	avergaed	averaged
en	avergaes	averages
en	aviaiton	aviation
en	avialability	availability
en	avialable	available
en	avilable	available
en	avnegers	avengers
en	avodacos	avocados
en	avtaars	avatars
en	awakend	awakened
en	awakenend	awakened
en	awared	awarded
en	awekened	weakened
en	awesomeley	awesomely
en	awesomelly	awesomely
en	awesomenss	awesomeness
en	awesomey	awesomely
en	awesomley	awesomely
en	awesoneness	awesomeness
en	awfullly	awfully
en	awkawrdly	awkwardly
en	awknowledged	acknowledged
en	awknowledgement	acknowledgement
en	awknowledges	acknowledges
en	awknowledging	acknowledging
en	awkwardess	awkwardness
en	awkwardsness	awkwardness
en	awkwardy	awkwardly
en	awnsered	answered
en	awnsering	answering
en	awya	away
en	bablyon	babylon
en	babysister	babysitter
en	babysite	babysitter
en	babysiting	babysitting
en	babysittng	babysitting
en	babysittter	babysitter
en	babysittting	babysitting
en	baceause	because
en	bacehlor	bachelor
en	bacehlors	bachelors
en	bachelores	bachelors
en	bachelour	bachelor
en	bachleor	bachelor
en	bachleors	bachelors
en	bacholer	bachelor
en	bacholers	bachelors
en	backbacking	backpacking
en	backdooor	backdoor
en	backdor	backdoor
en	backeast	backseat
en	backerds	backers
en	backfeild	backfield
en	backfied	backfield
en	backfiled	backfield
en	backgorund	background
en	backgorunds	backgrounds
en	backgroud	background
en	backgroudn	backgrounds
en	backgrouds	backgrounds
en	backgrouns	backgrounds
en	backgruond	backgrounds
en	backhacking	backpacking
en	backjacking	backpacking
en	backpacing	backpacking
en	backpackng	backpacking
en	backpacs	backpacks
en	backpakcs	backpacks
en	backrgound	backgrounds
en	backrounds	backgrounds
en	backsta	backseat
en	backtacking	backpacking
en	baclony	balcony
en	badnits	bandits
en	badnwagon	bandwagon
en	badnwidth	bandwidth
en	baiscly	basically
en	bakc	back
en	bakcers	backers
en	baksetball	basketball
en	balanceada	balanced
en	balanceado	balanced
en	balanse	balances
en	balcanes	balances
en	balckberry	blackberry
en	balcked	blacked
en	balckhawks	blackhawks
en	balckjack	blackjack
en	balcklist	blacklist
en	balcksmith	blacksmith
en	balconey	balcony
en	balconny	balcony
en	balitmore	baltimore
en	ballisitc	ballistic
en	ballistc	ballistic
en	ballsitic	ballistic
en	balnaced	balanced
en	balsphemy	blasphemy
en	banannas	bananas
en	banditas	bandits
en	bandiwdth	bandwidth
en	bandwagoon	bandwagon
en	bandwdith	bandwidth
en	bandwidht	bandwidth
en	bandwitdh	bandwidth
en	bandwith	bandwidth
en	bangaldesh	bangladesh
en	bangaldeshi	bangladesh
en	bangkock	bangkok
en	bangladash	bangladesh
en	bangladesch	bangladesh
en	bangledash	bangladesh
en	bangledesh	bangladesh
en	banglidesh	bangladesh
en	banhsee	banshee
en	bankgok	bangkok
en	bankrupcty	bankruptcy
en	bankrupcy	bankruptcy
en	bankruptsy	bankruptcy
en	bankrupty	bankruptcy
en	bankrutpcy	bankruptcy
en	banruptcy	bankruptcy
en	baordwalk	boardwalk
en	baout	about
en	baoynet	bayonet
en	baptims	baptism
en	baptisim	baptism
en	baptsim	baptism
en	barabrian	barbarian
en	barabrians	barbarians
en	barabric	barbaric
en	baragin	bargain
en	barbarain	barbarian
en	barbariens	barbarians
en	barbarin	barbarian
en	barbarina	barbarian
en	barbarions	barbarians
en	barbaris	barbarians
en	barbarisch	barbaric
en	barberians	barbarians
en	barcelets	bracelets
en	barceloneta	barcelona
en	barcleona	barcelona
en	bardford	bradford
en	bareclona	barcelona
en	bargaing	bargaining
en	bargainning	bargaining
en	bargani	bargain
en	bargian	bargain
en	bargianing	bargaining
en	bariner	brainer
en	baristia	barista
en	barlkey	barkley
en	barrackus	barracks
en	barracs	barracks
en	barrakcs	barracks
en	barrells	barrels
en	barrles	barrels
en	barsita	barista
en	bartendars	bartenders
en	barvery	bravery
en	bascially	basically
en	bascily	basically
en	basektball	basketball
en	basicaly	basically
en	basiclay	basically
en	basicley	basically
en	basicliy	basically
en	basicly	basically
en	basilcy	basically
en	basiton	bastion
en	baskteball	basketball
en	basnhee	banshee
en	bastane	bastante
en	bastardes	bastards
en	bastardos	bastards
en	bastardous	bastards
en	bastardus	bastards
en	bastars	bastards
en	bastino	bastion
en	bathrom	bathroom
en	bathrooom	bathroom
en	batistia	batista
en	batitsa	batista
en	batlimore	baltimore
en	batsita	batista
en	battailon	battalion
en	battalin	battalion
en	battelfield	battlefield
en	battelfront	battlefront
en	battelship	battleship
en	battelships	battleship
en	battelstar	battlestar
en	battlaion	battalion
en	battlearts	battlestar
en	battlechip	battleship
en	battlefeild	battlefield
en	battlefied	battlefield
en	battlefiend	battlefield
en	battlefiled	battlefield
en	battlefont	battlefront
en	battlefornt	battlefront
en	battlehips	battleship
en	battlehsips	battleship
en	battlesaur	battlestar
en	battlescar	battlestar
en	battleshop	battleship
en	battlestsr	battlestar
en	bayblon	babylon
en	baynoet	bayonet
en	bayoent	bayonet
en	bayonent	bayonet
en	bcak	back
en	bceuase	because
en	beachead	beachhead
en	beacuoup	beaucoup
en	beacuse	because
en	beahviour	behaviour
en	beahviours	behaviours
en	bealtes	beatles
en	beardude	bearded
en	beaslty	beastly
en	beastiality	bestiality
en	beastley	beastly
en	beatels	beatles
en	beatiful	beautiful
en	beaucop	beaucoup
en	beauitful	beautiful
en	beaurocracy	bureaucracy
en	beaurocratic	bureaucratic
en	beautifullly	beautifully
en	beautifuly	beautifully
en	beautifyl	beautifully
en	beautilful	beautifully
en	beautyfull	beautiful
en	beautyfully	beautifully
en	becamae	became
en	becames	becomes
en	becasue	because
en	beccause	because
en	becnhmark	benchmark
en	becnhmarks	benchmarks
en	becomeing	becoming
en	becomming	becoming
en	becouse	because
en	becuaes	because
en	becuase	because
en	becuasse	because
en	becusae	because
en	bedore	before
en	beehtoven	beethoven
en	beeing	being
en	beethoveen	beethoven
en	befirend	befriend
en	befoer	before
en	befreind	befriend
en	befried	befriend
en	beggin	begin
en	begginer	beginner
en	begginers	beginners
en	begginig	begging
en	beggining	beginning
en	begginings	beginnings
en	begginng	begging
en	beggins	begins
en	begining	beginning
en	begininng	beginning
en	begininngs	beginnings
en	beginnig	beginning
en	beginninng	beginnings
en	beginnins	beginnings
en	beglian	belgian
en	beglium	belgium
en	begnals	bengals
en	behaivor	behavior
en	behaivors	behaviors
en	behaivour	behaviour
en	behaivours	behaviours
en	behaviorial	behavioral
en	behaviorly	behavioral
en	behavios	behaviours
en	behavoir	behavior
en	behavoiral	behavioral
en	behavoirs	behaviors
en	behavoiur	behaviour
en	behavoiurs	behaviours
en	behavorial	behavioral
en	behavour	behavior
en	behavoural	behavioral
en	behngazi	benghazi
en	behtesda	bethesda
en	behvaiour	behaviour
en	behvaiours	behaviours
en	bejiing	beijing
en	beleagured	beleaguered
en	beleif	belief
en	beleifs	beliefs
en	beleivable	believable
en	beleive	believe
en	beleived	believed
en	beleiver	believer
en	beleives	believes
en	beleiving	believing
en	belgain	belgian
en	belguim	belgium
en	beliavable	believable
en	beliebable	believable
en	beliefes	beliefs
en	believeble	believable
en	believr	believer
en	believs	believes
en	belifes	beliefs
en	beligan	belgian
en	beligum	belgium
en	belittleing	belittling
en	belittlling	belittling
en	belive	believe
en	beliveable	believable
en	belived	believed
en	beliveing	believing
en	belives	believes
en	belligerant	belligerent
en	belligerante	belligerent
en	belligirent	belligerent
en	bellweather	bellwether
en	belssings	blessings
en	bemusemnt	bemusement
en	benagls	bengals
en	benchamrk	benchmark
en	benchamrks	benchmarks
en	benchmakrs	benchmarks
en	benchmars	benchmarks
en	benckmarks	benchmarks
en	benedicat	benedict
en	benedickt	benedict
en	benedit	benedict
en	benefecial	beneficial
en	benefica	beneficial
en	beneficary	beneficiary
en	beneficiul	beneficial
en	benefitial	beneficial
en	benefitical	beneficial
en	beneifical	beneficial
en	benelovent	benevolent
en	benevalent	benevolent
en	benevelant	benevolent
en	benevelent	benevolent
en	benevelont	benevolent
en	benevloent	benevolent
en	benevolant	benevolent
en	bengahzi	benghazi
en	bengalas	bengals
en	bengalos	bengals
en	bengazhi	benghazi
en	benghai	benghazi
en	benghazhi	benghazi
en	benghazzi	benghazi
en	benghzai	benghazi
en	benglas	bengals
en	bengzhai	benghazi
en	benhgazi	benghazi
en	benidect	benedict
en	benificial	beneficial
en	benifit	benefit
en	benifits	benefits
en	benovelent	benevolent
en	beoynce	beyonce
en	beraded	bearded
en	berekley	berkeley
en	bergamont	bergamot
en	berkelely	berkeley
en	bernouilli	bernoulli
en	bersekr	berserk
en	bersekrer	berserker
en	berserkr	berserker
en	berskerer	berserker
en	beseige	besiege
en	beseiged	besieged
en	beseiging	besieging
en	besitality	bestiality
en	bestaility	bestiality
en	besteality	bestiality
en	bestialiy	bestiality
en	bestiallity	bestiality
en	betales	beatles
en	beteen	between
en	betehsda	bethesda
en	beteshda	bethesda
en	bethdesa	bethesda
en	bethedsa	bethesda
en	bethesa	bethesda
en	bethseda	bethesda
en	betrayd	betrayed
en	betrayeado	betrayed
en	betwen	between
en	beuatiful	beautiful
en	beuatifully	beautifully
en	beucase	because
en	beuraucracy	bureaucracy
en	beuraucratic	bureaucratic
en	beuraucrats	bureaucrats
en	beween	between
en	bewteen	between
en	beyoncye	beyonce
en	bianry	binary
en	bibilcal	biblical
en	bicthes	bitches
en	bicylces	bicycles
en	bidrman	birdman
en	biejing	beijing
en	bifgoot	bigfoot
en	bigfooot	bigfoot
en	bigining	beginning
en	biginning	beginning
en	bigorty	bigotry
en	bigrading	brigading
en	bigtoed	bigoted
en	bigtory	bigotry
en	bilateraly	bilaterally
en	bilbical	biblical
en	billbaord	billboard
en	billboad	billboard
en	billboars	billboards
en	billborads	billboards
en	billegerent	belligerent
en	billingualism	bilingualism
en	billionairre	billionaire
en	billionairres	billionaire
en	billionairs	billionaires
en	billionarie	billionaire
en	billionaries	billionaires
en	billioniare	billionaire
en	billioniares	billionaires
en	bilsters	blisters
en	bilzzard	blizzard
en	bilzzcon	blizzcon
en	binominal	binomial
en	biogted	bigoted
en	biogtry	bigotry
en	bioligical	biological
en	bioligically	biologically
en	biologia	biological
en	biologicaly	biologically
en	biologiset	biologist
en	biologiskt	biologist
en	bioplar	bipolar
en	biploar	bipolar
en	birdamn	birdman
en	birdges	bridges
en	birgade	brigade
en	birgading	brigading
en	birghtest	brightest
en	birghtness	brightness
en	birhtday	birthday
en	birhtdays	birthdays
en	birmignham	birmingham
en	birmimgham	birmingham
en	birmingharam	birmingham
en	birsbane	brisbane
en	birthdayers	birthdays
en	birthdaymas	birthdays
en	birthdsy	birthdays
en	biseuxal	bisexual
en	bisexaul	bisexual
en	bisexuella	bisexual
en	bitcion	bitcoin
en	bitcions	bitcoins
en	bitcoints	bitcoins
en	bithced	bitched
en	bithces	bitches
en	bitocin	bitcoin
en	bitocins	bitcoins
en	bitterseet	bittersweet
en	bittersweat	bittersweet
en	bittersweeet	bittersweet
en	bitterswet	bittersweet
en	bitterwseet	bittersweet
en	bizzare	bizarre
en	blackade	blacked
en	blackahwks	blackhawks
en	blackbarry	blackberry
en	blackbeary	blackberry
en	blackbeery	blackberry
en	blackberrry	blackberry
en	blackbery	blackberry
en	blackcawks	blackhawks
en	blackend	blacked
en	blackhakws	blackhawks
en	blackhaws	blackhawks
en	blackhwaks	blackhawks
en	blackjak	blackjack
en	blacklit	blacklist
en	blackmsith	blacksmith
en	blackshit	blacksmith
en	blackshits	blacksmith
en	blacksmitch	blacksmith
en	blacony	balcony
en	blaim	blame
en	blaimed	blamed
en	blamethrower	flamethrower
en	blankes	blankets
en	blanketts	blankets
en	blapshemy	blasphemy
en	blashpemy	blasphemy
en	blaspehmy	blasphemy
en	blasphemey	blasphemy
en	blasphmey	blasphemy
en	blatanlty	blatantly
en	blatanty	blatantly
en	blatimore	baltimore
en	blegian	belgian
en	blegium	belgium
en	blessins	blessings
en	blessure	blessing
en	bleuberry	blueberry
en	bleutooth	bluetooth
en	blisteres	blisters
en	blitzkreig	blitzkrieg
en	blizzad	blizzard
en	blizzcoin	blizzcon
en	blochchain	blockchain
en	blockcahin	blockchain
en	blockchan	blockchain
en	blockchian	blockchain
en	blockeras	blockers
en	blockes	blockers
en	bloggare	blogger
en	bloggeur	blogger
en	bloodboner	bloodborne
en	bloodbonre	bloodborne
en	bloodboorne	bloodborne
en	bloodborbe	bloodborne
en	bloodbore	bloodborne
en	bloodbrone	bloodborne
en	bloodporne	bloodborne
en	bloorborne	bloodborne
en	bloster	bolster
en	bluebarries	blueberries
en	blueberies	blueberries
en	blueberris	blueberries
en	blueberrries	blueberries
en	blueberrry	blueberry
en	bluebery	blueberry
en	bluebrints	blueprints
en	blueburries	blueberries
en	blueprients	blueprints
en	blueprintcss	blueprints
en	bluetooh	bluetooth
en	blugaria	bulgaria
en	blulets	bullets
en	boardband	broadband
en	boardcast	broadcast
en	boardcasting	broadcasting
en	boardcasts	broadcasts
en	boardway	broadway
en	boaut	bout
en	bobmers	bombers
en	bobybuilding	bodybuilding
en	bodybuidling	bodybuilding
en	bodybuildig	bodybuilding
en	bodybuildng	bodybuilding
en	bodybuilidng	bodybuilding
en	bodybuiling	bodybuilding
en	bodybuliding	bodybuilding
en	bodydbuilder	bodybuilder
en	bodyheight	bodyweight
en	bodyweigt	bodyweight
en	bodyweigth	bodyweight
en	bodywieght	bodyweight
en	bollcoks	bollocks
en	bollocs	bollocks
en	bombardeada	bombarded
en	bombardeado	bombarded
en	bombardement	bombardment
en	bombarderad	bombarded
en	bombarment	bombardment
en	bomberos	bombers
en	bondary	boundary
en	bonnano	bonanno
en	bonsues	bonuses
en	bookamrks	bookmarks
en	bookmakred	bookmarked
en	bookmakrs	bookmarks
en	bookmarkd	bookmarked
en	bookmars	bookmarks
en	boook	book
en	bootlaoder	bootloader
en	bootleader	bootloader
en	boradband	broadband
en	boradcast	broadcast
en	boradcasting	broadcasting
en	boradcasts	broadcasts
en	boraden	broaden
en	borader	broader
en	boradly	broadly
en	boradwalk	boardwalk
en	boradway	broadway
en	bordelrands	borderlands
en	bordeom	boredom
en	borderlads	borderlands
en	borderlanders	borderlands
en	borderlans	borderlands
en	bordlerands	borderlands
en	boredoom	boredom
en	borke	broke
en	bortherhood	brotherhood
en	boslter	bolster
en	botivational	motivational
en	bottelneck	bottleneck
en	bottlebeck	bottleneck
en	boudler	boulder
en	bouldore	boulder
en	boundaires	boundaries
en	bounderies	boundaries
en	boundry	boundary
en	bounites	bounties
en	bounses	bonuses
en	bouregois	bourgeois
en	bourgeios	bourgeois
en	bourgeoius	bourgeois
en	bourgeousie	bourgeois
en	bourgoeis	bourgeois
en	boutiqe	boutique
en	boutnies	bounties
en	boutqiue	boutique
en	bouyancy	buoyancy
en	bouyant	buoyant
en	boyant	buoyant
en	boycottting	boycotting
en	boycutting	boycotting
en	boyfirend	boyfriend
en	boyfirends	boyfriends
en	boyfreind	boyfriend
en	boyfreinds	boyfriends
en	boyfried	boyfriend
en	boyfriens	boyfriends
en	boyfrients	boyfriends
en	brabarian	barbarian
en	braceletes	bracelets
en	bracelettes	bracelets
en	braceletts	bracelets
en	bracelona	barcelona
en	bradcast	broadcast
en	bradfrod	bradford
en	braevry	bravery
en	brainwahsed	brainwashed
en	brainwahsing	brainwashing
en	brainwased	brainwashed
en	brainwasing	brainwashing
en	braista	barista
en	brakedowns	breakdowns
en	brakeout	breakout
en	brakethrough	breakthrough
en	brakley	barkley
en	branier	brainer
en	braodband	broadband
en	braodcast	broadcast
en	braodcasting	broadcasting
en	braodcasts	broadcasts
en	braoden	broaden
en	braoder	broader
en	braodly	broadly
en	braodway	broadway
en	brasillian	brazilian
en	bratenders	bartenders
en	braverly	bravery
en	brazilains	brazilians
en	brazileans	brazilians
en	braziliaan	brazilians
en	brazilianese	brazilians
en	brazilianess	brazilians
en	brazilias	brazilians
en	braziliians	brazilians
en	brazilions	brazilians
en	brazillans	brazilians
en	breadtfeeding	breastfeeding
en	breakdows	breakdowns
en	breakthorugh	breakthrough
en	breakthough	breakthrough
en	breakthroughts	breakthroughs
en	breakthrouh	breakthrough
en	breaktrhough	breakthrough
en	breastfeading	breastfeeding
en	breastfeedig	breastfeeding
en	breastfeeing	breastfeeding
en	breasttaking	breathtaking
en	breathis	breaths
en	breathos	breaths
en	breathtakng	breathtaking
en	breatsfeeding	breastfeeding
en	brednan	brendan
en	breif	brief
en	breifly	briefly
en	brekaout	breakout
en	brendamn	brendan
en	breserk	berserk
en	breserker	berserker
en	brethen	brethren
en	bretheren	brethren
en	breweres	brewers
en	brewerey	brewery
en	brewerks	brewers
en	brewerys	brewers
en	brewrey	brewery
en	briagde	brigade
en	brianer	brainer
en	brianwashed	brainwashed
en	brianwashing	brainwashing
en	bridaging	brigading
en	bridman	birdman
en	brielfy	briefly
en	brigaged	brigade
en	brigated	brigade
en	brigdes	bridges
en	brightern	brighten
en	brightn	brighten
en	brightoner	brighten
en	brigthen	brighten
en	brigthest	brightest
en	brigthness	brightness
en	briliant	brilliant
en	brillaince	brilliance
en	brillaintly	brilliantly
en	brillant	brilliant
en	brilliante	brilliance
en	brillianty	brilliantly
en	brilliany	brilliantly
en	brimestone	brimstone
en	brimingham	birmingham
en	brisben	brisbane
en	bristool	bristol
en	brithday	birthday
en	brithdays	birthdays
en	britian	britain
en	britsol	bristol
en	brittish	british
en	briused	bruised
en	briuser	bruiser
en	briusers	bruisers
en	briuses	bruises
en	broacasted	broadcast
en	broadacasting	broadcasting
en	broadbad	broadband
en	broadcasing	broadcasting
en	broadcastes	broadcasts
en	broadcastors	broadcasts
en	broadcat	broadcasts
en	broadley	broadly
en	broadwalk	boardwalk
en	broady	broadly
en	brocoli	broccoli
en	brocolli	broccoli
en	brodaway	broadway
en	broderlands	borderlands
en	broncoes	broncos
en	bronocs	broncos
en	broswing	browsing
en	brotherhod	brotherhood
en	brotherhoood	brotherhood
en	brotherood	brotherhood
en	brotherwood	brotherhood
en	browine	brownie
en	browines	brownies
en	browisng	browsing
en	brownei	brownie
en	brownis	brownies
en	brtually	brutally
en	bruglar	burglar
en	brugundy	burgundy
en	bruisend	bruised
en	bruiseres	bruisers
en	brunete	brunette
en	brunettte	brunette
en	bruning	burning
en	brusied	bruised
en	brusies	bruises
en	brusselers	brussels
en	brusseles	brussels
en	brussells	brussels
en	brusses	brussels
en	brussles	brussels
en	brusting	bursting
en	brutailty	brutality
en	brutallity	brutally
en	brutallly	brutally
en	brutaly	brutally
en	btiched	bitched
en	btiches	bitches
en	bubbels	bubbles
en	bubblews	bubbles
en	buddah	buddha
en	buddhim	buddhism
en	buddhisim	buddhism
en	buddhistisk	buddhists
en	buddhit	buddhist
en	buddhits	buddhist
en	buddhsim	buddhism
en	buddihsts	buddhists
en	buddishm	buddhism
en	buddisht	buddhist
en	buddishts	buddhists
en	buddist	buddhist
en	budgest	budgets
en	buearucratic	bureaucratic
en	buearucrats	bureaucrats
en	bueraucracy	bureaucracy
en	bueraucratic	bureaucratic
en	bueraucrats	bureaucrats
en	bugdets	budgets
en	buglaria	bulgaria
en	buhddism	buddhism
en	buhddist	buddhist
en	buhddists	buddhists
en	buidlers	builders
en	buidling	building
en	buidlings	buildings
en	buildes	builders
en	buildins	buildings
en	buisness	business
en	buisnesses	businesses
en	buisnessman	businessman
en	buisnessmen	businessmen
en	bulagria	bulgaria
en	bulgaira	bulgaria
en	bulgara	bulgaria
en	bulgariska	bulgaria
en	buliders	builders
en	buliding	building
en	bulidings	buildings
en	bullerproof	bulletproof
en	bullest	bullets
en	bulletbroof	bulletproof
en	bulletpoof	bulletproof
en	bulletprof	bulletproof
en	bulletproff	bulletproof
en	bulletprooof	bulletproof
en	bulletprrof	bulletproof
en	bulletts	bullets
en	bullitproof	bulletproof
en	buoancy	buoyancy
en	bureacuracy	bureaucracy
en	bureaocracy	bureaucracy
en	bureaocratic	bureaucratic
en	bureaocrats	bureaucrats
en	bureaucats	bureaucrats
en	bureaucracie	bureaucratic
en	bureaucractic	bureaucratic
en	bureaucracts	bureaucrats
en	bureaucraps	bureaucrats
en	bureaucrash	bureaucrats
en	bureaucrasy	bureaucrats
en	bureaucrates	bureaucrats
en	bureaucratics	bureaucrats
en	bureaucratisch	bureaucratic
en	bureaucratische	bureaucratic
en	bureaucratius	bureaucrats
en	bureaucrazy	bureaucracy
en	bureuacracy	bureaucracy
en	bureuacratic	bureaucratic
en	bureuacrats	bureaucrats
en	burgunday	burgundy
en	burgundry	burgundy
en	burguny	burgundy
en	buring	burying
en	buriser	bruiser
en	burisers	bruisers
en	burlgar	burglar
en	burnign	burning
en	burried	buried
en	burriots	burritos
en	burritio	burrito
en	burritoes	burritos
en	burritto	burrito
en	burrtio	burrito
en	burrtios	burritos
en	burssels	brussels
en	burtality	brutality
en	burtally	brutally
en	burtsing	bursting
en	burueacrats	bureaucrats
en	busines	business
en	busineses	business
en	businesman	businessman
en	businesmen	businessmen
en	businessa	businessman
en	businesse	businessmen
en	businessemen	businessmen
en	businessen	businessmen
en	businessnes	businessmen
en	businesss	businesses
en	busness	business
en	busniessmen	businessmen
en	busrting	bursting
en	bussiness	business
en	butcherd	butchered
en	buthcered	butchered
en	butterey	buttery
en	butterfies	butterflies
en	butterfiles	butterflies
en	butterfleye	butterfly
en	butterflyes	butterflies
en	butterfries	butterflies
en	butterfy	butterfly
en	butterlfies	butterflies
en	butterlfy	butterfly
en	butterry	buttery
en	butthoe	butthole
en	butthoel	butthole
en	buttrey	buttery
en	bycicles	bicycles
en	cababge	cabbage
en	cababilities	capabilities
en	cabbagge	cabbage
en	cabients	cabinets
en	cabinate	cabinet
en	cabinent	cabinet
en	cabines	cabinets
en	cabinettas	cabinets
en	cabniet	cabinet
en	cabniets	cabinets
en	cacausian	caucasian
en	caclium	calcium
en	caclulate	calculate
en	caclulated	calculated
en	caclulating	calculating
en	caclulation	calculation
en	caclulations	calculations
en	caclulator	calculator
en	caclulators	calculators
en	caclulus	calculus
en	cacuasian	caucasian
en	caculater	calculator
en	cacuses	caucuses
en	cafeteira	cafeteria
en	cafetera	cafeteria
en	cafetiera	cafeteria
en	caffeen	caffeine
en	caffeinne	caffeine
en	caffinee	caffeine
en	cahched	cached
en	cahotic	chaotic
en	cahracters	characters
en	cahsier	cashier
en	cahsiers	cashiers
en	cailbration	calibration
en	cailbre	calibre
en	cainster	canister
en	calaber	caliber
en	calagry	calgary
en	calander	calendar
en	calback	callback
en	calbiration	calibration
en	calbire	calibre
en	calcluations	calculation
en	calcluator	calculators
en	calcualte	calculate
en	calcualted	calculated
en	calcualting	calculating
en	calcualtion	calculations
en	calcualtions	calculations
en	calcualtor	calculator
en	calcualtors	calculators
en	calcuim	calcium
en	calculador	calculator
en	calcular	calculator
en	calcularon	calculator
en	calculater	calculator
en	calculaters	calculators
en	calculatin	calculations
en	calculationg	calculating
en	calculatios	calculators
en	calculatoare	calculator
en	calculatons	calculations
en	calculs	calculus
en	calgarry	calgary
en	calibartion	calibration
en	calibler	calibre
en	calibraiton	calibration
en	calibratin	calibration
en	calibraton	calibration
en	calicum	calcium
en	califnoria	californian
en	califonria	californian
en	califorian	californian
en	califorina	california
en	califorinan	californian
en	californa	california
en	californai	californian
en	californain	californian
en	californains	californian
en	californiaman	californian
en	californica	california
en	californican	californian
en	californien	californian
en	californiia	californian
en	californina	californian
en	californinan	californian
en	californnia	californian
en	califronia	california
en	califronian	californian
en	caligraphy	calligraphy
en	caliofrnia	californian
en	caloires	calories
en	calrification	clarification
en	calrify	clarify
en	calrifying	clarifying
en	calrity	clarity
en	calrkson	clarkson
en	calroies	calories
en	calssification	classification
en	calssified	classified
en	calssify	classify
en	caluclate	calculate
en	caluclated	calculated
en	caluclating	calculating
en	caluclation	calculation
en	caluclations	calculations
en	caluclator	calculator
en	caluclators	calculators
en	caluculate	calculate
en	caluculated	calculated
en	caluiflower	cauliflower
en	calulate	calculate
en	calulated	calculated
en	calulater	calculator
en	caluses	clauses
en	calymore	claymore
en	camapign	campaign
en	cambirdge	cambridge
en	camboda	cambodia
en	cambodai	cambodia
en	cambodican	cambodia
en	camboida	cambodia
en	cambpell	campbell
en	cambrdige	cambridge
en	cambride	cambridge
en	cambrigde	cambridge
en	cambrige	cambridge
en	camoflage	camouflage
en	camofluage	camouflage
en	camoufalge	camouflage
en	camouflague	camouflage
en	camouflagued	camouflage
en	camouflauge	camouflage
en	camoufle	camouflage
en	camouglage	camouflage
en	campagin	campaign
en	campagining	campaigning
en	campagins	campaigns
en	campaiging	campaigning
en	campaignes	campaigns
en	campain	campaign
en	campaing	campaign
en	campainging	campaigning
en	campaings	campaigns
en	campains	campaigns
en	camperas	campers
en	camperos	campers
en	campiagns	campaigns
en	campusers	campuses
en	campuss	campuses
en	camrbidge	cambridge
en	canadains	canadians
en	canadianese	canadians
en	canadias	canadians
en	cananbis	cannabis
en	cancelas	cancels
en	canceles	cancels
en	cancellato	cancellation
en	cancells	cancels
en	canceltation	cancellation
en	canceres	cancers
en	cancerns	cancers
en	cancerus	cancers
en	cancles	cancels
en	cancres	cancers
en	cancuks	canucks
en	candadate	candidate
en	candiate	candidate
en	candidatas	candidates
en	candidats	candidates
en	candidatxs	candidates
en	candidiate	candidate
en	candiens	candies
en	canditates	candidates
en	canides	candies
en	canistre	canister
en	cannabil	cannibal
en	cannabilism	cannibalism
en	cannabolism	cannibalism
en	cannbial	cannibal
en	canniablism	cannibalism
en	cannibalisim	cannibalism
en	cannibalizm	cannibalism
en	cannibaljim	cannibalism
en	canniballism	cannibalism
en	cannibalsim	cannibalism
en	cannibalsm	cannibalism
en	cannibas	cannabis
en	cannibilism	cannibalism
en	cannister	canister
en	cannisters	canisters
en	cannnot	cannot
en	cannobalism	cannibalism
en	cannoical	canonical
en	cannonical	canonical
en	cannotation	connotation
en	cannotations	connotations
en	canoncial	canonical
en	canrage	carnage
en	cansiter	canister
en	caost	coast
en	capabality	capability
en	capabilites	capabilities
en	capabilitiy	capability
en	capabillity	capability
en	capabiltiy	capability
en	capacators	capacitors
en	capacitaron	capacitor
en	capaciters	capacitors
en	capacitores	capacitors
en	capactior	capacitor
en	capactiors	capacitors
en	capasitors	capacitors
en	capatilism	capitalism
en	capatilist	capitalist
en	capatilists	capitalists
en	capatilization	capitalization
en	capatilize	capitalize
en	capatilized	capitalized
en	caperbility	capability
en	capialized	capitalized
en	capible	capable
en	capicator	capacitor
en	capicators	capacitors
en	capitalis	capitals
en	capitalisim	capitalism
en	capitalisn	capitals
en	capitalistes	capitalists
en	capitalits	capitalists
en	capitalizacion	capitalization
en	capitalizaiton	capitalization
en	capitalizating	capitalization
en	capitalizaton	capitalization
en	capitalsim	capitalism
en	capitalsit	capitalists
en	capitans	captains
en	capitarist	capitalist
en	capitas	capitals
en	capitilazation	capitalization
en	capitilism	capitalism
en	capitilist	capitalist
en	capitilists	capitalists
en	capitilize	capitalize
en	capitilized	capitalized
en	capitlaism	capitalism
en	capitlaist	capitalist
en	capitlaize	capitalized
en	capitola	capital
en	capitolism	capitalism
en	capitolist	capitalist
en	capitolists	capitalists
en	capitolization	capitalization
en	capitolize	capitalize
en	capitolized	capitalized
en	capitulo	capitol
en	capmbell	campbell
en	caprenter	carpenter
en	capsuels	capsules
en	capsulers	capsules
en	capsulets	capsules
en	capsuls	capsules
en	capsulse	capsules
en	capsumel	capsule
en	captainers	captains
en	captais	captains
en	capteurs	captures
en	captial	capital
en	captialism	capitalism
en	captialist	capitalist
en	captialists	capitalists
en	captialization	capitalization
en	captialize	capitalize
en	captialized	capitalized
en	captials	capitals
en	captians	captains
en	captiol	capitol
en	captivitiy	captivity
en	captued	captured
en	capturd	captured
en	capusle	capsule
en	capusles	capsules
en	caputres	captures
en	carachter	character
en	caraciture	caricature
en	caracterized	characterized
en	carange	carnage
en	carbien	carbine
en	carbohdyrates	carbohydrates
en	carbohidrates	carbohydrates
en	carbohydrats	carbohydrates
en	carbohyrdate	carbohydrates
en	carbohyrdates	carbohydrates
en	carboyhdrates	carbohydrates
en	carcas	carcass
en	carciature	caricature
en	cardaic	cardiac
en	cardbaord	cardboard
en	cardboad	cardboard
en	cardborad	cardboard
en	cardianl	cardinal
en	cardianls	cardinals
en	cardina	cardigan
en	cardinales	cardinals
en	cardinalis	cardinals
en	cardiocascular	cardiovascular
en	cardiovascualar	cardiovascular
en	cardiovascualr	cardiovascular
en	cardiovasculaire	cardiovascular
en	cardiovasculaires	cardiovascular
en	cardiovasuclar	cardiovascular
en	cardnial	cardinal
en	cardnials	cardinals
en	careflly	carefully
en	carefull	careful
en	carefullly	carefully
en	carefuly	carefully
en	careing	caring
en	cariacture	caricature
en	cariactures	caricature
en	caricate	caricature
en	caricatore	caricature
en	caricaturale	caricature
en	caricaturile	caricature
en	caricaturise	caricature
en	caricaturize	caricature
en	cariciture	caricature
en	caricuture	caricature
en	caridac	cardiac
en	caridgan	cardigan
en	caridnal	cardinal
en	caridnals	cardinals
en	caridovascular	cardiovascular
en	carinval	carnival
en	carismatic	charismatic
en	carloina	carolina
en	carmalite	carmelite
en	carmtan	cartman
en	carnagie	carnegie
en	carnberry	cranberry
en	carnege	carnage
en	carnige	carnage
en	carnigie	carnegie
en	carniverous	carnivorous
en	carnvial	carnival
en	carolan	carolina
en	carolinia	carolina
en	carpetner	carpenter
en	carptener	carpenter
en	carreer	career
en	carrers	careers
en	carribbean	caribbean
en	carribean	caribbean
en	carrotts	carrots
en	carrotus	carrots
en	cartdridge	cartridge
en	cartdrige	cartridge
en	cartdriges	cartridges
en	cartells	cartels
en	carthagian	carthaginian
en	carthographer	cartographer
en	cartilege	cartilage
en	cartilidge	cartilage
en	cartirdge	cartridge
en	cartirdges	cartridges
en	cartles	cartels
en	cartmaan	cartman
en	cartrdige	cartridge
en	cartrdiges	cartridges
en	cartriages	cartridges
en	cartride	cartridge
en	cartrigde	cartridge
en	cartrigdes	cartridges
en	cartrige	cartridge
en	carvinal	carnival
en	caryons	crayons
en	casaulity	causality
en	casaulties	casualties
en	casaulty	casualty
en	casette	cassette
en	casheir	cashier
en	casheirs	cashiers
en	cashieer	cashier
en	cashieres	cashiers
en	cashies	cashiers
en	cashire	cashier
en	cashires	cashiers
en	casion	caisson
en	casltes	castles
en	caspule	capsule
en	cassawory	cassowary
en	cassete	cassette
en	cassettte	cassette
en	cassowarry	cassowary
en	castatrophe	catastrophe
en	castels	castles
en	castleos	castles
en	castlers	castles
en	casualites	casualties
en	casualries	casualties
en	casuation	causation
en	casue	cause
en	casued	caused
en	casues	causes
en	casuing	causing
en	casulaties	casualties
en	casulaty	casualty
en	cataclsym	cataclysm
en	cataclym	cataclysm
en	cataclyms	cataclysm
en	cataclysim	cataclysm
en	cataclysym	cataclysm
en	catacylsm	cataclysm
en	catacyslm	cataclysm
en	catagorically	categorically
en	catagories	categories
en	catagorized	categorized
en	catagory	category
en	catalcysm	cataclysm
en	catalgoue	catalogue
en	cataline	catiline
en	cataloge	catalogue
en	catalsyt	catalyst
en	catapillar	caterpillar
en	catapillars	caterpillars
en	catapiller	caterpillar
en	catapillers	caterpillars
en	catasthrope	catastrophe
en	catastraphe	catastrophe
en	catastraphic	catastrophic
en	catastrohpe	catastrophe
en	catastrohpic	catastrophic
en	catastrope	catastrophe
en	catastrophie	catastrophe
en	catastrophies	catastrophe
en	catastrophize	catastrophe
en	catastropic	catastrophic
en	catastrphe	catastrophe
en	cataylst	catalyst
en	categoricaly	categorically
en	categorice	categorize
en	categoried	categorized
en	categoriei	categorize
en	categoriezed	categorized
en	categroized	categorized
en	cateogrize	categorized
en	catepillar	caterpillar
en	catepillars	caterpillars
en	catergorize	categorize
en	catergorized	categorized
en	caterogized	categorized
en	caterpilar	caterpillar
en	caterpilars	caterpillars
en	caterpiller	caterpillar
en	caterpillers	caterpillars
en	catestrophic	catastrophic
en	cathderal	cathedral
en	catherdal	cathedral
en	cathlic	catholic
en	cathloic	catholic
en	cathloics	catholics
en	catholacism	catholicism
en	catholicisim	catholicism
en	catholicsim	catholicism
en	catholicsm	catholicism
en	catholicus	catholics
en	catholisicm	catholicism
en	catholisim	catholicism
en	catholisism	catholicism
en	catholizism	catholicism
en	catholocisim	catholicism
en	catholocism	catholicism
en	cathredal	cathedral
en	catigorically	categorically
en	catistrophic	catastrophic
en	cativating	activating
en	catlayst	catalyst
en	catogerized	categorized
en	catostraphic	catastrophic
en	catostrophic	catastrophic
en	catterpilar	caterpillar
en	catterpilars	caterpillars
en	catterpillar	caterpillar
en	catterpillars	caterpillars
en	cattleship	battleship
en	caucaisan	caucasian
en	caucasain	caucasian
en	caucasin	caucasian
en	cauilflower	cauliflower
en	caulfilower	cauliflower
en	cauncks	canucks
en	causacian	caucasian
en	causailty	causality
en	causalties	casualties
en	causalty	casualty
en	cautionsly	cautiously
en	cavarly	cavalry
en	cavlary	cavalry
en	ceasar	caesar
en	celcius	celsius
en	celebartion	celebrations
en	celebirties	celebrities
en	celebirty	celebrity
en	celebracion	celebration
en	celebrasion	celebrations
en	celebratin	celebration
en	celebratings	celebrations
en	celebrationis	celebrations
en	celebrationists	celebrations
en	celebrato	celebration
en	celebratons	celebrations
en	celebrite	celebrities
en	celebrites	celebrities
en	celebritites	celebrities
en	celebritiy	celebrity
en	celesital	celestial
en	celestail	celestial
en	celibrations	celebrations
en	celisus	celsius
en	celitcs	celtics
en	cellpading	cellpadding
en	cellulaire	cellular
en	cellural	cellular
en	celsuis	celsius
en	celullar	cellular
en	celverly	cleverly
en	cementary	cemetery
en	cemetarey	cemetery
en	cemetaries	cemeteries
en	cemetary	cemetery
en	cencus	census
en	cenitpede	centipede
en	censorhsip	censorship
en	censur	censor
en	censurship	censorship
en	cententenial	centennial
en	centepide	centipede
en	centeres	centers
en	centerns	centers
en	centipeddle	centipede
en	centipedle	centipede
en	centipeed	centipede
en	centrase	centres
en	centrers	centres
en	centruies	centuries
en	centruy	century
en	centuties	centuries
en	centuty	century
en	ceratin	certain
en	ceratine	creatine
en	cerberal	cerebral
en	cerbreus	cerberus
en	cerbures	cerberus
en	cercumstance	circumstance
en	cerebrawl	cerebral
en	ceremone	ceremonies
en	ceremonias	ceremonies
en	ceremoniis	ceremonies
en	ceremonije	ceremonies
en	cerification	verification
en	cerimonial	ceremonial
en	cerimonies	ceremonies
en	cerimonious	ceremonious
en	cerimony	ceremony
en	ceritfication	certifications
en	cermaic	ceramic
en	ceromony	ceremony
en	certainity	certainty
en	certainlyt	certainty
en	certaintity	certainty
en	certainy	certainty
en	certanity	certainty
en	certian	certain
en	certianty	certainty
en	certificaat	certificate
en	certificaiton	certification
en	certificare	certificate
en	certificationkits	certifications
en	certificato	certification
en	certificats	certificates
en	certificiate	certificate
en	cervial	cervical
en	cessationalism	sensationalism
en	cessationalist	sensationalist
en	cesspol	cesspool
en	cesspoool	cesspool
en	cetlics	celtics
en	chairmain	chairman
en	chairtable	charitable
en	chalenging	challenging
en	challange	challenge
en	challanged	challenged
en	challanges	challenges
en	challanging	challenging
en	challege	challenge
en	challegner	challenger
en	challender	challenger
en	challeneged	challenged
en	challeneger	challenger
en	challeneges	challenges
en	challengeing	challenging
en	challengr	challenger
en	challengs	challenges
en	challengue	challenger
en	challengur	challenger
en	challening	challenging
en	challneger	challenger
en	chambear	chamber
en	chambre	chamber
en	chambres	chambers
en	chameleooon	chameleon
en	chameloen	chameleon
en	chamiponship	championships
en	champage	champagne
en	champagen	champagne
en	champange	champagne
en	champinoship	championships
en	championchip	championship
en	championchips	championship
en	championshiop	championships
en	championshp	championship
en	championsihp	championships
en	championsip	championship
en	championsips	championships
en	championsship	championships
en	champiosnhip	championships
en	champoinship	championship
en	chanceller	chancellor
en	chancellour	chancellor
en	chancillor	chancellor
en	chandlure	chandler
en	changable	changeable
en	chanisaw	chainsaw
en	chanlder	chandler
en	chanpionship	championship
en	chanpionships	championships
en	chansellor	chancellor
en	charachter	character
en	charachters	characters
en	charactaristic	characteristic
en	charactaristics	characteristics
en	charactarization	characterization
en	charactarize	characterize
en	charactarized	characterized
en	characterazation	characterization
en	charactere	characterize
en	characterisic	characteristic
en	characterisics	characteristics
en	characterisitc	characteristics
en	characterisitcs	characteristics
en	characterisitic	characteristic
en	characterisitics	characteristics
en	characteristc	characteristics
en	characteristcs	characteristics
en	characterists	characteristics
en	characteristsics	characteristic
en	characteritics	characteristic
en	characterizarion	characterization
en	characterizaton	characterization
en	charactersistic	characteristic
en	charactersitic	characteristics
en	charactersitics	characteristics
en	characterz	characterize
en	charactor	character
en	charactoristics	characteristics
en	charactors	characters
en	charakters	characters
en	charasmatic	charismatic
en	charasteristic	characteristics
en	charatable	charitable
en	charaterized	characterized
en	charcaol	charcoal
en	charcol	charcoal
en	charecteristic	characteristic
en	charecteristics	characteristics
en	charecterization	characterization
en	charecters	characters
en	chargehr	charger
en	chargeur	charger
en	charicterization	characterization
en	charicterized	characterized
en	chariman	chairman
en	charimastic	charismatic
en	charimsa	charisma
en	charisa	charisma
en	charismastic	charismatic
en	charismatisch	charismatic
en	charistics	characteristics
en	charitible	charitable
en	charmisa	charisma
en	charocal	charcoal
en	charsima	charisma
en	charsimatic	charismatic
en	chartiable	charitable
en	chasiers	cashiers
en	chasiss	chassis
en	chasr	chaser
en	chassids	chassis
en	chassies	chassis
en	chatedral	cathedral
en	chatoic	chaotic
en	chatolic	catholic
en	chatolics	catholics
en	chcukles	chuckles
en	chechpoint	checkpoint
en	checkare	checker
en	checkear	checker
en	checkmeat	checkmate
en	checkpiont	checkpoint
en	checkpoins	checkpoints
en	checkpointusa	checkpoints
en	checkpoit	checkpoints
en	checkponts	checkpoints
en	cheeots	cheetos
en	cheerleadra	cheerleader
en	cheerlearder	cheerleader
en	cheerleards	cheerleaders
en	cheerleeder	cheerleader
en	cheerleeders	cheerleaders
en	cheeseberger	cheeseburger
en	cheeseborger	cheeseburger
en	cheesebruger	cheeseburgers
en	cheesebuger	cheeseburger
en	cheeseburgare	cheeseburger
en	cheeseburges	cheeseburgers
en	cheeseburgie	cheeseburger
en	cheeseburgler	cheeseburger
en	cheeseburgs	cheeseburgers
en	cheeseburguer	cheeseburger
en	cheeseburguers	cheeseburgers
en	cheesecase	cheesecake
en	cheesecave	cheesecake
en	cheesees	cheeses
en	cheeseface	cheesecake
en	cheeseus	cheeses
en	cheesse	cheeses
en	cheetoos	cheetos
en	cheezeburger	cheeseburger
en	cheezeburgers	cheeseburgers
en	cheezecake	cheesecake
en	cheif	chief
en	cheifs	chiefs
en	chekcer	checker
en	chekcmate	checkmate
en	chelsae	chelsea
en	chemcial	chemical
en	chemcially	chemically
en	chemestry	chemistry
en	chemicaly	chemically
en	chemisty	chemistry
en	chemsitry	chemistry
en	chernboyl	chernobyl
en	chernobl	chernobyl
en	chernobly	chernobyl
en	chernoybl	chernobyl
en	chernyobl	chernobyl
en	cheronbyl	chernobyl
en	cheslea	chelsea
en	chiansaw	chainsaw
en	chidlbirth	childbirth
en	chidlfree	childfree
en	chidlish	childish
en	chidlrens	childrens
en	chiense	chinese
en	chihauhua	chihuahua
en	chihuaha	chihuahua
en	chihuahau	chihuahua
en	chihuahuha	chihuahua
en	chihuahuita	chihuahua
en	childbird	childbirth
en	childbrith	childbirth
en	childen	children
en	childerns	childrens
en	childisch	childish
en	childrends	childrens
en	childrenis	childrens
en	childrenmrs	childrens
en	childrents	childrens
en	childres	childrens
en	childresn	childrens
en	chillade	chilled
en	chillead	chilled
en	chillend	chilled
en	chilvary	chivalry
en	chimeny	chimney
en	chinees	chinese
en	chinesse	chinese
en	chinmey	chimney
en	chipest	chipset
en	chirstian	christian
en	chirstianity	christianity
en	chirstians	christians
en	chirstmas	christmas
en	chispet	chipset
en	chiuhahua	chihuahua
en	chivaly	chivalry
en	chivarly	chivalry
en	chivlary	chivalry
en	chlesea	chelsea
en	chlidfree	childfree
en	chlidish	childish
en	chlidrens	childrens
en	chloesterol	cholesterol
en	chlroine	chlorine
en	chmabers	chambers
en	chnages	changes
en	choatic	chaotic
en	chocalates	chocolates
en	chocies	choices
en	chocloate	chocolate
en	chocloates	chocolates
en	chocoalte	chocolate
en	chocoaltes	chocolates
en	chocolae	chocolates
en	chocolateers	chocolates
en	chocolatie	chocolates
en	chocolatos	chocolates
en	chocolats	chocolates
en	chocolatte	chocolates
en	chocolet	chocolates
en	chocolotes	chocolates
en	chocolste	chocolates
en	choesive	cohesive
en	choicers	choices
en	cholesteral	cholesterol
en	cholestoral	cholesterol
en	cholestorol	cholesterol
en	cholestrol	cholesterol
en	cholocate	chocolate
en	cholosterol	cholesterol
en	cholrine	chlorine
en	choosen	chosen
en	chorline	chlorine
en	chormosome	chromosome
en	chormosomes	chromosomes
en	chornicles	chronicles
en	chornological	chronological
en	chracter	character
en	chrenobyl	chernobyl
en	chrisitan	christian
en	chrisitanity	christianity
en	chrisitans	christians
en	christain	christian
en	christainity	christianity
en	christains	christians
en	christams	christmas
en	christiaan	christian
en	christiantiy	christianity
en	christianty	christianity
en	christimas	christians
en	christin	christian
en	christinaity	christianity
en	christinas	christians
en	christines	christians
en	christmans	christians
en	chroline	chlorine
en	chromasome	chromosome
en	chromasomes	chromosomes
en	chromesome	chromosome
en	chromesomes	chromosomes
en	chromisome	chromosome
en	chromisomes	chromosomes
en	chromose	chromosome
en	chromosmes	chromosomes
en	chromosomers	chromosomes
en	chromosoms	chromosomes
en	chromosone	chromosome
en	chromosones	chromosomes
en	chromosoom	chromosome
en	chromossome	chromosomes
en	chromozome	chromosome
en	chromozomes	chromosomes
en	chronciles	chronicles
en	chronicales	chronicles
en	chronicals	chronicles
en	chronice	chronicles
en	chronicels	chronicles
en	chronichles	chronicles
en	chronocles	chronicles
en	chronoligical	chronological
en	chronologial	chronological
en	chronologicly	chronological
en	chronosome	chromosome
en	chrsitian	christian
en	chrsitianity	christianity
en	chrsitians	christians
en	chrsitmas	christmas
en	chruches	churches
en	chtulhu	cthulhu
en	chuch	church
en	chuckels	chuckles
en	churchers	churches
en	churchs	churches
en	cicrulating	circulating
en	cielings	ceilings
en	cigarattes	cigarettes
en	cigarete	cigarettes
en	cigarets	cigarettes
en	cigaretts	cigarettes
en	cigeratte	cigarette
en	cigerattes	cigarettes
en	cilanto	cilantro
en	cilents	clients
en	cilivians	civilians
en	cilivization	civilizations
en	cilmbers	climbers
en	cilnatro	cilantro
en	cilpboard	clipboard
en	ciltoris	clitoris
en	cilynders	cylinders
en	cincinatti	cincinnati
en	cincinnasti	cincinnati
en	cincinnatti	cincinnati
en	cincinnnati	cincinnati
en	cinematagraphy	cinematography
en	cinematagrophy	cinematography
en	cinematograhpy	cinematography
en	cinematograhy	cinematography
en	cinematograpy	cinematography
en	cinematogrophy	cinematography
en	cinematogrpahy	cinematography
en	cinemetography	cinematography
en	cinimatography	cinematography
en	cinncinati	cincinnati
en	circels	circles
en	circimcised	circumcised
en	circiuts	circuits
en	circkets	crickets
en	circlebs	circles
en	circluar	circular
en	circluating	circulating
en	circomference	circumference
en	circualtion	circulation
en	circuis	circuits
en	circuitos	circuits
en	circulacion	circulation
en	circulaire	circular
en	circulatiing	circulating
en	circulationg	circulating
en	circulaton	circulation
en	circumcisied	circumcised
en	circumcison	circumcision
en	circumcission	circumcision
en	circumcition	circumcision
en	circumferance	circumference
en	circumsice	circumcised
en	circumsiced	circumcised
en	circumsicion	circumcision
en	circumsicions	circumcision
en	circumsied	circumcised
en	circumsised	circumcised
en	circumsision	circumcision
en	circumsition	circumcision
en	circumsizion	circumcision
en	circumstace	circumstance
en	circumstanes	circumstance
en	circumstanial	circumstantial
en	circumstansial	circumstantial
en	circumstanta	circumstantial
en	circumstantal	circumstantial
en	circumstante	circumstance
en	circumstantional	circumstantial
en	circumstantual	circumstantial
en	circumstential	circumstantial
en	circumstnaces	circumstance
en	circumvrent	circumvent
en	circumwent	circumvent
en	circuncised	circumcised
en	circuncision	circumcision
en	circunference	circumference
en	circunstance	circumstance
en	circunstances	circumstances
en	circunstantial	circumstantial
en	circunvent	circumvent
en	circut	circuit
en	ciricuit	circuit
en	ciriculum	curriculum
en	cirlces	circles
en	cirlcing	circling
en	cirruculum	curriculum
en	cirticise	criticise
en	cirticising	criticising
en	ciruclar	circular
en	ciruclating	circulating
en	ciruclation	circulation
en	cirucmference	circumference
en	cirucmstances	circumstances
en	citicenship	citizenship
en	citisenship	citizenship
en	citizinship	citizenship
en	civilains	civilians
en	civiliaztion	civilizations
en	civilications	civilizations
en	civilizacion	civilization
en	civilizaiton	civilization
en	civilizaitons	civilizations
en	civilizatin	civilizations
en	civilizatoin	civilizations
en	civilizaton	civilization
en	civilizatons	civilizations
en	civillian	civilian
en	civilziation	civilizations
en	civizilation	civilizations
en	clacium	calcium
en	claculations	calculations
en	claculator	calculator
en	claculators	calculators
en	claer	clear
en	claerer	clearer
en	claerly	clearly
en	clagary	calgary
en	claibre	calibre
en	claimes	claims
en	clairfy	clarify
en	clairfying	clarifying
en	clairty	clarity
en	clanand	clannad
en	clannand	clannad
en	clarfiy	clarify
en	clarificaiton	clarification
en	clarifiy	clarify
en	clarskon	clarkson
en	clas	class
en	clasic	classic
en	clasical	classical
en	clasically	classically
en	clasification	clarification
en	classicals	classics
en	classicos	classics
en	classicus	classics
en	classificaiton	classification
en	classificato	classification
en	classifides	classified
en	classifiy	classify
en	classis	classics
en	classrom	classroom
en	classrooom	classroom
en	classsic	classics
en	clasues	clauses
en	clausens	clauses
en	claymer	claymore
en	claymoe	claymore
en	cleanes	cleanse
en	cleanies	cleanse
en	cleanilness	cleanliness
en	cleanisng	cleansing
en	cleanleness	cleanliness
en	cleanliess	cleanliness
en	cleanlyness	cleanliness
en	cleansiness	cleanliness
en	cleareance	clearance
en	cleasne	cleanse
en	cleasner	cleanser
en	cleasning	cleansing
en	cleints	clients
en	clenase	cleanse
en	clenaser	cleanser
en	clera	clear
en	clerification	clarification
en	clesius	celsius
en	cletics	celtics
en	clevelry	cleverly
en	cleverleys	cleverly
en	clevery	cleverly
en	clhorine	chlorine
en	cliamtes	climates
en	cliantro	cilantro
en	clickare	clicker
en	clickbat	clickbait
en	clickear	clicker
en	clientes	clients
en	cliffbanger	cliffhanger
en	cliffhager	cliffhanger
en	cliffhander	cliffhanger
en	cliffhangar	cliffhanger
en	clifthanger	cliffhanger
en	clikcbait	clickbait
en	climateers	climates
en	climatiser	climates
en	climats	climates
en	climbes	climbers
en	clincial	clinical
en	clincially	clinically
en	clincis	clinics
en	clinicaly	clinically
en	clinicas	clinics
en	clinicos	clinics
en	clipbaord	clipboard
en	clipboad	clipboard
en	clitiros	clitoris
en	clitoridis	clitoris
en	clitories	clitoris
en	clitorios	clitoris
en	clitorious	clitoris
en	clitorius	clitoris
en	clitors	clitoris
en	cloesly	closely
en	closeing	closing
en	closeley	closely
en	closley	closely
en	cluases	clauses
en	clucthing	clutching
en	cluprit	culprit
en	clutchign	clutching
en	cluthcing	clutching
en	clyamore	claymore
en	clyinder	cylinder
en	cmoputer	computer
en	coalese	coalesce
en	cockaroches	cockroaches
en	cockatils	cocktails
en	cockraoches	cockroaches
en	cockroachers	cockroaches
en	cockroachs	cockroaches
en	cockroackes	cockroaches
en	cockroahes	cockroaches
en	cocktailers	cocktails
en	cocktials	cocktails
en	coctail	cocktail
en	coefficeint	coefficient
en	coefficent	coefficient
en	coefficiant	coefficient
en	coefficienct	coefficient
en	coencidental	coincidental
en	coform	conform
en	cognatious	contagious
en	cognitivie	cognitive
en	cognizent	cognizant
en	cohesie	cohesive
en	coincedental	coincidental
en	coincedentally	coincidentally
en	coincedince	coincidence
en	coincidance	coincidence
en	coincidencal	coincidental
en	coincidense	coincidence
en	coincidentaly	coincidentally
en	coincidente	coincidence
en	coincidentia	coincidental
en	coincidential	coincidental
en	coincidince	coincidence
en	coincidnce	coincide
en	coindice	coincide
en	coindidental	coincidental
en	coinsidence	coincidence
en	coinsidental	coincidental
en	coinsidentally	coincidentally
en	cointerpoint	counterpoint
en	colaborations	collaborations
en	colateral	collateral
en	colelctive	collective
en	colelctors	collectors
en	colgone	cologne
en	collabarate	collaborate
en	collabaration	collaboration
en	collaberate	collaborate
en	collaberation	collaboration
en	collaberative	collaborative
en	collaberator	collaborate
en	collaborant	collaborate
en	collaborare	collaborate
en	collaboratie	collaborate
en	collaboratin	collaboration
en	collaborato	collaboration
en	collaboratore	collaborate
en	collabore	collaborate
en	collape	collapse
en	collapes	collapse
en	collapseing	collapsing
en	collapsers	collapses
en	collaquial	colloquial
en	collares	collars
en	collaris	collars
en	collaros	collars
en	collaspe	collapse
en	collasped	collapsed
en	collaspes	collapses
en	collasping	collapsing
en	collataral	collateral
en	collaterial	collateral
en	collaterol	collateral
en	collatoral	collateral
en	collcetion	collections
en	colleage	colleagues
en	colleauge	colleague
en	colleauges	colleagues
en	colleciton	collection
en	collecte	collective
en	collectems	collects
en	collectes	collects
en	collectie	collective
en	collectief	collective
en	collecties	collects
en	collectieve	collective
en	collectifs	collects
en	collectioners	collections
en	collectivelly	collectively
en	collectivily	collectively
en	collectivley	collectively
en	collectivly	collectively
en	collectivo	collection
en	collectivos	collections
en	collectoin	collections
en	collecton	collection
en	collectons	collections
en	collectos	collectors
en	collectros	collects
en	collegaue	colleague
en	collegaues	colleagues
en	collegue	colleague
en	collegues	colleagues
en	collequial	colloquial
en	collest	collects
en	colleteral	collateral
en	colliquial	colloquial
en	collisin	collisions
en	collission	collisions
en	collisson	collisions
en	collitions	collisions
en	collobarate	collaborate
en	collobaration	collaboration
en	colloborate	collaborate
en	collonade	colonnade
en	collonies	colonies
en	collony	colony
en	colloqiual	colloquial
en	colloquail	colloquial
en	colloqueal	colloquial
en	collosal	colossal
en	collpase	collapse
en	collpased	collapsed
en	collpases	collapses
en	collpasing	collapsing
en	collumn	column
en	coloardo	colorado
en	cologen	cologne
en	colomba	colombia
en	colombina	colombia
en	colonge	cologne
en	colonialisim	colonialism
en	colonializm	colonialism
en	colonialsim	colonialism
en	colonialsm	colonialism
en	colonianism	colonialism
en	colonizacion	colonization
en	colonizaton	colonization
en	colonizators	colonizers
en	colonozation	colonization
en	colorao	colorado
en	colorblend	colorblind
en	colordao	colorado
en	coloublind	colorblind
en	colourd	coloured
en	colubmia	columbia
en	columbidae	columbia
en	columbina	columbia
en	columnas	columns
en	columsn	columns
en	comadres	comrades
en	comander	commander
en	comando	commando
en	comandos	commandos
en	comany	company
en	comapany	company
en	comapnies	companies
en	comapnions	companions
en	comapny	company
en	comaprable	comparable
en	comapre	compare
en	comapres	compares
en	comaprison	comparison
en	comaprisons	comparisons
en	comaptible	compatible
en	comarde	comrade
en	comback	comeback
en	combanations	combinations
en	combatabts	combatants
en	combatans	combatants
en	combatents	combatants
en	combatibility	compatibility
en	combiantion	combinations
en	combiens	combines
en	combinacion	combination
en	combinaison	combinations
en	combinaiton	combinations
en	combinatin	combinations
en	combinatino	combinations
en	combinatins	combinations
en	combinatios	combinations
en	combinato	combination
en	combinaton	combination
en	combinig	combining
en	combinining	combining
en	combins	combines
en	combonation	combination
en	combonations	combinations
en	combusion	combustion
en	comdeic	comedic
en	comdemnation	condemnation
en	comediac	comedic
en	comediantes	comedians
en	comediants	comedians
en	comedias	comedians
en	comemmorates	commemorates
en	comemoretion	commemoration
en	comepndium	compendium
en	comeptition	competition
en	comeptitions	competitions
en	comeptitive	competitive
en	comeptitively	competitively
en	comeptitors	competitors
en	comestic	cosmetic
en	comestics	cosmetics
en	comfertable	comfortable
en	comfertably	comfortably
en	comferting	comforting
en	comfirmation	confirmation
en	comforming	comforting
en	comfortabel	comfortably
en	comfortabil	comfortably
en	comfortablely	comfortably
en	comfortabley	comfortably
en	comfortablity	comfortably
en	comfortablly	comfortably
en	comfortbly	comfortably
en	comfrontation	confrontation
en	comfrontational	confrontational
en	comfrotable	comfortable
en	comftorable	comfortable
en	comftorably	comfortably
en	comision	commission
en	comisioned	commissioned
en	comisioner	commissioner
en	comisioning	commissioning
en	comisions	commissions
en	comission	commission
en	comissioned	commissioned
en	comissioner	commissioner
en	comissioning	commissioning
en	comissions	commissions
en	comited	committed
en	comiting	committing
en	comitted	committed
en	comittee	committee
en	comitting	committing
en	commandbox	commando
en	commandd	commanded
en	commandemnts	commandment
en	commandent	commandment
en	commandered	commanded
en	commandes	commands
en	commandeur	commanders
en	commandmant	commandment
en	commandmants	commandments
en	commandmends	commandments
en	commandore	commanders
en	commandpod	commando
en	commanists	communists
en	commano	commando
en	commans	commands
en	commantator	commentator
en	commecen	commence
en	commedic	comedic
en	commemerative	commemorative
en	commemmorate	commemorate
en	commemmorating	commemorating
en	commemters	commenters
en	commencera	commerce
en	commenciez	commence
en	commendment	commandment
en	commendments	commandments
en	commense	commenters
en	commentaar	commentary
en	commentar	commentator
en	commentare	commenter
en	commentarea	commenter
en	commentaren	commenter
en	commentars	commenters
en	commentart	commentator
en	commentater	commentator
en	commenteers	commenter
en	commenteries	commenters
en	commentery	commentary
en	commentes	commenters
en	commentries	commenters
en	commentsry	commenters
en	commenty	commentary
en	commenwealth	commonwealth
en	commercail	commercials
en	commercent	commence
en	commerciales	commercials
en	commercialy	commercially
en	commercie	commerce
en	commere	commerce
en	commerical	commercial
en	commerically	commercially
en	commericals	commercials
en	commericial	commercial
en	commericially	commercially
en	commerorative	commemorative
en	commiest	commits
en	comming	coming
en	comminicate	communicate
en	comminicated	communicated
en	comminication	communication
en	comminists	communists
en	comminucate	communicate
en	comminucation	communications
en	commishioned	commissioned
en	commishioner	commissioner
en	commision	commission
en	commisioned	commissioned
en	commisioner	commissioner
en	commisioning	commissioning
en	commisison	commissions
en	commissionar	commissioner
en	commissionees	commissions
en	commissionned	commissioned
en	commissionner	commissioner
en	commissionor	commissioner
en	commissons	commissions
en	commisssion	commissions
en	commitd	committed
en	commited	committed
en	commitee	committee
en	commiteed	committed
en	commites	commits
en	commiteted	committed
en	commiting	committing
en	commitmet	commitments
en	committe	committee
en	committment	commitment
en	committments	commitments
en	committs	commits
en	commitus	commits
en	commmand	command
en	commmemorated	commemorated
en	commments	comments
en	commodites	commodities
en	commoditites	commodities
en	commodoties	commodities
en	commomplace	commonplace
en	commomwealth	commonwealth
en	commongly	commonly
en	commonhealth	commonwealth
en	commonspace	commonplace
en	commonweath	commonwealth
en	commonweatlh	commonwealth
en	commonwelath	commonwealth
en	commonwelth	commonwealth
en	commtiment	commitments
en	commuications	communications
en	commuincate	communicated
en	commuincation	communications
en	commuinications	communications
en	communciate	communicate
en	communciated	communicated
en	communciation	communication
en	communciations	communications
en	communiaction	communications
en	communiation	communication
en	communicae	communicated
en	communicaiton	communication
en	communicatie	communicate
en	communicatin	communications
en	communicatoin	communications
en	communicaton	communication
en	communicatons	communications
en	communicted	communicated
en	communisim	communism
en	communiss	communists
en	communistas	communists
en	communiste	communities
en	communistes	communists
en	communit	communist
en	communite	communities
en	communites	communities
en	communitites	communities
en	communits	communist
en	communsim	communism
en	communters	commenters
en	compability	compatibility
en	compadibility	compatibility
en	compadible	compatible
en	compagnons	companions
en	compaines	companies
en	compainons	companions
en	compairson	comparison
en	compalation	compilation
en	compalined	complained
en	compalins	complains
en	compalint	compliant
en	compandium	compendium
en	companians	companions
en	companines	companions
en	companis	companions
en	compansate	compensate
en	compansated	compensated
en	compansating	compensating
en	compansation	compensation
en	comparabil	comparable
en	comparabile	comparable
en	comparasion	comparison
en	comparason	comparison
en	comparasons	comparisons
en	comparaste	compares
en	comparatie	comparative
en	comparativley	comparatively
en	comparativly	comparatively
en	compareble	comparable
en	comparement	compartment
en	comparemos	compares
en	comparetive	comparative
en	comparetively	comparatively
en	comparions	comparison
en	compariosn	comparisons
en	comparisen	compares
en	comparision	comparison
en	comparisions	comparisons
en	comparisn	comparisons
en	comparission	comparisons
en	comparisson	comparisons
en	comparissons	comparisons
en	comparitave	comparative
en	comparitavely	comparatively
en	comparitive	comparative
en	comparitively	comparatively
en	comparitve	comparative
en	comparse	compares
en	comparsion	comparison
en	comparsions	comparisons
en	comparte	compare
en	compartent	compartment
en	compartmet	compartment
en	compase	compares
en	compassione	compassionate
en	compasso	compassion
en	compasssion	compassion
en	compatabile	compatible
en	compatabilities	compatibilities
en	compatability	compatibility
en	compatablities	compatibilities
en	compatablity	compatibility
en	compatative	comparative
en	compatiable	compatible
en	compatibel	compatible
en	compatibil	compatible
en	compatibile	compatible
en	compatibiliy	compatibility
en	compatibillity	compatibility
en	compatibiltiy	compatibility
en	compatibilty	compatibility
en	compatibily	compatibility
en	compatiblities	compatibilities
en	compatiblity	compatibility
en	compeating	completing
en	compede	competed
en	compeditive	competitive
en	compeditively	competitively
en	compeditor	competitor
en	compeditors	competitors
en	compednium	compendium
en	compeeting	completing
en	compeitions	competitions
en	compeittion	competitions
en	compelation	compilation
en	compelte	complete
en	compeltely	completely
en	compeltes	completes
en	compelting	completing
en	compeltion	completion
en	compemdium	compendium
en	compenduim	compendium
en	compenents	components
en	compenidum	compendium
en	compensacion	compensation
en	compensante	compensate
en	compensantion	compensation
en	compensare	compensate
en	compensatie	compensate
en	compensatin	compensation
en	compensationg	compensating
en	compensative	compensate
en	compense	compensate
en	compenstate	compensate
en	comperable	comparable
en	comperative	comparative
en	comperatively	comparatively
en	comperhend	comprehend
en	comperhension	comprehension
en	compesition	composition
en	compesitions	compositions
en	compession	compassion
en	competance	competence
en	competant	competent
en	competation	computation
en	competative	competitive
en	competatively	competitively
en	competator	competitor
en	competators	competitors
en	competend	competed
en	competenet	competence
en	competense	competence
en	competenze	competence
en	competeted	competed
en	competetion	competition
en	competetions	competitions
en	competetor	competitor
en	competetors	competitors
en	competidor	competitor
en	competion	competition
en	competiors	competitors
en	competitavely	competitively
en	competiters	competitors
en	competitevely	competitively
en	competitevly	competitively
en	competitie	competitive
en	competitiion	competition
en	competitin	competitions
en	competiting	competition
en	competitio	competitor
en	competitioners	competitions
en	competitior	competitor
en	competitiors	competitors
en	competitivley	competitively
en	competitivly	competitively
en	competitivo	competition
en	competitivos	competitions
en	competitoin	competitions
en	competiton	competition
en	competitons	competitors
en	competitve	competitive
en	competive	competitive
en	competiveness	competitiveness
en	competution	computation
en	comphrehensive	comprehensive
en	compilacion	compilation
en	compilance	compliance
en	compilant	compliant
en	compilare	compiler
en	compilato	compilation
en	compilaton	compilation
en	compilcated	complicate
en	compilcations	complication
en	compilr	compiler
en	compination	compilation
en	compinsate	compensate
en	compinsated	compensated
en	compinsating	compensating
en	compinsation	compensation
en	compitability	compatibility
en	compitable	compatible
en	compitance	compliance
en	compitation	computation
en	compitent	competent
en	compitetion	competitions
en	complacant	complacent
en	complacient	complacent
en	complaince	compliance
en	complaind	complained
en	complaines	complaints
en	complaing	complaining
en	complainging	complaining
en	complainig	complaining
en	complainte	complained
en	complais	complains
en	complane	complacent
en	complate	complacent
en	complation	completion
en	complciated	complicate
en	complciations	complication
en	compleation	compilation
en	compleatly	completely
en	complecate	complicate
en	complecated	complicated
en	complecations	complications
en	compleet	complete
en	completaste	completes
en	completeds	completes
en	completeing	completing
en	completeion	completion
en	completelly	completely
en	completelyl	completely
en	completelys	completes
en	completen	complement
en	completenes	completes
en	completent	complement
en	completetion	completion
en	completey	completely
en	completi	complexity
en	completily	complexity
en	completin	completion
en	completito	completion
en	completley	completely
en	complets	completes
en	complety	completely
en	complexers	complexes
en	complexety	complexity
en	complexitiy	complexity
en	complexs	complexes
en	complext	complexity
en	complexy	complexity
en	compliacted	complicate
en	compliactions	complication
en	complianed	compliance
en	complians	complains
en	compliants	complaints
en	compliation	compilation
en	compliations	compilation
en	complicacion	complication
en	complicaed	complicate
en	complicaitons	complication
en	complicare	complicate
en	complicarte	complicate
en	complicati	complicit
en	complicatie	complicit
en	complicatied	complicate
en	complicaties	complicate
en	complicatii	complicit
en	complicatin	complicit
en	complicato	complication
en	complicatred	complicate
en	complicatted	complicate
en	complicite	complicate
en	complict	complicit
en	complictaed	complicate
en	complicted	complicated
en	complience	compliance
en	complier	compiler
en	complilation	complication
en	complilations	complications
en	complimate	complicate
en	complimation	complication
en	complimenary	complimentary
en	complimentarity	complimentary
en	complimente	complement
en	complimentery	complimentary
en	complimentje	complimented
en	complimentoni	complimenting
en	complimentory	complimentary
en	complimentry	complimentary
en	complimenty	complimentary
en	complination	complication
en	complitation	complication
en	complition	completion
en	complusion	compulsion
en	complusions	compulsion
en	complusive	compulsive
en	complusory	compulsory
en	compnay	company
en	compolation	compilation
en	compolsive	compulsive
en	compolsory	compulsory
en	compolsury	compulsory
en	componant	component
en	componants	components
en	componenet	components
en	componenets	components
en	componentes	components
en	compones	compose
en	componet	components
en	componsate	compensate
en	componts	compost
en	comporable	comparable
en	composet	compost
en	composicion	composition
en	composiiton	compositions
en	composision	compositions
en	composistion	compositions
en	composit	compost
en	compositae	composite
en	compositie	composite
en	compositied	composite
en	composities	composite
en	compositionwise	compositions
en	compositoin	compositions
en	compositon	composition
en	compositons	compositions
en	compositore	composite
en	composte	compose
en	compostiion	compositions
en	compotition	composition
en	compots	compost
en	comprable	comparable
en	compraison	comparisons
en	compramise	compromise
en	compramised	compromised
en	compramises	compromises
en	compramising	compromising
en	comprassem	compress
en	comprehand	comprehend
en	comprehention	comprehension
en	compremised	compromised
en	compremises	compromises
en	compremising	compromising
en	comprension	compression
en	compresas	compress
en	comprese	compressed
en	compreses	compress
en	compresion	compression
en	compreso	compressor
en	compresores	compressor
en	compresors	compressor
en	compresser	compressor
en	compressio	compressor
en	compresson	compression
en	compresssed	compressed
en	compresssion	compression
en	compresssor	compressor
en	comprihend	comprehend
en	comprimise	compromise
en	comprimised	compromised
en	comprimises	compromises
en	compromessi	compromises
en	compromisng	compromising
en	compromiss	compromises
en	compromisse	compromises
en	compromissen	compromise
en	compromisses	compromises
en	compromisso	compromises
en	compromize	compromise
en	compromized	compromised
en	compromizing	compromising
en	compromosing	compromising
en	compromsie	compromises
en	comprossor	compressor
en	compsers	compress
en	comptability	compatibility
en	compteting	completing
en	comptetion	completion
en	compteurs	computers
en	comptown	compton
en	comptuers	computers
en	compulisve	compulsive
en	compulosry	compulsory
en	compulsary	compulsory
en	compulsery	compulsory
en	compulsing	compulsion
en	compulsivley	compulsive
en	compulsivo	compulsion
en	compulsorary	compulsory
en	compulstion	compulsion
en	compulsury	compulsory
en	compunation	computation
en	compunet	compute
en	compuslion	compulsion
en	compuslive	compulsive
en	compuslory	compulsory
en	compustion	compulsion
en	computacion	computation
en	computacional	computational
en	computanti	computation
en	computarized	computerized
en	computating	computation
en	computationnal	computational
en	computato	computation
en	computition	computation
en	computre	compute
en	comradets	comrades
en	comradre	comrade
en	comrads	comrades
en	comrpomising	compromising
en	comsetic	cosmetic
en	comsetics	cosmetics
en	comtaminated	contaminated
en	comtamination	contamination
en	comtemplating	contemplating
en	comtemporary	contemporary
en	comtpon	compton
en	conanical	canonical
en	conatiner	container
en	conatiners	containers
en	conatins	contains
en	conbinations	combinations
en	concatentation	concatenation
en	concatinated	contaminated
en	concatination	contamination
en	conceald	concealed
en	concedendo	conceded
en	concedered	conceded
en	conceed	concede
en	conceide	conceived
en	conceitual	conceptual
en	conceivablely	conceivably
en	conceivabley	conceivably
en	conceivibly	conceivably
en	concelaed	concealed
en	concelaer	concealer
en	concelear	concealer
en	conceled	concede
en	concellation	cancellation
en	concencrate	concentrate
en	concencration	concentration
en	concened	concede
en	concenrtation	concentrations
en	concensus	consensus
en	concentartion	concentrations
en	concentate	concentrate
en	concenting	connecting
en	concentrace	concentrate
en	concentracion	concentration
en	concentrade	concentrated
en	concentraded	concentrated
en	concentraing	concentrating
en	concentraion	concentration
en	concentrait	concentrate
en	concentraited	concentrated
en	concentraiton	concentrations
en	concentrant	concentrate
en	concentrare	concentrate
en	concentrarte	concentrate
en	concentratie	concentrate
en	concentratin	concentration
en	concentrato	concentration
en	concentratons	concentrations
en	conceps	concepts
en	concepta	conceptual
en	conceptial	conceptual
en	conceptos	concepts
en	conceptuel	conceptual
en	conceptul	conceptual
en	concequences	consequences
en	concequently	consequently
en	concered	concede
en	concernig	concerning
en	concernt	concert
en	concersation	conservation
en	concersion	concession
en	concertas	concerts
en	concerte	concrete
en	concertmate	concentrate
en	concervation	conservation
en	concervatism	conservatism
en	concervative	conservative
en	concervatives	conservatives
en	concesions	concession
en	concesso	concession
en	conceted	concede
en	conceved	concede
en	conceviable	conceivable
en	conceviably	conceivably
en	concevied	conceived
en	concibes	concise
en	concider	consider
en	conciderable	considerable
en	conciderably	considerably
en	concideration	consideration
en	conciderations	considerations
en	concidered	considered
en	concidering	considering
en	conciders	considers
en	concides	concise
en	concieted	conceited
en	concieved	conceived
en	concious	conscious
en	conciously	consciously
en	conciousness	consciousness
en	concioussness	consciousness
en	concission	concession
en	conciveable	conceivable
en	conciveably	conceivably
en	conclsuion	concussion
en	conclsuions	concussions
en	concludendo	concluded
en	conclue	conclude
en	conclued	conclude
en	concluse	conclusive
en	conclusie	conclusive
en	conclusies	conclusive
en	conclusiones	conclusions
en	conclusivley	conclusive
en	concluso	conclusion
en	conclussion	conclusions
en	conclussive	conclusive
en	conclution	conclusion
en	conclutions	conclusions
en	concnetration	concentrations
en	concorrent	concurrent
en	concreet	concrete
en	concret	concert
en	concrets	concerts
en	concsience	conscience
en	concsious	conscious
en	concsiously	consciously
en	concsiousness	consciousness
en	conculsion	conclusion
en	conculsions	conclusions
en	conculsive	conclusive
en	concurment	concurrent
en	concurrant	concurrent
en	concurrect	concurrent
en	concurret	concurrent
en	concusions	concussion
en	concusison	concussions
en	concusssion	concussions
en	condamnation	condemnation
en	condamned	condemned
en	condamning	condemning
en	condascending	condescending
en	condeferacy	confederacy
en	condemantion	condemnation
en	condemend	condemned
en	condemmed	condemned
en	condemming	condemning
en	condemnd	condemned
en	condemnig	condemning
en	condencing	condemning
en	condenm	condemn
en	condenmation	condemnation
en	condenmed	condemned
en	condenming	condemning
en	condensend	condensed
en	condescencion	condescension
en	condescendion	condescension
en	condescening	condescending
en	condescenion	condescension
en	condescenscion	condescension
en	condescensing	condescension
en	condesend	condensed
en	condesned	condensed
en	condicional	conditional
en	condidtion	condition
en	condidtions	conditions
en	condiscending	condescending
en	conditinal	conditional
en	conditiner	conditioner
en	conditionar	conditioner
en	conditiond	conditioned
en	conditionel	conditional
en	conditiong	conditioning
en	conditionnal	conditional
en	conditionned	conditioned
en	conditionner	conditioner
en	conditionning	conditioning
en	conditon	condition
en	condiut	conduit
en	condmen	condemn
en	condmenation	condemnation
en	condmened	condemned
en	condmening	condemning
en	condolances	condolences
en	condolencies	condolences
en	condolensces	condolences
en	condolenses	condolences
en	condolonces	condolences
en	condomes	condoms
en	condomnation	condemnation
en	condomns	condoms
en	condradicted	contradicted
en	condradicting	contradicting
en	condradiction	contradiction
en	condradictions	contradictions
en	condradictory	contradictory
en	conductiong	conducting
en	conduict	conduit
en	conduiting	conducting
en	condulences	condolences
en	conecntration	concentrations
en	conected	connected
en	conection	connection
en	conencting	connecting
en	conenction	connection
en	conenctions	connections
en	conenctivity	connectivity
en	conenctor	connector
en	conenctors	connectors
en	conenctration	concentrations
en	conencts	connects
en	conescutive	consecutive
en	conesencus	consensus
en	confedaracy	confederacy
en	confedarate	confederate
en	confedarcy	confederacy
en	confedence	conference
en	confedential	confidential
en	confederancy	confederacy
en	confederatie	confederate
en	confedercy	confederacy
en	confederecy	confederacy
en	conferance	conference
en	conferances	conferences
en	conferedate	confederate
en	conferene	conferences
en	conferenze	conference
en	confererate	confederate
en	confermation	confirmation
en	conferming	confirming
en	confernece	conferences
en	confersation	conservation
en	confescated	confiscated
en	confeses	confess
en	confesos	confess
en	confessin	confession
en	confessino	confessions
en	confessionis	confessions
en	confesso	confession
en	confesssion	confessions
en	confidance	confidence
en	confidantly	confidently
en	confidencial	confidential
en	confidenciality	confidential
en	confidenly	confidently
en	confidense	confidence
en	confidentail	confidential
en	confidentally	confidentially
en	confidentaly	confidently
en	confidentely	confidently
en	confidentiel	confidential
en	confidentuality	confidential
en	confidenty	confidently
en	confideny	confidently
en	confids	confides
en	configration	configuration
en	configrations	configurations
en	configruation	configurations
en	configuartion	configuration
en	configuartions	configurations
en	configue	configure
en	configuracion	configuration
en	configuraiton	configuration
en	configurare	configure
en	configurate	configure
en	configuratin	configurations
en	configurato	configuration
en	configuratoin	configurations
en	configuraton	configuration
en	configureable	configurable
en	confilct	conflict
en	confilcting	conflicting
en	confilcts	conflicts
en	confimred	confirmed
en	confins	confines
en	confirmacion	confirmation
en	confirmas	confirms
en	confirmd	confirmed
en	confise	confines
en	confisgated	confiscated
en	conflcit	conflict
en	conflciting	conflicting
en	conflcits	conflicts
en	conflcting	conflating
en	conflicing	conflicting
en	conflics	conflicts
en	conflictos	conflicts
en	conflit	conflict
en	confliting	conflating
en	confortable	comfortable
en	confrentation	confrontation
en	confrentational	confrontational
en	confrimation	confirmation
en	confrimed	confirmed
en	confriming	confirming
en	confrims	confirms
en	confrontacion	confrontation
en	confrontacional	confrontational
en	confrontaion	confrontation
en	confrontating	confrontation
en	confrontativo	confrontation
en	confrontato	confrontation
en	confugurations	configurations
en	confussion	confession
en	confussions	confessions
en	congegration	congregation
en	congergation	congregation
en	congitive	cognitive
en	conglaturation	congratulations
en	conglaturations	congratulations
en	congradulate	congratulate
en	congradulations	congratulations
en	congragation	congregation
en	congragulate	congratulate
en	congragulations	congratulations
en	congrassman	congressman
en	congratualte	congratulate
en	congratualted	congratulate
en	congratualtions	congratulations
en	congratuate	congratulate
en	congratulatons	congratulations
en	congratule	congratulate
en	congraturations	congratulations
en	congregacion	congregation
en	congresional	congressional
en	congresman	congressman
en	congresmen	congressmen
en	congressen	congressmen
en	congresssman	congressman
en	congresssmen	congressmen
en	congretation	congregation
en	congrigation	congregation
en	conicide	coincide
en	conicidence	coincidence
en	conicidental	coincidental
en	conicidentally	coincidentally
en	conifguration	configurations
en	conifgurations	configurations
en	conisderation	considerations
en	conived	connived
en	conjecutre	conjecture
en	conjonction	conjunction
en	conjucntion	conjunction
en	conjuction	conjunction
en	conjuncion	conjunction
en	conjuncting	conjunction
en	conlcude	conclude
en	conlcuded	concluded
en	conlcusion	conclusion
en	conlcusions	conclusions
en	connatation	connotation
en	connatations	connotations
en	conncetion	connections
en	connecitcut	connecticut
en	conneciton	connection
en	connecs	connects
en	connectes	connects
en	connecticon	connection
en	connecticuit	connecticut
en	connecticunts	connecticut
en	connecties	connects
en	connectins	connects
en	connectiong	connecting
en	connectit	connecticut
en	connectivety	connectivity
en	connectivitiy	connectivity
en	connectivty	connectivity
en	connectivy	connectivity
en	connectos	connectors
en	connectpro	connector
en	connetation	connotation
en	connetations	connotations
en	conneticut	connecticut
en	connitations	connotations
en	connonation	connotation
en	connonations	connotations
en	connotacion	connotation
en	connotaion	connotation
en	conolization	colonization
en	conontation	connotation
en	conotations	connotations
en	conpassionate	compassionate
en	conpensating	compensating
en	conpensation	compensation
en	conpetitions	competitions
en	conplications	complications
en	conplimentary	complimentary
en	conplimented	complimented
en	conplimenting	complimenting
en	conprehension	comprehension
en	conpromising	compromising
en	conpsiracy	conspiracy
en	conqeur	conquer
en	conqeuring	conquering
en	conqouring	conquering
en	conqueor	conquer
en	conquerd	conquered
en	conquerer	conqueror
en	conquerers	conquerors
en	conquerring	conquering
en	conquoring	conquering
en	conqure	conquer
en	conqured	conquered
en	conscent	consent
en	consciense	conscience
en	consciouly	consciously
en	consciouness	consciousness
en	consciouslly	consciously
en	conscioussness	consciousness
en	consdider	consider
en	consdidered	considered
en	consdieration	considerations
en	consdiered	considered
en	consectuive	consecutive
en	consectutive	consecutive
en	consecuence	consequence
en	consecuences	consequences
en	consecuentes	consequences
en	consecuently	consequently
en	conseguence	consequence
en	conselation	consolation
en	consending	consenting
en	consenquently	consequently
en	consensuarlo	consensual
en	consensuel	consensual
en	consensul	consensual
en	consentrate	concentrate
en	consentrated	concentrated
en	consentrates	concentrates
en	consentrating	concentrating
en	consentration	concentration
en	consentrations	concentrations
en	consenusal	consensual
en	consept	concept
en	conseqeunces	consequence
en	consequece	consequence
en	consequencies	consequence
en	consequenes	consequence
en	consequense	consequences
en	consequenses	consequences
en	consequental	consequently
en	consequente	consequence
en	consequentely	consequently
en	consequentually	consequently
en	consequenty	consequently
en	consequeseces	consequences
en	consequnce	consequence
en	consequneces	consequence
en	consequtive	consecutive
en	consern	concern
en	conserned	concerned
en	conservacion	conservation
en	conservanti	conservation
en	conservare	conserve
en	conservatie	conservatives
en	conservaties	conservatives
en	conservatisim	conservatism
en	conservativo	conservation
en	conservativs	conservatism
en	conservativsm	conservatism
en	conservato	conservation
en	conservaton	conservation
en	conservice	conserve
en	conservies	conserve
en	conservitave	conservatives
en	conservite	conserve
en	conservitism	conservatism
en	conservitive	conservative
en	conservitives	conservatives
en	consficated	confiscated
en	consicence	conscience
en	consiciousness	consciousness
en	consicous	conscious
en	consicousness	consciousness
en	considerabe	considerate
en	considerabely	considerable
en	considerabile	considerable
en	considerablely	considerably
en	considerabley	considerably
en	considerablly	considerably
en	consideracion	consideration
en	considerais	considers
en	considerant	considerate
en	considerarle	considerable
en	considerarte	considerate
en	consideras	considers
en	consideraste	considerate
en	consideratie	considerate
en	consideratin	considerations
en	considerato	consideration
en	consideratoin	considerations
en	considerble	considerable
en	considerbly	considerably
en	considerd	considered
en	considereis	considers
en	consideret	considerate
en	consideribly	considerably
en	considerstion	considerations
en	considerstions	considerations
en	considert	considerate
en	considertaion	considerations
en	consilation	consolation
en	consilidate	consolidate
en	consilidated	consolidated
en	consious	conscious
en	consipracies	conspiracies
en	consipracy	conspiracy
en	consiquently	consequently
en	consisent	consistent
en	consistance	consistency
en	consistant	consistent
en	consistantly	consistently
en	consistencey	consistency
en	consistenly	consistently
en	consistens	consists
en	consistensy	consistency
en	consistentcy	consistently
en	consistenty	consistently
en	consisteny	consistency
en	consistes	consists
en	consitency	consistency
en	consituencies	constituencies
en	consituted	constituted
en	consitutents	constituents
en	consitution	constitution
en	consitutional	constitutional
en	conslutant	consultant
en	conslutants	consultant
en	consluting	consulting
en	consolacion	consolation
en	consolato	consolation
en	consoldiate	consolidate
en	consoldiated	consolidated
en	consolidad	consolidated
en	consolidare	consolidate
en	consolide	consolidate
en	consolitated	consolidate
en	consolodate	consolidate
en	consolodated	consolidated
en	consoltation	consultation
en	consomation	consolation
en	consonent	consonant
en	consonents	consonants
en	consorcium	consortium
en	conspericies	conspiracies
en	conspirace	conspiracies
en	conspiraces	conspiracies
en	conspiracize	conspiracies
en	conspiracys	conspiracies
en	conspirancy	conspiracy
en	conspiriator	conspirator
en	conspiricies	conspiracies
en	conspiricy	conspiracy
en	conspriacies	conspiracies
en	conspriacy	conspiracy
en	consqeuences	consequence
en	constaints	constraints
en	constallation	constellation
en	constanly	constantly
en	constans	constants
en	constanst	constants
en	constantins	constants
en	constantivs	constants
en	constanty	constantly
en	constarints	constraint
en	constarnation	consternation
en	constasnt	constants
en	constast	constants
en	constatn	constant
en	constatnly	constantly
en	constently	constantly
en	constillation	constellation
en	constinually	continually
en	constitition	constitution
en	constititional	constitutional
en	constituant	constituent
en	constituante	constituents
en	constituants	constituents
en	constituates	constitutes
en	constitucion	constitution
en	constitucional	constitutional
en	constitude	constitute
en	constitue	constitutes
en	constitued	constitute
en	constituem	constitute
en	constituer	constitute
en	constitues	constitutes
en	constituie	constitute
en	constituient	constitute
en	constituinte	constituents
en	constituintes	constituents
en	constituion	constitution
en	constituional	constitutional
en	constituit	constitute
en	constituite	constitute
en	constitutents	constitutes
en	constitutie	constitutes
en	constitutiei	constitute
en	constitutinal	constitutional
en	constitutionnal	constitutional
en	constitutn	constituents
en	constitutues	constitute
en	constituye	constitute
en	constiutents	constituents
en	constnatly	constantly
en	constracting	constructing
en	constraction	construction
en	constracts	constructs
en	constrainsts	constraints
en	constrait	constraints
en	constraits	constraints
en	constransi	constraints
en	constrants	constraints
en	constrat	constraint
en	constrating	constraint
en	constriants	constraints
en	construccion	construction
en	construced	constructed
en	construcing	constructing
en	construcion	construction
en	construciton	construction
en	construcive	constructive
en	construcs	constructs
en	constructeds	constructs
en	constructicon	construction
en	constructie	constructive
en	constructief	constructive
en	constructies	constructs
en	constructieve	constructive
en	constructifs	constructs
en	constructiin	constructing
en	constructiong	constructing
en	constructivo	construction
en	constructo	construction
en	constructos	constructs
en	constructur	constructor
en	constructus	constructs
en	construde	construed
en	construint	constraint
en	construits	constructs
en	construst	constructs
en	construt	constructs
en	construted	constructed
en	consttruction	construction
en	constuction	construction
en	constucts	constructs
en	consturcted	constructed
en	consturction	construction
en	constured	construed
en	consueling	consulting
en	consuelling	counselling
en	consulant	consultant
en	consulation	consolation
en	consultaion	consultation
en	consultanti	consultation
en	consultat	consultant
en	consultata	consultant
en	consultate	consultant
en	consultati	consultant
en	consultating	consultation
en	consultato	consultation
en	consultent	consultant
en	consumate	consummate
en	consumated	consummated
en	consumation	consumption
en	consumbale	consumables
en	consumbales	consumables
en	consuments	consumes
en	consumerisim	consumerism
en	consumersim	consumerism
en	consumibles	consumables
en	consumirem	consumerism
en	consumires	consumerism
en	consumirse	consumerism
en	consumiste	consumes
en	consumpion	consumption
en	consums	consumes
en	contacs	contacts
en	contactes	contacts
en	contaction	contacting
en	contactos	contacts
en	contageous	contagious
en	contagios	contagious
en	contagiosa	contagious
en	contagioso	contagious
en	contagiosum	contagious
en	contaigous	contagious
en	contaiminate	contaminate
en	containd	contained
en	containered	contained
en	containes	contains
en	containg	containing
en	containig	containing
en	containmemt	containment
en	containors	containers
en	containters	containers
en	containting	containing
en	containts	contains
en	contaire	containers
en	contais	contains
en	contaminacion	contamination
en	contaminanted	contaminated
en	contaminatie	contaminated
en	contaminato	contamination
en	contaminaton	contamination
en	contaminen	containment
en	contaminent	containment
en	contaminents	containment
en	contaminted	contaminated
en	contamporaries	contemporaries
en	contamporary	contemporary
en	contancting	contracting
en	contanimate	contaminated
en	contanimated	contaminated
en	contanimation	contamination
en	contaniments	containment
en	contanti	contacting
en	contanting	contacting
en	contants	constants
en	contast	contacts
en	contection	contention
en	contectual	contextual
en	conteiners	contenders
en	contempate	contemplate
en	contemperary	contemporary
en	contemplare	contemplate
en	contemplat	contempt
en	contemple	contemplate
en	contempoary	contemporary
en	contemporaneus	contemporaneous
en	contemporany	contemporary
en	contemporay	contemporary
en	contempory	contemporary
en	contemt	contempt
en	contenants	continents
en	contencion	contention
en	contencious	contentious
en	contendor	contender
en	contendors	contenders
en	contenental	continental
en	contenents	continents
en	conteneurs	contenders
en	contengency	contingency
en	contengent	contingent
en	contenintal	continental
en	contenplate	contemplate
en	contenplating	contemplating
en	contens	contents
en	contense	contenders
en	contension	contention
en	contensious	contentious
en	contenst	contents
en	contentants	contestants
en	contentas	contents
en	contentes	contents
en	contentino	contention
en	contentios	contentious
en	contentos	contents
en	contentous	contentious
en	contentuous	contentious
en	contess	contests
en	contestais	contests
en	contestans	contests
en	contestas	contests
en	contestase	contests
en	contestaste	contestants
en	contestat	contestants
en	contestents	contestants
en	contestes	contests
en	contestion	contention
en	contestors	contests
en	contexta	contextual
en	contextes	contexts
en	contextful	contextual
en	contextl	contextual
en	contextos	contexts
en	contextuel	contextual
en	contextura	contextual
en	contian	contain
en	contianer	container
en	contianers	containers
en	contianing	containing
en	contianment	containment
en	contians	contains
en	contibute	contribute
en	contibuted	contributed
en	contibutes	contributes
en	contientous	contentious
en	contigent	contingent
en	contigents	continents
en	contigious	contagious
en	contignent	contingent
en	contimplate	contemplate
en	contimplating	contemplating
en	continant	continental
en	continants	continents
en	contine	continue
en	contined	continued
en	continenal	continental
en	continenet	continents
en	continenets	continents
en	continens	continents
en	continentais	continents
en	continentes	continents
en	continential	continental
en	continentul	continental
en	contineous	continuous
en	contineously	continuously
en	contines	continents
en	continetal	continental
en	contingancy	contingency
en	contingecy	contingency
en	contingeny	contingency
en	contingient	contingent
en	contingincy	contingency
en	continient	contingent
en	continious	continuous
en	continiously	continuously
en	continiuty	continuity
en	continous	continuous
en	continously	continuously
en	contintent	contingent
en	continuacion	continuation
en	continualy	continually
en	continuare	continue
en	continuarla	continual
en	continuarlo	continual
en	continuasse	continues
en	continuati	continuity
en	continuating	continuation
en	continuativo	continuation
en	continuato	continuation
en	continueing	continuing
en	continuemos	continues
en	continuent	contingent
en	continueous	continuous
en	continuety	continuity
en	continuining	continuing
en	continuious	continuous
en	continum	continuum
en	continunes	continents
en	continuning	continuing
en	continunity	continuity
en	continuons	continuous
en	continuos	continuous
en	continuosly	continuously
en	continus	continues
en	continut	continuity
en	continute	continue
en	continuting	continuing
en	continutity	continuity
en	continutiy	continuity
en	continuu	continuous
en	continuuing	continuing
en	continuuity	continuity
en	continuuum	continuum
en	contirbuted	contributed
en	contirbution	contribution
en	contirbutors	contributors
en	contitnent	contingent
en	contiunal	continual
en	contiunally	continually
en	contiunation	continuation
en	contiuning	containing
en	contiunity	continuity
en	contorller	controllers
en	contrabution	contribution
en	contraccion	contraction
en	contraceptie	contraceptives
en	contraceptivo	contraception
en	contraceptivos	contraceptives
en	contracing	contracting
en	contracr	contractor
en	contracs	contracts
en	contractar	contractor
en	contracter	contractor
en	contractin	contraction
en	contracto	contraction
en	contractos	contracts
en	contraddice	contradicted
en	contradiccion	contradiction
en	contradice	contradicted
en	contradices	contradicts
en	contradicing	contradicting
en	contradicion	contradiction
en	contradicitng	contradicting
en	contradiciton	contradiction
en	contradicitons	contradictions
en	contradicory	contradictory
en	contradics	contradicts
en	contradictary	contradictory
en	contradictie	contradicted
en	contradictin	contradiction
en	contradictiong	contradicting
en	contradicton	contradiction
en	contradictons	contradicts
en	contradtion	contraction
en	contraticted	contradicted
en	contraticting	contradicting
en	contravercial	controversial
en	contraversial	controversial
en	contraversy	controversy
en	contreception	contraception
en	contredict	contradict
en	contreversial	controversial
en	contreversy	controversy
en	contribucion	contribution
en	contribue	contribute
en	contribued	contributed
en	contribuem	contribute
en	contribuent	contribute
en	contribuer	contribute
en	contribues	contributes
en	contribuie	contribute
en	contribuit	contribute
en	contribuito	contribution
en	contribuitor	contributor
en	contribuo	contributor
en	contributer	contributor
en	contributers	contributors
en	contributeurs	contributes
en	contributie	contribute
en	contributin	contribution
en	contributiors	contributors
en	contributivo	contribution
en	contributo	contribution
en	contributons	contributors
en	contributos	contributors
en	contributs	contributes
en	contribuye	contribute
en	contribuyes	contributes
en	contriception	contraception
en	contriceptives	contraceptives
en	contricted	contracted
en	contricting	contracting
en	contriction	contraction
en	contrictions	contractions
en	contridict	contradict
en	contridicted	contradicted
en	contridictory	contradictory
en	contridicts	contradicts
en	contritutions	contributions
en	contriubte	contributes
en	contriversial	controversial
en	contriversy	controversy
en	controception	contraception
en	controceptives	contraceptives
en	controdicting	contradicting
en	controdiction	contradiction
en	controdictions	contradictions
en	controlas	controls
en	controled	controlled
en	controlelr	controllers
en	controlers	controls
en	controles	controls
en	controleurs	controllers
en	controling	controlling
en	controll	control
en	controlleras	controllers
en	controlles	controls
en	controlllers	controllers
en	controllore	controllers
en	controlls	controls
en	controvercial	controversial
en	controvercy	controversy
en	controverial	controversial
en	controveries	controversies
en	controverisal	controversial
en	controversa	controversial
en	controversal	controversial
en	controversary	controversy
en	controversey	controversy
en	controversity	controversy
en	controvertial	controversial
en	controvery	controversy
en	controvesy	controversy
en	contrubite	contributes
en	contrubute	contribute
en	contrubutes	contributes
en	contruct	construct
en	contructing	contracting
en	contruction	construction
en	contructions	contractions
en	contructors	contractors
en	contstruction	construction
en	contuining	continuing
en	contuinity	continuity
en	convaluted	convoluted
en	convcition	convictions
en	conveinence	convenience
en	conveinent	convenient
en	conveinently	conveniently
en	conveluted	convoluted
en	convenant	covenant
en	convencen	convenience
en	convencion	convention
en	convencional	conventional
en	conveneince	convenience
en	conveniance	convenience
en	conveniant	convenient
en	conveniantly	conveniently
en	conveniece	convenience
en	conveniente	convenience
en	conveniet	convenient
en	convenietly	conveniently
en	convenince	convenience
en	convenit	convenient
en	convential	conventional
en	conventinal	conventional
en	conventionnal	conventional
en	convento	convention
en	converastion	conversations
en	converastions	conservation
en	converdation	conservation
en	converesly	conversely
en	convergens	converse
en	converison	conversions
en	converitble	convertible
en	converning	converting
en	convers	converts
en	conversacion	conversation
en	conversacional	conversational
en	conversaion	conversion
en	conversaiton	conversations
en	conversare	converse
en	conversatin	conversations
en	conversatino	conservation
en	conversationa	conservation
en	conversationable	conversational
en	conversationg	conservation
en	conversationy	conservation
en	conversatiosn	conservation
en	conversatism	conservatism
en	conversatives	conservatives
en	conversatoin	conversations
en	converseley	conversely
en	conversie	converse
en	conversin	conversions
en	conversino	conversions
en	conversiones	conversions
en	conversley	conversely
en	conversoin	conversions
en	conversons	conversions
en	converst	converts
en	converstaion	conversation
en	converstaional	conversational
en	converstaions	conversations
en	converstion	conversion
en	convertables	convertibles
en	convertiable	convertible
en	convertibile	convertible
en	convertie	convertible
en	convertion	conversion
en	convertire	converter
en	convertirea	converter
en	convertirle	convertible
en	convertirme	converter
en	convertirte	converter
en	convertis	converts
en	convertr	converter
en	convervation	conservation
en	convervatism	conservatism
en	converying	converting
en	converzation	conservation
en	convesration	conservation
en	conveyd	conveyed
en	conveyered	conveyed
en	conviccion	conviction
en	conviced	convinced
en	conviciton	conviction
en	convicitons	convictions
en	convicto	conviction
en	convienence	convenience
en	convienent	convenient
en	convienently	conveniently
en	convienient	convenient
en	conviluted	convoluted
en	convinceing	convincing
en	convincente	convenient
en	convincersi	convinces
en	convincted	convince
en	convine	convince
en	convingi	convincing
en	convinse	convinces
en	convinsing	convincing
en	convinving	convincing
en	convirtible	convertible
en	convoluded	convoluted
en	convorsation	conversation
en	convorsations	conversations
en	convoulted	convoluted
en	convseration	conservation
en	convulated	convoluted
en	convuluted	convoluted
en	cooldows	cooldowns
en	cooldwons	cooldowns
en	cooperacion	cooperation
en	cooperativo	cooperation
en	cooperatve	cooperative
en	cooporation	cooperation
en	cooporative	cooperative
en	coordenate	coordinate
en	coordenated	coordinated
en	coordenates	coordinates
en	coordenation	coordination
en	coordiante	coordinate
en	coordianted	coordinated
en	coordiantes	coordinates
en	coordiantion	coordination
en	coordiantor	coordinator
en	coordinacion	coordination
en	coordinador	coordinator
en	coordinants	coordinates
en	coordinar	coordinator
en	coordinare	coordinate
en	coordinater	coordinator
en	coordinaters	coordinates
en	coordinatior	coordinator
en	coordinato	coordination
en	coordinaton	coordination
en	coordinatore	coordinate
en	coordinats	coordinates
en	coordine	coordinate
en	coordonate	coordinate
en	coordonated	coordinated
en	coordonates	coordinates
en	coordonation	coordination
en	coordonator	coordinator
en	cooresponding	corresponding
en	cooridnate	coordinate
en	cooridnated	coordinated
en	cooridnates	coordinates
en	cooridnation	coordination
en	cooridnator	coordinator
en	coorperation	cooperation
en	coorperations	corporations
en	copehnagen	copenhagen
en	copenaghen	copenhagen
en	copenahgen	copenhagen
en	copengagen	copenhagen
en	copengahen	copenhagen
en	copenhaagen	copenhagen
en	copenhaegen	copenhagen
en	copenhagan	copenhagen
en	copenhagn	copenhagen
en	copenhague	copenhagen
en	copenhaguen	copenhagen
en	copenhagun	copenhagen
en	copenhangen	copenhagen
en	copenhaven	copenhagen
en	copenhegan	copenhagen
en	copmetitors	competitors
en	coprorate	corporate
en	coproration	corporation
en	coprorations	corporations
en	coprses	corpses
en	coputer	computer
en	copyrighed	copyrighted
en	copyrigted	copyrighted
en	copyrigthed	copyrighted
en	copywrite	copyright
en	coralina	carolina
en	corasir	corsair
en	coratia	croatia
en	corcodile	crocodile
en	coridal	cordial
en	corinthains	corinthians
en	corinthans	corinthians
en	corintheans	corinthians
en	corinthianos	corinthians
en	corinthias	corinthians
en	corinthiens	corinthians
en	corinthinans	corinthians
en	corinthinas	corinthians
en	corinthins	corinthians
en	cornithians	corinthians
en	cornmitted	committed
en	corollla	corolla
en	corolloa	corolla
en	corosion	corrosion
en	corparate	corporate
en	corparation	corporation
en	corparations	corporations
en	corperation	corporation
en	corperations	corporations
en	corporacion	corporation
en	corporatie	corporate
en	corporativo	corporation
en	corporativos	corporations
en	corproate	corporate
en	corproations	corporations
en	corpsers	corpses
en	corralated	correlated
en	corralates	correlates
en	corralation	correlation
en	corrdination	coordination
en	corrdior	corridor
en	correccion	correction
en	correciton	corrections
en	correclty	correctly
en	correcters	correctors
en	correctess	correctness
en	correctin	correction
en	correctings	corrections
en	correctionals	corrections
en	correctivo	correction
en	correctivos	corrections
en	correctons	corrections
en	correcty	correctly
en	corregated	correlated
en	correkting	correcting
en	correktions	corrections
en	correktness	correctness
en	correlacion	correlation
en	correlatas	correlates
en	correlatie	correlated
en	correlaties	correlates
en	correlato	correlation
en	correlatos	correlates
en	correnti	correcting
en	correponding	corresponding
en	correposding	corresponding
en	correpsondence	correspondence
en	correpsonding	corresponding
en	correspend	correspond
en	correspondant	correspondent
en	correspondants	correspondents
en	correspondece	correspondence
en	correspondense	correspondence
en	correspondente	correspondence
en	corresponders	corresponds
en	correspondes	corresponds
en	correspondig	corresponding
en	corresponing	corresponding
en	corresponsing	corresponding
en	corretly	correctly
en	corridoor	corridor
en	corrilated	correlated
en	corrilates	correlates
en	corrilation	correlation
en	corrispond	correspond
en	corrispondant	correspondent
en	corrispondants	correspondents
en	corrisponded	corresponded
en	corrispondence	correspondence
en	corrisponding	corresponding
en	corrisponds	corresponds
en	corrolated	correlated
en	corrolates	correlates
en	corrolation	correlation
en	corrospond	correspond
en	corrospondence	correspondence
en	corrosponding	corresponding
en	corrosponds	corresponds
en	corrpution	corruption
en	corrulates	correlates
en	corrupcion	corruption
en	corruptin	corruption
en	corrupto	corruption
en	corsari	corsair
en	corsiar	corsair
en	corspes	corpses
en	corssfire	crossfire
en	corsshair	crosshair
en	corsspost	crosspost
en	coruching	crouching
en	corwbar	crowbar
en	cosemtic	cosmetic
en	cosemtics	cosmetics
en	cosmeticas	cosmetics
en	cosmeticos	cosmetics
en	costitution	constitution
en	costomizable	customizable
en	costomization	customization
en	costumise	costumes
en	costumizable	customizable
en	costumization	customization
en	costumizations	customization
en	costumized	customized
en	costums	costumes
en	cosutmes	costumes
en	coucil	council
en	coudl	could
en	coudlnt	couldnt
en	couldnot	couldnt
en	coulmns	columns
en	coulndt	couldnt
en	coulored	coloured
en	counceling	counseling
en	councellor	councillor
en	councellors	councillors
en	councelors	counselors
en	councidental	coincidental
en	councidentally	coincidentally
en	councilers	councils
en	counciles	councils
en	councills	councils
en	councilos	councils
en	counries	countries
en	counrtyside	countryside
en	counseil	counsel
en	counselers	counselors
en	counsellling	counselling
en	counsellng	counselling
en	counsilers	counselors
en	counsiling	counseling
en	counsilling	counselling
en	counsilors	counselors
en	counsle	counsel
en	counsole	counsel
en	counsolers	counselors
en	counsoling	counseling
en	countains	contains
en	countepart	counteract
en	counteratk	counteract
en	counterbat	counteract
en	countercat	counteract
en	countercoat	counteract
en	countercut	counteract
en	counterd	countered
en	counteredit	counterfeit
en	counteres	counters
en	counterfact	counteract
en	counterfait	counterfeit
en	counterfeight	counterfeit
en	counterfest	counterfeit
en	counterfiet	counterfeit
en	counterfiets	counterfeit
en	counterfited	counterfeit
en	counteries	counters
en	counterpaly	counterplay
en	counterpary	counterplay
en	counterpath	counterpart
en	counterpats	counterparts
en	counterpont	counterpoint
en	counterporductive	counterproductive
en	counterprodutive	counterproductive
en	counterract	counterpart
en	counterracts	counterparts
en	counterside	countryside
en	countert	counteract
en	countertrap	counterpart
en	countertraps	counterparts
en	countes	counters
en	countires	countries
en	countoring	countering
en	countres	counters
en	countriside	countryside
en	countrycide	countryside
en	countryies	countryside
en	countrying	countering
en	countrywides	countryside
en	countrywise	countryside
en	courcework	coursework
en	courching	crouching
en	coursefork	coursework
en	courtesey	courtesy
en	courtesty	courtesy
en	courtey	courtesy
en	courthosue	courthouse
en	courthourse	courthouse
en	courtrom	courtroom
en	courtrooom	courtroom
en	courtsey	courtesy
en	coururier	courier
en	cousines	cousins
en	cousings	cousins
en	cousnelors	counselors
en	coutneract	counteract
en	coutnered	countered
en	coutnerfeit	counterfeit
en	coutnering	countering
en	coutnerpart	counterpart
en	coutnerparts	counterparts
en	coutnerplay	counterplay
en	coutnerpoint	counterpoint
en	coutnerproductive	counterproductive
en	coutners	counters
en	covanent	covenant
en	covenat	covenant
en	covenental	covenant
en	coverted	converted
en	covnersation	conservation
en	coyotees	coyotes
en	coytoes	coyotes
en	cpatains	captains
en	cpoy	coy
en	crabine	carbine
en	cralwed	crawled
en	cranberrry	cranberry
en	cranbery	cranberry
en	crankenstein	frankenstein
en	craotia	croatia
en	crapenter	carpenter
en	craweld	crawled
en	crayones	crayons
en	creacionism	creationism
en	creaeted	created
en	creamic	ceramic
en	createin	creatine
en	createn	creatine
en	creater	creature
en	createur	creature
en	creatie	creatine
en	creatien	creatine
en	creationis	creations
en	creationisim	creationism
en	creationistas	creationists
en	creationkit	creationist
en	creationnism	creationism
en	creationnist	creationist
en	creationsim	creationism
en	creationsism	creationism
en	creationsist	creationist
en	creationsit	creationist
en	creationsits	creationists
en	creationsm	creationism
en	creationst	creationist
en	creationsts	creationists
en	creativelly	creatively
en	creativey	creatively
en	creativily	creatively
en	creativley	creatively
en	creatue	creature
en	credencials	credentials
en	credentails	credentials
en	credentaisl	credentials
en	credibillity	credibility
en	credibilty	credibility
en	credientals	credentials
en	credintials	credentials
en	creedence	credence
en	creeperest	creepers
en	creepes	creepers
en	creepgin	creeping
en	creepig	creeping
en	creulty	cruelty
en	crhistmas	christmas
en	cricitising	criticising
en	cricketts	crickets
en	cricles	circles
en	cricling	circling
en	criculating	circulating
en	cricumference	circumference
en	crigneworthy	cringeworthy
en	crimanally	criminally
en	criminalty	criminally
en	criminalul	criminally
en	criminaly	criminally
en	cringely	cringey
en	cringery	cringey
en	cringewhorty	cringeworthy
en	cringeworhty	cringeworthy
en	cringeworhy	cringeworthy
en	cringeworthey	cringeworthy
en	cringeworthly	cringeworthy
en	cringeworty	cringeworthy
en	cringewothy	cringeworthy
en	cringewrothy	cringeworthy
en	cringyworthy	cringeworthy
en	critera	criteria
en	critereon	criterion
en	criterias	criteria
en	criticable	critical
en	criticallity	critically
en	criticaly	critically
en	criticarlo	critical
en	criticas	critics
en	critices	critics
en	criticicing	criticising
en	criticie	criticise
en	criticies	criticise
en	criticiing	criticising
en	criticim	criticisms
en	criticis	critics
en	criticisied	criticise
en	criticisim	criticism
en	criticisims	criticisms
en	criticisize	criticise
en	criticisme	criticise
en	criticisn	criticising
en	criticisng	criticising
en	criticists	critics
en	criticisze	criticise
en	criticiszed	criticise
en	criticiszing	criticising
en	criticizms	criticisms
en	criticizng	criticizing
en	criticms	critics
en	criticos	critics
en	criticts	critics
en	criticus	critics
en	critiera	criteria
en	critisice	criticise
en	critisiced	criticized
en	critisicing	criticizing
en	critisicm	criticism
en	critisicms	criticisms
en	critisicsm	criticisms
en	critising	criticising
en	critisiscm	criticisms
en	critisising	criticising
en	critisism	criticism
en	critisisms	criticisms
en	critisize	criticise
en	critisizes	criticises
en	critisizms	criticisms
en	critized	criticized
en	critiziced	criticized
en	critizicing	criticizing
en	critizing	criticizing
en	critizised	criticized
en	critizising	criticizing
en	critizisms	criticisms
en	critizized	criticized
en	critizizing	criticizing
en	croatioa	croatia
en	crockodiles	crocodiles
en	crocodille	crocodile
en	crocodiller	crocodile
en	crocodilule	crocodile
en	croporation	corporation
en	croporations	corporations
en	cropses	corpses
en	crosair	corsair
en	crossfie	crossfire
en	crossfiter	crossfire
en	crossfiters	crossfire
en	crosshar	crosshair
en	crosshiar	crosshair
en	crossifre	crossfire
en	crosspot	crosspost
en	crowbahr	crowbar
en	crowm	crown
en	crpytic	cryptic
en	crsytal	crystal
en	crtical	critical
en	crticised	criticised
en	cruasder	crusader
en	cruciaal	crucial
en	crucibe	crucible
en	crucibel	crucible
en	crucifiction	crucifixion
en	cruetly	cruelty
en	cruical	crucial
en	cruicble	crucible
en	crulety	cruelty
en	crusdae	crusade
en	crusdaer	crusader
en	crusdaers	crusaders
en	crusier	cruiser
en	crusiers	cruisers
en	crusies	cruises
en	crusiing	cruising
en	crusive	cursive
en	crutchers	crutches
en	crutchetts	crutches
en	crutchs	crutches
en	cruthces	crutches
en	crypitc	cryptic
en	crystalens	crystals
en	crystalisation	crystallisation
en	crystalisk	crystals
en	crystallis	crystals
en	crystalls	crystals
en	crystalus	crystals
en	crystalys	crystals
en	crystas	crystals
en	crystsl	crystals
en	crytopgraphic	cryptographic
en	crytpic	cryptic
en	crytsal	crystal
en	cthluhu	cthulhu
en	cthuhlu	cthulhu
en	cthulhlu	cthulhu
en	cthulluh	cthulhu
en	cthuluh	cthulhu
en	ctuhlhu	cthulhu
en	cuacasian	caucasian
en	cuasality	causality
en	cuasing	causing
en	cuatiously	cautiously
en	cubcile	cubicle
en	cubilce	cubicle
en	cubpoard	cupboard
en	cuddels	cuddles
en	cuddleys	cuddles
en	cuestionable	questionable
en	culiminating	culminating
en	culitvate	cultivate
en	culprint	culprit
en	culrpit	culprit
en	culterally	culturally
en	cultivative	cultivate
en	cultrual	cultural
en	cultrually	culturally
en	culturaly	culturally
en	culturels	cultures
en	culturs	cultures
en	culumative	cumulative
en	culutral	cultural
en	culutrally	culturally
en	cumbersone	cumbersome
en	cumbursome	cumbersome
en	cumpolsory	compulsory
en	cumulatative	cumulative
en	cumulitive	cumulative
en	cuntaminated	contaminated
en	cupbaord	cupboard
en	cupboad	cupboard
en	cupborad	cupboard
en	cuplrit	culprit
en	curatin	curtain
en	curcial	crucial
en	curcible	crucible
en	curcuit	circuit
en	curcumcision	circumcision
en	curcumference	circumference
en	curcumstance	circumstance
en	curcumstances	circumstances
en	curcumstantial	circumstantial
en	curelty	cruelty
en	curent	current
en	curiostiy	curiosity
en	curiser	cruiser
en	curisers	cruisers
en	curising	cruising
en	curisoity	curiosity
en	curisve	cursive
en	currancies	currencies
en	currate	curate
en	currecny	currency
en	currence	currencies
en	currenctly	currency
en	currenices	currencies
en	currenlty	currently
en	currenly	currently
en	currens	currents
en	currentfps	currents
en	currentlys	currents
en	currentpos	currents
en	currentusa	currents
en	currenty	currently
en	curreny	currency
en	currest	currents
en	curriculem	curriculum
en	curriculim	curriculum
en	curricullum	curriculum
en	curriculm	curriculum
en	curriences	currencies
en	curroption	corruption
en	cursade	crusade
en	cursader	crusader
en	cursaders	crusaders
en	curtian	curtain
en	custamizable	customizable
en	custcene	cutscene
en	custcenes	cutscenes
en	custimizable	customizable
en	custimized	customized
en	customizabe	customizable
en	customizaton	customization
en	customizble	customizable
en	customizeble	customizable
en	customizible	customizable
en	customzied	customized
en	custumizable	customizable
en	custumization	customization
en	custumized	customized
en	cutsceen	cutscene
en	cutsceens	cutscenes
en	cutscence	cutscene
en	cutscences	cutscene
en	cutscens	cutscenes
en	cutscenses	cutscene
en	cutsence	cutscene
en	cutsences	cutscenes
en	cuztomizable	customizable
en	cuztomization	customization
en	cxan	cyan
en	cyandie	cyanide
en	cyclinder	cylinder
en	cyclistes	cyclists
en	cyclits	cyclist
en	cycloen	cyclone
en	cycolps	cyclops
en	cylcist	cyclist
en	cylcists	cyclists
en	cylcone	cyclone
en	cylcops	cyclops
en	cylidner	cylinder
en	cylindre	cylinder
en	cylindres	cylinders
en	cynaide	cyanide
en	cynicisim	cynicism
en	cynisicm	cynicism
en	cyrptic	cryptic
en	cyrstal	crystal
en	cyrstals	crystals
en	dabilitating	debilitating
en	dacquiri	daiquiri
en	daed	dead
en	dael	deal
en	dagners	dangers
en	dahsboard	dashboard
en	daimond	diamond
en	daimonds	diamonds
en	dalmation	dalmatian
en	damenor	demeanor
en	dammage	damage
en	dangeros	dangers
en	dangeroulsy	dangerously
en	dangerouly	dangerously
en	dangerousely	dangerously
en	dangeroys	dangerously
en	dangerus	dangers
en	darcula	dracula
en	dardenelles	dardanelles
en	dargons	dragons
en	darkenss	darkness
en	darkets	darkest
en	darnkess	darkness
en	dashbaord	dashboard
en	dashboad	dashboard
en	datbase	database
en	daugther	daughter
en	daugthers	daughters
en	daulity	duality
en	davantage	advantage
en	dawrves	dwarves
en	ddogers	dodgers
en	ddoging	dodging
en	deadlfit	deadlift
en	deadlfits	deadlifts
en	deadlifs	deadlifts
en	deadlifters	deadlifts
en	deadlit	deadlift
en	deadpol	deadpool
en	deadpoool	deadpool
en	deafauts	defaults
en	deafeted	defeated
en	deafult	default
en	deafults	defaults
en	deahtly	deathly
en	dealerhsip	dealerships
en	dealershits	dealerships
en	dealershp	dealerships
en	dealying	delaying
en	deamenor	demeanor
en	deathamtch	deathmatch
en	deathcat	deathmatch
en	deathmacth	deathmatch
en	deathmath	deathmatch
en	deatils	details
en	deatlhy	deathly
en	debateable	debatable
en	debuffes	debuffs
en	debufffs	debuffs
en	decalre	declare
en	decalred	declared
en	decalres	declares
en	decalring	declaring
en	decembeard	december
en	decembre	december
en	decendant	descendant
en	decendants	descendants
en	decendent	descendant
en	decendents	descendants
en	decensitized	desensitized
en	decentraliced	decentralized
en	decentrilized	decentralized
en	deceptionist	receptionist
en	deceptivley	deceptive
en	decideable	decidable
en	decidely	decidedly
en	decieved	deceived
en	decifits	deficits
en	decipted	depicted
en	decipting	depicting
en	deciption	depiction
en	deciptions	depictions
en	decisiones	decisions
en	decisivie	decisive
en	decison	decision
en	declaracion	declaration
en	declarase	declares
en	declarasen	declares
en	declaraste	declares
en	declareation	declaration
en	declarees	declares
en	declaremos	declares
en	declars	declares
en	declase	declares
en	declears	declares
en	decleration	declaration
en	declinig	declining
en	declinining	declining
en	decloration	declaration
en	decmeber	december
en	decoartions	decoration
en	decomissioned	decommissioned
en	decomposeion	decomposition
en	decomposit	decompose
en	decomposited	decomposed
en	decompositing	decomposing
en	decomposits	decomposes
en	decoracion	decoration
en	decoratie	decorative
en	decoratieve	decorative
en	decoratin	decorations
en	decorativo	decoration
en	decorativos	decorations
en	decoritive	decorative
en	decotations	decorations
en	decpetion	deception
en	decpetive	deceptive
en	decress	decrees
en	decribe	describe
en	decribed	described
en	decribes	describes
en	decribing	describing
en	decroative	decorative
en	decscription	description
en	decsend	descend
en	decsendants	descendants
en	decsended	descended
en	decsending	descending
en	dectect	detect
en	dedicacion	dedication
en	dedicato	dedication
en	dedikation	dedication
en	deducatble	deductible
en	deducitble	deductible
en	deductiable	deductible
en	deductibe	deductible
en	deductie	deductible
en	defacation	defamation
en	defaint	defiant
en	defaintly	defiantly
en	defaltion	deflation
en	defamating	defamation
en	defanitely	definitely
en	defanitly	defiantly
en	defauls	defaults
en	defautls	defaults
en	defectos	defects
en	defectus	defects
en	defeintly	definitely
en	defelct	deflect
en	defelction	deflection
en	defendas	defends
en	defendeers	defender
en	defendent	defendant
en	defendents	defendants
en	defenderes	defenders
en	defenderlas	defenders
en	defenderlos	defenders
en	defendernos	defenders
en	defendes	defenders
en	defendis	defends
en	defendre	defender
en	defendrs	defends
en	defenesless	defenseless
en	defenesman	defenseman
en	defenisvely	defensively
en	defensd	defends
en	defensea	defenseman
en	defenselss	defenseless
en	defensen	defenseman
en	defensese	defenseless
en	defensie	defensive
en	defensivley	defensively
en	defensivly	defensively
en	defetead	defeated
en	deffensively	defensively
en	deffine	define
en	deffined	defined
en	defianetly	definitely
en	defianlty	defiantly
en	defiantely	definitely
en	defiantley	definitely
en	defibately	definitely
en	deficately	definitely
en	deficeint	deficient
en	deficiancies	deficiencies
en	deficiancy	deficiency
en	deficience	deficiencies
en	deficiencey	deficiency
en	deficiencias	deficiencies
en	deficienct	deficient
en	deficienies	deficiencies
en	deficiensies	deficiencies
en	deficientcy	deficiency
en	deficienty	deficiency
en	deficieny	deficiency
en	deficiet	deficient
en	deficites	deficits
en	defiintely	definitely
en	definaetly	definitely
en	definaitly	definitely
en	definaltey	definitely
en	definance	defiance
en	definantley	definitely
en	definat	defiant
en	definataly	definitely
en	definate	definite
en	definatedly	definitely
en	definateky	definitely
en	definateley	definitely
en	definatelly	definitely
en	definatelty	definitely
en	definately	definitely
en	definatetly	definitely
en	definatey	definitely
en	definatily	definitely
en	defination	definition
en	definations	definitions
en	definative	definitive
en	definatively	definitively
en	definatlely	definitely
en	definatlly	definitely
en	definatly	definitely
en	definatrly	definitely
en	definaty	definitely
en	definayely	definitely
en	defineatly	definitely
en	definet	definite
en	definetally	definitely
en	definetaly	definitely
en	definetely	definitely
en	definetily	definitely
en	definetlely	definitely
en	definetlly	definitely
en	definetly	definitely
en	definettly	definitely
en	definety	definitely
en	definetyl	definitely
en	definicion	definition
en	definie	definite
en	definietly	definitely
en	definig	defining
en	definilty	definitely
en	definining	defining
en	defininitely	definitively
en	definit	definite
en	definitaley	definitely
en	definitaly	definitely
en	definitavely	definitively
en	definitelly	definitely
en	definitevely	definitively
en	definitevly	definitively
en	definiteyl	definitely
en	definitie	definitive
en	definitiely	definitively
en	definitieve	definitive
en	definitifely	definitively
en	definitiley	definitively
en	definitin	definitions
en	definitinely	definitively
en	definititely	definitively
en	definitivelly	definitively
en	definitivley	definitively
en	definitivly	definitively
en	definitivno	definition
en	definitivo	definition
en	definitivos	definitions
en	definitlely	definitely
en	definitlety	definitely
en	definitley	definitely
en	definitlly	definitely
en	definitlry	definitely
en	definitlty	definitely
en	definitly	definitely
en	definito	definition
en	definiton	definition
en	definitv	definitive
en	definitve	definite
en	definityl	definitely
en	definjtely	definitely
en	definltely	definitely
en	definltey	definitely
en	definotely	definitely
en	definstely	definitely
en	defintaley	definitely
en	defintaly	defiantly
en	defintiely	definitely
en	defintiion	definitions
en	defintily	definitely
en	defintion	definition
en	defintley	definitely
en	definutely	definitely
en	defitenly	definitely
en	defitinly	definitely
en	defitnaly	defiantly
en	defitnely	definitely
en	deflaction	deflection
en	deflatin	deflation
en	defleciton	deflection
en	deflecticon	deflection
en	deflectin	deflection
en	deflecto	deflection
en	deflektion	deflection
en	defniately	definitely
en	defnietly	definitely
en	defualt	default
en	defualts	defaults
en	degarde	degrade
en	degarded	degraded
en	degenarate	degenerate
en	degenerare	degenerate
en	degenere	degenerate
en	degenererat	degenerate
en	degeneret	degenerate
en	degenerite	degenerate
en	degoratory	derogatory
en	degradacion	degradation
en	degradating	degradation
en	degradato	degradation
en	degradead	degraded
en	degraderad	degraded
en	degragation	degradation
en	degraged	degrade
en	degrase	degrasse
en	degrassie	degrasse
en	degrassse	degrasse
en	degrate	degrade
en	degrated	degrade
en	degridation	degradation
en	dehydraded	dehydrated
en	dehyrdated	dehydrated
en	dehyrdation	dehydration
en	deifnately	definitely
en	deifnetly	definitely
en	deifnitly	definitely
en	deiners	deniers
en	deinitalization	deinitialization
en	deinitalize	deinitialize
en	deinitalized	deinitialized
en	deinitalizes	deinitializes
en	deinitalizing	deinitializing
en	deisgnated	designated
en	deisgned	designed
en	deisgner	designer
en	deisgners	designers
en	deisgns	designs
en	deivant	deviant
en	dekstop	desktop
en	dekstops	desktops
en	delaership	dealership
en	delaerships	dealerships
en	delagates	delegates
en	delapidated	dilapidated
en	delcaration	declaration
en	delcare	declare
en	delcared	declared
en	delcares	declares
en	delcaring	declaring
en	delcining	declining
en	delearship	dealership
en	delearships	dealerships
en	delegatie	delegate
en	delegaties	delegate
en	delegative	delegate
en	delepted	depleted
en	delerious	delirious
en	deleteing	deleting
en	delevopment	development
en	delfation	deflation
en	delfect	deflect
en	delfection	deflection
en	delibarate	deliberate
en	delibaretely	deliberately
en	deliberant	deliberate
en	deliberante	deliberate
en	deliberatley	deliberately
en	deliberatly	deliberately
en	deliberetly	deliberately
en	delibirate	deliberate
en	delibirately	deliberately
en	delibitating	debilitating
en	delightlful	delightful
en	deligthful	delightful
en	deliverate	deliberate
en	deliverately	deliberately
en	delivere	deliveries
en	deliverees	deliveries
en	deliveres	delivers
en	deliverying	delivering
en	deliverys	delivers
en	deliviered	delivered
en	deliviring	delivering
en	delpeted	depleted
en	delporable	deplorable
en	delpoyed	deployed
en	delpoying	deploying
en	delpoyment	deployment
en	delusionally	delusively
en	delusionnal	delusional
en	delutional	delusional
en	delyaing	delaying
en	demandas	demands
en	demandes	demands
en	demcorats	democrats
en	demenaor	demeanor
en	demenor	demeanor
en	demenstration	demonstration
en	demenstrations	demonstrations
en	dementa	dementia
en	dementieva	dementia
en	demesticated	domesticated
en	deminsion	dimension
en	deminsional	dimensional
en	deminsions	dimensions
en	deminstrations	demonstrations
en	democarcies	democracies
en	democarcy	democracy
en	democracis	democracies
en	democracize	democracies
en	democracries	democracies
en	democract	democrat
en	democractic	democratic
en	democracts	democrat
en	democraphic	demographic
en	democraphics	demographics
en	democrasies	democracies
en	democratas	democrats
en	democrates	democrats
en	democraticaly	democratically
en	democraticlly	democratically
en	democratisch	democratic
en	democray	democracy
en	democrazies	democracies
en	democrocies	democracies
en	demograhic	demographic
en	demograhpic	demographic
en	demograhpics	demographics
en	demographis	demographics
en	demographs	demographics
en	demograpic	demographic
en	demograpics	demographics
en	demogrpahic	demographic
en	demogrpahics	demographics
en	demolation	demolition
en	demolicion	demolition
en	demolision	demolition
en	demolitian	demolition
en	demoliting	demolition
en	demolito	demolition
en	demoloshed	demolished
en	demolution	demolition
en	demonination	denominations
en	demoninations	denominations
en	demoninator	denominator
en	demonished	demolished
en	demonstarte	demonstrate
en	demonstarted	demonstrated
en	demonstartes	demonstrates
en	demonstarting	demonstrating
en	demonstartion	demonstration
en	demonstartions	demonstrations
en	demonstate	demonstrate
en	demonstates	demonstrates
en	demonstrabil	demonstrably
en	demonstraby	demonstrably
en	demonstraion	demonstration
en	demonstraiton	demonstrations
en	demonstraits	demonstrates
en	demonstrant	demonstrate
en	demonstrants	demonstrates
en	demonstras	demonstrates
en	demonstratbly	demonstrably
en	demonstratie	demonstrate
en	demonstraties	demonstrate
en	demonstratin	demonstration
en	demonstrationens	demonstrations
en	demonstrativno	demonstrations
en	demonstrativo	demonstration
en	demonstrativos	demonstrations
en	demonstrats	demonstrates
en	demonstre	demonstrate
en	demonstrerat	demonstrate
en	demorcracy	democracy
en	demosntrably	demonstrably
en	demosntrate	demonstrate
en	demosntrated	demonstrated
en	demosntrates	demonstrates
en	demosntrating	demonstrating
en	demosntration	demonstrations
en	demosntrations	demonstrations
en	demostration	demonstration
en	demsond	desmond
en	denegerate	degenerate
en	denegrating	denigrating
en	deneirs	deniers
en	denisty	density
en	denomenation	denomination
en	denomenations	denominations
en	denomenator	denominator
en	denominacion	denomination
en	denominador	denominator
en	denominar	denominator
en	denominaron	denominator
en	denominater	denominator
en	denominationals	denominations
en	denominatior	denominator
en	denominato	denomination
en	denominaton	denomination
en	denominatons	denominations
en	denomintor	denominator
en	denomitator	denominator
en	denomonation	denomination
en	denomonations	denominations
en	denomonator	denominator
en	denonimator	denominator
en	denseley	densely
en	densitiy	density
en	densley	densely
en	densly	densely
en	dentistas	dentists
en	dentistes	dentists
en	deocrations	decorations
en	deocrative	decorative
en	deomcracies	democracies
en	deomcrat	democrat
en	deomcratic	democratic
en	deomcrats	democrats
en	deomgraphics	demographics
en	deomnstration	demonstrations
en	deopsited	deposited
en	deovtion	devotion
en	deparment	department
en	deparmental	departmental
en	deparments	departments
en	departer	departure
en	departmens	departments
en	departmet	departments
en	departmnet	departments
en	departue	departure
en	depcited	depicted
en	depciting	depicting
en	depcition	depiction
en	depcitions	depictions
en	depcits	depicts
en	depdending	depending
en	depection	deception
en	depedencies	dependencies
en	depedency	dependency
en	depelted	depleted
en	depencencies	dependencies
en	depencency	dependency
en	dependance	dependence
en	dependancey	dependency
en	dependancies	dependencies
en	dependancy	dependency
en	dependandt	dependant
en	dependat	dependant
en	dependd	depended
en	dependencey	dependency
en	dependencias	dependencies
en	dependencie	dependence
en	dependends	depended
en	dependened	depended
en	dependenices	dependencies
en	dependenies	dependencies
en	dependensies	dependencies
en	dependenta	dependant
en	dependente	dependence
en	deperecation	deprecation
en	depicitng	depicting
en	depiciton	depiction
en	depicitons	depictions
en	depictes	depicts
en	depictin	depictions
en	depitcs	depicts
en	deplacements	replacements
en	deplorabel	deplorable
en	deplorabil	deplorable
en	deplorabile	deplorable
en	deplorible	deplorable
en	deployd	deployed
en	deplyoing	deploying
en	deplyoment	deployment
en	depoisted	deposited
en	depolyed	deployed
en	depolying	deploying
en	depolyment	deployment
en	depositas	deposits
en	depositd	deposited
en	depositers	deposits
en	deposites	deposits
en	depositis	deposits
en	depositos	deposits
en	depostied	deposited
en	depostis	deposits
en	depresse	depressive
en	depressie	depressive
en	depressief	depressive
en	depressies	depressive
en	depressieve	depressive
en	depressin	depression
en	depresso	depression
en	depresssion	depression
en	deprevation	deprivation
en	deprication	deprivation
en	deprivating	deprivation
en	deprivaton	deprivation
en	deprivition	deprivation
en	deprovation	deprivation
en	depserate	desperate
en	depserately	desperately
en	depseration	desperation
en	depsise	despise
en	depsoited	deposited
en	deragotory	derogatory
en	deram	dram
en	deregualtion	deregulation
en	deregulaiton	deregulation
en	deregulatin	deregulation
en	derivate	derivative
en	derivaties	derivatives
en	derivativos	derivatives
en	deriviated	derived
en	derivitave	derivative
en	derivitaves	derivatives
en	derivitive	derivative
en	derivitives	derivatives
en	dermatalogist	dermatologist
en	dermatolagist	dermatologist
en	dermatoligist	dermatologist
en	dermatologyst	dermatologist
en	dermetologist	dermatologist
en	dermitologist	dermatologist
en	derogatary	derogatory
en	derogatery	derogatory
en	derogetory	derogatory
en	derogitory	derogatory
en	derogotary	derogatory
en	derogotory	derogatory
en	derpatologist	dermatologist
en	derpivation	deprivation
en	derugulation	deregulation
en	derviative	derivative
en	derviatives	derivatives
en	descandants	descendants
en	descendands	descendants
en	descendats	descendants
en	descendend	descended
en	descendends	descended
en	descendenta	descendants
en	descened	descend
en	descentants	descendants
en	descenting	descending
en	descerning	descending
en	descibed	described
en	descipable	despicable
en	descirbe	describe
en	descirbes	describes
en	descirption	descriptions
en	descision	decision
en	descisions	decisions
en	descprition	descriptions
en	describiste	describes
en	describtion	description
en	describtions	descriptions
en	descrie	describe
en	descriibes	describes
en	descriminant	discriminant
en	descripcion	description
en	descripiton	descriptions
en	descripters	descriptors
en	descriptivos	descriptions
en	descriptoin	descriptions
en	descripton	description
en	descriptons	descriptions
en	descrise	describes
en	descritpion	descriptions
en	descrpition	descriptions
en	desctiptions	descriptions
en	desctruction	destruction
en	descuss	discuss
en	desencitized	desensitized
en	desensatized	desensitized
en	desensitied	desensitized
en	desensitived	desensitized
en	desensitzed	desensitized
en	desentisize	desensitized
en	desentisized	desensitized
en	desentitized	desensitized
en	desentizised	desensitized
en	desentralized	decentralized
en	desginated	designated
en	desgination	designation
en	desginations	destinations
en	desgined	designed
en	desginer	designer
en	desginers	designers
en	desgining	designing
en	desgins	designs
en	desgustingly	disgustingly
en	desicions	decisions
en	desicive	decisive
en	deside	decide
en	desigining	designing
en	designacion	designation
en	designad	designated
en	designade	designated
en	designato	designation
en	designes	designs
en	designet	designated
en	designstion	designation
en	desillusioned	disillusioned
en	desinations	destinations
en	desingage	disengage
en	desingation	designation
en	desinged	designed
en	desinger	designer
en	desingers	designers
en	desinging	designing
en	desings	designs
en	desintegrated	disintegrated
en	desintegration	disintegration
en	desinterested	disinterested
en	desireable	desirable
en	desitnation	destination
en	desitnations	destinations
en	desitned	destined
en	desitny	destiny
en	desktiop	desktop
en	desktopbsd	desktops
en	desktopos	desktops
en	desnely	densely
en	desnity	density
en	desomnd	desmond
en	desorder	disorder
en	desoriented	disoriented
en	desparate	desperate
en	desparately	desperately
en	desparation	desperation
en	despciable	despicable
en	despectively	respectively
en	despensaries	dispensaries
en	desperatedly	desperately
en	desperatelly	desperately
en	desperating	desperation
en	desperatley	desperately
en	desperatly	desperately
en	desperato	desperation
en	desperetly	desperately
en	despicaple	despicable
en	despicible	despicable
en	despict	depict
en	despide	despised
en	despides	despised
en	despies	despise
en	despirately	desperately
en	despiration	desperation
en	despiste	despise
en	despoited	deposited
en	desqualified	disqualified
en	desregarding	disregarding
en	desriable	desirable
en	dessertation	dissertation
en	dessicated	desiccated
en	dessigned	designed
en	destablized	destabilized
en	destiantion	destinations
en	destiantions	destinations
en	destinaiton	destinations
en	destinatin	destinations
en	destinationhash	destinations
en	destinato	destination
en	destinaton	destination
en	destinatons	destinations
en	destinction	destination
en	destinctions	destinations
en	destiney	destiny
en	destinty	destiny
en	destkop	desktop
en	destkops	desktops
en	destory	destroy
en	destoryed	destroyed
en	destoryer	destroyer
en	destoryers	destroyers
en	destorying	destroying
en	destorys	destroys
en	destraction	destruction
en	destractions	distractions
en	destributors	distributors
en	destros	destroys
en	destrose	destroyers
en	destroyd	destroyed
en	destroyeds	destroyers
en	destroyeer	destroyers
en	destroyes	destroys
en	destroyr	destroyers
en	destruccion	destruction
en	destrucion	destruction
en	destruciton	destruction
en	destrucive	destructive
en	destructivo	destruction
en	destructo	destruction
en	destruktion	destruction
en	destruktive	destructive
en	destryoed	destroyed
en	destryoer	destroyer
en	destryoing	destroying
en	desuction	seduction
en	detaild	detailed
en	detailled	detailed
en	detalied	detailed
en	detatched	detached
en	detectarlo	detector
en	detectaron	detector
en	detectas	detects
en	detectes	detects
en	detectie	detectives
en	detectivs	detectives
en	detectoare	detector
en	deteoriated	deteriorated
en	deteriate	deteriorate
en	deterioriating	deteriorating
en	determanism	determinism
en	determen	determines
en	determenation	determination
en	determening	determining
en	determenism	determinism
en	determinacion	determination
en	determinanti	determination
en	determinare	determine
en	determinas	determines
en	determinato	determination
en	determinaton	determination
en	determinded	determine
en	determing	determining
en	determinging	determining
en	determinig	determining
en	determinining	determining
en	determinisic	deterministic
en	determinisim	determinism
en	determinisitc	deterministic
en	determinisitic	deterministic
en	deterministc	deterministic
en	deterministisch	deterministic
en	deterministische	deterministic
en	determinitic	deterministic
en	determins	determines
en	determinsim	determinism
en	determinsitic	deterministic
en	determinsm	determinism
en	detials	details
en	detmatologist	dermatologist
en	detorit	detroit
en	detramental	detrimental
en	detremental	detrimental
en	detrimential	detrimental
en	detrimentul	detrimental
en	detriot	detroit
en	detuschland	deutschland
en	deuling	dueling
en	deustchland	deutschland
en	deutchsland	deutschland
en	deutcshland	deutschland
en	deutschalnd	deutschland
en	deutschand	deutschland
en	deutshcland	deutschland
en	devaint	deviant
en	devaite	deviate
en	devastaded	devastated
en	devastaing	devastating
en	devastanti	devastating
en	devasted	devastated
en	devasteted	devastated
en	develepmont	developments
en	develepors	developers
en	develoeprs	developers
en	develompent	developments
en	develope	develop
en	developement	development
en	developemnt	developments
en	developmant	developmental
en	developmenet	developments
en	developmently	developmental
en	developmentwise	developments
en	developmet	developments
en	developmetn	developments
en	developmnet	developments
en	developors	develops
en	developped	developed
en	developpers	developers
en	developres	develops
en	developrs	develops
en	develpment	development
en	develpoment	developments
en	develpoments	developments
en	devels	delves
en	deveolpment	developments
en	deveploment	developments
en	devestated	devastated
en	devestating	devastating
en	devialet	deviate
en	deviatie	deviate
en	devide	divide
en	devided	divided
en	devilers	delivers
en	devistating	devastating
en	devlove	devolve
en	devloved	devolved
en	devolopement	development
en	devolopments	developments
en	devolvendo	devolved
en	devotin	devotion
en	devovle	devolve
en	devovled	devolved
en	deyhdrated	dehydrated
en	deyhdration	dehydration
en	dezentralized	decentralized
en	diabetees	diabetes
en	diabets	diabetes
en	diablical	diabolical
en	diaganol	diagonal
en	diagnoal	diagonal
en	diagnoes	diagnose
en	diagnosi	diagnostic
en	diagnosied	diagnose
en	diagnosies	diagnosis
en	diagnositc	diagnostic
en	diagnositcs	diagnostic
en	diagnositic	diagnostic
en	diagnossed	diagnose
en	diagnosted	diagnose
en	diagnotics	diagnostic
en	diagonaal	diagonal
en	diagonse	diagnose
en	diagonsed	diagnosed
en	diagonsis	diagnosis
en	diagonstic	diagnostic
en	diagonstics	diagnostic
en	diagramas	diagrams
en	diagramms	diagrams
en	diahrrea	diarrhea
en	dialecs	dialects
en	dialectes	dialects
en	dialectos	dialects
en	dialetcs	dialects
en	dialgoue	dialogue
en	dialoge	dialogue
en	dialouge	dialogue
en	diamons	diamonds
en	diarreah	diarrhea
en	diarreha	diarrhea
en	diarrheoa	diarrhea
en	diasble	disable
en	diasbling	disabling
en	diasspointed	dissapointed
en	dichomoty	dichotomy
en	dichotomoy	dichotomy
en	dichtomy	dichotomy
en	dicitonaries	dictionaries
en	dicitonary	dictionary
en	dickisch	dickish
en	dicksih	dickish
en	diconnects	disconnects
en	dicover	discover
en	dicovered	discovered
en	dicovering	discovering
en	dicovers	discovers
en	dicovery	discovery
en	dictadorship	dictatorship
en	dictarorship	dictatorship
en	dictaters	dictates
en	dictateurs	dictates
en	dictatorhip	dictatorship
en	dictatorshop	dictatorship
en	dictats	dictates
en	dictionaire	dictionaries
en	dictionaires	dictionaries
en	dictionairy	dictionary
en	dictionare	dictionaries
en	dictionarys	dictionaries
en	dictionay	dictionary
en	dictionnary	dictionary
en	dicussed	discussed
en	didsapointed	dissapointed
en	diea	idea
en	dieing	dying
en	dieties	deities
en	diety	deity
en	difenitly	definitely
en	diferent	different
en	diferrent	different
en	differance	difference
en	differances	differences
en	differantiate	differentiate
en	differantiation	differentiation
en	differantly	differently
en	differencial	differential
en	differenciate	differentiate
en	differenciation	differentiation
en	differenciations	differentiation
en	differencies	differences
en	differene	differences
en	differenly	differently
en	differens	differences
en	differense	differences
en	differental	differential
en	differentate	differentiate
en	differente	difference
en	differentes	differences
en	differentiantion	differentiation
en	differentiatiations	differentiations
en	differentiatiors	differentiation
en	differentiaton	differentiation
en	differentitation	differentiation
en	differentl	differential
en	differenty	differently
en	differeny	differently
en	differientation	differentiation
en	differintiate	differentiate
en	differnece	difference
en	differneces	differences
en	differnetial	differential
en	differnetly	differently
en	differnt	different
en	difficulites	difficulties
en	difficulity	difficulty
en	difficulte	difficulties
en	difficultes	difficulties
en	difficults	difficulties
en	difficuly	difficulty
en	difficut	difficulty
en	difficutlies	difficulties
en	difficutly	difficulty
en	diffirentiate	differentiate
en	diffrent	different
en	diffucult	difficult
en	diffuculties	difficulties
en	diffuculty	difficulty
en	dificulties	difficulties
en	dificulty	difficulty
en	diganose	diagnose
en	diganosed	diagnosed
en	diganosis	diagnosis
en	diganostic	diagnostic
en	dignitiy	dignity
en	dilpoma	diploma
en	dimaond	diamond
en	dimaonds	diamonds
en	dimenions	dimensions
en	dimensinal	dimensional
en	dimensionals	dimensions
en	dimensiones	dimensions
en	dimensionnal	dimensional
en	dimensionsal	dimensional
en	dimention	dimension
en	dimentional	dimensional
en	dimentions	dimensions
en	dimesnion	dimension
en	dimesnional	dimensional
en	dimesnions	dimensions
en	dimineshes	diminishes
en	diminisheds	diminishes
en	diminishs	diminishes
en	diminising	diminishing
en	diminsihing	diminishing
en	diminuitive	diminutive
en	diminushing	diminishing
en	dimunitive	diminutive
en	dinasour	dinosaur
en	dinasours	dinosaurs
en	dingity	dignity
en	dinosar	dinosaur
en	dinosaures	dinosaurs
en	dinosaurios	dinosaurs
en	dinosaurus	dinosaurs
en	dinosaus	dinosaurs
en	dinosuar	dinosaur
en	dinosuars	dinosaurs
en	dinsoaur	dinosaur
en	dinsoaurs	dinosaurs
en	dionsaur	dinosaur
en	dionsaurs	dinosaurs
en	diosese	diocese
en	dipections	depictions
en	diphtong	diphthong
en	diphtongs	diphthongs
en	diplimatic	diplomatic
en	diplomacia	diplomatic
en	diplomancy	diplomacy
en	diplomatisch	diplomatic
en	diplomma	diploma
en	dipolma	diploma
en	dipolmatic	diplomatic
en	dipthong	diphthong
en	dipthongs	diphthongs
en	dirbble	dribble
en	direccional	directional
en	direcitonal	directional
en	direclty	directly
en	direcotry	directory
en	directin	directions
en	directinla	directional
en	directionl	directional
en	directionnal	directional
en	directivos	directions
en	directix	directx
en	directores	directors
en	directorguy	directory
en	directorios	directors
en	directorys	directors
en	directos	directors
en	directoty	directory
en	directoy	directory
en	directroy	directory
en	directrx	directx
en	directsong	directions
en	directy	directly
en	direktional	directional
en	diretcx	directx
en	dirfting	drifting
en	dirived	derived
en	dirvers	drivers
en	disaapoint	disappoint
en	disaapointed	dissapointed
en	disabeld	disabled
en	disabels	disables
en	disadvandage	disadvantaged
en	disadvandages	disadvantaged
en	disadvantadge	disadvantaged
en	disadvanteged	disadvantaged
en	disadvanteges	disadvantages
en	disadvantge	disadvantage
en	disadvantged	disadvantaged
en	disadvantges	disadvantages
en	disadvatange	disadvantage
en	disadvatanges	disadvantages
en	disadventage	disadvantage
en	disadventaged	disadvantaged
en	disadventages	disadvantages
en	disagred	disagreed
en	disagreeed	disagreed
en	disagreemet	disagreements
en	disagreemtn	disagreements
en	disagremeent	disagreements
en	disagres	disagrees
en	disallusioned	disillusioned
en	disapeared	disappeared
en	disapears	disappears
en	disapointing	disappointing
en	disappeard	disappeared
en	disappearence	disappearance
en	disappearnace	disappearance
en	disappearnce	disappearance
en	disappearred	disappeared
en	disappearring	disappearing
en	disapperaing	disappearing
en	disapperead	disappeared
en	disappered	disappeared
en	disappiont	disappoint
en	disapporval	disapproval
en	disapprovel	disapproval
en	disaprity	disparity
en	disaproval	disapproval
en	disaspointed	dissapointed
en	disasterous	disastrous
en	disastisfied	dissatisfied
en	disastorus	disastrous
en	disastreous	disastrous
en	disastrious	disastrous
en	disastros	disastrous
en	disastrosa	disastrous
en	disastrose	disastrous
en	disastrosi	disastrous
en	disastroso	disastrous
en	disastruous	disastrous
en	disaterous	disastrous
en	disatisfaction	dissatisfaction
en	disatisfied	dissatisfied
en	disatissfied	dissatisfied
en	disatrous	disastrous
en	disatvantage	disadvantage
en	disatvantaged	disadvantaged
en	disatvantages	disadvantages
en	disbale	disable
en	disbaled	disabled
en	disbales	disables
en	disbaling	disabling
en	disbeleif	disbelief
en	disbelif	disbelief
en	disbelife	disbelief
en	discalimer	disclaimer
en	discapline	discipline
en	discepline	discipline
en	disception	discretion
en	discertation	dissertation
en	dischard	discharged
en	discharded	discharged
en	dischare	discharged
en	disciniplary	disciplinary
en	disciplanary	disciplinary
en	disciplen	disciplines
en	disciplenary	disciplinary
en	disciplened	disciplined
en	disciplers	disciples
en	disciplies	disciplines
en	disciplinairy	disciplinary
en	disciplinare	discipline
en	disciplinas	disciplines
en	disciplince	disciplines
en	disciplinera	disciplinary
en	disciplinerad	disciplined
en	disciplinery	disciplinary
en	discipliniary	disciplinary
en	disciplins	disciplines
en	disciprine	discipline
en	disclamer	disclaimer
en	disclamier	disclaimer
en	discliamer	disclaimer
en	disclipinary	disciplinary
en	disclipine	discipline
en	disclipined	disciplined
en	disclipines	disciplines
en	disclosue	disclosure
en	disclousre	disclosure
en	disclsoure	disclosure
en	discograhy	discography
en	discograpy	discography
en	discogrophy	discography
en	discogrpahy	discography
en	discolsure	disclosure
en	disconenct	disconnect
en	disconencted	disconnected
en	disconencts	disconnects
en	disconncet	disconnects
en	disconnecters	disconnects
en	disconnectes	disconnects
en	disconnectme	disconnected
en	disconnectus	disconnects
en	disconnet	disconnect
en	disconneted	disconnected
en	disconnets	disconnects
en	disconnnect	disconnect
en	discontined	discontinued
en	discontinuted	discontinued
en	discontiued	discontinued
en	discontiuned	discontinued
en	discontued	discounted
en	discoruage	discourages
en	discosure	discourse
en	discound	discounted
en	discountined	discontinued
en	discources	discourse
en	discoure	discourse
en	discourgae	discourages
en	discourges	discourages
en	discoved	discovered
en	discoverd	discovered
en	discovere	discoveries
en	discoveres	discovers
en	discoveryd	discovered
en	discoverys	discovers
en	discrapency	discrepancy
en	discrecion	discretion
en	discreddit	discredited
en	discredid	discredited
en	discreditied	discredited
en	discreditted	discredited
en	discrepany	discrepancy
en	discresion	discretion
en	discreting	discretion
en	discretited	discredited
en	discreto	discretion
en	discribe	describe
en	discribed	described
en	discribes	describes
en	discribing	describing
en	discrimanatory	discriminatory
en	discrimante	discriminate
en	discrimianted	discriminated
en	discrimiate	discriminate
en	discriminacion	discrimination
en	discriminante	discriminate
en	discriminare	discriminate
en	discriminatie	discriminate
en	discriminatin	discrimination
en	discriminatoire	discriminate
en	discriminatorie	discriminate
en	discrimine	discriminate
en	discriminitory	discriminatory
en	discriminted	discriminated
en	discrouage	discourages
en	discrption	discretion
en	disctinction	distinction
en	disctinctive	distinctive
en	disctintions	distinctions
en	discualified	disqualified
en	discusison	discussions
en	discussin	discussion
en	discussiong	discussing
en	discusssion	discussions
en	discusting	discussing
en	discustingly	disgustingly
en	disemination	dissemination
en	disenchanged	disenchanted
en	disengenuous	disingenuous
en	disenginuous	disingenuous
en	disensitized	desensitized
en	disentry	dysentery
en	diserable	desirable
en	disgareement	disagreements
en	disgarees	disagrees
en	disgiuse	disguise
en	disgiused	disguised
en	disgracful	disgraceful
en	disgraseful	disgraceful
en	disgrateful	disgraceful
en	disgruntaled	disgruntled
en	disgrunted	disgruntled
en	disgrunteld	disgruntled
en	disgrunteled	disgruntled
en	disgruntld	disgruntled
en	disguisted	disguise
en	disguntingly	disgustingly
en	disgusied	disguised
en	disguss	disgusts
en	disgustes	disgusts
en	disgustigly	disgustingly
en	disgustingy	disgustingly
en	disgustinly	disgustingly
en	disgustiny	disgustingly
en	disgustos	disgusts
en	disgustosa	disgusts
en	disgustose	disgusts
en	disgustosi	disgusts
en	disgustoso	disgusts
en	disgustus	disgusts
en	dishcarged	discharged
en	dishinored	dishonored
en	dishoner	dishonored
en	dishonesy	dishonesty
en	dishonet	dishonesty
en	dishonord	dishonored
en	disicples	disciples
en	disicpline	discipline
en	disicplined	disciplined
en	disicplines	disciplines
en	disillisioned	disillusioned
en	disillusionned	disillusioned
en	disillutioned	disillusioned
en	disingeneous	disingenuous
en	disingenious	disingenuous
en	disingenuious	disingenuous
en	disingenuos	disingenuous
en	disinteresed	disinterested
en	disintereted	disinterested
en	disiplined	disciplined
en	diskrimination	discrimination
en	dislcaimer	disclaimer
en	disliks	dislikes
en	dislikse	dislikes
en	dismanlting	dismantling
en	dismantaled	dismantled
en	dismante	dismantle
en	dismantel	dismantle
en	dismanteld	dismantled
en	dismanteled	dismantled
en	dismanting	dismantling
en	dismantleing	dismantling
en	dismentled	dismantled
en	dismisals	dismissal
en	dismisse	dismissive
en	disnegage	disengage
en	disobediance	disobedience
en	disobediant	disobedient
en	disobeidence	disobedience
en	disocgraphy	discography
en	disollusioned	disillusioned
en	disolved	dissolved
en	disover	discover
en	dispacth	dispatch
en	dispair	despair
en	dispairty	disparity
en	dispalcement	displacement
en	dispalyed	displayed
en	dispalys	displays
en	dispapointed	dissapointed
en	disparingly	disparagingly
en	dispartiy	disparity
en	dispath	dispatch
en	dispecable	despicable
en	dispencaries	dispensaries
en	dispencary	dispensary
en	dispence	dispense
en	dispenced	dispensed
en	dispencers	dispenser
en	dispencing	dispensing
en	dispeners	dispenser
en	dispensaire	dispensaries
en	dispensaires	dispensaries
en	dispensare	dispenser
en	dispensarie	dispenser
en	dispensarios	dispensaries
en	dispensiary	dispensary
en	dispensiries	dispensaries
en	dispensories	dispensaries
en	dispensory	dispensary
en	disperportionate	disproportionate
en	dispersa	dispensary
en	dispesnary	dispensary
en	dispicable	despicable
en	dispite	despite
en	displacemnt	displacement
en	displayd	displayed
en	displayes	displays
en	displayfps	displays
en	disporportionate	disproportionate
en	disporportionately	disproportionately
en	disporportionatly	disproportionately
en	disposicion	disposition
en	dispositon	disposition
en	disposle	dispose
en	disposte	dispose
en	dispostion	disposition
en	dispoves	dispose
en	dispraportionate	disproportionate
en	dispraportionately	disproportionately
en	disproportianate	disproportionate
en	disproportianately	disproportionately
en	disproportiante	disproportionate
en	disproportiantely	disproportionately
en	disproportiate	disproportionate
en	disproportinate	disproportionate
en	disproportionaltely	disproportionately
en	disproportionaly	disproportionately
en	disproportionatley	disproportionately
en	disproportionatly	disproportionately
en	disproportionnate	disproportionate
en	disproprotionate	disproportionate
en	disproprotionately	disproportionately
en	disptach	dispatch
en	dispuse	disputes
en	disputandem	disputandum
en	disputerad	disputed
en	disputs	disputes
en	disqaulified	disqualified
en	disqualifed	disqualified
en	disqualifyed	disqualified
en	disqustingly	disgustingly
en	disrecpect	disrespect
en	disrecpected	disrespected
en	disrecpectful	disrespectful
en	disrecpecting	disrespecting
en	disrection	discretion
en	disregaring	disregarding
en	disrepresentation	misrepresentation
en	disrepsect	disrespect
en	disrepsected	disrespected
en	disrepsectful	disrespectful
en	disrepsecting	disrespecting
en	disresepct	disrespect
en	disresepcted	disrespected
en	disresepctful	disrespectful
en	disresepcting	disrespecting
en	disrespecful	disrespectful
en	disrespecing	disrespecting
en	disrespection	disrespecting
en	disrespectul	disrespectful
en	disrespekt	disrespect
en	disrespekted	disrespected
en	disrespekting	disrespecting
en	disricts	districts
en	disription	disruption
en	disrispect	disrespect
en	disrispectful	disrespectful
en	disrispecting	disrespecting
en	disrputing	disrupting
en	disrtibution	distributions
en	disruptin	disruption
en	disruptivo	disruption
en	disruptron	disruption
en	dissagreement	disagreement
en	dissapear	disappear
en	dissapearance	disappearance
en	dissapeared	disappeared
en	dissapearing	disappearing
en	dissapears	disappears
en	dissapionted	dissapointed
en	dissapoimted	dissapointed
en	dissapoined	dissapointed
en	dissapointd	dissapointed
en	dissapointted	dissapointed
en	dissapoited	dissapointed
en	dissapoitned	dissapointed
en	dissaponited	dissapointed
en	dissapoonted	dissapointed
en	dissapounted	dissapointed
en	dissappear	disappear
en	dissappears	disappears
en	dissappinted	dissapointed
en	dissappointed	disappointed
en	dissapponted	dissapointed
en	dissarray	disarray
en	dissastified	dissatisfied
en	dissatisfed	dissatisfied
en	dissatisifed	dissatisfied
en	dissatsified	dissatisfied
en	disscusion	discussion
en	disscusions	discussions
en	dissepointed	dissapointed
en	dissertaion	dissertation
en	dissipatore	dissipate
en	dissipointed	dissapointed
en	dissmisal	dismissal
en	dissmisive	dismissive
en	dissobediance	disobedience
en	dissobediant	disobedient
en	dissobedience	disobedience
en	dissobedient	disobedient
en	dissodance	dissonance
en	dissole	dissolve
en	dissonante	dissonance
en	dissonence	dissonance
en	dissopointed	dissapointed
en	dissovle	dissolve
en	disspaointed	dissapointed
en	disspiate	dissipate
en	dissppointed	dissapointed
en	dissspointed	dissapointed
en	distase	distaste
en	distastful	distasteful
en	distates	distaste
en	distatesful	distasteful
en	distatse	distaste
en	distatseful	distasteful
en	disterbance	disturbance
en	disticnt	distinct
en	disticntion	distinctions
en	disticntly	distinctly
en	distiction	distinction
en	distinations	distinctions
en	distincion	distinction
en	distinciton	distinction
en	distincitons	distinctions
en	distincitve	distinctive
en	distincive	distinctive
en	distinclty	distinctly
en	distincte	distinctive
en	distinctie	distinctive
en	distinctily	distinctly
en	distinctin	distinctions
en	distingish	distinguish
en	distingished	distinguished
en	distingishes	distinguishes
en	distingishing	distinguishing
en	distingiush	distinguish
en	distingiushing	distinguishing
en	distingquished	distinguished
en	distinguise	distinguished
en	distinguised	distinguished
en	distinguising	distinguishing
en	distingush	distinguish
en	distingusihing	distinguishing
en	distinktion	distinction
en	distinquish	distinguish
en	distinquished	distinguished
en	distinquishing	distinguishing
en	distint	distinct
en	distintcly	distinctly
en	distirbance	disturbance
en	distirbuted	distribute
en	distirbuting	distributing
en	distirbution	distribution
en	distirbutions	distributions
en	distirbutor	distributor
en	distiungished	distinguished
en	distoriton	distortion
en	distorsion	distortion
en	distortian	distortion
en	distorto	distortion
en	distortron	distortion
en	distrabution	distribution
en	distraccion	distraction
en	distractes	distracts
en	distractia	district
en	distractin	district
en	distractiv	district
en	distractons	distracts
en	distraktion	distraction
en	distration	distortion
en	distrcit	district
en	distrcits	districts
en	distribitor	distributor
en	distribitors	distributors
en	distribtuion	distributions
en	distribucion	distribution
en	distribue	distributed
en	distribuem	distribute
en	distribuent	distribute
en	distribuer	distribute
en	distribuie	distribute
en	distribuit	distribute
en	distribuite	distribute
en	distribuited	distributed
en	distribuito	distribution
en	distribuiton	distributions
en	distribuitor	distributor
en	distribusion	distributions
en	distribustion	distributions
en	distributie	distributed
en	distributin	distribution
en	distributino	distributions
en	distributio	distributor
en	distributior	distributor
en	distributiors	distributors
en	distributivos	distributions
en	distributons	distributors
en	distributore	distribute
en	distributs	distributors
en	distribuye	distribute
en	districs	districts
en	distriubtion	distributions
en	distrobuted	distributed
en	distrobution	distribution
en	distrobutions	distributions
en	distrotion	distortion
en	distrubance	disturbance
en	distrubances	disturbance
en	distrubed	disturbed
en	distrubing	disturbing
en	distrubited	distributed
en	distrubiting	distributing
en	distrubition	distribution
en	distrubitions	distributions
en	distrubitor	distributor
en	distrubitors	distributors
en	distrubtes	distrust
en	distrubute	distribute
en	distrubuted	distributed
en	distrubution	distribution
en	distrubutor	distributor
en	distrubutors	distributors
en	distructions	distractions
en	distructive	destructive
en	distrupts	distrust
en	distubring	disturbing
en	distuingish	distinguish
en	distuingished	distinguished
en	distuingishing	distinguishing
en	distunguish	distinguish
en	disturbace	disturbance
en	disturbante	disturbance
en	disturbd	disturbed
en	disturben	disturbance
en	disturbence	disturbance
en	disturping	disrupting
en	distustingly	disgustingly
en	disucssing	discussing
en	disucssion	discussion
en	disucssions	discussions
en	disupted	disputed
en	disuptes	disputes
en	disurption	disruption
en	ditactorship	dictatorship
en	ditributed	distributed
en	diverisfy	diversify
en	diveristy	diversity
en	diversed	diverse
en	diversifiy	diversify
en	diversiy	diversify
en	diverstiy	diversity
en	divice	device
en	dividendes	dividends
en	dividendos	dividends
en	dividened	dividend
en	divideneds	dividend
en	dividens	dividends
en	divinition	divination
en	divinitiy	divinity
en	divinitory	divinity
en	divintiy	divinity
en	divisionals	divisions
en	divisiones	divisions
en	divison	division
en	divisons	divisions
en	doapmine	dopamine
en	dobulelift	doublelift
en	doccument	document
en	doccumented	documented
en	doccuments	documents
en	docrines	doctrines
en	docrtine	doctrine
en	docrtines	doctrines
en	doctines	doctrines
en	doctirne	doctrine
en	doctrins	doctrines
en	docuhebag	douchebag
en	docuhes	douches
en	docuhey	douchey
en	documantaries	documentaries
en	documantary	documentary
en	documenation	documentation
en	documenatries	documentaries
en	documenatry	documentary
en	documentacion	documentation
en	documentaion	documentation
en	documentaire	documentaries
en	documentaires	documentaries
en	documentaiton	documentation
en	documentare	documentaries
en	documentarios	documentaries
en	documentarse	documentaries
en	documentarsi	documentaries
en	documentaties	documentaries
en	documentating	documentation
en	documentato	documentation
en	documenteries	documentaries
en	documentery	documentary
en	documentories	documentaries
en	documentory	documentary
en	documentry	documentary
en	doens	does
en	dogamtic	dogmatic
en	dogdammit	goddammit
en	dogders	dodgers
en	dogding	dodging
en	dogfather	godfather
en	dogmatisch	dogmatic
en	doign	doing
en	dolhpin	dolphin
en	dolhpins	dolphins
en	dolphines	dolphins
en	dolphinese	dolphins
en	dolphis	dolphins
en	domapine	dopamine
en	domecracy	democracy
en	domecrat	democrat
en	domecrats	democrats
en	domesitcated	domesticated
en	domesticted	domesticated
en	domiante	dominate
en	domiantes	dominates
en	domianting	dominating
en	domimation	domination
en	dominacion	domination
en	dominae	dominate
en	dominaters	dominates
en	dominateurs	dominates
en	dominatin	domination
en	dominationg	dominating
en	dominato	domination
en	dominaton	domination
en	dominats	dominates
en	dominent	dominant
en	dominiant	dominant
en	dominno	dominion
en	dominoin	dominion
en	domisticated	domesticated
en	donesticated	domesticated
en	donig	doing
en	donwgrade	downgrade
en	donwgraded	downgraded
en	donwload	download
en	donwloadable	downloadable
en	donwloaded	downloaded
en	donwloading	downloading
en	donwloads	downloads
en	donwsides	downsides
en	donwvote	downvote
en	donwvoted	downvoted
en	donwvoters	downvoters
en	donwvotes	downvotes
en	donwvoting	downvoting
en	doomdsay	doomsday
en	doomsdaily	doomsday
en	doosmday	doomsday
en	doplhin	dolphin
en	doplhins	dolphins
en	dopmaine	dopamine
en	dormtund	dortmund
en	dortmud	dortmund
en	dortumnd	dortmund
en	dossapointed	dissapointed
en	dotrmund	dortmund
en	doub	doubt
en	doubellift	doublelift
en	doubleiift	doublelift
en	doubleleft	doublelift
en	doublelfit	doublelift
en	doublelit	doublelift
en	doublellift	doublelift
en	doublerift	doublelift
en	doucehbag	douchebag
en	douchely	douchey
en	doucheus	douches
en	doulbe	double
en	doulbelift	doublelift
en	dowloads	downloads
en	downgarde	downgrade
en	downgarded	downgraded
en	downgrated	downgrade
en	downlaod	download
en	downlaodable	downloadable
en	downlaoded	downloaded
en	downlaoding	downloading
en	downlaods	downloads
en	downloaad	download
en	downloadas	downloads
en	downloadbale	downloadable
en	downloadbel	downloadable
en	downloadbig	downloading
en	downloadble	downloadable
en	downloadeble	downloadable
en	downloades	downloads
en	downloas	downloads
en	downovted	downvoted
en	downovting	downvoting
en	downroaded	downgraded
en	downsiders	downsides
en	downstar	downstairs
en	downstaris	downstairs
en	downstiars	downstairs
en	downtokers	downvoters
en	downtoking	downvoting
en	downtraded	downgraded
en	downviting	downvoting
en	downvore	downvoters
en	downvotear	downvoters
en	downvoteas	downvoters
en	downvoteds	downvoters
en	downvoteers	downvoters
en	downvotees	downvoters
en	downvoteing	downvoting
en	downvoteres	downvoters
en	downvoteros	downvoters
en	downvotesd	downvoters
en	downvotess	downvoters
en	downvotest	downvoters
en	downvoteur	downvoters
en	downvoteurs	downvoters
en	downvoties	downvoters
en	downvotr	downvoters
en	downvotres	downvoters
en	downvots	downvotes
en	downvotted	downvote
en	downvotters	downvoters
en	downvottes	downvoters
en	downvotting	downvoting
en	downwoters	downvoters
en	downwoting	downvoting
en	draclua	dracula
en	dracual	dracula
en	draculea	dracula
en	draculla	dracula
en	dragones	dragons
en	dragonus	dragons
en	drakest	darkest
en	dramaticaly	dramatically
en	dramaticlly	dramatically
en	drammatically	grammatically
en	dramtic	dramatic
en	drankenstein	frankenstein
en	drasitcally	drastically
en	drasticaly	drastically
en	drasticlly	drastically
en	draughtman	draughtsman
en	dravadian	dravidian
en	dreasm	dreams
en	drfiting	drifting
en	dribbel	dribble
en	driectly	directly
en	driectx	directx
en	drifitng	drifting
en	driftig	drifting
en	drinkes	drinkers
en	driveris	drivers
en	drnik	drink
en	drotmund	dortmund
en	druming	drumming
en	drummless	drumless
en	dsyfunction	dysfunction
en	dsyfunctional	dysfunctional
en	dsyphoria	dysphoria
en	dsytopian	dystopian
en	duaghter	daughter
en	duaghters	daughters
en	duailty	duality
en	dualtiy	duality
en	dublications	publications
en	dubsetp	dubstep
en	duetschland	deutschland
en	dulaity	duality
en	duleing	dueling
en	dumbbellls	dumbbells
en	dumbbels	dumbbells
en	dumbfouded	dumbfounded
en	dumbfoundeads	dumbfounded
en	dumbfouned	dumbfounded
en	dumptser	dumpster
en	dumspter	dumpster
en	dunegon	dungeon
en	dunegons	dungeons
en	dungeoness	dungeons
en	dungeos	dungeons
en	dungeoun	dungeon
en	dungoen	dungeon
en	dungoens	dungeons
en	dupicate	duplicate
en	dupilcates	duplicates
en	duplicants	duplicates
en	duplicas	duplicates
en	duplicatas	duplicates
en	duplicats	duplicates
en	duplicitas	duplicates
en	duplifaces	duplicates
en	durabiliy	durability
en	durabillity	durability
en	durabiltiy	durability
en	durig	during
en	durring	during
en	dusbtep	dubstep
en	dusfunctional	dysfunctional
en	dusgustingly	disgustingly
en	dustification	justification
en	duting	during
en	dwarvens	dwarves
en	dyamically	dynamically
en	dyanmically	dynamically
en	dyanmics	dynamics
en	dyanmite	dynamite
en	dyansty	dynasty
en	dyas	dryas
en	dymanically	dynamically
en	dymanics	dynamics
en	dymanite	dynamite
en	dynamicallly	dynamically
en	dynamicaly	dynamically
en	dynamicdns	dynamics
en	dynamiclly	dynamically
en	dynamicpsf	dynamics
en	dynamicus	dynamics
en	dynamis	dynamics
en	dynamitage	dynamite
en	dynastry	dynasty
en	dynsaty	dynasty
en	dypshoria	dysphoria
en	dyregulation	deregulation
en	dysentry	dysentery
en	dysfonction	dysfunction
en	dysfonctional	dysfunctional
en	dysfucntion	dysfunction
en	dysfucntional	dysfunctional
en	dysfuncion	dysfunction
en	dysfunciton	dysfunction
en	dysfuncitonal	dysfunctional
en	dysfunctionnal	dysfunctional
en	dysfunktion	dysfunction
en	dysfunktional	dysfunctional
en	dyshporia	dysphoria
en	dysoptian	dystopian
en	dysphoira	dysphoria
en	dysphora	dysphoria
en	dysphroia	dysphoria
en	dyspohria	dysphoria
en	dyspotian	dystopian
en	dystopain	dystopian
en	dystpoian	dystopian
en	eachohter	eachother
en	eachotehr	eachother
en	eachtoher	eachother
en	eahc	each
en	ealier	earlier
en	earhtbound	earthbound
en	earhtquakes	earthquakes
en	earilest	earliest
en	earlies	earliest
en	earliet	earliest
en	earnt	earned
en	earpluggs	earplugs
en	earplus	earplugs
en	earthboud	earthbound
en	earthqauke	earthquake
en	earthqaukes	earthquakes
en	earthquack	earthquake
en	earthquackes	earthquakes
en	earthquacks	earthquakes
en	earthquakers	earthquakes
en	earthquaks	earthquakes
en	earthquate	earthquake
en	earthqukes	earthquakes
en	easthetically	aesthetically
en	easthetics	aesthetics
en	eastwod	eastwood
en	eastwoood	eastwood
en	eastwoord	eastwood
en	eatswood	eastwood
en	ebcuase	because
en	ecclectic	eclectic
en	eceonomy	economy
en	ecidious	deciduous
en	ecilpse	eclipse
en	eclipes	eclipse
en	eclispe	eclipse
en	eclpise	eclipse
en	ecoligical	ecological
en	ecologia	ecological
en	ecomonic	economic
en	ecomonical	economical
en	ecomonics	economics
en	econimical	economical
en	econimically	economically
en	econimists	economists
en	economicaly	economically
en	economicas	economics
en	economiclly	economically
en	economicos	economics
en	economicus	economics
en	economisch	economic
en	economisesti	economists
en	economisit	economists
en	economisiti	economist
en	economistes	economists
en	ecstacys	ecstasy
en	ecstascy	ecstasy
en	ecstasty	ecstasy
en	ect	etc
en	ectastic	ecstatic
en	ectsasy	ecstasy
en	edbiles	edibles
en	edficient	deficient
en	edibels	edibles
en	editoras	editors
en	editores	editors
en	educacional	educational
en	educationnal	educational
en	eearly	early
en	efel	evil
en	effeciency	efficiency
en	effecient	efficient
en	effeciently	efficiently
en	effecitvely	effectively
en	effectionate	affectionate
en	effectivelly	effectively
en	effectivenss	effectiveness
en	effectiviness	effectiveness
en	effectivley	effectively
en	effectivly	effectively
en	efficeincy	efficiency
en	efficeint	efficient
en	efficeintly	efficiently
en	efficency	efficiency
en	efficent	efficient
en	efficently	efficiently
en	efficiancy	efficiency
en	efficiantly	efficiently
en	efficienct	efficient
en	efficienctly	efficiency
en	efficientcy	efficiently
en	efficienty	efficiently
en	efficieny	efficiency
en	effictiveness	effectiveness
en	efford	effort
en	effordlessly	effortlessly
en	effords	efforts
en	effortlesly	effortlessly
en	effortlessely	effortlessly
en	effortlessley	effortlessly
en	effortlessy	effortlessly
en	effulence	effluence
en	egaletarian	egalitarian
en	egalitara	egalitarian
en	egalitatian	egalitarian
en	egaliterian	egalitarian
en	egostitical	egotistical
en	egotastical	egotistical
en	egotestical	egotistical
en	egotisitcal	egotistical
en	egotistcal	egotistical
en	egotisticle	egotistical
en	egotystical	egotistical
en	egpytian	egyptian
en	egpytians	egyptians
en	egyptain	egyptian
en	egyptains	egyptians
en	egytpian	egyptian
en	egytpians	egyptians
en	ehtanol	ethanol
en	ehtereal	ethereal
en	ehternet	ethernet
en	ehtically	ethically
en	ehtnically	ethnically
en	ehtnicities	ethnicities
en	ehtnicity	ethnicity
en	eifnach	einfach
en	eighteeen	eighteen
en	eighten	eighteen
en	eigth	eighth
en	eigtheen	eighteen
en	einfahc	einfach
en	eiter	either
en	eitquette	etiquette
en	ejacluation	ejaculation
en	ejacualte	ejaculate
en	ejacualtion	ejaculation
en	ejacualtions	ejaculation
en	ejaculaion	ejaculation
en	ejaculatie	ejaculate
en	ejaculatin	ejaculation
en	ejaculaton	ejaculation
en	ejaculatte	ejaculate
en	elasped	elapsed
en	elcipse	eclipse
en	elction	election
en	eldistribution	redistribution
en	elecrto	electro
en	elecrtomagnetic	electromagnetic
en	electhor	electro
en	electic	electric
en	electircal	electrical
en	electivite	elective
en	electivre	elective
en	electon	election
en	electoraat	electorate
en	electorale	electorate
en	electoratul	electoral
en	electorite	electorate
en	electorlytes	electrolytes
en	electormagnetic	electromagnetic
en	electorn	electron
en	electornic	electronic
en	electornics	electronics
en	electorns	electrons
en	electrial	electrical
en	electricain	electrician
en	electrican	electrician
en	electricial	electrical
en	electricien	electrician
en	electricion	electrician
en	electriciy	electricity
en	electricman	electrician
en	electricrain	electrician
en	electrictian	electrician
en	electricty	electricity
en	electricy	electricity
en	electrinic	electrician
en	electrisity	electricity
en	electritian	electrician
en	electroal	electoral
en	electroate	electorate
en	electrobytes	electrolytes
en	electrocity	electricity
en	electrocytes	electrolytes
en	electrodan	electron
en	electroinc	electron
en	electrolites	electrolytes
en	electroltyes	electrolytes
en	electrolye	electrolytes
en	electrolyes	electrolytes
en	electrolyts	electrolytes
en	electromagentic	electromagnetic
en	electromagnatic	electromagnetic
en	electromagnectic	electromagnetic
en	electromagnetc	electromagnetic
en	electromagntic	electromagnetic
en	electroman	electron
en	electromangetic	electromagnetic
en	electromegnetic	electromagnetic
en	electronagnetic	electromagnetic
en	electroncis	electrons
en	electroncs	electrons
en	electrones	electrons
en	electronicas	electronics
en	electronicos	electronics
en	electronik	election
en	electronis	electronics
en	electronix	election
en	electroylte	electrolytes
en	electroyltes	electrolytes
en	elektrolytes	electrolytes
en	elemantary	elementary
en	elementay	elementary
en	elementery	elementary
en	elementrary	elementary
en	elementray	elementary
en	elementy	elementary
en	eleminated	eliminated
en	eleminating	eliminating
en	elepahnts	elephants
en	elephans	elephants
en	elephantes	elephants
en	elephantis	elephants
en	elephantos	elephants
en	elephantus	elephants
en	eles	eels
en	eletricity	electricity
en	elevatin	elevation
en	elicided	elicited
en	eligable	eligible
en	elimanates	eliminates
en	elimanation	elimination
en	elimenates	eliminates
en	elimentary	elementary
en	elimiate	eliminate
en	elimimates	eliminates
en	eliminacion	elimination
en	eliminas	eliminates
en	eliminase	eliminates
en	eliminaste	eliminates
en	eliminatin	elimination
en	eliminato	elimination
en	eliminaton	elimination
en	eliminster	eliminates
en	elimintates	eliminates
en	elitisim	elitism
en	elitistm	elitism
en	ellected	elected
en	ellignton	ellington
en	ellingotn	ellington
en	ellipitcal	elliptical
en	ellipitcals	elliptical
en	ellipsical	elliptical
en	ellipticle	elliptical
en	ellitot	elliott
en	ellitpical	elliptical
en	elloitt	elliott
en	ellpitical	elliptical
en	eloctrolytes	electrolytes
en	eloquantly	eloquently
en	eloquentely	eloquently
en	eloquenty	eloquently
en	eloquintly	eloquently
en	elphant	elephant
en	elsehwere	elsewhere
en	emabrassing	embarrassing
en	emabrgo	embargo
en	emabssy	embassy
en	emapthetic	empathetic
en	emapthize	empathize
en	emapthy	empathy
en	embaraasing	embarrassing
en	embarasaing	embarrassing
en	embarass	embarrass
en	embarassed	embarrassed
en	embarassig	embarrassing
en	embarassign	embarrassing
en	embarassimg	embarrassing
en	embarassing	embarrassing
en	embarassment	embarrassment
en	embarasssing	embarrassing
en	embargos	embargoes
en	embarissing	embarrassing
en	embarras	embarrass
en	embarrased	embarrassed
en	embarrasement	embarrassment
en	embarrases	embarrassed
en	embarrasing	embarrassing
en	embarrasment	embarrassment
en	embarrasments	embarrassment
en	embarress	embarrassed
en	embarressed	embarrassed
en	embarressing	embarrassing
en	embarressment	embarrassment
en	embarrissing	embarrassing
en	embarrssing	embarrassing
en	embassay	embassy
en	embassey	embassy
en	embasssy	embassy
en	embeded	embedded
en	emberrassing	embarrassing
en	emberrassment	embarrassment
en	embezelled	embezzled
en	emblamatic	emblematic
en	embodyment	embodiment
en	embrago	embargo
en	emergancies	emergencies
en	emergencias	emergencies
en	emergend	emerged
en	emergenices	emergencies
en	emergenies	emergencies
en	emergerd	emerged
en	eminate	emanate
en	eminated	emanated
en	emipres	empires
en	emision	emission
en	emited	emitted
en	emiting	emitting
en	emition	emission
en	emmediately	immediately
en	emmigrated	emigrated
en	emminent	eminent
en	emminently	eminently
en	emmisaries	emissaries
en	emmisarries	emissaries
en	emmisarry	emissary
en	emmisary	emissary
en	emmision	emission
en	emmisions	emissions
en	emmited	emitted
en	emmiting	emitting
en	emmitted	emitted
en	emmitting	emitting
en	emnity	enmity
en	emobdiment	embodiment
en	emotionaly	emotionally
en	emotionella	emotionally
en	empahsize	emphasize
en	empahsized	emphasized
en	empahsizes	emphasizes
en	empahsizing	emphasizing
en	empahty	empathy
en	empathatic	empathetic
en	empathethic	empathetic
en	empathie	empathize
en	emperical	empirical
en	emphacized	emphasized
en	emphacizing	emphasizing
en	emphaised	emphasised
en	emphatetic	empathetic
en	emphatised	emphasized
en	emphatising	emphasizing
en	emphatize	empathize
en	emphatized	emphasized
en	emphatizes	emphasizes
en	emphatizing	emphasizing
en	emphazise	emphasize
en	emphazised	emphasized
en	emphazises	emphasizes
en	emphazising	emphasizing
en	emphesized	emphasized
en	emphesizes	emphasizes
en	emphesizing	emphasizing
en	emphetamines	amphetamines
en	emphisized	emphasized
en	emphisizes	emphasizes
en	emphsis	emphasis
en	emphysyma	emphysema
en	empiers	empires
en	empiracally	empirically
en	empirial	empirical
en	empirialism	imperialism
en	empirialist	imperialist
en	empiricaly	empirically
en	empited	emptied
en	empitness	emptiness
en	emplore	employer
en	employeer	employer
en	employeers	employees
en	employeur	employer
en	employeurs	employer
en	empolyees	employees
en	emporer	emperor
en	empries	empires
en	emprisoned	imprisoned
en	emprisonment	imprisonment
en	emtpied	emptied
en	emtpiness	emptiness
en	emtpy	empty
en	emualtion	emulation
en	emulatin	emulation
en	enahnces	enhances
en	enahncing	enhancing
en	enameld	enameled
en	encahnt	enchant
en	encahnting	enchanting
en	encalve	enclave
en	encarcerated	incarcerated
en	encarceration	incarceration
en	enceclopedia	encyclopedia
en	enchamtment	enchantment
en	enchancement	enhancement
en	enchancing	enchanting
en	enchancment	enchantment
en	enchancments	enchantments
en	enchanct	enchant
en	enchanement	enchantment
en	enchanging	enchanting
en	enchantent	enchantment
en	enchanthing	enchanting
en	enchantig	enchanting
en	enchantmant	enchantment
en	enchantmants	enchantments
en	enchantmens	enchantments
en	enchantmet	enchantments
en	enchantmets	enchantments
en	enchentments	enchantments
en	enciclopedia	encyclopedia
en	enclousre	enclosure
en	enclsoure	enclosure
en	enclycopedia	encyclopedia
en	encolsed	enclosed
en	encolsure	enclosure
en	encomapsses	encompasses
en	encompase	encompass
en	encompases	encompasses
en	encompasess	encompasses
en	encompesses	encompasses
en	enconding	encoding
en	encorporated	incorporated
en	encorporating	incorporating
en	encounted	encountered
en	encounterd	encountered
en	encounteres	encounters
en	encountred	encountered
en	encourageing	encouraging
en	encouraing	encouraging
en	encoutnered	encountered
en	encoutners	encounters
en	encription	encryption
en	encrpyt	encrypt
en	encrpyted	encrypted
en	encrpytion	encryption
en	encryptiion	encryption
en	encrytped	encrypted
en	encyclapedia	encyclopedia
en	encyclepedia	encyclopedia
en	encyclopadia	encyclopedia
en	encyclopdia	encyclopedia
en	encyclopeadia	encyclopedia
en	encyclopeadic	encyclopedia
en	encyclopeedia	encyclopedia
en	encyclopeida	encyclopedia
en	encyclopidia	encyclopedia
en	encycolpedia	encyclopedia
en	encycolpedias	encyclopedia
en	encyklopedia	encyclopedia
en	encylcopedia	encyclopedia
en	encylopedia	encyclopedia
en	encyplopedia	encyclopedia
en	encyrpt	encrypt
en	encyrpted	encrypted
en	encyrption	encryption
en	endagnering	endangering
en	endandering	endangering
en	endanged	endangered
en	endangerd	endangered
en	endevors	endeavors
en	endevour	endeavour
en	endig	ending
en	endlessley	endlessly
en	endlessy	endlessly
en	endoctrinated	indoctrinated
en	endoctrination	indoctrination
en	endolithes	endoliths
en	endorcement	endorsement
en	endorces	endorse
en	endores	endorse
en	endoresment	endorsement
en	endoresments	endorsement
en	endrose	endorse
en	enduce	induce
en	ened	need
en	enemployment	unemployment
en	energis	energies
en	enevlopes	envelopes
en	enforcees	enforces
en	enforceing	enforcing
en	enforse	enforces
en	enfringement	infringement
en	engagaments	engagements
en	engagemet	engagements
en	engagemnet	engagements
en	engagemnts	engagements
en	engagment	engagement
en	engeneer	engineer
en	engeneering	engineering
en	engeries	energies
en	engieneer	engineer
en	engieneers	engineers
en	engineed	engineered
en	engineeer	engineer
en	engineerd	engineered
en	enginer	engineer
en	enginereed	engineered
en	enginerring	engineering
en	enginnering	engineering
en	englsih	english
en	engrames	engrams
en	engramms	engrams
en	enhacning	enhancing
en	enhanceds	enhances
en	enhanse	enhances
en	enigneer	engineer
en	enitrely	entirely
en	enivitable	inevitable
en	enivronmentally	environmentally
en	enlargment	enlargement
en	enlargments	enlargements
en	enlcave	enclave
en	enlcosed	enclosed
en	enlgish	english
en	enlighment	enlighten
en	enlightend	enlightened
en	enlightended	enlightened
en	enlightenend	enlightened
en	enlightented	enlightened
en	enlightenting	enlightening
en	enlightining	enlightening
en	enlightned	enlightened
en	enlightnement	enlightenment
en	enligthen	enlighten
en	enligthened	enlightened
en	enligthening	enlightening
en	enligthenment	enlightenment
en	enlish	english
en	enlsave	enslave
en	enlsaved	enslaved
en	enourmous	enormous
en	enourmously	enormously
en	enrolement	enrollment
en	enrollemnt	enrollment
en	ensalve	enslave
en	ensalved	enslaved
en	ensconsed	ensconced
en	entaglements	entanglements
en	entartaining	entertaining
en	entbook	netbook
en	enteratinment	entertainment
en	enterity	entirety
en	enterpirse	enterprise
en	enterpirses	enterprises
en	enterpreneur	entrepreneurs
en	enterpreneurs	entrepreneurs
en	enterprenuer	entrepreneur
en	enterprenuers	entrepreneurs
en	enterpreuners	entrepreneurs
en	enterprice	enterprise
en	enterprices	enterprises
en	enterpries	enterprises
en	enterprishe	enterprises
en	enterprize	enterprise
en	enterprsie	enterprises
en	enterrpise	enterprises
en	entertaing	entertaining
en	entertainig	entertaining
en	entertainted	entertained
en	entertianment	entertainment
en	entertwined	entertained
en	enthically	ethnically
en	enthicities	ethnicities
en	enthicity	ethnicity
en	enthisiast	enthusiast
en	enthisiasts	enthusiasts
en	enthuasists	enthusiasts
en	enthuiasts	enthusiast
en	enthuisast	enthusiasts
en	enthuisasts	enthusiasts
en	enthusaists	enthusiasts
en	enthusiaists	enthusiasts
en	enthusiam	enthusiasm
en	enthusiams	enthusiasm
en	enthusiant	enthusiast
en	enthusiants	enthusiast
en	enthusiasic	enthusiastic
en	enthusiasim	enthusiasm
en	enthusiasists	enthusiasts
en	enthusiastics	enthusiasts
en	enthusiastisch	enthusiastic
en	enthusiasum	enthusiasm
en	enthusiat	enthusiast
en	enthusiatic	enthusiastic
en	enthusiats	enthusiast
en	enthusiest	enthusiast
en	enthusiests	enthusiasts
en	enthusigasm	enthusiasm
en	enthusisast	enthusiasts
en	enthusists	enthusiasts
en	enthusuastic	enthusiastic
en	entierly	entirely
en	entierty	entirety
en	entilted	entitled
en	entirelly	entirely
en	entirey	entirety
en	entirley	entirely
en	entiteld	entitled
en	entitity	entity
en	entitlied	entitled
en	entorpy	entropy
en	entoxication	intoxication
en	entrepeneur	entrepreneur
en	entrepeneurs	entrepreneurs
en	entreperneur	entrepreneurs
en	entreperure	entrepreneur
en	entrepeuner	entrepreneur
en	entrepraneurs	entrepreneurs
en	entreprenaur	entrepreneur
en	entreprenaurs	entrepreneurs
en	entreprener	entrepreneurs
en	entrepreners	entrepreneurs
en	entrepreneuer	entrepreneurs
en	entrepreneuers	entrepreneurs
en	entrepreneurers	entrepreneurs
en	entrepreneures	entrepreneurs
en	entrepreneus	entrepreneurs
en	entreprenour	entrepreneur
en	entreprenours	entrepreneurs
en	entreprenuers	entrepreneurs
en	entreprenur	entrepreneur
en	entreprenure	entrepreneurs
en	entreprenures	entrepreneurs
en	entreprenurs	entrepreneurs
en	entrepreuner	entrepreneurs
en	entrepreuners	entrepreneurs
en	entretained	entertained
en	entretaining	entertaining
en	entretainment	entertainment
en	entropay	entropy
en	entrophy	entropy
en	enveloppe	envelope
en	envelopped	envelope
en	enveloppen	envelope
en	enveloppes	envelope
en	envinroment	environments
en	enviorment	environment
en	enviormental	environmental
en	enviormentally	environmentally
en	enviorments	environments
en	enviornment	environment
en	enviornmental	environmental
en	enviornmentalist	environmentalist
en	enviornmentally	environmentally
en	enviornments	environments
en	envirnoment	environment
en	enviroment	environment
en	enviromental	environmental
en	enviromentalist	environmentalist
en	enviromentally	environmentally
en	enviroments	environments
en	enviromnent	environments
en	environemnt	environment
en	environemntal	environmental
en	environemntally	environmentally
en	environemnts	environments
en	environmentality	environmentally
en	environmentals	environments
en	environmentaly	environmentally
en	environmentl	environmentally
en	environmently	environmental
en	environmet	environments
en	environmetal	environmental
en	environmnet	environments
en	envolutionary	evolutionary
en	envrionment	environment
en	envrionmental	environmental
en	envrionmentally	environmentally
en	envrionments	environments
en	enxt	next
en	ephipany	epiphany
en	epidsodes	episodes
en	epihpany	epiphany
en	epilepsey	epilepsy
en	epilespy	epilepsy
en	epilgoue	epilogue
en	epiloge	epilogue
en	epiphanny	epiphany
en	episdoe	episode
en	episdoes	episodes
en	episonage	espionage
en	epitomie	epitome
en	epliepsy	epilepsy
en	epliogue	epilogue
en	epscially	specially
en	epsiode	episode
en	epsiodes	episodes
en	epsionage	espionage
en	epsorts	esports
en	epsresso	espresso
en	eptiome	epitome
en	eqaulity	equality
en	eqaution	equation
en	eqautions	equations
en	equailty	equality
en	equialent	equivalent
en	equiavlent	equivalents
en	equilavent	equivalent
en	equilavents	equivalents
en	equilbirium	equilibrium
en	equilevants	equivalents
en	equilibirum	equilibrium
en	equilibium	equilibrium
en	equilibriam	equilibrium
en	equilibrim	equilibrium
en	equilibruim	equilibrium
en	equilibrum	equilibrium
en	equiped	equipped
en	equippment	equipment
en	equitorial	equatorial
en	equivalance	equivalence
en	equivalant	equivalent
en	equivalants	equivalents
en	equivalenet	equivalents
en	equivalet	equivalents
en	equivallent	equivalent
en	equivalnce	equivalence
en	equivalnet	equivalents
en	equivelance	equivalence
en	equivelant	equivalent
en	equivelants	equivalents
en	equivelent	equivalent
en	equivelents	equivalents
en	equivilant	equivalent
en	equivilants	equivalents
en	equivilence	equivalence
en	equivilent	equivalent
en	equivilents	equivalents
en	equivlaent	equivalents
en	equivlalent	equivalent
en	equivlanets	equivalents
en	equivolence	equivalence
en	equivolent	equivalent
en	equivolents	equivalents
en	erally	orally
en	eratic	erratic
en	eratically	erratically
en	eraticly	erratically
en	erested	arrested
en	ermington	remington
en	erroenous	erroneous
en	erroneos	erroneous
en	errorneously	erroneously
en	errupted	erupted
en	escalatie	escalate
en	escalatin	escalation
en	escalative	escalate
en	escalato	escalation
en	escapse	escapes
en	escavation	escalation
en	escpaes	escapes
en	esctasy	ecstasy
en	esctatic	ecstatic
en	esential	essential
en	esitmate	estimate
en	esitmated	estimated
en	esitmates	estimates
en	esitmation	estimation
en	esle	else
en	eslewhere	elsewhere
en	esoterisch	esoteric
en	especailly	especially
en	especialy	especially
en	espeically	especially
en	esperate	separate
en	espianoge	espionage
en	espinoage	espionage
en	espoinage	espionage
en	esponiage	espionage
en	esporst	esports
en	esportes	esports
en	espreso	espresso
en	espressino	espresso
en	espression	espresso
en	espressso	espresso
en	esprots	esports
en	essencial	essential
en	essencially	essentially
en	essencials	essentials
en	essense	essence
en	essensials	essentials
en	essentail	essential
en	essentailly	essentially
en	essentails	essentials
en	essentialls	essentials
en	essentialy	essentially
en	essentias	essentials
en	essentiels	essentials
en	essentual	essential
en	essentually	essentially
en	essentuals	essentials
en	essesital	essential
en	estabilshment	establishments
en	estabishes	establishes
en	establishemnt	establishments
en	establishmet	establishments
en	establishmnet	establishments
en	establising	establishing
en	establsihment	establishments
en	estbalishment	establishments
en	estiamte	estimate
en	estiamted	estimated
en	estiamtes	estimates
en	estimacion	estimation
en	estimatin	estimation
en	estimativo	estimation
en	estination	estimation
en	estoeric	esoteric
en	estonija	estonia
en	estoniya	estonia
en	ethcially	ethically
en	etherael	ethereal
en	etherel	ethereal
en	etherent	ethernet
en	ethicallity	ethically
en	ethicallly	ethically
en	ethicaly	ethically
en	ethincally	ethnically
en	ethincities	ethnicities
en	ethincity	ethnicity
en	ethnaol	ethanol
en	ethnicaly	ethnically
en	ethnicites	ethnicities
en	ethnicitiy	ethnicity
en	ethniticies	ethnicities
en	ethniticy	ethnicity
en	ethnocentricm	ethnocentrism
en	ethose	those
en	etiquete	etiquette
en	etmyology	etymology
en	etrailer	retailer
en	euclidian	euclidean
en	eugencis	eugenics
en	eugneics	eugenics
en	euhporia	euphoria
en	euhporic	euphoric
en	euorpean	european
en	euorpeans	europeans
en	euphoira	euphoria
en	euphora	euphoria
en	euphoriac	euphoric
en	euphorica	euphoria
en	euphorical	euphoria
en	euphorisch	euphoric
en	euphroia	euphoria
en	euphroic	euphoric
en	europeaners	europeans
en	europeaness	europeans
en	europen	european
en	europenas	europeans
en	europian	european
en	europians	europeans
en	eurpean	european
en	eurpoean	european
en	eurpoeans	europeans
en	euthanaisa	euthanasia
en	euthanazia	euthanasia
en	euthanesia	euthanasia
en	evaluacion	evaluation
en	evaluatiing	evaluating
en	evaluationg	evaluating
en	evalutaion	evaluation
en	evangalical	evangelical
en	evangelia	evangelical
en	evangelikal	evangelical
en	evangers	avengers
en	evaulating	evaluating
en	evaulation	evaluation
en	evelation	elevation
en	evelutionary	evolutionary
en	evengalical	evangelical
en	evenhtually	eventually
en	evenlopes	envelopes
en	eventally	eventually
en	eventaully	eventually
en	eventially	eventually
en	eventualy	eventually
en	everets	everest
en	everset	everest
en	everthing	everything
en	evertyime	everytime
en	everwhere	everywhere
en	everyoens	everyones
en	everyonehas	everyones
en	everyoneis	everyones
en	everyonelse	everyones
en	everyons	everyones
en	everyteim	everytime
en	everytiem	everytime
en	everyting	everything
en	eveyr	every
en	eveyrones	everyones
en	evidencd	evidenced
en	evidende	evidenced
en	evidentally	evidently
en	evloved	evolved
en	evloves	evolves
en	evloving	evolving
en	evolutionairy	evolutionary
en	evolutionarilly	evolutionary
en	evolutionarly	evolutionary
en	evolutionnary	evolutionary
en	evolveds	evolves
en	evolveos	evolves
en	evovled	evolved
en	evovles	evolves
en	evovling	evolving
en	evreyones	everyones
en	evreytime	everytime
en	exacarbated	exacerbated
en	exacberate	exacerbated
en	exacberated	exacerbated
en	exaclty	exactly
en	exagerate	exaggerate
en	exagerated	exaggerated
en	exagerates	exaggerates
en	exagerating	exaggerating
en	exagerrate	exaggerate
en	exagerrated	exaggerated
en	exagerrates	exaggerates
en	exagerrating	exaggerating
en	exaggarate	exaggerate
en	exaggarated	exaggerated
en	exaggarating	exaggerating
en	exaggaration	exaggeration
en	exaggareted	exaggerate
en	exaggeratin	exaggeration
en	exaggeratted	exaggerated
en	exaggeratting	exaggerating
en	exaggerrate	exaggerate
en	exaggurate	exaggerate
en	exaggurated	exaggerated
en	exaggurating	exaggerating
en	exagguration	exaggeration
en	exahust	exhaust
en	exahusted	exhausted
en	exahusting	exhausting
en	exahustion	exhaustion
en	examinated	examined
en	examind	examined
en	examinerad	examined
en	exampt	exempt
en	exapansion	expansion
en	exapnds	expands
en	exapnsions	expansions
en	exapnsive	expansive
en	exarcebated	exacerbated
en	exatled	exalted
en	exauhsted	exhausted
en	exauhsting	exhausting
en	exauhstion	exhaustion
en	excact	exact
en	excahnges	exchanges
en	excalmation	exclamation
en	excange	exchange
en	excatly	exactly
en	excecute	execute
en	excecuted	executed
en	excecutes	executes
en	excecuting	executing
en	excecution	execution
en	excedded	exceeded
en	exceedigly	exceedingly
en	exceedinly	exceedingly
en	excelent	excellent
en	excell	excel
en	excellance	excellence
en	excellant	excellent
en	excellenet	excellence
en	excellenze	excellence
en	excells	excels
en	excepcional	exceptional
en	exceprt	excerpt
en	exceptin	exceptions
en	exceptionaly	exceptionally
en	exceptionel	exceptional
en	exceptionnal	exceptional
en	excercise	exercise
en	excerise	exercise
en	excerised	exercised
en	excerises	exercises
en	excerising	exercising
en	excessivley	excessively
en	excessivly	excessively
en	exceuting	executing
en	exceutioner	executioner
en	exchanching	exchanging
en	exchangees	exchanges
en	exchnages	exchanges
en	excisted	existed
en	excitiment	excitement
en	exclamacion	exclamation
en	exclamating	exclamation
en	exclamativo	exclamation
en	exclemation	exclamation
en	exclimation	exclamation
en	exclsuive	exclusive
en	exclsuives	exclusives
en	exclucivity	exclusivity
en	excludeds	excludes
en	excluse	excludes
en	exclusie	exclusives
en	exclusivas	exclusives
en	exclusiveity	exclusivity
en	exclusivelly	exclusively
en	exclusivety	exclusivity
en	exclusivily	exclusivity
en	exclusivitiy	exclusivity
en	exclusivley	exclusively
en	exclusivly	exclusively
en	exclusivos	exclusives
en	exclusivs	exclusives
en	exclusivty	exclusivity
en	exclusivy	exclusivity
en	exclussive	exclusives
en	exclusvies	exclusives
en	excorciating	excruciating
en	excpetion	exception
en	excpetional	exceptional
en	excpetionally	exceptionally
en	excpetions	exceptions
en	excrept	excerpt
en	excrusiating	excruciating
en	exculde	exclude
en	exculded	excluded
en	exculdes	excludes
en	exculding	excluding
en	exculsion	exclusion
en	exculsive	exclusive
en	exculsively	exclusively
en	exculsives	exclusives
en	exculsivity	exclusivity
en	exculsivly	exclusively
en	excurciating	excruciating
en	execising	exercising
en	execitioner	executioner
en	execption	exception
en	execptional	exceptional
en	execptions	exceptions
en	exection	execution
en	exectuable	executable
en	exectuables	executable
en	exectued	executed
en	exectuing	executing
en	exectuion	execution
en	exectuioner	executioner
en	exectuioners	executioner
en	exectuions	executions
en	exectuive	executive
en	exectuives	executives
en	execusions	executions
en	executabe	executable
en	executabil	executable
en	executible	executable
en	executie	executive
en	executin	execution
en	executiner	executioner
en	executings	executions
en	executionar	executioner
en	executioneer	executioner
en	executioneers	executioner
en	executionees	executions
en	executioness	executions
en	executionier	executioner
en	executionner	executioner
en	executionor	executioner
en	executivas	executives
en	exeedingly	exceedingly
en	exeggerating	exaggerating
en	exeggeration	exaggeration
en	exelent	excellent
en	exellent	excellent
en	exemple	example
en	exepmtion	exemption
en	exepmtions	exemptions
en	exept	except
en	exeptional	exceptional
en	exerbate	exacerbate
en	exerbated	exacerbated
en	exercices	exercise
en	exercicing	exercising
en	exercide	exercised
en	exercies	exercise
en	exerciese	exercises
en	exerciseing	exercising
en	exercizes	exercise
en	exercizing	exercising
en	exerpt	excerpt
en	exerpts	excerpts
en	exersice	exercise
en	exersices	exercises
en	exersicing	exercising
en	exersising	exercising
en	exersize	exercise
en	exersizing	exercising
en	exerternal	external
en	exeuctioner	executioner
en	exeuctions	executions
en	exhalted	exalted
en	exhasut	exhaust
en	exhasuted	exhausted
en	exhasuting	exhausting
en	exhasution	exhaustion
en	exhaustin	exhaustion
en	exhaustivo	exhaustion
en	exhaustn	exhaustion
en	exhausto	exhaustion
en	exhibicion	exhibition
en	exhibites	exhibits
en	exhibitin	exhibition
en	exhibitons	exhibits
en	exhibtion	exhibition
en	exhuast	exhaust
en	exhuasted	exhausted
en	exhuasting	exhausting
en	exhuastion	exhaustion
en	exibition	exhibition
en	exibitions	exhibitions
en	exictement	excitement
en	exicting	exciting
en	exinct	extinct
en	exipration	expiration
en	exising	existing
en	exisitng	existing
en	existance	existence
en	existane	existence
en	existant	existent
en	existantes	existent
en	existantial	existential
en	existencial	existential
en	existend	existed
en	existenial	existential
en	existensial	existential
en	existenta	existential
en	existental	existential
en	existentiel	existential
en	existentiella	existential
en	existet	existent
en	existince	existence
en	existnace	existence
en	exlated	exalted
en	exlcamation	exclamation
en	exlcude	exclude
en	exlcuded	excluded
en	exlcudes	excludes
en	exlcuding	excluding
en	exlcusion	exclusion
en	exlcusive	exclusive
en	exlcusively	exclusively
en	exlcusives	exclusives
en	exlcusivity	exclusivity
en	exliled	exiled
en	exlpoding	exploding
en	exlporer	explorer
en	exlporers	explorers
en	exlposion	explosion
en	exludes	excludes
en	exmaple	example
en	exoitcs	exotics
en	exonorate	exonerate
en	exorbatant	exorbitant
en	exorbatent	exorbitant
en	exorbidant	exorbitant
en	exorbirant	exorbitant
en	exorbitent	exorbitant
en	exoskelaton	exoskeleton
en	exoticas	exotics
en	exoticos	exotics
en	expalin	explain
en	expalined	explained
en	expalining	explaining
en	expalins	explains
en	expandas	expands
en	expandes	expands
en	expanisons	expansions
en	expanisve	expansive
en	expansie	expansive
en	expansiones	expansions
en	expansivos	expansions
en	expanssion	expansions
en	expantions	expansions
en	expatriot	expatriate
en	expeced	expected
en	expecially	especially
en	expectaion	expectation
en	expectansy	expectancy
en	expectantcy	expectancy
en	expectany	expectancy
en	expectating	expectation
en	expectency	expectancy
en	expectes	expects
en	expection	exception
en	expectional	exceptional
en	expectionally	exceptionally
en	expections	exceptions
en	expectus	expects
en	expedetion	expedition
en	expedicion	expedition
en	expeditivo	expedition
en	expedito	expedition
en	expeditonary	expeditionary
en	expeiments	experiments
en	expell	expel
en	expells	expels
en	expemtion	exemption
en	expemtions	exemptions
en	expences	expense
en	expendature	expenditure
en	expendatures	expenditures
en	expendeble	expendable
en	expendeture	expenditure
en	expendetures	expenditures
en	expendible	expendable
en	expensable	expendable
en	expensie	expense
en	expensve	expense
en	expentancy	expectancy
en	expentiture	expenditure
en	expentitures	expenditures
en	experamental	experimental
en	expereince	experience
en	expereinced	experienced
en	expereinces	experiences
en	expereincing	experiencing
en	experement	experiment
en	experemental	experimental
en	experementation	experimentation
en	experementing	experimenting
en	experements	experiments
en	experiance	experience
en	experianced	experienced
en	experiances	experiences
en	experiancing	experiencing
en	experieced	experienced
en	experieces	experiences
en	experiemnt	experiment
en	experiemntal	experimental
en	experiemnted	experimented
en	experiemnts	experiments
en	experienceing	experiencing
en	experiened	experienced
en	experiening	experiencing
en	experiense	experiences
en	experimantal	experimental
en	experimantation	experimentation
en	experimentacion	experimentation
en	experimentaion	experimentation
en	experimentais	experiments
en	experimentan	experimentation
en	experimentating	experimentation
en	experimentella	experimental
en	experimenterade	experimented
en	experimentes	experiments
en	experimention	experimenting
en	experimentle	experimented
en	experimentors	experiments
en	experimentos	experiments
en	experimentul	experimental
en	experimet	experiments
en	experimetal	experimental
en	experimeted	experimented
en	experimintation	experimentation
en	expermient	experiments
en	experssion	expression
en	experssions	expressions
en	expertas	experts
en	expertis	experts
en	expertos	experts
en	expextancy	expectancy
en	expidentures	expenditures
en	expidetion	expedition
en	expiditions	expeditions
en	expierence	experience
en	expierenced	experienced
en	expierences	experiences
en	expierencing	experiencing
en	expiers	expires
en	expination	expiration
en	expireds	expires
en	expirement	experiment
en	expiremental	experimental
en	expirementation	experimentation
en	expiremented	experimented
en	expirementing	experimenting
en	expirements	experiments
en	explaination	explanation
en	explaind	explained
en	explaines	explains
en	explaing	explaining
en	explainging	explaining
en	explainig	explaining
en	explaintory	explanatory
en	explanaiton	explanations
en	explanatin	explanations
en	explanetary	explanatory
en	explanetory	explanatory
en	explaning	explaining
en	explanitary	explanatory
en	explanotory	explanatory
en	explenation	explanation
en	explenations	explanations
en	explenatory	explanatory
en	explicatia	explicit
en	explicatie	explicit
en	explicatif	explicit
en	explicatii	explicit
en	explicetly	explicitly
en	expliciet	explicit
en	explicilty	explicitly
en	explicitely	explicitly
en	explicitily	explicitly
en	explicity	explicitly
en	explict	explicit
en	explictly	explicitly
en	explination	explanation
en	explinatory	explanatory
en	expliot	exploit
en	expliotation	exploitation
en	explioted	exploited
en	explioting	exploiting
en	expliots	exploits
en	explodeds	explodes
en	explodie	explode
en	explods	explodes
en	exploiding	exploiting
en	exploint	exploit
en	exploitaion	exploitation
en	exploitaiton	exploitation
en	exploitatie	exploitative
en	exploitating	exploitation
en	exploites	exploits
en	exploition	exploiting
en	exploititive	exploitative
en	explonation	exploration
en	exploracion	exploration
en	explorare	explorer
en	explorarea	explorer
en	explorating	exploration
en	explorerers	explorers
en	exploreres	explorers
en	explortation	exploitation
en	explose	explodes
en	explosie	explosive
en	explosin	explosions
en	explosiones	explosions
en	explosivas	explosives
en	explossion	explosions
en	explossive	explosives
en	explosvies	explosives
en	explotacion	exploration
en	exploted	explode
en	explotiation	exploitation
en	explotiative	exploitative
en	explotied	exploited
en	explotions	explosions
en	explusions	explosions
en	expoch	epoch
en	expodential	exponential
en	expodentially	exponentially
en	expodition	exposition
en	expolde	explode
en	expoldes	explodes
en	expolding	exploding
en	expolit	exploit
en	expolitation	exploitation
en	expolitative	exploitative
en	expolited	exploited
en	expoliting	exploiting
en	expolits	exploits
en	expolsion	explosion
en	expolsions	explosions
en	expolsive	explosive
en	expolsives	explosives
en	exponantial	exponential
en	exponantially	exponentially
en	exponencial	exponential
en	exponencially	exponentially
en	exponental	exponential
en	exponentialy	exponentially
en	exponentiel	exponential
en	exponentiella	exponential
en	exportas	exports
en	exportes	exports
en	exportfs	exports
en	exposees	exposes
en	exposicion	exposition
en	expositivo	exposition
en	exposito	exposition
en	exposse	exposes
en	expotition	exposition
en	exprensive	expressive
en	expresions	expression
en	expresison	expressions
en	expresscoin	expression
en	expresse	expressive
en	expressens	expresses
en	expressie	expressive
en	expressief	expressive
en	expressin	expression
en	expressivos	expressions
en	expressley	expressly
en	expresss	expresses
en	expresssive	expressive
en	expressview	expressive
en	expressy	expressly
en	expriation	expiration
en	expries	expires
en	exprimental	experimental
en	expropiated	expropriated
en	expropiation	expropriation
en	exracts	extracts
en	exressed	expressed
en	exsitance	existence
en	exsited	existed
en	exsitent	existent
en	exsiting	existing
en	extactly	exactly
en	extemely	extremely
en	extendes	extends
en	extendos	extends
en	extenion	extension
en	extensie	extensive
en	extensiones	extensions
en	extensis	extensions
en	extensivelly	extensively
en	extensivley	extensively
en	extensivly	extensively
en	extention	extension
en	extentions	extensions
en	extered	exerted
en	exterioara	exterior
en	exterioare	exterior
en	exteriour	exterior
en	extermally	externally
en	exterme	extreme
en	extermely	extremely
en	extermism	extremism
en	extermist	extremist
en	extermists	extremists
en	externaly	externally
en	extint	extinct
en	extoics	exotics
en	extortin	extortion
en	extraccion	extraction
en	extractin	extraction
en	extractivo	extraction
en	extractnow	extraction
en	extracto	extraction
en	extradiction	extradition
en	extradtion	extraction
en	extragavant	extravagant
en	extraodrinarily	extraordinarily
en	extraodrinary	extraordinary
en	extraordianry	extraordinary
en	extraordiary	extraordinary
en	extraordinair	extraordinary
en	extraordinairily	extraordinarily
en	extraordinairly	extraordinarily
en	extraordinairy	extraordinary
en	extraordinaly	extraordinary
en	extraordinarely	extraordinarily
en	extraordinarilly	extraordinary
en	extraordinarly	extraordinary
en	extraordinaryly	extraordinarily
en	extraordinay	extraordinary
en	extraoridnary	extraordinary
en	extrapalate	extrapolate
en	extraploate	extrapolate
en	extrapolant	extrapolate
en	extrapolare	extrapolate
en	extrapole	extrapolate
en	extrapolerat	extrapolate
en	extrapolite	extrapolate
en	extrapoloate	extrapolate
en	extrapulate	extrapolate
en	extraterrestial	extraterrestrial
en	extraterrestials	extraterrestrials
en	extravagent	extravagant
en	extravagina	extravagant
en	extravegant	extravagant
en	extravigant	extravagant
en	extravogant	extravagant
en	extreem	extreme
en	extreemly	extremely
en	extreems	extremes
en	extremaste	extremes
en	extremeley	extremely
en	extremelly	extremely
en	extrememly	extremely
en	extremeophile	extremophile
en	extremers	extremes
en	extremests	extremists
en	extremised	extremes
en	extremisim	extremism
en	extremisme	extremes
en	extremistas	extremists
en	extremiste	extremes
en	extremistes	extremists
en	extremistisk	extremists
en	extremley	extremely
en	extremly	extremely
en	extrems	extremes
en	extrenally	externally
en	extrimists	extremists
en	extroardinarily	extraordinarily
en	extroardinary	extraordinary
en	extropolate	extrapolate
en	extrordinarily	extraordinarily
en	extrordinary	extraordinary
en	extrotion	extortion
en	extruciating	excruciating
en	eyar	year
en	eyars	years
en	eyasr	years
en	eyeballers	eyeballs
en	eyeballls	eyeballs
en	eyebals	eyeballs
en	eyebros	eyebrows
en	eyebrowes	eyebrows
en	eyebrowns	eyebrows
en	eyesahdow	eyeshadow
en	eyeshdaow	eyeshadow
en	eygptian	egyptian
en	eygptians	egyptians
en	eytmology	etymology
en	fabircation	fabrication
en	faboulus	fabulous
en	fabriacted	fabricated
en	fabricacion	fabrication
en	fabricas	fabrics
en	fabricatie	fabricated
en	fabrices	fabrics
en	fabricus	fabrics
en	fabrikation	fabrication
en	fabulos	fabulous
en	facebok	facebook
en	faceboook	facebook
en	facepam	facepalm
en	faceplam	facepalm
en	faciliate	facilitate
en	faciliated	facilitated
en	facilisi	facilities
en	facilitait	facilitate
en	facilitant	facilitate
en	facilitare	facilitate
en	facilitarte	facilitate
en	facilitatile	facilitate
en	facilites	facilities
en	facilitiate	facilitate
en	facilitiy	facility
en	facillitate	facilitate
en	faciltiy	facility
en	facinated	fascinated
en	facisnated	fascinated
en	facisnation	fascination
en	facist	fascist
en	facitilies	facilities
en	faclons	falcons
en	facsinated	fascinated
en	facsination	fascination
en	facsism	fascism
en	facsist	fascist
en	facsists	fascists
en	factores	factors
en	factorys	factors
en	factuallity	factually
en	factualy	factually
en	facutally	factually
en	faggotts	faggots
en	faggotus	faggots
en	fahernheit	fahrenheit
en	fahrenheight	fahrenheit
en	fahrenhiet	fahrenheit
en	failurs	failures
en	faincee	fiancee
en	falcones	falcons
en	falesly	falsely
en	falgship	flagship
en	falired	flaired
en	faliures	failures
en	fallatious	fallacious
en	fallicious	fallacious
en	falmethrower	flamethrower
en	falseley	falsely
en	falshbacks	flashbacks
en	falshed	flashed
en	falshes	flashes
en	falshing	flashing
en	falsley	falsely
en	falvored	flavored
en	falvors	flavors
en	falvours	flavours
en	familair	familiar
en	familairity	familiarity
en	familairize	familiarize
en	familes	families
en	familiair	familiar
en	familiare	familiarize
en	familiaries	familiarize
en	familiarizate	familiarize
en	familiarlize	familiarize
en	familiarty	familiarity
en	familiary	familiarity
en	familiarze	familiarize
en	familierize	familiarize
en	familliar	familiar
en	famoulsy	famously
en	famoust	famous
en	famousy	famously
en	fanaticals	fanatics
en	fanaticas	fanatics
en	fanaticos	fanatics
en	fanaticus	fanatics
en	fanatism	fanaticism
en	fanatsic	fanatics
en	fanatsies	fantasies
en	fanatsize	fantasize
en	fanatsizing	fantasizing
en	fanatsy	fantasy
en	fandation	foundation
en	fanfaction	fanfiction
en	fanfcition	fanfiction
en	fanficiton	fanfiction
en	fanficitons	fanfiction
en	fanserivce	fanservice
en	fanserve	fanservice
en	fanservie	fanservice
en	fanservise	fanservice
en	fanservive	fanservice
en	fanslaughter	manslaughter
en	fantacising	fantasizing
en	fantacizing	fantasizing
en	fantaic	fanatic
en	fantasazing	fantasizing
en	fantasiaing	fantasizing
en	fantasiose	fantasies
en	fantasitcally	fantastically
en	fantasmically	fantastically
en	fantasticaly	fantastically
en	fantasticlly	fantastically
en	fantasty	fantasy
en	fantasyzing	fantasizing
en	fantazise	fantasize
en	fantazising	fantasizing
en	fantistically	fantastically
en	faoming	foaming
en	faptastically	fantastically
en	farcking	fracking
en	farehnheit	fahrenheit
en	farenheit	fahrenheit
en	farhenheit	fahrenheit
en	fascianted	fascinated
en	fascinacion	fascination
en	fascinatie	fascinated
en	fascinatin	fascination
en	fascinatinf	fascination
en	fascisation	fascination
en	fascisim	fascism
en	fascistes	fascists
en	fascistisk	fascists
en	fascits	fascist
en	fascization	fascination
en	fashionalbe	fashionable
en	fashionalble	fashionable
en	fashiond	fashioned
en	fashoinable	fashionable
en	fashoined	fashioned
en	fasicsm	fascism
en	fasicst	fascist
en	fasicsts	fascists
en	faslely	falsely
en	fatalaties	fatalities
en	fatalitites	fatalities
en	fatc	fact
en	fatigure	fatigue
en	fatiuge	fatigue
en	faught	fought
en	favoritisme	favorites
en	favorits	favorites
en	favorties	favorites
en	favoruite	favourite
en	favoruites	favourites
en	favourates	favourites
en	favourie	favourites
en	favourits	favourites
en	favouritsm	favourites
en	favourtie	favourite
en	favourties	favourites
en	favoutrable	favourable
en	feasable	feasible
en	feasbile	feasible
en	febraury	february
en	februray	february
en	febuary	february
en	feburary	february
en	fecthed	fetched
en	fecthes	fetches
en	federacion	federation
en	federativo	federation
en	fedility	fidelity
en	fedorahs	fedoras
en	fedorans	fedoras
en	fedreally	federally
en	feilding	fielding
en	feisable	feasible
en	feitshes	fetishes
en	fellowhsip	fellowship
en	fellowshop	fellowship
en	feltcher	fletcher
en	felxibility	flexibility
en	felxible	flexible
en	feminen	feminine
en	feminie	feminine
en	feminim	feminism
en	feminimity	femininity
en	feminint	femininity
en	feminisim	feminism
en	feministas	feminists
en	feministers	feminists
en	feministisk	feminists
en	feminitity	femininity
en	feminsim	feminism
en	feminsits	feminists
en	femminist	feminist
en	feodras	fedoras
en	fermantation	fermentation
en	fermentacion	fermentation
en	fermentaion	fermentation
en	fermentaiton	fermentation
en	fermentating	fermentation
en	fermentato	fermentation
en	fermenterad	fermented
en	fermintation	fermentation
en	feromone	pheromone
en	fertalizer	fertilizer
en	fertelizer	fertilizer
en	fertilizar	fertilizer
en	fertilizier	fertilizer
en	fertily	fertility
en	fertilzier	fertilizer
en	fertiziler	fertilizer
en	fertizilers	fertilizer
en	fesiable	feasible
en	fesitvals	festivals
en	fesitve	festive
en	festivalens	festivals
en	festivales	festivals
en	festivas	festivals
en	festivle	festive
en	fethced	fetched
en	fethces	fetches
en	fetishers	fetishes
en	fetishiste	fetishes
en	fetishs	fetishes
en	fianite	finite
en	fianlly	finally
en	ficticious	fictitious
en	fictionaries	dictionaries
en	fictious	fictitious
en	fideling	fielding
en	fideltiy	fidelity
en	fidn	find
en	fiedling	fielding
en	fiedlity	fidelity
en	fiels	fields
en	fiercly	fiercely
en	fighitng	fighting
en	fightings	fighting
en	fignernails	fingernails
en	fignerprint	fingerprint
en	figthing	fighting
en	figuartively	figuratively
en	figuratevely	figuratively
en	figurativeley	figuratively
en	figurativelly	figuratively
en	figurativley	figuratively
en	figurativly	figuratively
en	figuretively	figuratively
en	figuritively	figuratively
en	filcker	flicker
en	fileding	fielding
en	filessytem	filesystem
en	filesytems	filesystem
en	filetimes	lifetimes
en	filiament	filament
en	filmamkers	filmmakers
en	filmmakare	filmmakers
en	filmmakes	filmmakers
en	filpped	flipped
en	filterd	filtered
en	fimilies	families
en	finacee	fiancee
en	finacial	financial
en	finallizes	finalizes
en	finaly	finally
en	financialy	financially
en	finanically	financially
en	finantially	financially
en	fineses	finesse
en	fineshes	finesse
en	fingernal	fingernails
en	fingernals	fingernails
en	fingerpies	fingertips
en	fingerpint	fingerprint
en	fingerpints	fingertips
en	fingerpoint	fingerprint
en	fingerpoints	fingerprints
en	fingersi	fingertips
en	fingertaps	fingertips
en	fingertits	fingertips
en	fingertops	fingertips
en	fingertrips	fingertips
en	fininsh	finnish
en	finishs	finishes
en	finisse	finishes
en	finnisch	finnish
en	finnsih	finnish
en	finsihes	finishes
en	fireballls	fireballs
en	firebals	fireballs
en	firefigher	firefighter
en	firefighers	firefighters
en	firefigter	firefighter
en	firefigther	firefighters
en	firefigthers	firefighters
en	firendlies	friendlies
en	firendly	friendly
en	firends	friends
en	firendzoned	friendzoned
en	firggin	friggin
en	firghtened	frightened
en	firghtening	frightening
en	firmwear	firmware
en	firsbee	frisbee
en	firslty	firstly
en	firts	flirts
en	firtsly	firstly
en	firwmare	firmware
en	fisionable	fissionable
en	fitlers	filters
en	flacons	falcons
en	flaghsip	flagship
en	flahsed	flashed
en	flahses	flashes
en	flamable	flammable
en	flamethorwer	flamethrower
en	flametrhower	flamethrower
en	flanethrower	flamethrower
en	flaried	flaired
en	flasely	falsely
en	flasghip	flagship
en	flashig	flashing
en	flashligt	flashlight
en	flashligth	flashlight
en	flaskbacks	flashbacks
en	flatterd	flattered
en	flatterende	flattered
en	flatteur	flatter
en	flattire	flatter
en	flavorade	flavored
en	flavord	flavored
en	flavores	flavors
en	flavoures	flavours
en	flavourus	flavours
en	flavous	flavours
en	flawess	flawless
en	flawleslly	flawlessly
en	flawlessely	flawlessly
en	flawlessley	flawlessly
en	flawlessy	flawlessly
en	flciker	flicker
en	flechter	fletcher
en	flecther	fletcher
en	fleed	fled
en	flemmish	flemish
en	flethcer	fletcher
en	flexbile	flexible
en	flexibel	flexible
en	flexibiliy	flexibility
en	flexibillity	flexibility
en	flexibiltiy	flexibility
en	flexibilty	flexibility
en	flexibily	flexibility
en	flimmakers	filmmakers
en	flippade	flipped
en	flitered	filtered
en	fliters	filters
en	flordia	florida
en	florecen	florence
en	florene	florence
en	floridia	florida
en	floruide	fluoride
en	floruish	flourish
en	flourescent	fluorescent
en	flourine	fluorine
en	flourishment	flourishing
en	floursih	flourish
en	fluctaute	fluctuate
en	fluctiations	fluctuations
en	fluctuatie	fluctuate
en	fluctuaties	fluctuate
en	fluctuatin	fluctuations
en	fluctuative	fluctuate
en	flucutate	fluctuate
en	flucutations	fluctuations
en	fluorish	flourish
en	fluroide	fluoride
en	flutterhsy	fluttershy
en	fluttersky	fluttershy
en	flutterspy	fluttershy
en	fluttersy	fluttershy
en	flutteryshy	fluttershy
en	fluxtuations	fluctuations
en	fnaatic	fanatic
en	follwoing	following
en	folowing	following
en	fomaing	foaming
en	fomed	formed
en	fomr	from
en	fondamentalist	fundamentalist
en	fondamentalists	fundamentalists
en	fonetic	phonetic
en	fontrier	fontier
en	foootball	football
en	forasken	forsaken
en	forbiden	forbidden
en	forcefullly	forcefully
en	forcefuly	forcefully
en	forcibley	forcibly
en	forciblly	forcibly
en	forcifully	forcefully
en	foreamrs	forearms
en	forearmes	forearms
en	forecfully	forcefully
en	forefit	forfeit
en	foregin	foreign
en	foreginer	foreigner
en	foreginers	foreigners
en	foregorund	foreground
en	foregroud	foreground
en	foreignese	foreigners
en	foreigness	foreigners
en	foreignors	foreigners
en	foreing	foreign
en	foreinger	foreigner
en	foreingers	foreigners
en	foreksin	foreskin
en	forenics	forensic
en	forenisc	forensic
en	forensisch	forensic
en	foreseaable	foreseeable
en	foreseeble	foreseeable
en	foreshadowning	foreshadowing
en	foresnic	forensic
en	foresseable	foreseeable
en	foreward	foreword
en	forfiet	forfeit
en	forgeiner	foreigner
en	forgeiners	foreigners
en	forgettting	forgetting
en	forgiener	foreigner
en	forgieners	foreigners
en	forgivance	forgiven
en	forgivenness	forgiveness
en	forgivens	forgiveness
en	forgivenss	forgiveness
en	forgiviness	forgiveness
en	forgotting	forgetting
en	forhead	forehead
en	foricbly	forcibly
en	foriegn	foreign
en	foriegner	foreigner
en	foriegners	foreigners
en	forigener	foreigner
en	forigven	forgiven
en	formadible	formidable
en	formalhaut	fomalhaut
en	formallity	formally
en	formallize	formalize
en	formallized	formalized
en	formaly	formally
en	formatiing	formatting
en	formatin	formation
en	formatings	formations
en	formativos	formations
en	formattting	formatting
en	formelly	formerly
en	formerlly	formerly
en	formery	formerly
en	formidabble	formidable
en	formidabel	formidable
en	formidabelt	formidable
en	formidabil	formidable
en	formidabile	formidable
en	formidible	formidable
en	forminable	formidable
en	formitable	formidable
en	formost	foremost
en	formual	formula
en	formuals	formulas
en	formualte	formulate
en	formuladas	formulas
en	formulados	formulas
en	formulaes	formulas
en	formulars	formulas
en	formuls	formulas
en	fornesic	forensic
en	forntline	frontline
en	forntpage	frontpage
en	forresst	forrest
en	forrset	forrest
en	forsakn	forsaken
en	forsane	forsaken
en	forsaw	foresaw
en	forseeable	foreseeable
en	forsekan	forsaken
en	forsekin	foreskin
en	forsenic	forensic
en	forskaen	forsaken
en	forsting	frosting
en	fortelling	foretelling
en	fortitudine	fortitude
en	fortitue	fortitude
en	fortuante	fortunate
en	fortuantely	fortunately
en	fortunae	fortune
en	fortunantly	fortunately
en	fortunatelly	fortunately
en	fortunatley	fortunately
en	fortunatly	fortunately
en	fortunetely	fortunately
en	fortunetly	fortunately
en	fortunte	fortune
en	forumla	formula
en	forumlas	formulas
en	forumlate	formulate
en	forunner	forerunner
en	fossiles	fossils
en	fossilis	fossils
en	foucs	focus
en	foudn	found
en	fougth	fought
en	foundaiton	foundations
en	foundaries	foundries
en	foundary	foundry
en	foundatin	foundations
en	foundatoin	foundations
en	fountan	fountain
en	fountian	fountain
en	fourteeen	fourteen
en	fourten	fourteen
en	fourties	forties
en	fourty	forty
en	fouth	fourth
en	foward	forward
en	fowrards	forwards
en	frackign	fracking
en	fractalers	fractals
en	fractales	fractals
en	fractalis	fractals
en	fractalius	fractals
en	fractalpus	fractals
en	fractalus	fractals
en	fracter	fracture
en	fracturare	fracture
en	fragement	fragment
en	fragmanted	fragment
en	fragmenot	fragment
en	fragmet	fragment
en	framethrower	flamethrower
en	framgent	fragment
en	francaises	franchises
en	franches	franchise
en	franchices	franchises
en	franchie	franchises
en	franchies	franchise
en	franchieses	franchises
en	franchines	franchises
en	franchizes	franchises
en	franchsies	franchises
en	franciso	francisco
en	francsico	francisco
en	frankensite	frankenstein
en	frankenstain	frankenstein
en	frankensteen	frankenstein
en	frankensten	frankenstein
en	frankenstiens	frankenstein
en	frankenstine	frankenstein
en	frankenstined	frankenstein
en	frankenstiner	frankenstein
en	frankenstines	frankenstein
en	frankiln	franklin
en	frankinstein	frankenstein
en	franlkin	franklin
en	franscico	francisco
en	fransiscan	franciscan
en	fransiscans	franciscans
en	franticaly	frantically
en	franticlly	frantically
en	fraternaty	fraternity
en	fraternety	fraternity
en	fraterntiy	fraternity
en	fraturnity	fraternity
en	fraudalent	fraudulent
en	fraudelant	fraudulent
en	fraudelent	fraudulent
en	fraudolent	fraudulent
en	fraudulant	fraudulent
en	freckels	freckles
en	frecklers	freckles
en	freedomers	freedoms
en	freedomes	freedoms
en	freedomest	freedoms
en	freedos	freedoms
en	freestlye	freestyle
en	freesytle	freestyle
en	freind	friend
en	freindlies	friendlies
en	freindly	friendly
en	freinds	friends
en	freindship	friendship
en	freindships	friendships
en	freindzoned	friendzoned
en	frementation	fermentation
en	fremented	fermented
en	freqency	frequency
en	freqeuncy	frequency
en	frequence	frequencies
en	frequencey	frequency
en	frequenices	frequencies
en	frequensies	frequencies
en	frequenties	frequencies
en	frequentily	frequently
en	frequeny	frequency
en	frequenzies	frequencies
en	friednship	friendships
en	friednzone	friendzoned
en	friendboned	friendzoned
en	friendhsip	friendship
en	friendle	friendlies
en	friendlines	friendlies
en	friendlis	friendlies
en	friendsi	friendlies
en	friendsies	friendlies
en	friendzies	friendlies
en	friendzond	friendzoned
en	friendzonded	friendzoned
en	friendzoneado	friendzoned
en	friendzonie	friendzoned
en	friendzonned	friendzoned
en	friendzowned	friendzoned
en	frientship	friendship
en	frientships	friendships
en	frientzoned	friendzoned
en	frightend	frightened
en	frightenend	frightened
en	frightining	frightening
en	frigign	friggin
en	frigthened	frightened
en	frigthening	frightening
en	frimware	firmware
en	frinedzoned	friendzoned
en	fringeworthy	cringeworthy
en	fristly	firstly
en	frogiven	forgiven
en	frointer	frontier
en	fromation	formation
en	fromatting	formatting
en	frome	from
en	fromed	formed
en	fromerly	formerly
en	fromidable	formidable
en	froniter	frontier
en	fronkenstein	frankenstein
en	frontapge	frontpage
en	fronteir	frontier
en	frontilne	frontline
en	frontlinie	frontline
en	frontlinies	frontline
en	frontlinjen	frontline
en	frosaken	forsaken
en	frostig	frosting
en	frquency	frequency
en	frsibee	frisbee
en	fruadulent	fraudulent
en	fruitin	fruition
en	fruitsations	frustrations
en	frustartion	frustrations
en	frustracion	frustration
en	frustraded	frustrated
en	frustradet	frustrates
en	frustraited	frustrated
en	frustraits	frustrates
en	frustrantes	frustrates
en	frustrants	frustrates
en	frustrasion	frustrations
en	frustrasted	frustrates
en	frustrastion	frustrations
en	frustraties	frustrates
en	frustratin	frustration
en	frustrato	frustration
en	frustrats	frustrates
en	frustrsted	frustrates
en	frutcose	fructose
en	fucntion	function
en	fucntional	functional
en	fucntionality	functionality
en	fucntionally	functionally
en	fucntioning	functioning
en	fucntions	functions
en	fufill	fulfill
en	fufilled	fulfilled
en	fulfiled	fulfilled
en	fulfillling	fulfilling
en	fulfulling	fulfilling
en	fulfullment	fulfillment
en	fullets	fullest
en	fullfiling	fulfilling
en	fullfill	fulfill
en	fullfilled	fulfilled
en	fullfilment	fulfillment
en	fullscrean	fullscreen
en	fullscreeen	fullscreen
en	fullscren	fullscreen
en	fullset	fullest
en	fulttershy	fluttershy
en	funciton	function
en	funcitonal	functional
en	funcitonality	functionality
en	funcitonally	functionally
en	funcitoning	functioning
en	funcitons	functions
en	functionable	functional
en	functionailty	functionality
en	functionaliy	functionally
en	functionallity	functionality
en	functionalty	functionality
en	functionaly	functionally
en	functiong	functioning
en	functionlity	functionality
en	functionnal	functional
en	functionning	functioning
en	functtion	function
en	fundamendalist	fundamentalist
en	fundamendalists	fundamentalists
en	fundamentais	fundamentals
en	fundamentalis	fundamentals
en	fundamentalisme	fundamentals
en	fundamentalismo	fundamentals
en	fundamentalismos	fundamentalists
en	fundamentalismus	fundamentalists
en	fundamentalista	fundamentals
en	fundamentalistas	fundamentalists
en	fundamentalisten	fundamentalists
en	fundamentalister	fundamentalists
en	fundamentalisti	fundamentals
en	fundamentalistisch	fundamentalists
en	fundamentalistisk	fundamentalists
en	fundamentalistiska	fundamentalists
en	fundamentalistiske	fundamentalists
en	fundamentalistiskt	fundamentalists
en	fundamentalits	fundamentalists
en	fundamentalt	fundamentalist
en	fundamentaly	fundamentally
en	fundamentas	fundamentals
en	fundamently	fundamental
en	fundametal	fundamental
en	fundametals	fundamentals
en	fundamnetal	fundamentals
en	fundamnetalist	fundamentalist
en	fundamnetalists	fundamentalists
en	fundamnetally	fundamentally
en	fundemantal	fundamental
en	fundemantalist	fundamentalist
en	fundemantalists	fundamentalists
en	fundemantals	fundamentals
en	fundemental	fundamental
en	fundementally	fundamentally
en	fundementals	fundamentals
en	fundimental	fundamental
en	fundimentalist	fundamentalist
en	fundimentalists	fundamentalists
en	fundimentally	fundamentally
en	fundimentals	fundamentals
en	fundirse	fundies
en	fundumentalist	fundamentalist
en	fundumentalists	fundamentalists
en	funides	fundies
en	funniliy	funnily
en	funnilly	funnily
en	funtion	function
en	furance	furnace
en	furctose	fructose
en	furhtermore	furthermore
en	furiosuly	furiously
en	furition	fruition
en	furiuosly	furiously
en	furncae	furnace
en	furstrated	frustrated
en	furstrates	frustrates
en	furstration	frustration
en	furstrations	frustrations
en	furthremore	furthermore
en	furthurmore	furthermore
en	furuther	further
en	furutistic	futuristic
en	futher	further
en	futhermore	furthermore
en	futhroc	futhark
en	futurers	futures
en	futurestic	futuristic
en	futureus	futures
en	futurisitc	futuristic
en	futurisitic	futuristic
en	futuristc	futuristic
en	futuristisch	futuristic
en	futurustic	futuristic
en	fwankenstein	frankenstein
en	gadgest	gadgets
en	gagdets	gadgets
en	gagnsters	gangsters
en	galatic	galactic
en	galations	galatians
en	galcier	glacier
en	galdiator	gladiator
en	gallaxies	galaxies
en	galsgow	glasgow
en	galvinized	galvanized
en	gamemdoe	gamemode
en	gamepaly	gameplay
en	gameply	gameplay
en	gamerga	gamertag
en	gamergat	gamertag
en	gamifications	ramifications
en	gammeode	gamemode
en	ganerate	generate
en	ganes	games
en	gangsterest	gangsters
en	gangsterous	gangsters
en	gankign	ganking
en	ganster	gangster
en	garabge	garbage
en	garantee	guarantee
en	garanteed	guaranteed
en	garantees	guarantees
en	gardai	gardaí
en	gardient	gradient
en	garfeild	garfield
en	garfied	garfield
en	garfiled	garfield
en	garflied	garfield
en	garnison	garrison
en	garnola	granola
en	garrions	garrison
en	garriosn	garrison
en	garrsion	garrison
en	garuantee	guarantee
en	garuanteed	guaranteed
en	garuantees	guarantees
en	gatherig	gatherings
en	gatherins	gatherings
en	gauarana	guaraná
en	gauntanamo	guantanamo
en	gauntelt	gauntlet
en	gauntelts	gauntlets
en	gauntlent	gauntlet
en	gauntlents	gauntlet
en	gauntles	gauntlets
en	gauntlettes	gauntlets
en	gaurantee	guarantee
en	gauranteed	guaranteed
en	gaurantees	guarantees
en	gaurd	guard
en	gaurdian	guardian
en	gaurding	guarding
en	gaurentee	guarantee
en	gaurenteed	guaranteed
en	gaurentees	guarantees
en	gautnlet	gauntlet
en	gemoetry	geometry
en	genatilia	genitalia
en	geneological	genealogical
en	geneologies	genealogies
en	geneology	genealogy
en	generacional	generational
en	generalbs	generals
en	generalice	generalize
en	generalife	generalize
en	generalis	generals
en	generalizacion	generalization
en	generalizaing	generalizing
en	generalizare	generalize
en	generalizate	generalize
en	generalizating	generalization
en	generalizaton	generalization
en	generalizng	generalizing
en	generalnie	generalize
en	generaly	generally
en	generas	generals
en	generase	generates
en	generaste	generates
en	generaters	generates
en	generatie	generate
en	generaties	generate
en	generatin	generations
en	generationals	generations
en	generationens	generations
en	generationers	generations
en	generationnal	generational
en	generatios	generators
en	generatons	generators
en	generatore	generate
en	generatos	generators
en	generats	generates
en	generatting	generating
en	generelization	generalization
en	generelize	generalize
en	generelizing	generalizing
en	generocity	generosity
en	generoisty	generosity
en	generostiy	generosity
en	genersl	generals
en	geneticaly	genetically
en	geneticlly	genetically
en	genialia	genitalia
en	genisues	geniuses
en	genitaila	genitalia
en	genitala	genitalia
en	genitales	genitals
en	genitalias	genitals
en	genitaliban	genitalia
en	genitalis	genitals
en	geniunely	genuinely
en	geniuss	geniuses
en	genrates	generates
en	gentailia	genitalia
en	gentelmen	gentlemen
en	gentialia	genitalia
en	gentials	genitals
en	gentlemanne	gentlemen
en	gentlemn	gentlemen
en	genuienly	genuinely
en	genuinelly	genuinely
en	genuinley	genuinely
en	genuises	geniuses
en	geograhpical	geographical
en	geographacilly	geographically
en	geographia	geographical
en	geographicaly	geographically
en	geographicial	geographical
en	geographicly	geographical
en	geographisch	geographic
en	geographycally	geographically
en	geograpy	geography
en	geogria	georgia
en	geogrpahic	geographic
en	geogrpahical	geographical
en	geogrpahically	geographically
en	geogrpahy	geography
en	geomerty	geometry
en	geometricians	geometers
en	geomety	geometry
en	geomtery	geometry
en	geopraphically	geographically
en	georiga	georgia
en	gerat	great
en	germaniac	germanic
en	germanisch	germanic
en	germanos	germans
en	germanus	germans
en	gernade	grenade
en	gernades	grenades
en	gerogia	georgia
en	geting	getting
en	geurrilla	guerrilla
en	ghandi	gandhi
en	giagbyte	gigabyte
en	gigabtye	gigabyte
en	gigabye	gigabyte
en	gigantisch	gigantic
en	gigaybte	gigabyte
en	gigbayte	gigabyte
en	gignatic	gigantic
en	giltched	glitched
en	giltches	glitches
en	giltchy	glitchy
en	gimmickers	gimmicks
en	gimmickey	gimmicky
en	gimmickly	gimmicky
en	gimmics	gimmicks
en	gimmicy	gimmicky
en	girafffe	giraffe
en	girefing	griefing
en	girlfirend	girlfriend
en	girlfirends	girlfriends
en	girlfreind	girlfriend
en	girlfreinds	girlfriends
en	girlfried	girlfriend
en	girlfriens	girlfriends
en	girlfrients	girlfriends
en	girlfrinds	girlfriends
en	girlfrined	girlfriends
en	girlling	grilling
en	girzzly	grizzly
en	gladiatr	gladiator
en	glagsow	glasgow
en	glaicer	glacier
en	glichted	glitched
en	glichtes	glitches
en	glicthed	glitched
en	glicthes	glitches
en	glicthy	glitchy
en	glight	flight
en	glimpes	glimpse
en	glimspe	glimpse
en	glipmse	glimpse
en	glitchd	glitched
en	glitchey	glitchy
en	glitchly	glitchy
en	glitchs	glitches
en	glitchty	glitchy
en	glithced	glitched
en	glithces	glitches
en	glithcy	glitchy
en	gloabl	global
en	gloablly	globally
en	globaly	globally
en	glodberg	goldberg
en	glodfish	goldfish
en	gloiath	goliath
en	glorifierad	glorified
en	glorifindel	glorified
en	glorios	glorious
en	gloriuos	glorious
en	gltiched	glitched
en	gltiches	glitches
en	gltichy	glitchy
en	gmaertag	gamertag
en	gnaking	ganking
en	gnawwed	gnawed
en	goalkeaper	goalkeeper
en	goalkeepr	goalkeeper
en	goalkeeprs	goalkeeper
en	goalkepeer	goalkeeper
en	goblings	goblins
en	godafther	godfather
en	goddammn	goddamn
en	goddammt	goddammit
en	goddanm	goddamn
en	goddman	goddamn
en	godess	goddess
en	godesses	goddesses
en	godlberg	goldberg
en	godlfish	goldfish
en	godliek	godlike
en	godlman	goldman
en	godounov	godunov
en	godpseed	godspeed
en	godsped	godspeed
en	godspede	godspeed
en	godspeeed	godspeed
en	goegraphic	geographic
en	goegraphical	geographical
en	goegraphically	geographically
en	goegraphy	geography
en	goergia	georgia
en	gogin	going
en	goign	going
en	goilath	goliath
en	golaith	goliath
en	golakeeper	goalkeeper
en	golbins	goblins
en	goldamn	goldman
en	goldbeg	goldberg
en	goldburger	goldberg
en	goldfisch	goldfish
en	goldifsh	goldfish
en	goldike	godlike
en	golitah	goliath
en	gonewidl	gonewild
en	gongratulations	congratulations
en	gonig	going
en	goodlcuk	goodluck
en	goodluk	goodluck
en	goosebumbps	goosebumps
en	goosebumbs	goosebumps
en	goosebums	goosebumps
en	goosegumps	goosebumps
en	goosepumps	goosebumps
en	goregous	gorgeous
en	goreshadowing	foreshadowing
en	gorgoeus	gorgeous
en	gorillia	gorilla
en	gorillla	gorilla
en	gorumet	gourmet
en	gorvement	government
en	gosepls	gospels
en	gospells	gospels
en	gosples	gospels
en	gothenberg	gothenburg
en	gottleib	gottlieb
en	gourmelt	gourmet
en	gourment	gourmet
en	gouvener	governor
en	govement	government
en	govemrent	government
en	govenment	government
en	govenrment	government
en	govenrments	governments
en	goverance	governance
en	goveremnt	government
en	goverend	governed
en	govermenet	government
en	goverment	government
en	govermental	governmental
en	govermet	government
en	govermetn	government
en	govermnent	governments
en	govermnet	government
en	governemnt	government
en	governemntal	governmental
en	governemnts	governments
en	governened	governed
en	governer	governor
en	governered	governed
en	governmanet	governmental
en	governmant	governmental
en	governmeant	governmental
en	governmential	governmental
en	governmently	governmental
en	governmet	governments
en	governmetn	governments
en	governmnet	government
en	govnerment	government
en	govorment	government
en	govormental	governmental
en	govornment	government
en	govrement	government
en	gpysies	gypsies
en	grabage	garbage
en	gracefull	graceful
en	gracefullly	gracefully
en	gracefuly	gracefully
en	gradiating	graduating
en	gradiation	graduation
en	gradification	gratification
en	graduacion	graduation
en	gradualy	gradually
en	graduaste	graduates
en	graduatin	graduation
en	graet	great
en	grafield	garfield
en	grafitti	graffiti
en	grahpic	graphic
en	grahpical	graphical
en	grahpically	graphically
en	grahpics	graphics
en	grahpite	graphite
en	graident	gradient
en	grainte	granite
en	grammarical	grammatical
en	grammarically	grammatically
en	grammaticaal	grammatical
en	grammaticallity	grammatically
en	grammaticaly	grammatically
en	grammaticly	grammatical
en	grammer	grammar
en	grammitical	grammatical
en	grandchilden	grandchildren
en	grandchilder	grandchildren
en	grandchilderen	grandchildren
en	grandchildern	grandchildren
en	grandchilren	grandchildren
en	graniet	granite
en	granolla	granola
en	grantie	granite
en	grapefriut	grapefruit
en	grapefrukt	grapefruit
en	graphcially	graphically
en	graphcis	graphics
en	graphicaly	graphically
en	graphiclly	graphically
en	graphie	graphite
en	graphis	graphics
en	grapichs	graphics
en	grappel	grapple
en	grappnel	grapple
en	grassrooots	grassroots
en	grassrooters	grassroots
en	gratificacion	gratification
en	gratificaiton	gratification
en	gratituous	gratuitous
en	gratiutous	gratuitous
en	grativate	gravitate
en	grativational	gravitational
en	gratuidous	gratuitous
en	gratuitious	gratuitous
en	gratuituos	gratuitous
en	gratuituous	gratuitous
en	gratutious	gratuitous
en	graudally	gradually
en	graudates	graduates
en	graudating	graduating
en	graudation	graduation
en	gravitacional	gravitational
en	gravitaitonal	gravitational
en	gravitatie	gravitate
en	gravitatiei	gravitate
en	gravitationnal	gravitational
en	greande	grenade
en	greandes	grenades
en	greatful	grateful
en	greatfully	gratefully
en	greenalnd	greenland
en	greeneer	greener
en	greenhoe	greenhouse
en	greenhosue	greenhouse
en	greenlad	greenland
en	greenore	greener
en	greif	grief
en	grenaders	grenades
en	grenads	grenades
en	greneer	greener
en	greusome	gruesome
en	greviances	grievances
en	griaffe	giraffe
en	gridles	griddles
en	grieifng	griefing
en	grievences	grievances
en	grifeing	griefing
en	grilfriend	girlfriend
en	grilfriends	girlfriends
en	grillig	grilling
en	gringeworthy	cringeworthy
en	grizzlay	grizzly
en	grizzley	grizzly
en	gropu	group
en	groubdbreaking	groundbreaking
en	groudnbreaking	groundbreaking
en	grpahic	graphic
en	grpahical	graphical
en	grpahically	graphically
en	grpahics	graphics
en	grpahite	graphite
en	gruseome	gruesome
en	grwo	grow
en	guaduloupe	guadalupe
en	guadulupe	guadalupe
en	guage	gauge
en	guanatanmo	guantanamo
en	guantamamo	guantanamo
en	guantamano	guantanamo
en	guantanameow	guantanamo
en	guantanamero	guantanamo
en	guantanano	guantanamo
en	guantanemo	guantanamo
en	guantano	guantanamo
en	guantanoma	guantanamo
en	guantanomo	guantanamo
en	guantonamo	guantanamo
en	guaranted	guaranteed
en	guaranteeds	guarantees
en	guarantes	guarantees
en	guarantess	guarantees
en	guardain	guardian
en	guardains	guardians
en	guardiands	guardians
en	guardianes	guardians
en	guardianis	guardians
en	guardias	guardians
en	guardin	guardian
en	guarentee	guarantee
en	guarenteed	guaranteed
en	guarentees	guarantees
en	guaridan	guardian
en	guaridans	guardians
en	guarnateed	guaranteed
en	guarnatees	guarantees
en	guarunteed	guaranteed
en	guaruntees	guarantees
en	guatamala	guatemala
en	guatamalan	guatemalan
en	guerrila	guerrilla
en	guerrilas	guerrillas
en	guerrillera	guerrilla
en	guidence	guidance
en	guilia	giulia
en	guilio	giulio
en	guiness	guinness
en	guiseppe	giuseppe
en	guitards	guitars
en	guitares	guitars
en	guitarit	guitarist
en	gullbile	gullible
en	gullibe	gullible
en	gunanine	guanine
en	gunatanamo	guantanamo
en	gundamentalists	fundamentalists
en	guniness	guinness
en	gunlsinger	gunslinger
en	gunniess	guinness
en	gunsiinger	gunslinger
en	gunslanger	gunslinger
en	gunsligner	gunslinger
en	gunslingner	gunslinger
en	gunstinger	gunslinger
en	guradian	guardian
en	guradians	guardians
en	gurading	guarding
en	gurantee	guarantee
en	guranteed	guaranteed
en	gurantees	guarantees
en	guresome	gruesome
en	gutiarist	guitarist
en	gutiars	guitars
en	guttaral	guttural
en	gutteral	guttural
en	gymanstics	gymnastics
en	gymnasitcs	gymnastics
en	gynmastics	gymnastics
en	gypises	gypsies
en	gyspies	gypsies
en	habaeus	habeas
en	habeus	habeas
en	habsbourg	habsburg
en	hacthing	hatching
en	haemorrage	haemorrhage
en	haethen	heathen
en	haev	have
en	hafltime	halftime
en	hailfax	halifax
en	haircuit	haircut
en	hairstlye	hairstyle
en	hairsytle	hairstyle
en	halarious	hilarious
en	halfiax	halifax
en	halfitme	halftime
en	hallcuination	hallucination
en	hallcuinations	hallucination
en	hallicunation	hallucination
en	hallicunations	hallucinations
en	halloweeen	halloween
en	hallowen	halloween
en	hallucenation	hallucination
en	hallucenations	hallucinations
en	halluciantion	hallucinations
en	halluciantions	hallucinations
en	hallucinaitons	hallucination
en	hallucinatin	hallucinations
en	hallucinaton	hallucination
en	hallukination	hallucination
en	hallunication	hallucination
en	hallunications	hallucinations
en	hallusination	hallucination
en	hallusinations	hallucinations
en	halluzination	hallucination
en	halluzinations	hallucinations
en	halp	help
en	hambergers	hamburgers
en	hambruger	hamburger
en	hamburgare	hamburger
en	hamburgaren	hamburger
en	hamburgeres	hamburgers
en	hamburges	hamburgers
en	hamburgesa	hamburgers
en	hamburglers	hamburgers
en	hamburgles	hamburgers
en	hamburgr	hamburgers
en	hamburguers	hamburgers
en	hamburgurs	hamburgers
en	hamitlon	hamilton
en	hamliton	hamilton
en	hamphsire	hampshire
en	hamsphire	hampshire
en	handbok	handbook
en	handboook	handbook
en	handcuffes	handcuffs
en	handcufs	handcuffs
en	handedley	handedly
en	handedlly	handedly
en	handedy	handedly
en	handelbars	handlebars
en	handeld	handled
en	handeldy	handedly
en	handicape	handicapped
en	handicaped	handicapped
en	handlade	handled
en	handlare	handler
en	handlebards	handlebars
en	handledy	handedly
en	handrwiting	handwriting
en	handwritng	handwriting
en	handwritting	handwriting
en	handycapped	handicapped
en	hanidcapped	handicapped
en	hanlder	handler
en	hannbial	hannibal
en	hannibl	hannibal
en	hanuted	haunted
en	haorder	hoarder
en	haording	hoarding
en	hapen	happen
en	hapened	happened
en	hapening	happening
en	hapmshire	hampshire
en	happend	happened
en	happended	happened
en	happends	happens
en	happenend	happened
en	happenes	happens
en	happenned	happened
en	happilly	happily
en	happliy	happily
en	harased	harassed
en	harases	harasses
en	harasment	harassment
en	harasments	harassments
en	harassement	harassment
en	hardend	hardened
en	hardenend	hardened
en	hardlinked	hardline
en	hardwod	hardwood
en	hardwoord	hardwood
en	haricut	haircut
en	haristyle	hairstyle
en	harldine	hardline
en	harmoniacs	harmonic
en	harmonisch	harmonic
en	harras	harass
en	harrased	harassed
en	harrases	harasses
en	harrasing	harassing
en	harrasment	harassment
en	harrasments	harassments
en	harrassed	harassed
en	harrasses	harassed
en	harrassing	harassing
en	harrassment	harassment
en	harrassments	harassments
en	harvasting	harvesting
en	harvestgain	harvesting
en	hatchig	hatching
en	hatchign	hatching
en	hatesink	heatsink
en	hathcing	hatching
en	hatian	haitian
en	hauntig	haunting
en	haversting	harvesting
en	haviest	heaviest
en	hdinsight	hindsight
en	headachs	headaches
en	headahces	headaches
en	headest	headset
en	headests	headsets
en	headhpone	headphone
en	headhpones	headphones
en	headhsot	headshot
en	headphoens	headphones
en	headqaurters	headquarters
en	headquarer	headquarter
en	headquartes	headquarters
en	headquater	headquarter
en	headquatered	headquartered
en	headquaters	headquarters
en	headseat	headset
en	headses	headsets
en	headshoot	headshot
en	headshoots	headshot
en	healither	healthier
en	healtchare	healthcare
en	healtheast	healthiest
en	healtheir	healthier
en	healthercare	healthcare
en	healthiet	healthiest
en	healthire	healthier
en	healthit	healthiest
en	healthyest	healthiest
en	heapdhone	headphone
en	heapdhones	headphones
en	heared	heard
en	hearhtstone	hearthstone
en	heartbeart	heartbeat
en	heartbeast	heartbeat
en	heartborken	heartbroken
en	heartborne	heartbroken
en	heartbrake	heartbreak
en	heartbraker	heartbreak
en	heartbrakes	heartbreak
en	hearthsone	hearthstone
en	heartsthone	hearthstone
en	heastink	heatsink
en	heathern	heathen
en	heatlhcare	healthcare
en	heatskin	heatsink
en	heaveny	heavenly
en	heaviliy	heavily
en	heavilly	heavily
en	heaviweight	heavyweight
en	heavnely	heavenly
en	heavyweght	heavyweight
en	heavyweigt	heavyweight
en	heavyweigth	heavyweight
en	heavywieght	heavyweight
en	heavywieghts	heavyweight
en	hedeghog	hedgehog
en	hedgehodge	hedgehog
en	hedgehoog	hedgehog
en	hedgehorg	hedgehog
en	hegdehog	hedgehog
en	heidelburg	heidelberg
en	heigher	higher
en	heighest	heights
en	heighted	heightened
en	heightend	heightened
en	heigthened	heightened
en	heigths	heights
en	heirachy	hierarchy
en	heirarchy	hierarchy
en	heiroglyphics	hieroglyphics
en	heistant	hesitant
en	heistate	hesitate
en	heistation	hesitation
en	helathcare	healthcare
en	helemts	helmets
en	helicopers	helicopters
en	helicopteros	helicopters
en	helicoptor	helicopter
en	helicoptors	helicopters
en	helicotper	helicopters
en	helicotpers	helicopters
en	helicpoter	helicopter
en	helicpoters	helicopters
en	helictoper	helicopters
en	helictopers	helicopters
en	helikopter	helicopter
en	helikopters	helicopters
en	hellfie	hellfire
en	hellifre	hellfire
en	hellucination	hallucination
en	hellucinations	hallucinations
en	helluvva	helluva
en	hellvua	helluva
en	helment	helmet
en	helpfull	helpful
en	helpped	helped
en	hemingwary	hemingway
en	hemingwavy	hemingway
en	hemipshere	hemisphere
en	hemipsheres	hemisphere
en	hemishpere	hemisphere
en	hemishperes	hemisphere
en	hemlets	helmets
en	hemmorhage	hemorrhage
en	hempishere	hemisphere
en	henious	heinous
en	heorics	heroics
en	heorine	heroine
en	herad	heard
en	herathstone	hearthstone
en	heratige	heritage
en	herclues	hercules
en	herculase	hercules
en	herculeans	hercules
en	herculeas	hercules
en	herculeasy	hercules
en	herculeees	hercules
en	herculees	hercules
en	herculeus	hercules
en	hererosexual	heterosexual
en	heretosexual	heterosexual
en	heriarchy	hierarchy
en	heridity	heredity
en	heriocs	heroics
en	herione	heroine
en	herocis	heroics
en	heroe	hero
en	heroicas	heroics
en	heroices	heroics
en	heroicos	heroics
en	heroicus	heroics
en	heronie	heroine
en	hertiage	heritage
en	hertzs	hertz
en	herucles	hercules
en	hesiman	heisman
en	hesistant	hesitant
en	hesistate	hesitate
en	hesitatin	hesitation
en	hesitstion	hesitation
en	hestiant	hesitant
en	hestiate	hesitate
en	hestiation	hesitation
en	heteresexual	heterosexual
en	heterosexal	heterosexual
en	heterosexuella	heterosexual
en	hetreosexual	heterosexual
en	heveanly	heavenly
en	hexidecimal	hexadecimal
en	hieght	height
en	hieghtened	heightened
en	hieghts	heights
en	hienous	heinous
en	hierachical	hierarchical
en	hierachies	hierarchies
en	hierachy	hierarchy
en	hierarcical	hierarchical
en	hierarcy	hierarchy
en	hieroglph	hieroglyph
en	hieroglphs	hieroglyphs
en	hiesman	heisman
en	higer	higher
en	higest	highest
en	highalnder	highlander
en	highlane	highlander
en	highlighed	highlighted
en	highlighing	highlighting
en	highlightning	highlighting
en	highligted	highlighted
en	highligthing	highlighting
en	highloader	highlander
en	highpander	highlander
en	highschol	highschool
en	highscholl	highschool
en	highschoool	highschool
en	highshcool	highschool
en	higway	highway
en	hillarious	hilarious
en	himselv	himself
en	hinderance	hindrance
en	hinderence	hindrance
en	hindisght	hindsight
en	hindiusm	hinduism
en	hindrence	hindrance
en	hinduisim	hinduism
en	hinduisum	hinduism
en	hindusim	hinduism
en	hinudism	hinduism
en	hipocritical	hypocritical
en	hipopotamus	hippopotamus
en	hipothetical	hypothetical
en	hipothetically	hypothetically
en	hipsanics	hispanics
en	hipsterest	hipsters
en	hiptser	hipster
en	hiptsers	hipsters
en	hirearchy	hierarchy
en	hirsohima	hiroshima
en	hismelf	himself
en	hispancis	hispanics
en	hispanicos	hispanics
en	hispanicus	hispanics
en	hispanis	hispanics
en	hispter	hipster
en	hispters	hipsters
en	histarical	historical
en	histarically	historically
en	histerical	historical
en	histerically	historically
en	histocompatability	histocompatibility
en	historiaan	historians
en	historicaly	historically
en	historicans	historians
en	historicas	historians
en	historicians	historians
en	historicly	historical
en	historiens	histories
en	historietas	histories
en	historinhas	historians
en	historisch	historic
en	histroic	historic
en	hitboxers	hitboxes
en	hitboxs	hitboxes
en	hodlings	holdings
en	hoemopathy	homeopathy
en	hoenstly	honestly
en	hoepfully	hopefully
en	hoilday	holiday
en	hoildays	holidays
en	hokpins	hopkins
en	holdiay	holiday
en	holdiays	holidays
en	holdins	holdings
en	holf	hold
en	hollywod	hollywood
en	hollywoood	hollywood
en	holocasut	holocaust
en	holocuast	holocaust
en	homecomeing	homecoming
en	homecomming	homecoming
en	homecuming	homecoming
en	homelesness	homelessness
en	homelessess	homelessness
en	homeoapthy	homeopathy
en	homeonwer	homeowner
en	homeonwers	homeowners
en	homeopahty	homeopathy
en	homeopaty	homeopathy
en	homeophaty	homeopathy
en	homeopothy	homeopathy
en	homeothapy	homeopathy
en	homeowneris	homeowners
en	homepoathy	homeopathy
en	homesexuality	homosexuality
en	homewolrd	homeworld
en	homewoner	homeowner
en	homewoners	homeowners
en	homeword	homeworld
en	homewrold	homeworld
en	homineim	hominem
en	homineum	hominem
en	homniem	hominem
en	homoegenous	homogeneous
en	homoepathy	homeopathy
en	homogeneize	homogenize
en	homogeneized	homogenized
en	homogenenous	homogeneous
en	homogeneos	homogeneous
en	homogenes	homogeneous
en	homogeneus	homogeneous
en	homogenious	homogeneous
en	homogenuous	homogeneous
en	homophibia	homophobia
en	homophibic	homophobic
en	homophobie	homophobe
en	homophoboes	homophobe
en	homophonia	homophobia
en	homophopia	homophobia
en	homophopic	homophobic
en	homosexaul	homosexual
en	homosexuais	homosexuals
en	homosexuales	homosexuals
en	homosexualiy	homosexuality
en	homosexuallity	homosexuality
en	homosexualls	homosexuals
en	homosexualtiy	homosexuality
en	homosexualty	homosexuality
en	homosexuel	homosexual
en	homosexuella	homosexual
en	homosexuels	homosexuals
en	homosexul	homosexuals
en	homosexulaity	homosexuality
en	honeslty	honestly
en	honeymon	honeymoon
en	honeymooon	honeymoon
en	honory	honorary
en	honsetly	honestly
en	hopefullly	hopefully
en	hopefuly	hopefully
en	hopeleslly	hopelessly
en	hopelessely	hopelessly
en	hopelessley	hopelessly
en	hopelessy	hopelessly
en	hopkings	hopkins
en	hopsital	hospital
en	hopsitality	hospitality
en	hopsitalized	hospitalized
en	hopsitals	hospitals
en	horader	hoarder
en	horading	hoarding
en	horishima	hiroshima
en	horisontal	horizontal
en	horisontally	horizontally
en	horizantal	horizontal
en	horizantally	horizontally
en	horizonatal	horizontal
en	horizones	horizons
en	horizontaal	horizontal
en	horizontallly	horizontally
en	horizontaly	horizontally
en	horizontes	horizons
en	horizonts	horizons
en	horiztonal	horizontal
en	horiztonally	horizontally
en	horozontally	horizontally
en	horrendeous	horrendous
en	horrendeus	horrendous
en	horrendious	horrendous
en	horrendos	horrendous
en	horrenduous	horrendous
en	horriblely	horribly
en	horribley	horribly
en	horriblly	horribly
en	horrifing	horrifying
en	horzions	horizons
en	hosited	hoisted
en	hositlity	hostility
en	hospitales	hospitals
en	hospitallity	hospitality
en	hospitalty	hospitality
en	hospitaly	hospitality
en	hospitalzed	hospitalized
en	hospitible	hospitable
en	hospitilized	hospitalized
en	hospitolized	hospitalized
en	hospotality	hospitality
en	hosptial	hospital
en	hosptialized	hospitalized
en	hosptials	hospitals
en	hosteles	hostels
en	hosthot	hotshot
en	hostiliy	hostility
en	hostles	hostels
en	hostpot	hotspot
en	hothsot	hotshot
en	hotpsot	hotspot
en	hotshoot	hotshot
en	hotsopt	hotspot
en	hotsport	hotspot
en	hounour	honour
en	hourgalss	hourglass
en	hourlgass	hourglass
en	househols	households
en	househoulds	households
en	housr	hours
en	howver	however
en	hseldon	sheldon
en	hsitorians	historians
en	hstory	history
en	hsyteria	hysteria
en	htaching	hatching
en	hten	then
en	htere	there
en	htey	they
en	htiboxes	hitboxes
en	htikn	think
en	hting	thing
en	htink	think
en	htis	this
en	huanted	haunted
en	huanting	haunting
en	hullucination	hallucination
en	hullucinations	hallucinations
en	humanaties	humanities
en	humaniod	humanoid
en	humanit	humanist
en	humanitarien	humanitarian
en	humanitarion	humanitarian
en	humanitarna	humanitarian
en	humanitary	humanity
en	humanitatian	humanitarian
en	humanite	humanities
en	humaniterian	humanitarian
en	humanitis	humanities
en	humanitites	humanities
en	humanoind	humanoid
en	humantiarian	humanitarian
en	humantiy	humanity
en	humants	humanist
en	humerous	humorous
en	humiditiy	humidity
en	humidiy	humidity
en	humiliatin	humiliation
en	humiliaton	humiliation
en	humilitaing	humiliating
en	humilitaion	humiliation
en	humilitied	humiliated
en	humillated	humiliated
en	humillating	humiliating
en	humillation	humiliation
en	huminatarian	humanitarian
en	huminoid	humanoid
en	humitidy	humidity
en	humoros	humorous
en	humoural	humoral
en	humouros	humorous
en	humurous	humorous
en	hunagrian	hungarian
en	hunagry	hungary
en	hunderd	hundred
en	hunderds	hundreds
en	hundread	hundred
en	hundres	hundreds
en	hungarin	hungarian
en	hungray	hungary
en	hunman	human
en	huntmsan	huntsman
en	hurdels	hurdles
en	hurldes	hurdles
en	hurriance	hurricane
en	hurricaines	hurricanes
en	hurricance	hurricane
en	hurricances	hurricanes
en	hurricanefps	hurricanes
en	hurricanger	hurricane
en	hurricans	hurricanes
en	hurriganes	hurricanes
en	hurrikanes	hurricanes
en	hurrycanes	hurricanes
en	husban	husband
en	husbandos	husbands
en	husbans	husbands
en	hutnsman	huntsman
en	hvae	have
en	hvaing	having
en	hvea	have
en	hweaton	wheaton
en	hwihc	which
en	hwile	while
en	hwole	whole
en	hybirds	hybrids
en	hybrides	hybrids
en	hybridus	hybrids
en	hydogen	hydrogen
en	hydorgen	hydrogen
en	hydraluic	hydraulic
en	hydratin	hydration
en	hydregon	hydrogen
en	hydropile	hydrophile
en	hydropilic	hydrophilic
en	hydropobe	hydrophobe
en	hydropobic	hydrophobic
en	hydrualic	hydraulic
en	hygeine	hygiene
en	hygience	hygiene
en	hygienne	hygiene
en	hyopcrite	hypocrite
en	hyopthetical	hypothetical
en	hyopthetically	hypothetically
en	hypathetical	hypothetical
en	hypathetically	hypothetically
en	hypcorite	hypocrite
en	hyperbel	hyperbole
en	hyperbolie	hyperbole
en	hyperbollic	hyperbolic
en	hyperbrophy	hypertrophy
en	hyperlobic	hyperbolic
en	hyperlogic	hyperbolic
en	hyperoble	hyperbole
en	hyperthropy	hypertrophy
en	hypertorphy	hypertrophy
en	hypertrohpy	hypertrophy
en	hypertrohy	hypertrophy
en	hypertrophey	hypertrophy
en	hypertropy	hypertrophy
en	hypethetical	hypothetical
en	hypethetically	hypothetically
en	hyphotesis	hypothesis
en	hypnoss	hypnosis
en	hypocracy	hypocrisy
en	hypocrasy	hypocrisy
en	hypocrates	hypocrites
en	hypocricy	hypocrisy
en	hypocriet	hypocrite
en	hypocriscy	hypocrisy
en	hypocrises	hypocrites
en	hypocrit	hypocrite
en	hypocritcal	hypocritical
en	hypocritial	hypocritical
en	hypocriticial	hypocritical
en	hypocrities	hypocrite
en	hypocrits	hypocrites
en	hypocritus	hypocrites
en	hypocrticial	hypocritical
en	hypocrties	hypocrites
en	hypocrytes	hypocrites
en	hypocrytical	hypocritical
en	hypokrites	hypocrites
en	hyponsis	hypnosis
en	hyporcite	hypocrite
en	hypotehtical	hypothetical
en	hypotehtically	hypothetically
en	hypotethical	hypothetical
en	hypotethically	hypothetically
en	hypothecis	hypothesis
en	hypotheiss	hypotheses
en	hypotherical	hypothetical
en	hypothesees	hypotheses
en	hypothesies	hypothesis
en	hypothess	hypotheses
en	hypothesus	hypotheses
en	hypotheticaly	hypothetically
en	hypotheticly	hypothetical
en	hypothises	hypotheses
en	hypothisis	hypothesis
en	hypothosis	hypothesis
en	hyprocisy	hypocrisy
en	hyprocite	hypocrite
en	hyprocites	hypocrites
en	hyrbids	hybrids
en	hyrdation	hydration
en	hyrdaulic	hydraulic
en	hyrdogen	hydrogen
en	hystarical	hysterical
en	hystarically	hysterically
en	hystera	hysteria
en	hysterica	hysteria
en	hystericallly	hysterically
en	hystericaly	hysterically
en	hystericlly	hysterically
en	hystericly	hysterical
en	hysteriia	hysteria
en	hysteriska	hysteria
en	hystorically	hysterically
en	ibuprofein	ibuprofen
en	ibuprofine	ibuprofen
en	iburpofen	ibuprofen
en	iceforg	icefrog
en	icefrong	icefrog
en	icelandinc	icelandic
en	icelings	ceilings
en	icleandic	icelandic
en	iconclastic	iconoclastic
en	icongnito	incognito
en	idaeidae	idea
en	idaes	ideas
en	idealisim	idealism
en	idealisitc	idealistic
en	idealisitic	idealistic
en	idealistc	idealistic
en	idealistisch	idealistic
en	idealogies	ideologies
en	idealogy	ideology
en	idealsim	idealism
en	idenfity	identify
en	idenitfy	identify
en	identicial	identical
en	identifer	identifier
en	identifible	identifiable
en	identificacion	identification
en	identificaiton	identification
en	identificativo	identification
en	identificato	identification
en	identificaton	identification
en	identifierad	identified
en	identifieras	identifies
en	identifikation	identification
en	identifiy	identify
en	identifyable	identifiable
en	identifyed	identified
en	identite	identities
en	identitets	identities
en	identitites	identities
en	identitties	identities
en	ideolagies	ideologies
en	ideoligically	ideologically
en	ideoligies	ideologies
en	ideologe	ideologies
en	ideologias	ideologies
en	ideologicaly	ideologically
en	ideologice	ideologies
en	ideologiers	ideologies
en	ideologije	ideologies
en	ideologins	ideologies
en	ideologis	ideologies
en	ideologisen	ideologies
en	ideologiset	ideologies
en	ideologisk	ideologies
en	ideologiske	ideologies
en	ideolouges	ideologies
en	ideosyncratic	idiosyncratic
en	idesa	ideas
en	idiologically	ideologically
en	idiosynchracies	idiosyncrasies
en	idiosyncracy	idiosyncrasy
en	ierland	ireland
en	ignitin	ignition
en	ignorat	ignorant
en	ignornace	ignorance
en	ihaca	ithaca
en	illegales	illegals
en	illegalest	illegals
en	illegalis	illegals
en	illegallity	illegally
en	illegallly	illegally
en	illegalls	illegals
en	illegas	illegals
en	illegetimate	illegitimate
en	illegimacy	illegitimacy
en	illegitamate	illegitimate
en	illegitamite	illegitimate
en	illegitamte	illegitimate
en	illegitemate	illegitimate
en	illegitime	illegitimate
en	illegitimite	illegitimate
en	illegitimt	illegitimate
en	illegitmate	illegitimate
en	illegsl	illegals
en	illess	illness
en	illiegal	illegal
en	illigetimate	illegitimate
en	illigitemate	illegitimate
en	illimunati	illuminati
en	illinios	illinois
en	illinoians	illinois
en	illinos	illinois
en	illionis	illinois
en	illistrate	illiterate
en	illistration	illustration
en	illistrations	illustrations
en	illitarate	illiterate
en	illitirate	illiterate
en	illnesess	illnesses
en	illnesss	illnesses
en	illsuions	illusions
en	illsutration	illustrations
en	illsutrator	illustrator
en	illumanati	illuminati
en	illumaniti	illuminati
en	illumianti	illuminati
en	illumimati	illuminati
en	illuminaci	illuminati
en	illuminadi	illuminati
en	illuminai	illuminati
en	illuminami	illuminati
en	illuminanti	illuminati
en	illuminarti	illuminati
en	illuminatti	illuminati
en	illuminauti	illuminati
en	illuminazi	illuminati
en	illumini	illuminati
en	illuminiati	illuminati
en	illuminista	illuminati
en	illuminite	illuminati
en	illuminiti	illuminati
en	illuminoti	illuminati
en	illumintati	illuminati
en	illuminuti	illuminati
en	illumniati	illuminati
en	illumunati	illuminati
en	illuninati	illuminati
en	illusiones	illusions
en	illustarted	illustrated
en	illustartion	illustration
en	illustartions	illustrations
en	illustartor	illustrator
en	illustraded	illustrated
en	illustraion	illustration
en	illustraitor	illustrator
en	illustrant	illustrate
en	illustrare	illustrate
en	illustrater	illustrator
en	illustratie	illustrate
en	illustraties	illustrate
en	illustratin	illustrations
en	illustratior	illustrator
en	illustrato	illustration
en	illustraton	illustration
en	illustre	illustrate
en	illution	illusion
en	ilness	illness
en	ilogical	illogical
en	ilterate	literate
en	imablanced	imbalanced
en	imablances	imbalances
en	imaganative	imaginative
en	imaganitive	imaginative
en	imagenary	imaginary
en	imagin	imagine
en	imaginacion	imagination
en	imaginatie	imaginative
en	imaginatiei	imaginative
en	imaginating	imagination
en	imaginativo	imagination
en	imaginaton	imagination
en	imaginery	imaginary
en	imaginitave	imaginative
en	imaginitve	imaginative
en	imanent	eminent
en	imapcts	impacts
en	imapired	impaired
en	imaptient	impatient
en	imbalanaced	imbalanced
en	imbalanaces	imbalances
en	imbalancers	imbalances
en	imbalenced	imbalanced
en	imbalences	imbalances
en	imcompatible	incompatible
en	imcompetence	incompetence
en	imcomplete	incomplete
en	imcomprehensible	incomprehensible
en	imediately	immediately
en	imense	immense
en	imexperience	inexperience
en	imgrants	migrants
en	imigrant	emigrant
en	imigrated	emigrated
en	imigration	emigration
en	iminent	eminent
en	imlpementation	implementations
en	immaturaty	immaturity
en	immatureity	immaturity
en	immaturety	immaturity
en	immboile	immobile
en	immedeately	immediately
en	immedeatly	immediately
en	immediantly	immediately
en	immediatelly	immediately
en	immediatley	immediately
en	immediatly	immediately
en	immedietely	immediately
en	immedietly	immediately
en	immenint	imminent
en	immenseley	immensely
en	immensley	immensely
en	immerisve	immersive
en	immersie	immerse
en	immersve	immerse
en	immesnely	immensely
en	immidately	immediately
en	immideately	immediately
en	immidiate	immediate
en	immidiately	immediately
en	immigraiton	immigration
en	immigrantes	immigrants
en	immigranti	immigration
en	immigrato	immigration
en	immigrents	immigrants
en	imminet	imminent
en	immitate	imitate
en	immitated	imitated
en	immitating	imitating
en	immitator	imitator
en	immobilie	immobile
en	immobilien	immobile
en	immobilier	immobile
en	immobille	immobile
en	immobilze	immobile
en	immobilzed	immobile
en	immobilzer	immobile
en	immobilzes	immobile
en	immoblie	immobile
en	immoratlity	immortality
en	immortailty	immortality
en	immortales	immortals
en	immortalis	immortals
en	immortalisy	immortals
en	immortaliy	immortality
en	immortallity	immortality
en	immortalls	immortals
en	immortalty	immortality
en	immortaly	immortality
en	immortas	immortals
en	immserive	immersive
en	immunosupressant	immunosuppressant
en	impactes	impacts
en	impactos	impacts
en	impaitent	impatient
en	imparied	impaired
en	imparital	impartial
en	impartirla	impartial
en	impecabbly	impeccably
en	impeccabile	impeccable
en	impeccible	impeccable
en	impeckable	impeccable
en	impedence	impedance
en	impelmentation	implementations
en	impelments	implements
en	imperailist	imperialist
en	imperavi	imperative
en	imperealist	imperialist
en	imperetive	imperative
en	imperfactions	imperfections
en	imperfectionists	imperfections
en	imperfet	imperfect
en	imperialfist	imperialist
en	imperialims	imperialism
en	imperialisim	imperialism
en	imperialsim	imperialism
en	imperialsm	imperialism
en	imperialst	imperialist
en	imperialstic	imperialist
en	imperiarist	imperialist
en	imperically	empirically
en	imperislist	imperialist
en	imperitave	imperative
en	imperitive	imperative
en	impersinating	impersonating
en	impersonationg	impersonating
en	implamenting	implementing
en	implaments	implements
en	implantase	implants
en	implantes	implants
en	implausable	implausible
en	implausbile	implausible
en	implausble	implausible
en	implausibe	implausible
en	implausibile	implausible
en	implecations	implications
en	implemenet	implements
en	implementacion	implementation
en	implementaciones	implementations
en	implementaion	implementation
en	implementaiton	implementation
en	implementaitons	implementations
en	implementas	implements
en	implementase	implements
en	implementasi	implements
en	implementatin	implementations
en	implementating	implementation
en	implementatino	implementations
en	implementationen	implementations
en	implementationer	implementations
en	implementato	implementation
en	implementes	implements
en	implementig	implementing
en	implementos	implements
en	implemet	implements
en	implemetnation	implementations
en	implentation	implementation
en	implicacion	implication
en	implicati	implicit
en	implicatia	implicit
en	implicatie	implicit
en	implicatii	implicit
en	implicatons	implications
en	implicetly	implicitly
en	impliciet	implicit
en	impliciete	implicit
en	implicilty	implicitly
en	implicitely	implicitly
en	implicitily	implicitly
en	implicity	implicitly
en	implict	implicit
en	implikation	implication
en	implimenation	implementation
en	impliment	implement
en	implimentation	implementation
en	implimentations	implementations
en	implimented	implemented
en	implimenting	implementing
en	impliments	implements
en	implmented	implemented
en	imploed	implode
en	implosed	implode
en	imploys	employs
en	impluse	impulse
en	impluses	impulses
en	implusive	impulsive
en	impolde	implode
en	imporbable	improbable
en	imporper	improper
en	importamt	important
en	importanly	importantly
en	importantce	importance
en	importanty	importantly
en	importas	imports
en	importd	imported
en	importen	importance
en	importence	importance
en	importend	imported
en	importently	importantly
en	importerad	imported
en	importes	imports
en	imporve	improve
en	imporved	improved
en	imporvement	improvement
en	imporvements	improvements
en	imporves	improves
en	imporving	improving
en	imporvised	improvised
en	impossable	impossible
en	impossbily	impossibly
en	impossibal	impossibly
en	impossibe	impossible
en	impossibel	impossibly
en	impossibile	impossible
en	impossibillity	impossibility
en	impossibilty	impossibility
en	impossibily	impossibly
en	impossiblely	impossibly
en	impossibley	impossibly
en	impossiblity	impossibly
en	impossiblly	impossibly
en	impossibry	impossibly
en	impossibul	impossibly
en	impoverised	impoverished
en	impovershied	impoverished
en	impoversihed	impoverished
en	impractial	impractical
en	impracticle	impractical
en	impreative	imperative
en	imprefect	imperfect
en	imprefection	imperfections
en	imprefections	imperfections
en	impresison	impressions
en	impresonating	impersonating
en	impressario	impresario
en	impressin	impressions
en	impressoin	impressions
en	impressons	impressions
en	impresssion	impressions
en	imprioned	imprisoned
en	imprisonent	imprisonment
en	imprisonned	imprisoned
en	improbabe	improbable
en	improbabil	improbable
en	improbabile	improbable
en	improbible	improbable
en	impropable	improbable
en	impropre	improper
en	improsined	imprisoned
en	improsoned	imprisoned
en	improsonment	imprisonment
en	improtantly	importantly
en	improted	imported
en	improvemnt	improvement
en	improvemnts	improvements
en	improvents	improves
en	improvie	improvised
en	improviserad	improvised
en	improvished	improvised
en	improvision	improvisation
en	improvized	improvised
en	improvments	improvements
en	imprsioned	imprisoned
en	impules	impulse
en	impulisve	impulsive
en	impulsemos	impulses
en	impulsivley	impulsive
en	impusle	impulse
en	impusles	impulses
en	impuslive	impulsive
en	imrpove	improve
en	imrpoved	improved
en	imrpovement	improvement
en	imrpovements	improvements
en	imrpoves	improves
en	imrpoving	improving
en	imrpovised	improvised
en	imtimidating	intimidating
en	imtimidation	intimidation
en	inablility	inability
en	inaccesibles	inaccessible
en	inaccessable	inaccessible
en	inaccessbile	inaccessible
en	inaccessble	inaccessible
en	inaccessibile	inaccessible
en	inaccruate	inaccurate
en	inaccuraces	inaccuracies
en	inaccurasies	inaccuracies
en	inaccuraties	inaccuracies
en	inaccuricies	inaccuracies
en	inaccurrate	inaccurate
en	inacuraccies	inaccuracies
en	inadaquate	inadequate
en	inadaquete	inadequate
en	inadecuate	inadequate
en	inadeguate	inadequate
en	inadeqaute	inadequate
en	inadequet	inadequate
en	inadequete	inadequate
en	inadequite	inadequate
en	inadiquate	inadequate
en	inadquate	inadequate
en	inadventently	inadvertently
en	inadverdently	inadvertently
en	inadvertant	inadvertent
en	inadvertantely	inadvertently
en	inadvertantly	inadvertently
en	inadvertendly	inadvertently
en	inadvertenly	inadvertently
en	inagurated	inaugurated
en	inaguration	inauguration
en	inahbitants	inhabitants
en	inapporpriate	inappropriate
en	inapporpriately	inappropriately
en	inappropiate	inappropriate
en	inappropirate	inappropriate
en	inappropraite	inappropriate
en	inappropraitely	inappropriately
en	inapproprate	inappropriate
en	inappropriae	inappropriately
en	inappropriatelly	inappropriately
en	inappropriatley	inappropriately
en	inappropriatly	inappropriately
en	inappropriet	inappropriately
en	inapproprietly	inappropriately
en	inaproppriate	inappropriate
en	inattractive	unattractive
en	inaugures	inaugurates
en	inbalance	imbalance
en	inbalanced	imbalanced
en	inbeetwen	between
en	inbelievable	unbelievable
en	inbetweeen	between
en	inbetween	between
en	inbetwen	between
en	inbewteen	between
en	incarantion	incarnation
en	incarcaration	incarceration
en	incarcelated	incarcerated
en	incarcerato	incarceration
en	incarcirated	incarcerated
en	incarciration	incarceration
en	incarnacion	incarnation
en	incarnato	incarnation
en	incarnaton	incarnation
en	incarserated	incarcerated
en	incarseration	incarceration
en	incedentally	incidentally
en	incentivare	incentive
en	incentivate	incentive
en	incentiveise	incentives
en	incentivice	incentive
en	incentivies	incentives
en	incentivos	incentives
en	incerceration	incarceration
en	incestigator	investigator
en	incgonito	incognito
en	inchoerent	incoherent
en	incidencies	incidence
en	incidentaly	incidentally
en	incidentes	incidents
en	incidential	incidental
en	incidentially	incidentally
en	incidently	incidentally
en	incidentul	incidental
en	inclanation	inclination
en	incldue	include
en	inclenation	inclination
en	inclinacion	inclination
en	inclinaison	inclination
en	inclinato	inclination
en	inclince	incline
en	inclinde	incline
en	inclreased	increased
en	includ	include
en	includeds	includes
en	includng	including
en	incluse	includes
en	incoginto	incognito
en	incognitio	incognito
en	incognition	incognito
en	incoherant	incoherent
en	incoherrent	incoherent
en	incohorent	incoherent
en	incomaptible	incompatible
en	incomfortable	uncomfortable
en	incomfortably	uncomfortably
en	incomparible	incompatible
en	incompatabile	incompatible
en	incompatabilities	incompatibilities
en	incompatability	incompatibility
en	incompatable	incompatible
en	incompatablities	incompatibilities
en	incompatablity	incompatibility
en	incompatble	incompatible
en	incompatent	incompetent
en	incompatiable	incompatible
en	incompatibil	incompatible
en	incompatibile	incompatible
en	incompatiblities	incompatibilities
en	incompatiblity	incompatibility
en	incompetance	incompetence
en	incompetant	incompetent
en	incompetente	incompetence
en	incompetentence	incompetence
en	incompitable	incompatible
en	incompitent	incompetent
en	incompotent	incompetent
en	incomprehencible	incomprehensible
en	incomprehendible	incomprehensible
en	incomprehenisble	incomprehensible
en	incomprehensable	incomprehensible
en	incomprehensibe	incomprehensible
en	incomprehesible	incomprehensible
en	incomprehinsible	incomprehensible
en	incomprihensible	incomprehensible
en	incomptable	incompatible
en	incomptetent	incompetent
en	inconcequential	inconsequential
en	inconciderate	inconsiderate
en	inconcistencies	inconsistencies
en	inconcistency	inconsistency
en	inconcistent	inconsistent
en	inconditional	unconditional
en	inconditionally	unconditionally
en	incongito	incognito
en	inconprehensible	incomprehensible
en	inconsciously	unconsciously
en	inconsecuential	inconsequential
en	inconsequantial	inconsequential
en	inconsequencial	inconsequential
en	inconsequental	inconsequential
en	inconsequentional	inconsequential
en	inconsequentual	inconsequential
en	inconsiderant	inconsiderate
en	inconsiquential	inconsequential
en	inconsisent	inconsistent
en	inconsistance	inconsistency
en	inconsistancies	inconsistencies
en	inconsistancy	inconsistency
en	inconsistant	inconsistent
en	inconsistecy	inconsistency
en	inconsistencias	inconsistencies
en	inconsistenly	inconsistency
en	inconsistensies	inconsistencies
en	inconsistensy	inconsistency
en	inconsistentcies	inconsistencies
en	inconsistentcy	inconsistency
en	inconsistenties	inconsistencies
en	inconsistenty	inconsistency
en	inconsisteny	inconsistency
en	inconstitutional	unconstitutional
en	incontrollably	uncontrollably
en	inconveinence	inconvenience
en	inconveinent	inconvenient
en	inconveniance	inconvenience
en	inconveniant	inconvenient
en	inconveniece	inconvenience
en	inconveniente	inconvenience
en	inconveniet	inconvenient
en	inconvenince	inconvenience
en	inconventional	unconventional
en	inconvienence	inconvenience
en	inconvienenced	inconvenience
en	inconvienent	inconvenient
en	incorect	incorrect
en	incorectly	incorrectly
en	incoroporated	incorporated
en	incoroprate	incorporate
en	incorparate	incorporate
en	incorparated	incorporated
en	incorparating	incorporating
en	incorperate	incorporate
en	incorperated	incorporated
en	incorperating	incorporating
en	incorperation	incorporation
en	incorporare	incorporate
en	incorpore	incorporate
en	incorportaed	incorporated
en	incorportate	incorporate
en	incorported	incorporated
en	incorprates	incorporates
en	incorproate	incorporated
en	incorrecly	incorrectly
en	incorrecty	incorrectly
en	incorretly	incorrectly
en	incorruptable	incorruptible
en	incpetion	inception
en	incramental	incremental
en	incramentally	incrementally
en	incraments	increments
en	increadible	incredible
en	incredable	incredible
en	incredably	incredibly
en	incrediable	incredible
en	incrediably	incredibly
en	incredibe	incredible
en	incredibile	incredible
en	incredibily	incredibly
en	incrediblely	incredibly
en	incredibley	incredibly
en	incrediby	incredibly
en	incrememnts	increments
en	incremenets	increments
en	incrementarla	incremental
en	incrementarlo	incremental
en	incrementas	increments
en	incrementers	increments
en	incremential	incremental
en	incremently	incremental
en	incrementos	increments
en	incremetal	incremental
en	incrimental	incremental
en	incriments	increments
en	incrompehensible	incomprehensible
en	inctroduce	introduce
en	inctroduced	introduced
en	incuding	including
en	inculded	included
en	inculding	including
en	incunabla	incunabula
en	indains	indians
en	indavertently	inadvertently
en	indeces	indices
en	indefenite	indefinite
en	indefinate	indefinite
en	indefinately	indefinitely
en	indefineable	undefinable
en	indefinete	indefinite
en	indefinetely	indefinitely
en	indefinetly	indefinitely
en	indefininte	indefinite
en	indefinitelly	indefinitely
en	indefinitive	indefinite
en	indefinitley	indefinitely
en	indefinitly	indefinitely
en	indefinity	indefinitely
en	indefintiely	indefinitely
en	indeginous	indigenous
en	indentical	identical
en	indepdenent	independents
en	indepedantly	independently
en	indepedence	independence
en	indepednent	independents
en	indepencence	independence
en	independance	independence
en	independant	independent
en	independante	independents
en	independantes	independents
en	independantly	independently
en	independece	independence
en	independendet	independent
en	independendly	independently
en	independenet	independents
en	independenly	independently
en	independens	independents
en	independense	independents
en	independente	independence
en	independentisme	independents
en	independentiste	independents
en	independentness	independents
en	independet	independent
en	independetly	independently
en	independetn	independents
en	independets	independents
en	independnet	independents
en	indepenent	independent
en	indepentend	independents
en	indepentent	independent
en	indepentently	independently
en	indepentents	independents
en	inderictly	indirectly
en	indespensable	indispensable
en	indespensible	indispensable
en	indestrictible	indestructible
en	indestructble	indestructible
en	indestructibe	indestructible
en	indestructuble	indestructible
en	indetifiable	identifiable
en	indetification	identification
en	indiaan	indiana
en	indianaoplis	indianapolis
en	indianapols	indianapolis
en	indianas	indians
en	indiands	indians
en	indiania	indiana
en	indianna	indiana
en	indianopolis	indianapolis
en	indianos	indians
en	indicaste	indicates
en	indicaters	indicates
en	indicateurs	indicates
en	indicatie	indicative
en	indicatiors	indicators
en	indicativo	indication
en	indicato	indication
en	indicatore	indicate
en	indicats	indicators
en	indicence	incidence
en	indicentally	incidentally
en	indicents	incidents
en	indicitave	indicative
en	indicitive	indicative
en	indictement	indictment
en	indictrinated	indoctrinated
en	indifferance	indifference
en	indifferant	indifferent
en	indifferente	indifference
en	indiffernce	indifference
en	indiffernece	indifference
en	indiffernt	indifferent
en	indigeneous	indigenous
en	indigenious	indigenous
en	indigenius	indigenous
en	indigenos	indigenous
en	indigenuous	indigenous
en	indigineous	indigenous
en	indiginous	indigenous
en	indigneous	indigenous
en	indikation	indication
en	indimidating	intimidating
en	indimidation	intimidation
en	indipendence	independence
en	indipendent	independent
en	indipendently	independently
en	indireclty	indirectly
en	indirectely	indirectly
en	indirecty	indirectly
en	indirektly	indirectly
en	indisious	insidious
en	indispensible	indispensable
en	indisputible	indisputable
en	indisputibly	indisputably
en	indistinguisable	indistinguishable
en	indistinguishible	indistinguishable
en	indistingusihable	indistinguishable
en	indistinquishable	indistinguishable
en	indistructible	indestructible
en	indistuingishable	indistinguishable
en	individiual	individual
en	individuais	individuals
en	individuales	individuals
en	individuallity	individuality
en	individualty	individuality
en	individualy	individually
en	individuati	individuality
en	individuel	individual
en	individuella	individual
en	individuels	individuals
en	individul	individual
en	individus	individuals
en	indiviudal	individuals
en	indiviudally	individually
en	indivudual	individual
en	indivuduality	individuality
en	indivudually	individually
en	indivuduals	individuals
en	indluge	indulge
en	indocrtinated	indoctrinated
en	indocrtination	indoctrination
en	indocternated	indoctrinated
en	indoctornated	indoctrinated
en	indoctrication	indoctrination
en	indoctrinatie	indoctrinated
en	indoctrinatin	indoctrination
en	indoctronated	indoctrinated
en	indoensia	indonesia
en	indoensian	indonesian
en	indoktrination	indoctrination
en	indonasian	indonesian
en	indoneisa	indonesia
en	indoneisan	indonesian
en	indonesa	indonesia
en	indonesean	indonesian
en	indonesien	indonesian
en	indonesion	indonesian
en	indonisian	indonesian
en	indonistan	indonesian
en	indpendent	independent
en	indpendently	independently
en	indroduction	introduction
en	indroductory	introductory
en	indugle	indulge
en	indulgue	indulge
en	industiral	industrial
en	industiralized	industrialized
en	industires	industries
en	industrail	industrial
en	industrailized	industrialized
en	industrees	industries
en	industrialied	industrialized
en	industrialzed	industrialized
en	industrias	industries
en	industriel	industrial
en	industriella	industrial
en	industriels	industries
en	industrija	industrial
en	industrije	industries
en	industrijske	industries
en	industrualized	industrialized
en	industructible	indestructible
en	indutrial	industrial
en	indviduals	individuals
en	ineffecitve	ineffective
en	ineffektive	ineffective
en	inefficeint	inefficient
en	inefficent	inefficient
en	inefficiant	inefficient
en	inefficienct	inefficient
en	inefficienty	inefficiently
en	ineffictive	ineffective
en	ineffizient	inefficient
en	ineqaulity	inequality
en	inequailty	inequality
en	inequallity	inequality
en	inersting	inserting
en	inevatible	inevitable
en	inevetable	inevitable
en	inevetably	inevitably
en	inevetible	inevitable
en	inevidable	inevitable
en	inevidably	inevitably
en	inevitabile	inevitable
en	inevitabily	inevitably
en	inevitablely	inevitably
en	inevitabley	inevitably
en	inevitablity	inevitably
en	inevitablly	inevitably
en	inevitible	inevitable
en	inevitibly	inevitably
en	inevititably	inevitably
en	inevtiable	inevitable
en	inevtiably	inevitably
en	inexblicably	inexplicably
en	inexeprienced	inexperience
en	inexpectedly	unexpectedly
en	inexpeirenced	inexperience
en	inexpencive	inexpensive
en	inexpenisve	inexpensive
en	inexpense	inexpensive
en	inexpereince	inexperience
en	inexpereinced	inexperienced
en	inexperiance	inexperience
en	inexperianced	inexperienced
en	inexperiece	inexperience
en	inexperieced	inexperienced
en	inexperiecned	inexperience
en	inexperiencable	inexperience
en	inexperiened	inexperienced
en	inexperiente	inexperience
en	inexperince	inexperience
en	inexperineced	inexperience
en	inexpierence	inexperienced
en	inexpierenced	inexperienced
en	inexplicabil	inexplicably
en	inexplicablely	inexplicably
en	inexplicabley	inexplicably
en	inexplicablly	inexplicably
en	inexplicaby	inexplicably
en	inexplicibly	inexplicably
en	infalability	infallibility
en	infallable	infallible
en	infallibale	infallible
en	infallibe	infallible
en	infallibile	infallible
en	infaltable	inflatable
en	infalte	inflate
en	infantis	infants
en	infantus	infants
en	infarred	infrared
en	infeccious	infectious
en	infectation	infestation
en	infecteous	infectious
en	infectin	infections
en	infectuous	infectious
en	infedility	infidelity
en	infektious	infectious
en	infenro	inferno
en	infered	inferred
en	inferioara	inferior
en	inferioare	inferior
en	inferioir	inferior
en	inferioirty	inferiority
en	inferiorty	inferiority
en	inferiour	inferior
en	inferir	inferior
en	infermon	inferno
en	inferrence	inference
en	infestaion	infestation
en	infestating	infestation
en	infestato	infestation
en	infestaton	infestation
en	infestions	infections
en	infideltiy	infidelity
en	infidility	infidelity
en	infilitrate	infiltrate
en	infilitrated	infiltrated
en	infilitration	infiltration
en	infiltartor	infiltrator
en	infiltrade	infiltrate
en	infiltrait	infiltrate
en	infiltraitor	infiltrator
en	infiltrar	infiltrator
en	infiltrare	infiltrate
en	infiltraron	infiltrator
en	infiltrarte	infiltrate
en	infiltrase	infiltrate
en	infiltrater	infiltrator
en	infiltratie	infiltrate
en	infiltratior	infiltrator
en	infiltratred	infiltrate
en	infiltre	infiltrate
en	infiltrerat	infiltrate
en	infinately	infinitely
en	infinet	infinite
en	infinetely	infinitely
en	infinie	infinite
en	infiniment	infinite
en	infinit	infinite
en	infinitelly	infinitely
en	infinitey	infinity
en	infinitie	infinite
en	infinitiy	infinity
en	infinitley	infinitely
en	infinitly	infinity
en	infintie	infinite
en	infintiely	infinitely
en	infintiy	infinity
en	infintrator	infiltrator
en	inflamable	inflatable
en	inflamation	inflammation
en	inflatabale	inflatable
en	inflatabe	inflatable
en	inflateble	inflatable
en	inflatible	inflatable
en	inflatie	inflate
en	infleunced	influenced
en	inflitrate	infiltrate
en	inflitrator	infiltrator
en	influanced	influenced
en	influances	influences
en	influancing	influencing
en	influenceing	influencing
en	influencial	influential
en	influencian	influencing
en	influencie	influences
en	influening	influencing
en	influens	influences
en	influense	influences
en	influensed	influences
en	influenser	influences
en	influenses	influences
en	influenta	influential
en	influental	influential
en	influented	influenced
en	influentes	influences
en	influenting	influencing
en	influentual	influential
en	influincing	influencing
en	influneced	influenced
en	infograhic	infographic
en	infograhpic	infographic
en	infograpgic	infographic
en	infograpic	infographic
en	infogrpahic	infographic
en	infogrpahics	infographic
en	infomation	information
en	inforgivable	unforgivable
en	informable	informal
en	informacion	information
en	informarla	informal
en	informarle	informal
en	informarlo	informal
en	informas	informs
en	informate	informative
en	informatice	informative
en	informatie	informative
en	informatief	informative
en	informatiei	informative
en	informatike	informative
en	informativo	information
en	informella	informal
en	informerad	informed
en	informis	informs
en	informitive	informative
en	informtion	information
en	infornt	infront
en	infrantryman	infantryman
en	infraread	infrared
en	infrastracture	infrastructure
en	infrastructre	infrastructure
en	infrastructuur	infrastructure
en	infrastrucure	infrastructure
en	infrastrucutre	infrastructure
en	infrastrukture	infrastructure
en	infrastrutture	infrastructure
en	infrasturcture	infrastructure
en	infridgement	infringement
en	infridging	infringing
en	infrigement	infringement
en	infrignement	infringement
en	infrigning	infringing
en	infringeing	infringing
en	infromal	informal
en	infromation	information
en	infromative	informative
en	infromed	informed
en	infroms	informs
en	infrotn	infront
en	infulenced	influenced
en	infulences	influences
en	infulential	influential
en	ingenius	ingenious
en	ingeniuty	ingenuity
en	ingenuitiy	ingenuity
en	ingerdients	ingredients
en	ingestigator	investigator
en	ingeunity	ingenuity
en	ingition	ignition
en	ingocnito	incognito
en	ingorance	ignorance
en	ingorant	ignorant
en	ingrediant	ingredient
en	ingrediants	ingredients
en	ingrediens	ingredients
en	ingredientes	ingredients
en	ingrediets	ingredient
en	ingreediants	ingredients
en	ingreidents	ingredient
en	ingriedents	ingredient
en	inguenity	ingenuity
en	inhabitans	inhabitants
en	inhabitat	inhabitants
en	inhabitats	inhabitants
en	inhabitents	inhabitants
en	inheirt	inherit
en	inheirtance	inheritance
en	inheirted	inherited
en	inherantly	inherently
en	inheratance	inheritance
en	inheretance	inheritance
en	inheriet	inherit
en	inherint	inherit
en	inherintly	inherently
en	inheritage	heritage
en	inheritence	inheritance
en	inhernetly	inherently
en	inhertiance	inheritance
en	inhertied	inherited
en	inhumaan	inhuman
en	inhumain	inhuman
en	inidans	indians
en	inifnite	infinite
en	inifnitely	infinitely
en	inifnity	infinity
en	inintelligent	unintelligent
en	ininterested	uninterested
en	ininteresting	uninteresting
en	inisghts	insights
en	initailly	initially
en	initails	initials
en	initaite	initiate
en	initaition	initiation
en	initaitives	initiatives
en	inital	initial
en	initaled	initialed
en	initalese	initialese
en	initaling	initialing
en	initalisation	initialisation
en	initalisations	initialisations
en	initalise	initialise
en	initalised	initialised
en	initaliser	initialiser
en	initalisers	initialisers
en	initalises	initialises
en	initalising	initialising
en	initalism	initialism
en	initalisms	initialisms
en	initalizable	initializable
en	initalization	initialization
en	initalizations	initializations
en	initalize	initialize
en	initalized	initialized
en	initalizer	initializer
en	initalizers	initializers
en	initalizes	initializes
en	initalizing	initializing
en	initalled	initialled
en	initalling	initialling
en	initally	initially
en	initalness	initialness
en	initals	initials
en	initation	initiation
en	initiaitive	initiative
en	initiaitve	initiatives
en	initiales	initials
en	initialy	initially
en	initiatie	initiatives
en	initiaties	initiatives
en	initiatin	initiation
en	initiativs	initiatives
en	initiatve	initiate
en	initiatves	initiatives
en	initiavite	initiatives
en	initisl	initials
en	inititaive	initiatives
en	inititiave	initiatives
en	inititiaves	initiatives
en	initmacy	intimacy
en	initmate	intimate
en	initmately	intimately
en	initmidate	intimidate
en	inituition	initiation
en	injustaces	injustices
en	injusticas	injustices
en	injustics	injustices
en	injustie	injustices
en	inkompatible	incompatible
en	inkompetence	incompetence
en	inkonsistent	inconsistent
en	inlcine	incline
en	inlcuded	included
en	inlcudes	includes
en	inlcuding	including
en	inlightening	enlightening
en	inmigrant	immigrant
en	inmigrants	immigrants
en	innersection	intersection
en	innerstellar	interstellar
en	innoavtion	innovations
en	innocens	innocents
en	innocenters	innocents
en	innocentes	innocents
en	innocentius	innocents
en	innoculated	inoculated
en	innocuos	innocuous
en	innotation	innovation
en	innoucous	innocuous
en	innovacion	innovation
en	innovaiton	innovations
en	innovatief	innovate
en	innovaties	innovate
en	innovatin	innovations
en	innovativo	innovation
en	innovatve	innovate
en	innvoate	innovate
en	innvoation	innovation
en	inocence	innocence
en	inofficial	unofficial
en	inot	into
en	inovker	invoker
en	inpeach	impeach
en	inpection	inception
en	inpending	impending
en	inpenetrable	impenetrable
en	inperfections	imperfections
en	inpersonating	impersonating
en	inplementation	implementation
en	inplementations	implementations
en	inplementing	implementing
en	inplications	implications
en	inpolite	impolite
en	inpossibility	impossibility
en	inpoverished	impoverished
en	inpredictable	unpredictable
en	inprisonment	imprisonment
en	inproductive	unproductive
en	inprovements	improvements
en	inproving	improving
en	inpsect	inspect
en	inpsection	inspection
en	inpsector	inspector
en	inpsiration	inspiration
en	inpsire	inspire
en	inpsired	inspired
en	inpsiring	inspiring
en	inquier	inquire
en	inquirey	inquiry
en	inquirie	inquire
en	inquiriy	inquiry
en	inquisator	inquisitor
en	inquisicion	inquisition
en	inquisidor	inquisitor
en	inquisistor	inquisitor
en	inquisiter	inquisitor
en	inquisiting	inquisition
en	inquisitio	inquisitor
en	inquisitior	inquisitor
en	inquisitir	inquisitor
en	inquisitivo	inquisition
en	inquisito	inquisition
en	inquisiton	inquisition
en	inquisitr	inquisitor
en	inquistior	inquisitor
en	inquizition	inquisition
en	inquizitor	inquisitor
en	inquriy	inquiry
en	inqusitior	inquisitor
en	inresponsible	irresponsible
en	inresponsive	unresponsive
en	inrested	inserted
en	inresting	inserting
en	insanelly	insanely
en	insaney	insanely
en	insanley	insanely
en	inscets	insects
en	insectes	insects
en	insectiverous	insectivorous
en	insectos	insects
en	insecurites	insecurities
en	insecuritites	insecurities
en	insensative	insensitive
en	insensetive	insensitive
en	insensitve	insensitive
en	insentitive	insensitive
en	insentivised	insensitive
en	insentivises	insensitive
en	insepct	inspect
en	insepction	inspection
en	insepctions	inspections
en	insepctor	inspector
en	inseperable	inseparable
en	insertas	inserts
en	insertes	inserts
en	insertos	inserts
en	insidios	insidious
en	insidiuos	insidious
en	insiginficant	insignificant
en	insiginifcant	insignificant
en	insignifiant	insignificant
en	insignificat	insignificant
en	insignificent	insignificant
en	insignificunt	insignificant
en	insignifigant	insignificant
en	insigths	insights
en	insinuationg	insinuating
en	insipration	inspiration
en	insiprational	inspirational
en	insipre	inspire
en	insipred	inspired
en	insipres	inspires
en	insipring	inspiring
en	insistance	insistence
en	insistas	insists
en	insistente	insistence
en	insistenze	insistence
en	insistes	insists
en	insistince	insistence
en	insistis	insists
en	insitution	institution
en	insitutions	institutions
en	insluated	insulated
en	insluts	insults
en	insmonia	insomnia
en	insomina	insomnia
en	insonmia	insomnia
en	insparation	inspiration
en	inspeccion	inspection
en	inspeciton	inspections
en	inspecticon	inspection
en	inspectin	inspection
en	inspectons	inspections
en	inspectoras	inspectors
en	inspectres	inspectors
en	inspektion	inspection
en	inspektors	inspectors
en	insperation	inspiration
en	insperational	inspirational
en	inspiracion	inspiration
en	inspiraste	inspires
en	inspirating	inspiration
en	inspirationnal	inspirational
en	inspiraton	inspiration
en	inspirerad	inspired
en	inspireras	inspires
en	inspiritional	inspirational
en	inspriation	inspiration
en	inspriational	inspirational
en	inspried	inspired
en	inspries	inspires
en	insrugency	insurgency
en	instabiliy	instability
en	instabillity	instability
en	instabilt	instability
en	instabilty	instability
en	instade	instead
en	instalaltion	installations
en	instalation	installation
en	instalement	installment
en	installatin	installations
en	installatons	installations
en	installatron	installation
en	installeer	installer
en	installeert	installer
en	installemnt	installment
en	installent	installment
en	installes	installs
en	installesd	installs
en	installion	installing
en	installling	installing
en	installmant	installment
en	installus	installs
en	instanciate	instantiate
en	instanse	instances
en	instantaenous	instantaneous
en	instantaneos	instantaneous
en	instantaneoulsy	instantaneous
en	instantaneu	instantaneous
en	instantaneus	instantaneous
en	instantanious	instantaneous
en	instantanous	instantaneous
en	instanteneous	instantaneous
en	instantenious	instantaneous
en	instanty	instantly
en	instatance	instance
en	instatutionalized	institutionalized
en	instelling	installing
en	instered	inserted
en	instering	inserting
en	insticnt	instinct
en	insticnts	instincts
en	instincitvely	instinctively
en	instincs	instincts
en	instinctivelly	instinctively
en	instinctivley	instinctively
en	instinctivly	instinctively
en	instint	instinct
en	instititional	institutional
en	institucion	institution
en	institucionalized	institutionalized
en	institude	instituted
en	instituded	instituted
en	institue	institute
en	instituion	institution
en	institutie	institute
en	institutiei	institute
en	institutionale	institutionalized
en	institutionals	institutions
en	institutionel	institutional
en	institutionella	institutional
en	institutionilized	institutionalized
en	institutionlized	institutionalized
en	institutionnal	institutional
en	institutionnels	institutions
en	instituto	institution
en	instituttet	institute
en	institutue	instituted
en	institutuion	institution
en	instrament	instrument
en	instramental	instrumental
en	instraments	instruments
en	instrcutions	instruction
en	instrcutor	instructors
en	instruccion	instruction
en	instrucion	instruction
en	instruciton	instruction
en	instrucitons	instruction
en	instructer	instructor
en	instructers	instructors
en	instructie	instructed
en	instructior	instructor
en	instructios	instructors
en	instructiosn	instruction
en	instructivo	instruction
en	instructons	instructors
en	instructores	instructors
en	instruktion	instruction
en	instruktor	instructor
en	instrumenal	instrumental
en	instrumentos	instruments
en	instrumentul	instrumental
en	instrumetal	instrumental
en	instuction	instruction
en	instuments	instruments
en	insturcted	instructed
en	insturction	instruction
en	insturctor	instructor
en	insturctors	instructors
en	insturment	instrument
en	insturmental	instrumental
en	insturmentals	instrumental
en	insturments	instruments
en	instutionalized	institutionalized
en	instutions	intuitions
en	instutition	institution
en	instutitional	institutional
en	instutitionalized	institutionalized
en	instutitions	institutions
en	instututed	instituted
en	instutution	institution
en	instututionalized	institutionalized
en	insualted	insulated
en	insubstantiated	unsubstantiated
en	insuccessful	unsuccessful
en	insufficent	insufficient
en	insufficiant	insufficient
en	insuffucient	insufficient
en	insuinating	insinuating
en	insultas	insults
en	insultes	insults
en	insultos	insults
en	insuniating	insinuating
en	insurence	insurance
en	insurgance	insurgency
en	insurgancy	insurgency
en	insurgencey	insurgency
en	insurgeny	insurgency
en	insuspecting	unsuspecting
en	insustainable	unsustainable
en	intamicy	intimacy
en	intamite	intimate
en	intangable	intangible
en	intangeble	intangible
en	intangiable	intangible
en	intangibil	intangible
en	intangibile	intangible
en	intanjible	intangible
en	intaxication	intoxication
en	inteferring	interfering
en	integirty	integrity
en	integraal	integral
en	integracion	integration
en	integrade	integrated
en	integraded	integrated
en	integrarla	integral
en	integrarlo	integral
en	integratie	integrated
en	integrato	integration
en	integratron	integration
en	integreres	interferes
en	integrering	interfering
en	integreted	integrated
en	intelectual	intellectual
en	intelelctual	intellectuals
en	intelelctuals	intellectuals
en	inteligence	intelligence
en	inteligent	intelligent
en	intellectals	intellectuals
en	intellectaul	intellectuals
en	intellectualis	intellectuals
en	intellectualiser	intellectuals
en	intellectualisme	intellectuals
en	intellectualls	intellectuals
en	intellectualy	intellectually
en	intellectuel	intellectual
en	intellectuels	intellectuals
en	intellectul	intellectuals
en	intellectus	intellectuals
en	intellecual	intellectual
en	intellecutal	intellectual
en	intellecutally	intellectually
en	intellecutals	intellectuals
en	intellegent	intelligent
en	intellegently	intelligently
en	intelligance	intelligence
en	intelligant	intelligent
en	intelligenly	intelligently
en	intelligente	intelligence
en	intelligenty	intelligently
en	intelligient	intelligent
en	intelluctuals	intellectuals
en	intenational	international
en	intencional	intentional
en	intendes	intends
en	intendos	intends
en	intenisty	intensity
en	intenseley	intensely
en	intensitiy	intensity
en	intensley	intensely
en	intenst	intents
en	intentas	intents
en	intented	intended
en	intentinal	intentional
en	intentines	intestines
en	intentionly	intentional
en	intentionnal	intentional
en	intepretation	interpretation
en	intepretator	interpreter
en	interaccion	interaction
en	interace	interacted
en	interacive	interactive
en	interacs	interacts
en	interacte	interactive
en	interactes	interacts
en	interactice	interactive
en	interactie	interactive
en	interacties	interacts
en	interactifs	interacts
en	interactins	interacts
en	interactios	interacts
en	interactivo	interaction
en	interactons	interacts
en	interactue	interacted
en	interaktion	interaction
en	interaktive	interactive
en	interasted	interacted
en	interasting	interacting
en	interatellar	interstellar
en	interational	international
en	interbread	interbreed
en	intercation	integration
en	intercection	interception
en	intercepcion	interception
en	intercepticons	interceptions
en	interceptin	interception
en	intercepto	interception
en	interceptons	interceptions
en	interchangable	interchangeable
en	interchangabley	interchangeably
en	interchangably	interchangeably
en	interchangeablely	interchangeably
en	interchangeabley	interchangeably
en	interchangeablity	interchangeably
en	interchangebale	interchangeable
en	interchangeble	interchangeable
en	interchangebly	interchangeably
en	intercoarse	intercourse
en	intercontinential	intercontinental
en	intercontinetal	intercontinental
en	intercorse	intercourse
en	intercource	intercourse
en	intercouse	intercourse
en	intereaction	intersection
en	intereactions	intersections
en	intereacts	interfaces
en	interect	interacted
en	interected	interacted
en	interecting	interacting
en	interection	interaction
en	interections	interactions
en	intered	interred
en	interefers	interferes
en	interelated	interrelated
en	interent	internet
en	interents	internets
en	interersted	interpreted
en	interersting	interpreting
en	interesant	interest
en	interesat	interest
en	interesction	intersection
en	interesctions	intersections
en	interese	interested
en	interesing	interesting
en	interesring	interfering
en	interesst	interests
en	interessted	interested
en	interestes	interests
en	interestigly	interestingly
en	interestinly	interestingly
en	interet	interest
en	interewbs	interwebs
en	interfacce	interfaces
en	interfase	interfaces
en	interfce	interface
en	interfears	interferes
en	interfeer	interfere
en	interfeers	interferes
en	interferance	interference
en	interferce	interferes
en	interferece	interference
en	interfereing	interfering
en	interferens	interferes
en	interferire	interfere
en	interferisce	interferes
en	interferisse	interferes
en	interfernce	interference
en	interferre	interfere
en	interferred	interfere
en	interferres	interferes
en	interferring	interfering
en	interfers	interferes
en	intergal	integral
en	intergate	integrate
en	intergated	integrated
en	intergation	integration
en	intergity	integrity
en	intergrated	integrated
en	intergration	integration
en	interioara	interior
en	interioare	interior
en	interiour	interior
en	interlectual	intellectual
en	interlectually	intellectually
en	interlectuals	intellectuals
en	interm	interim
en	intermedate	intermediate
en	intermediare	intermediate
en	intermedie	intermediate
en	intermediete	intermediate
en	intermedite	intermediate
en	intermettent	intermittent
en	intermideate	intermediate
en	intermidiate	intermediate
en	intermitent	intermittent
en	intermittient	intermittent
en	intermittment	intermittent
en	internacional	international
en	internatinal	international
en	internation	international
en	internationaal	international
en	internationaly	internationally
en	internationl	international
en	internationnal	international
en	internationnally	internationally
en	internations	interactions
en	internediate	intermediate
en	internelized	internalized
en	internest	internets
en	internetbs	internets
en	interneters	internets
en	internetes	internets
en	internetese	internets
en	internetest	internets
en	interneting	interesting
en	internetis	internets
en	internetors	internets
en	internettes	internets
en	internetts	internets
en	internetus	internets
en	internilized	internalized
en	internt	internet
en	internts	interns
en	internus	interns
en	interpersonel	interpersonal
en	interpersonnal	interpersonal
en	interpert	interpret
en	interpertation	interpretation
en	interpertations	interpretations
en	interperted	interpreted
en	interperter	interpreter
en	interperters	interpreter
en	interperting	interpreting
en	interpet	interpret
en	interpratation	interpretation
en	interpratations	interpretations
en	interprate	interpret
en	interprating	interpreting
en	interprered	interpreter
en	interpresonal	interpersonal
en	interpretacion	interpretation
en	interpretaciones	interpretations
en	interpretaion	interpretation
en	interpretaiton	interpretations
en	interpretare	interpreter
en	interpretarea	interpreter
en	interpretarem	interpreter
en	interpretares	interpreter
en	interpretarse	interpreter
en	interpretarte	interpreter
en	interpretatin	interpretations
en	interpretating	interpretation
en	interpretationen	interpretations
en	interpretato	interpretation
en	interpreteer	interpreter
en	interpreteert	interpreter
en	interpretier	interpreter
en	interpretion	interpreting
en	interpretor	interpreter
en	interpretter	interpreter
en	interpritation	interpretation
en	interpritations	interpretations
en	interpriting	interpreting
en	interprut	interrupt
en	interraccial	interracial
en	interractial	interracial
en	interragation	interrogation
en	interratial	interracial
en	interregation	interrogation
en	interresing	interfering
en	interrigation	interrogation
en	interrim	interim
en	interro	interior
en	interrogacion	interrogation
en	interrogatin	interrogation
en	interrogativo	interrogation
en	interrogato	interrogation
en	interrputed	interrupted
en	interrugum	interregnum
en	interrumping	interrupting
en	interruped	interrupted
en	interruping	interrupting
en	interrups	interrupts
en	interrupteds	interrupts
en	interruptes	interrupts
en	interruptis	interrupts
en	interruptors	interrupts
en	interrut	interrupt
en	interseccion	intersection
en	interseciton	intersections
en	intersectionals	intersections
en	intersecton	intersection
en	interseption	interception
en	intersetllar	interstellar
en	interstae	interstate
en	interstallar	interstellar
en	interstaller	interstellar
en	interste	interstate
en	interstela	interstellar
en	interstelar	interstellar
en	interstellaire	interstellar
en	intersteller	interstellar
en	interstellor	interstellar
en	intertained	intertwined
en	intertaining	entertaining
en	intertainment	entertainment
en	intertvined	intertwined
en	intertwinded	intertwined
en	intertwinned	intertwined
en	intertwyned	intertwined
en	interupt	interrupt
en	intervalles	intervals
en	intervalls	intervals
en	intervalos	intervals
en	intervation	integration
en	interveen	intervene
en	interveign	intervening
en	interveing	intervening
en	interveiwed	interviewed
en	interveiwer	interviewer
en	interveiwing	interviewing
en	interveiws	interviews
en	intervencion	intervention
en	interveneing	intervening
en	intervenion	intervening
en	intervenire	intervene
en	intervension	intervention
en	interventie	intervene
en	intervento	intervention
en	intervenue	intervene
en	interveres	interferes
en	intervewing	intervening
en	intervied	interviewed
en	interviened	interviewed
en	intervieni	interviewing
en	interviening	interviewing
en	intervier	interviewer
en	intervies	interviews
en	intervieuw	interviews
en	interviewd	interviewed
en	interviewes	interviews
en	interviewie	interviewer
en	interviewr	interviewer
en	intervines	intervenes
en	intervining	intervening
en	interviwed	interviewed
en	interviwer	interviewer
en	interwebbs	interwebs
en	interwebers	interwebs
en	interwiever	interviewer
en	intesnely	intensely
en	intesnity	intensity
en	intestents	intestines
en	intestinas	intestines
en	intestinces	intestines
en	intestinos	intestines
en	intestins	intestines
en	intestions	intestines
en	intevene	intervene
en	intial	initial
en	intialize	initialize
en	intially	initially
en	inticracies	intricacies
en	inticrate	intricate
en	intidimate	intimidate
en	intidimation	intimidation
en	intiials	initials
en	intillectual	intellectual
en	intillectually	intellectually
en	intillectuals	intellectuals
en	intimadate	intimidate
en	intimadated	intimidated
en	intimatley	intimately
en	intimaty	intimately
en	intimiated	intimidate
en	intimidacion	intimidation
en	intimidad	intimidated
en	intimidade	intimidated
en	intimidades	intimidated
en	intimidant	intimidate
en	intimidante	intimidate
en	intimidare	intimidate
en	intimidatie	intimidated
en	intimidatin	intimidation
en	intimidative	intimidate
en	intimidaton	intimidation
en	intimide	intimidate
en	intimidiate	intimidate
en	intiminated	intimidated
en	intimitade	intimidated
en	intimitaded	intimidated
en	intimitading	intimidating
en	intimitaly	intimately
en	intimitate	intimidate
en	intimitated	intimidated
en	intimitating	intimidating
en	intimitation	intimidation
en	intimitely	intimately
en	intircate	intricate
en	intiution	intuition
en	intiutive	intuitive
en	intiutively	intuitively
en	intolarant	intolerant
en	intolerace	intolerance
en	intoleranse	intolerance
en	intolerante	intolerance
en	intolerate	intolerant
en	intolerence	intolerance
en	intolerent	intolerant
en	intolernace	intolerance
en	intolorance	intolerance
en	intolorant	intolerant
en	intolorence	intolerance
en	intolorent	intolerant
en	intorduce	introduce
en	intorduced	introduced
en	intorduces	introduces
en	intorducing	introducing
en	intorduction	introduction
en	intorductory	introductory
en	intorvert	introvert
en	intorverted	introverted
en	intorverts	introverts
en	intoxicacion	intoxication
en	intoxicatin	intoxication
en	intoxicaton	intoxication
en	intoxicted	intoxicated
en	intoxinated	intoxicated
en	intoxination	intoxication
en	intoxocated	intoxicated
en	intracacies	intricacies
en	intracicies	intricacies
en	intracite	intricate
en	intraspection	introspection
en	intraverted	introverted
en	intraverts	introverts
en	intrduced	introduced
en	intrecacies	intricacies
en	intregal	integral
en	intregity	integrity
en	intreguing	intriguing
en	intrenets	internets
en	intrensically	intrinsically
en	intrepret	interpret
en	intrepretation	interpretation
en	intrepretations	interpretations
en	intrepreted	interpreted
en	intrepreter	interpreter
en	intrepreting	interpreting
en	intrerupt	interrupt
en	intrerupted	interrupted
en	intrest	interest
en	intrewebs	interwebs
en	intricaces	intricacies
en	intricasies	intricacies
en	intricicies	intricacies
en	intrige	intrigue
en	intrigueing	intriguing
en	intriguied	intrigue
en	intrigured	intrigue
en	intrinisc	intrinsic
en	intriniscally	intrinsically
en	intrinsecally	intrinsically
en	intrinseci	intrinsic
en	intrinsicaly	intrinsically
en	intrinsinc	intrinsic
en	intrinsisch	intrinsic
en	intriquing	intriguing
en	intrisinc	intrinsic
en	intrisincally	intrinsically
en	intrisnic	intrinsic
en	intristically	intrinsically
en	intriuge	intrigue
en	intriuged	intrigued
en	intriuging	intriguing
en	introdecks	introduces
en	introdiction	introduction
en	introduccion	introduction
en	introduceras	introduces
en	introduceres	introduces
en	introducion	introduction
en	introduciton	introduction
en	introductary	introductory
en	introducted	introduced
en	introductie	introduce
en	introducting	introduction
en	introductiory	introductory
en	introductury	introductory
en	introdue	introduces
en	introdued	introduced
en	introduktion	introduction
en	introdus	introduces
en	introduse	introduces
en	introdused	introduces
en	introspeccion	introspection
en	introspectin	introspection
en	introspectivo	introspection
en	introspektion	introspection
en	introvents	introverts
en	introvered	introverted
en	introvers	introverts
en	introversa	introverts
en	introverse	introverts
en	introversi	introverts
en	introverso	introverts
en	introversy	introverts
en	introvertie	introverted
en	introvertis	introverts
en	introvet	introvert
en	introveted	introverted
en	intruduced	introduced
en	intruduces	introduces
en	intruducing	introducing
en	intruduction	introduction
en	intruductory	introductory
en	intruige	intrigue
en	intruiged	intrigued
en	intruiging	intriguing
en	intrument	instrument
en	intrumental	instrumental
en	intruments	instruments
en	intsrumental	instrumental
en	intuatively	intuitively
en	intuitevely	intuitively
en	intuitevly	intuitively
en	intuitivelly	intuitively
en	intuitivley	intuitively
en	intuitivly	intuitively
en	intuitivno	intuition
en	intuituvely	intuitively
en	inturrupting	interrupting
en	intutive	intuitive
en	intutively	intuitively
en	inudstry	industry
en	inumerable	enumerable
en	inusrgency	insurgency
en	inutition	intuition
en	inutitive	intuitive
en	inutitively	intuitively
en	invaderas	invaders
en	invaderats	invaders
en	invaildate	invalidates
en	invairably	invariably
en	invaldiate	invalidates
en	invaldiates	invalidates
en	invalidade	invalidate
en	invalidades	invalidates
en	invalidante	invalidate
en	invalidare	invalidate
en	invalidas	invalidates
en	invalubale	invaluable
en	invalueble	invaluable
en	invaraibly	invariably
en	invariabil	invariably
en	invariabley	invariably
en	invariablly	invariably
en	invaribaly	invariably
en	invaulable	invaluable
en	inveitable	inevitable
en	inveitably	inevitably
en	invensions	inventions
en	inventario	inventor
en	inventarlo	inventor
en	inventaron	inventor
en	inventer	inventor
en	inventings	inventions
en	inventiones	inventions
en	inventios	inventions
en	inventivos	inventions
en	invertendo	inverted
en	inverterad	inverted
en	invertes	inverse
en	invertibrates	invertebrates
en	invertions	inventions
en	invervention	intervention
en	invesitgate	investigate
en	invesitgation	investigation
en	invesitgations	investigations
en	invesitgative	investigative
en	invesitgators	investigators
en	investagate	investigate
en	investagated	investigated
en	investagator	investigator
en	investagators	investigators
en	investegated	investigated
en	investegating	investigating
en	investegator	investigator
en	investegators	investigators
en	investemnt	investments
en	investiage	investigate
en	investiagte	investigate
en	investiagtion	investigation
en	investiagtions	investigations
en	investiagtive	investigative
en	investigacion	investigation
en	investigaiton	investigations
en	investigare	investigate
en	investigaron	investigator
en	investigater	investigator
en	investigaters	investigators
en	investigatie	investigative
en	investigatin	investigation
en	investigatio	investigator
en	investigationes	investigations
en	investigatiors	investigations
en	investigativo	investigation
en	investigativos	investigations
en	investigaton	investigation
en	investigatons	investigations
en	investige	investigate
en	investigsting	investigating
en	investigstion	investigations
en	investigstions	investigations
en	investingate	investigate
en	investions	inventions
en	investirat	investigator
en	investmens	investments
en	investmet	investments
en	investogator	investigator
en	investogators	investigators
en	invicibility	invisibility
en	invicinble	invincible
en	invididual	individual
en	invididually	individually
en	invincable	invincible
en	invinceble	invincible
en	invincibe	invincible
en	invincibile	invincible
en	invincil	invincible
en	invincinble	invincible
en	invinicble	invincible
en	invinsible	invincible
en	invinvible	invincible
en	invisibiity	invisibility
en	invisibiliy	invisibility
en	invisibillity	invisibility
en	invisibiltiy	invisibility
en	invisibily	invisibility
en	invisilibity	invisibility
en	invisivility	invisibility
en	invitacion	invitation
en	invitating	invitation
en	invitato	invitation
en	invlid	invalid
en	invlove	involve
en	invloved	involved
en	invloves	involves
en	invloving	involving
en	invlunerable	invulnerable
en	invoekr	invoker
en	invokations	invocations
en	involantary	involuntary
en	involentary	involuntary
en	involintary	involuntary
en	involnerable	invulnerable
en	involontary	involuntary
en	involunary	involuntary
en	involunatry	involuntary
en	involuntairy	involuntary
en	involuntarely	involuntary
en	involuntarity	involuntary
en	involuntarly	involuntary
en	involvment	involvement
en	invonvenient	inconvenient
en	invovle	involve
en	invovled	involved
en	invovles	involves
en	invovling	involving
en	invulenrable	invulnerable
en	invulernable	invulnerable
en	invulnarable	invulnerable
en	invulnerabe	invulnerable
en	invulnerabile	invulnerable
en	invulnerbale	invulnerable
en	invulnerble	invulnerable
en	invulnurable	invulnerable
en	invulverable	invulnerable
en	invunlerable	invulnerable
en	invurnerable	invulnerable
en	iornman	ironman
en	ipubrofen	ibuprofen
en	iranain	iranian
en	iranains	iranians
en	iranianos	iranians
en	iranias	iranians
en	iranina	iranian
en	iraninas	iranians
en	irelevent	irrelevant
en	iresistable	irresistible
en	iresistably	irresistibly
en	iresistible	irresistible
en	iresistibly	irresistibly
en	iritable	irritable
en	iritated	irritated
en	irleand	ireland
en	ironamn	ironman
en	ironcially	ironically
en	ironicaly	ironically
en	ironicly	ironically
en	irracional	irrational
en	irrationably	irrationally
en	irrationallity	irrationally
en	irrationallly	irrationally
en	irrationaly	irrationally
en	irrationatly	irrationally
en	irrationel	irrational
en	irrationella	irrational
en	irrationnal	irrational
en	irrelavant	irrelevant
en	irrelavent	irrelevant
en	irrelevent	irrelevant
en	irrelivant	irrelevant
en	irrelivent	irrelevant
en	irreplacable	irreplaceable
en	irresistable	irresistible
en	irresistably	irresistibly
en	irrespecitve	irrespective
en	irresponcible	irresponsible
en	irresponisble	irresponsible
en	irresponsable	irresponsible
en	irresponsbile	irresponsible
en	irresponsble	irresponsible
en	irresponsibe	irresponsible
en	irresponsibile	irresponsible
en	irrevelant	irrelevant
en	irreverant	irrelevant
en	irreverisble	irreversible
en	irreversebly	irreversible
en	irreversiable	irreversible
en	irreversibel	irreversible
en	irreversibelt	irreversible
en	irreversibile	irreversible
en	irrevirsible	irreversible
en	irridation	irritation
en	irriration	irritation
en	irrispective	irrespective
en	irrisponsible	irresponsible
en	irritacion	irritation
en	irritatie	irritate
en	irritaties	irritate
en	irritatin	irritation
en	irritato	irritation
en	irriversible	irreversible
en	isalmic	islamic
en	isalmist	islamist
en	isalmists	islamists
en	isalnders	islanders
en	isareli	israeli
en	isarelis	israelis
en	isdefinitely	indefinitely
en	islamisist	islamist
en	islamisists	islamists
en	islamiskt	islamist
en	islamistas	islamists
en	islamisters	islamists
en	islamistisk	islamists
en	islamit	islamist
en	islamits	islamist
en	islamsit	islamist
en	islamsits	islamists
en	islandes	islanders
en	islmaic	islamic
en	islmaists	islamists
en	isloate	isolate
en	ismalist	islamist
en	isntallation	installation
en	isntaller	installer
en	isntalling	installing
en	isntalls	installs
en	isntances	instances
en	isntantly	instantly
en	isntructed	instructed
en	isntrument	instrument
en	isntrumental	instrumental
en	isntruments	instruments
en	isolatie	isolate
en	israeliens	israelis
en	israelies	israelis
en	israelitas	israelis
en	israelits	israelis
en	israelli	israeli
en	isralei	israeli
en	israleis	israelis
en	isralies	israelis
en	isreali	israeli
en	isrealis	israelis
en	issueing	issuing
en	italains	italians
en	italianas	italians
en	italianess	italians
en	italianos	italians
en	italias	italians
en	itnroduced	introduced
en	iunior	junior
en	iwll	will
en	iwth	with
en	jackonsville	jacksonville
en	jacksonvile	jacksonville
en	jacksonvillle	jacksonville
en	jagaurs	jaguars
en	jaguards	jaguars
en	jaguares	jaguars
en	jaguras	jaguars
en	jailborken	jailbroken
en	jailbrake	jailbreak
en	jailbrek	jailbreak
en	jailbroaken	jailbroken
en	jailbrocken	jailbroken
en	jaimacan	jamaican
en	jalibreak	jailbreak
en	jalibroken	jailbroken
en	jamacain	jamaican
en	jamacia	jamaica
en	jamaicain	jamaican
en	jamaicains	jamaican
en	jamaicaman	jamaican
en	jamaicia	jamaica
en	jamaina	jamaican
en	jamiaca	jamaica
en	jamiacan	jamaican
en	jamsine	jasmine
en	janaury	january
en	januaray	january
en	janurary	january
en	januray	january
en	japanes	japanese
en	jaques	jacques
en	jasmien	jasmine
en	jaugars	jaguars
en	jaunary	january
en	jeapardy	jeopardy
en	jefferry	jeffery
en	jefferty	jeffery
en	jeircho	jericho
en	jennigns	jennings
en	jennins	jennings
en	jeopary	jeopardy
en	jeoprady	jeopardy
en	jepoardy	jeopardy
en	jeresys	jerseys
en	jericoh	jericho
en	jersualem	jerusalem
en	jersyes	jerseys
en	jerusaleum	jerusalem
en	jerusalm	jerusalem
en	jeruselam	jerusalem
en	jeruslaem	jerusalem
en	jewelrey	jewelry
en	jewerly	jewelry
en	jewllery	jewellery
en	joanthan	jonathan
en	joepardy	jeopardy
en	johanine	johannine
en	jonatahn	jonathan
en	jorunal	journal
en	jospeh	joseph
en	jouney	journey
en	jounral	journal
en	jounralism	journalism
en	jounralist	journalist
en	jounralistic	journalistic
en	jounralists	journalists
en	jouranlism	journalism
en	jouranlist	journalist
en	jouranlistic	journalistic
en	jouranlists	journalists
en	journaal	journal
en	journalims	journals
en	journalis	journals
en	journalisim	journalism
en	journalisitc	journalistic
en	journalisitic	journalistic
en	journalistc	journalistic
en	journalistens	journalists
en	journalisters	journalists
en	journalistes	journalists
en	journalistisch	journalistic
en	journalistische	journalistic
en	journalistisk	journalists
en	journalits	journals
en	journalizm	journalism
en	journalsim	journalism
en	journied	journeyed
en	journies	journeys
en	journolist	journalist
en	journolists	journalists
en	joysitck	joystick
en	joystik	joystick
en	jstu	just
en	jsut	just
en	jsutification	justifications
en	juadaism	judaism
en	juadism	judaism
en	judaisim	judaism
en	judasim	judaism
en	judegment	judgement
en	judegmental	judgemental
en	judegments	judgements
en	judgamental	judgemental
en	judgemant	judgemental
en	judgemenal	judgemental
en	judgementals	judgements
en	judgementle	judgemental
en	judgementsl	judgemental
en	judgemet	judgements
en	judgemetal	judgemental
en	judgenental	judgemental
en	judical	judicial
en	judisuary	judiciary
en	juducial	judicial
en	jugdement	judgement
en	jugdemental	judgemental
en	jugdements	judgements
en	juggarnaut	juggernaut
en	juggeranut	juggernaut
en	juggernat	juggernaut
en	juggernath	juggernaut
en	juggernaugt	juggernaut
en	juggernault	juggernaut
en	juggernaunt	juggernaut
en	juggernaunts	juggernaut
en	juggernout	juggernaut
en	juggernuat	juggernaut
en	juggetnaut	juggernaut
en	jugglenaut	juggernaut
en	juggurnaut	juggernaut
en	jugnling	jungling
en	juipter	jupiter
en	junglig	jungling
en	junglign	jungling
en	junlging	jungling
en	juptier	jupiter
en	juridisction	jurisdictions
en	jurisdiccion	jurisdiction
en	jurisdiciton	jurisdiction
en	jurisdicitons	jurisdictions
en	jurisdiktion	jurisdiction
en	jurisfiction	jurisdiction
en	jurisidction	jurisdiction
en	jurisidctions	jurisdictions
en	juristiction	jurisdiction
en	juristictions	jurisdictions
en	jursidiction	jurisdiction
en	jursidictions	jurisdictions
en	jusitfication	justifications
en	jusitfy	justify
en	jusridiction	jurisdiction
en	justfiy	justify
en	justifiaction	justifications
en	justifible	justifiable
en	justificacion	justification
en	justificaiton	justification
en	justificatin	justifications
en	justificativo	justification
en	justificativos	justifications
en	justificatons	justifications
en	justificstion	justifications
en	justifiy	justify
en	justifyable	justifiable
en	justiifcation	justifications
en	juveline	juvenile
en	juvenille	juvenile
en	juvenilles	juvenile
en	juvenlie	juvenile
en	karakoe	karaoke
en	karbohydrates	carbohydrates
en	karoake	karaoke
en	katastrophic	catastrophic
en	katemine	ketamine
en	kenendy	kennedy
en	keneysian	keynesian
en	kenndey	kennedy
en	kennedey	kennedy
en	kentuckey	kentucky
en	kentucy	kentucky
en	kenyesian	keynesian
en	ketmaine	ketamine
en	keybaord	keyboard
en	keybaords	keyboards
en	keyboad	keyboard
en	keyboars	keyboards
en	keyborad	keyboard
en	keychan	keychain
en	keychian	keychain
en	keyensian	keynesian
en	keyesnian	keynesian
en	keynode	keynote
en	keynseian	keynesian
en	keysenian	keynesian
en	kickstarer	kickstarter
en	kickstartr	kickstarter
en	kickstater	kickstarter
en	kicthen	kitchen
en	kicthens	kitchens
en	kidnapning	kidnapping
en	kidnappade	kidnapped
en	kidnappning	kidnapping
en	kidnappping	kidnapping
en	kidnergarten	kindergarten
en	killingest	killings
en	killins	killings
en	kilometeres	kilometers
en	kilometes	kilometers
en	kilometros	kilometers
en	kilomiters	kilometers
en	kilomoters	kilometers
en	kilomteres	kilometers
en	kindapped	kidnapped
en	kindapping	kidnapping
en	kindergarden	kindergarten
en	kindergaten	kindergarten
en	kindgoms	kingdoms
en	kineitc	kinetic
en	kingdomers	kingdoms
en	kingergarten	kindergarten
en	kinghts	knights
en	kinteic	kinetic
en	kintergarten	kindergarten
en	kitches	kitchens
en	kitites	kitties
en	kittiens	kitties
en	klenex	kleenex
en	kncokback	knockback
en	knietic	kinetic
en	knigths	knights
en	knockbak	knockback
en	knolwedgable	knowledgable
en	knoweldgable	knowledgable
en	knoweldge	knowledge
en	knoweldgeable	knowledgeable
en	knowladgable	knowledgable
en	knowldegable	knowledgable
en	knowldgeable	knowledgable
en	knowleagable	knowledgable
en	knowledagble	knowledgable
en	knowledeable	knowledgable
en	knowledegable	knowledgeable
en	knowledgabe	knowledgable
en	knowledgabel	knowledgable
en	knowledgble	knowledgable
en	knowledgebale	knowledgable
en	knowledgeble	knowledgeable
en	knowledgebly	knowledgable
en	knowledgible	knowledgable
en	knowlegdable	knowledgable
en	knowlegde	knowledge
en	knowlegdeable	knowledgeable
en	knowlege	knowledge
en	knowlegeable	knowledgeable
en	knuckel	knuckle
en	knuckels	knuckles
en	knwo	know
en	knwoledgable	knowledgable
en	knwos	knows
en	kollaboration	collaboration
en	kolonization	colonization
en	kombinations	combinations
en	kommissioner	commissioner
en	kompensation	compensation
en	koncentration	concentration
en	koncentrations	concentrations
en	konckback	knockback
en	konfidential	confidential
en	konfiguration	configuration
en	konfirmation	confirmation
en	konfrontation	confrontation
en	kongregation	congregation
en	konservatism	conservatism
en	konservative	conservative
en	konservatives	conservatives
en	konstellation	constellation
en	konsultation	consultation
en	kontamination	contamination
en	konversation	conversation
en	konw	know
en	konws	knows
en	koordination	coordination
en	koreanos	koreans
en	krankenstein	frankenstein
en	kroeans	koreans
en	krpytonite	kryptonite
en	krudish	kurdish
en	krypotnite	kryptonite
en	krypronite	kryptonite
en	kryptinite	kryptonite
en	kryptolite	kryptonite
en	kryptonie	kryptonite
en	kryptoninte	kryptonite
en	kryptonyte	kryptonite
en	krypyonite	kryptonite
en	krytponite	kryptonite
en	ktichen	kitchen
en	kubirck	kubrick
en	kunckle	knuckle
en	kunckles	knuckles
en	kurbick	kubrick
en	kurdisch	kurdish
en	kuridsh	kurdish
en	kwno	know
en	kyrptonite	kryptonite
en	labarotory	laboratory
en	labatory	lavatory
en	labenese	lebanese
en	labirynth	labyrinth
en	labled	labelled
en	laboratoy	laboratory
en	laboratroy	laboratory
en	laboraty	laboratory
en	laborerers	laborers
en	laboreres	laborers
en	laboritory	laboratory
en	laborotory	laboratory
en	labratory	laboratory
en	labriynth	labyrinth
en	labryinth	labyrinth
en	labyrnith	labyrinth
en	lackbuster	lackluster
en	lacklaster	lackluster
en	lacklusture	lackluster
en	laguage	language
en	laguages	languages
en	landacapes	landscapes
en	landingers	landings
en	landins	landings
en	landscae	landscapes
en	landscaps	landscapes
en	landscspe	landscapes
en	landshapes	landscapes
en	landspaces	landscapes
en	langauge	language
en	langauges	languages
en	languague	language
en	lannasters	lannisters
en	lannesters	lannisters
en	lannistars	lannisters
en	lannsiters	lannisters
en	lantren	lantern
en	lanucher	launcher
en	lanuchers	launchers
en	lanuches	launches
en	lanugages	languages
en	laodouts	loadouts
en	laready	already
en	laregly	largely
en	largley	largely
en	largst	largest
en	larington	arlington
en	larrry	larry
en	larwence	lawrence
en	lasagnea	lasagna
en	lasagnia	lasagna
en	lasanga	lasagna
en	lasgana	lasagna
en	lastr	last
en	lateration	alteration
en	latitudie	latitude
en	latitudine	latitude
en	latitue	latitude
en	latnern	lantern
en	lattitude	latitude
en	laucnhed	launched
en	laucnher	launcher
en	laucnhers	launchers
en	laucnhes	launches
en	laucnhing	launching
en	laughablely	laughably
en	laughabley	laughably
en	laughablly	laughably
en	launchered	launched
en	launchign	launching
en	laundrey	laundry
en	launhed	launched
en	lavae	larvae
en	lavendr	lavender
en	lawernce	lawrence
en	laybrinth	labyrinth
en	layed	laid
en	lazyness	laziness
en	leage	league
en	leaglization	legalization
en	leaglize	legalize
en	leaglizing	legalizing
en	leanr	lean
en	leathal	lethal
en	lebanesse	lebanese
en	leceister	leicester
en	leciester	leicester
en	lecteurs	lectures
en	lectureres	lectures
en	lecutres	lectures
en	lefitst	leftist
en	lefitsts	leftists
en	lefted	left
en	leftits	leftist
en	leftsits	leftists
en	legalazing	legalizing
en	legalizacion	legalization
en	legalizaing	legalizing
en	legalizaiton	legalization
en	legalizare	legalize
en	legalizate	legalize
en	legalizaton	legalization
en	legalizeing	legalizing
en	legenadries	legendaries
en	legendaies	legendaries
en	legendaires	legendaries
en	legendarios	legendaries
en	legendaris	legendaries
en	legendarisk	legendaries
en	legendariske	legendaries
en	legendaryes	legendaries
en	legenday	legendary
en	legenderies	legendaries
en	legilsation	legislation
en	legimitacy	legitimacy
en	legimitate	legitimate
en	legimitately	legitimately
en	legionis	legions
en	legislacion	legislation
en	legislatie	legislative
en	legislatiors	legislators
en	legislativo	legislation
en	legistation	legislation
en	legistative	legislative
en	legistators	legislators
en	legistration	registration
en	legitamacy	legitimacy
en	legitamate	legitimate
en	legitamately	legitimately
en	legitamicy	legitimacy
en	legitamite	legitimate
en	legitamitely	legitimately
en	legitemacy	legitimacy
en	legitemate	legitimate
en	legitemately	legitimately
en	legitematly	legitimately
en	legitimaly	legitimacy
en	legitimancy	legitimacy
en	legitimatcy	legitimacy
en	legitimatelly	legitimately
en	legitimatley	legitimately
en	legitimatly	legitimately
en	legitimetly	legitimately
en	legitimicy	legitimacy
en	legitimite	legitimate
en	legitimitely	legitimately
en	legitimt	legitimate
en	legitmate	legitimate
en	legnedaries	legendaries
en	legnedary	legendary
en	legnths	lengths
en	legnthy	lengthy
en	legoins	legions
en	leigons	legions
en	leiutenant	lieutenant
en	lengedaries	legendaries
en	lenght	length
en	lenghts	lengths
en	lengthes	lengths
en	lengthly	lengthy
en	lenoard	leonard
en	lentiles	lentils
en	lentills	lentils
en	lepoard	leopard
en	leran	learn
en	lerans	learns
en	lesbain	lesbian
en	lesbains	lesbians
en	lesbianas	lesbians
en	lesbianese	lesbians
en	lesbianest	lesbians
en	lesbianus	lesbians
en	lesiban	lesbian
en	lesibans	lesbians
en	lesiure	leisure
en	letivicus	leviticus
en	leuitenant	lieutenant
en	leutenant	lieutenant
en	levaithan	leviathan
en	levander	lavender
en	levelign	leveling
en	levellign	levelling
en	levetate	levitate
en	levetated	levitated
en	levetates	levitates
en	levetating	levitating
en	leviathn	leviathan
en	levicitus	leviticus
en	levle	level
en	levleing	leveling
en	levleling	levelling
en	lfiesteal	lifesteal
en	liasion	liaison
en	liason	liaison
en	liasons	liaisons
en	libary	library
en	liberacion	liberation
en	liberae	liberate
en	liberales	liberals
en	liberalest	liberate
en	liberalim	liberalism
en	liberalis	liberals
en	liberalisim	liberalism
en	liberalizm	liberalism
en	liberalnim	liberalism
en	liberalsim	liberalism
en	liberarion	liberation
en	liberas	liberals
en	liberaties	liberate
en	liberatin	liberation
en	liberato	liberation
en	liberatore	liberate
en	liberatrian	libertarians
en	liberatrianism	libertarianism
en	liberatrians	libertarians
en	libertae	liberate
en	libertairan	libertarians
en	libertania	libertarians
en	libertarain	libertarian
en	libertarainism	libertarianism
en	libertarains	libertarians
en	libertariaism	libertarianism
en	libertarianisim	libertarianism
en	libertarianisme	libertarians
en	libertarianismo	libertarians
en	libertarianists	libertarians
en	libertariansim	libertarianism
en	libertariansism	libertarianism
en	libertariansm	libertarianism
en	libertarias	libertarians
en	libertarien	libertarian
en	libertariens	libertarians
en	libertarinaism	libertarianism
en	libertaryan	libertarian
en	libertaryanism	libertarianism
en	libertaryans	libertarians
en	libertatian	libertarian
en	libertatianism	libertarianism
en	libertatians	libertarians
en	libertea	liberate
en	liberterian	libertarian
en	liberterianism	libertarianism
en	liberterians	libertarians
en	libguistic	linguistic
en	libguistics	linguistics
en	libitarianisn	libertarianism
en	lible	libel
en	libraires	libraries
en	librarse	libraries
en	libretarian	libertarian
en	libretarianism	libertarianism
en	libretarians	libertarians
en	licencie	licence
en	licencse	licence
en	liebrals	liberals
en	liecester	leicester
en	lieing	lying
en	liek	like
en	liekable	likeable
en	liekd	liked
en	lienups	lineups
en	liesure	leisure
en	lietuenant	lieutenant
en	lieuenant	lieutenant
en	lieutanant	lieutenant
en	lieutanent	lieutenant
en	lieutenat	lieutenant
en	lieutenent	lieutenant
en	lieutennant	lieutenant
en	lieutentant	lieutenant
en	lieved	lived
en	lifepsan	lifespan
en	lifespawn	lifespan
en	lifestel	lifesteal
en	lifestiles	lifestyles
en	lifestlye	lifestyle
en	lifestlyes	lifestyles
en	lifestye	lifestyle
en	lifesystem	filesystem
en	lifesytles	lifestyles
en	lifetimers	lifetimes
en	lifetsyles	lifestyles
en	liftime	lifetime
en	lighhtning	lightening
en	lighitng	lighting
en	lighlty	lightly
en	lighnting	lightning
en	lightenning	lightening
en	lightenting	lightening
en	lightergas	lighters
en	lightes	lighters
en	lighthearded	lighthearted
en	lightheared	lighthearted
en	lighthearthed	lighthearted
en	lightheated	lighthearted
en	lighthning	lightening
en	lighthorse	lighthouse
en	lighthosue	lighthouse
en	lighthours	lighthouse
en	lightining	lighting
en	lightneing	lightening
en	lightnig	lightning
en	lightnign	lightning
en	lightnting	lightening
en	lightres	lighters
en	lightrom	lightroom
en	lightrooom	lightroom
en	lightweigt	lightweight
en	lightweigth	lightweight
en	lightwieght	lightweight
en	lightwright	lightweight
en	ligitation	litigation
en	ligthening	lightening
en	ligthers	lighters
en	ligthhouse	lighthouse
en	ligthing	lighting
en	ligthly	lightly
en	ligthning	lightning
en	ligthroom	lightroom
en	ligthweight	lightweight
en	likebale	likeable
en	likelyhood	likelihood
en	limination	limitation
en	limitacion	limitation
en	limitaiton	limitation
en	limitaitons	limitation
en	limitant	militant
en	limitating	limitation
en	limitativo	limitation
en	limitato	limitation
en	linclon	lincoln
en	lincolin	lincoln
en	lincolon	lincoln
en	lineupes	lineups
en	lingeire	lingerie
en	lingerine	lingerie
en	lingiere	lingerie
en	linguisics	linguistics
en	linguisitc	linguistics
en	linguisitcs	linguistics
en	linguisitic	linguistic
en	linguistcs	linguistics
en	linguisticas	linguistics
en	linguisticos	linguistics
en	linguistis	linguistics
en	linguistisch	linguistics
en	linguitics	linguistic
en	lingusitic	linguistics
en	lingusitics	linguistics
en	lingvistic	linguistic
en	linnaena	linnaean
en	linueps	lineups
en	liousville	louisville
en	lipstics	lipsticks
en	liqiuds	liquids
en	liquidas	liquids
en	liquides	liquids
en	liquidos	liquids
en	liscense	license
en	lisence	license
en	lisenced	silenced
en	lisense	license
en	lispticks	lipsticks
en	listend	listened
en	listenend	listened
en	listeneres	listeners
en	listenes	listens
en	listents	listens
en	listners	listeners
en	litature	literature
en	litecion	litecoin
en	litecon	litecoin
en	liteicon	litecoin
en	literae	literate
en	literallly	literally
en	literaly	literally
en	literarely	literary
en	literarlly	literary
en	literarly	literary
en	literarry	literary
en	literatire	literate
en	literative	literate
en	literatre	literate
en	literatue	literate
en	literatute	literate
en	literture	literature
en	lithaunia	lithuania
en	lithuaina	lithuania
en	lithuana	lithuania
en	lithuanina	lithuania
en	lithuaninan	lithuania
en	lithuiana	lithuania
en	lithuim	lithium
en	lithunaia	lithuania
en	litigatin	litigation
en	litigato	litigation
en	litihum	lithium
en	litllefinger	littlefinger
en	littel	little
en	littelfinger	littlefinger
en	litterally	literally
en	litterfinger	littlefinger
en	littiefinger	littlefinger
en	littlefiger	littlefinger
en	littlefigner	littlefinger
en	littlefinder	littlefinger
en	littlefiner	littlefinger
en	littlepinger	littlefinger
en	lituhania	lithuania
en	liuetenant	lieutenant
en	liuke	like
en	liveatream	livestream
en	livelehood	livelihood
en	liveprool	liverpool
en	liverpol	liverpool
en	liverpoool	liverpool
en	livescream	livestream
en	livestreem	livestream
en	livestrem	livestream
en	livestrems	livestream
en	livilehood	livelihood
en	livley	lively
en	livliehood	livelihood
en	lmits	limits
en	lnowledgable	knowledgable
en	loadous	loadouts
en	lobbyistes	lobbyists
en	lobbysits	lobbyists
en	locagion	location
en	lockacreen	lockscreen
en	lockscreeen	lockscreen
en	lockscren	lockscreen
en	loenard	leonard
en	loepard	leopard
en	loev	love
en	logictical	logistical
en	logisitcal	logistical
en	logisitcs	logistics
en	logisticas	logistics
en	logisticly	logistical
en	logiteh	logitech
en	logsitics	logistics
en	logtiech	logitech
en	loiusiana	louisiana
en	loiusville	louisville
en	lollipoop	lollipop
en	lollipoopy	lollipop
en	lonelyness	loneliness
en	longevitity	longevity
en	longevitiy	longevity
en	longitme	longtime
en	longitudonal	longitudinal
en	longtiem	longtime
en	lonileness	loneliness
en	lonley	lonely
en	lonlieness	loneliness
en	lonly	lonely
en	looseley	loosely
en	loosley	loosely
en	loreplay	roleplay
en	lotharingen	lothringen
en	louieville	louisville
en	louisiania	louisiana
en	louisianna	louisiana
en	louisivlle	louisville
en	louisviile	louisville
en	louisvile	louisville
en	louisvillle	louisville
en	lousiville	louisville
en	luanched	launched
en	luancher	launcher
en	luanchers	launchers
en	luanches	launches
en	luanching	launching
en	luandry	laundry
en	lubicrant	lubricant
en	lubircant	lubricant
en	lubricat	lubricant
en	lucifear	lucifer
en	luckilly	luckily
en	luckliy	luckily
en	ludcrious	ludicrous
en	ludricous	ludicrous
en	luicfer	lucifer
en	luietenant	lieutenant
en	lukid	likud
en	lunaticos	lunatics
en	lunaticus	lunatics
en	lunatis	lunatics
en	lveo	love
en	lvoe	love
en	lybia	libya
en	mabyelline	maybelline
en	macarino	macaroni
en	macaronni	macaroni
en	machiens	machines
en	maching	machine
en	machins	machines
en	mackeral	mackerel
en	maclolm	malcolm
en	macthup	matchup
en	macthups	matchups
en	madsion	madison
en	madturbating	masturbating
en	madturbation	masturbation
en	maestries	masteries
en	magainzes	magazines
en	magasine	magazine
en	magazins	magazines
en	magensium	magnesium
en	magentic	magnetic
en	magents	magnets
en	magicain	magician
en	magicin	magician
en	magincian	magician
en	maginficent	magnificent
en	magintude	magnitude
en	magisine	magazine
en	magizine	magazine
en	magneficent	magnificent
en	magneisum	magnesium
en	magnesuim	magnesium
en	magnetis	magnets
en	magnicifent	magnificent
en	magnifacent	magnificent
en	magnifecent	magnificent
en	magnificant	magnificent
en	magnificient	magnificent
en	magnifient	magnificent
en	magnifine	magnificent
en	magnited	magnitude
en	magnitudine	magnitude
en	magnitue	magnitude
en	magolia	magnolia
en	maidson	madison
en	mailny	mainly
en	mainfest	manifest
en	mainfestation	manifestation
en	mainfesto	manifesto
en	mainfests	manifests
en	mainpulate	manipulate
en	mainstreem	mainstream
en	mainstrem	mainstream
en	maintainance	maintenance
en	maintaince	maintained
en	maintainence	maintenance
en	maintaines	maintains
en	maintaing	maintaining
en	maintainig	maintaining
en	maintainted	maintained
en	maintan	maintain
en	maintanance	maintenance
en	maintance	maintenance
en	maintanence	maintenance
en	maintenace	maintenance
en	maintenaince	maintenance
en	maintenence	maintenance
en	maintian	maintain
en	maintianed	maintained
en	maintianing	maintaining
en	maintians	maintains
en	maintinaing	maintaining
en	maintinance	maintenance
en	maintinence	maintenance
en	maintioned	mentioned
en	mairjuana	marijuana
en	mairlyn	marilyn
en	majoroty	majority
en	maked	marked
en	makrsman	marksman
en	makse	makes
en	malaira	malaria
en	malariya	malaria
en	malasiya	malaysia
en	malasyia	malaysia
en	malasyian	malaysian
en	malayisa	malaysia
en	malayisan	malaysian
en	malaysa	malaysia
en	malaysain	malaysian
en	malclom	malcolm
en	maletonin	melatonin
en	malfonction	malfunction
en	malfucntion	malfunction
en	malfucntions	malfunction
en	malfuncion	malfunction
en	malfunciton	malfunction
en	malfuncting	malfunction
en	malfunktion	malfunction
en	malpractce	malpractice
en	malpractise	malpractice
en	malpractive	malpractice
en	maltesian	maltese
en	malyasia	malaysia
en	malyasian	malaysian
en	mamal	mammal
en	mamalian	mammalian
en	manadrin	mandarin
en	manafactured	manufactured
en	manafacturer	manufacturer
en	manafacturers	manufacturers
en	manafactures	manufactures
en	manafacturing	manufacturing
en	manafestation	manifestation
en	managable	manageable
en	managebale	manageable
en	managment	management
en	manaully	manually
en	manauls	manuals
en	mandarian	mandarin
en	mandarijn	mandarin
en	mandarion	mandarin
en	mandase	mandates
en	mandaste	mandates
en	mandats	mandates
en	mandrain	mandarin
en	mandrian	mandarin
en	maneagable	manageable
en	manefestation	manifestation
en	maneouvre	manoeuvre
en	maneouvred	manoeuvred
en	maneouvres	manoeuvres
en	maneouvring	manoeuvring
en	maneuveres	maneuvers
en	maneuveur	maneuver
en	maneuveurs	maneuver
en	maneveur	maneuver
en	maneveurs	maneuvers
en	manevuer	maneuver
en	manfiest	manifest
en	manfiesto	manifesto
en	manfiests	manifests
en	manfuacturers	manufactures
en	mangeld	mangled
en	mangesium	magnesium
en	mangetic	magnetic
en	mangets	magnets
en	mangitude	magnitude
en	manglade	mangled
en	manifactured	manufactured
en	manifacturer	manufacturer
en	manifacturers	manufacturers
en	manifactures	manufactures
en	manifacturing	manufacturing
en	manifastation	manifestation
en	manifeso	manifesto
en	manifestacion	manifestation
en	manifestado	manifesto
en	manifestaion	manifestation
en	manifestano	manifesto
en	manifestanti	manifestation
en	manifestas	manifests
en	manifestating	manifestation
en	manifestato	manifesto
en	manifestes	manifests
en	manifestion	manifesto
en	manifestior	manifesto
en	manifestons	manifests
en	manifestors	manifests
en	manifestus	manifests
en	manifistation	manifestation
en	manipluate	manipulate
en	manipluated	manipulated
en	manipluating	manipulating
en	manipluation	manipulation
en	manipualte	manipulate
en	manipualted	manipulated
en	manipualting	manipulating
en	manipualtion	manipulation
en	manipualtive	manipulative
en	manipulacion	manipulation
en	manipulant	manipulate
en	manipulare	manipulate
en	manipulatie	manipulative
en	manipulatin	manipulation
en	manipulationg	manipulating
en	manipulaton	manipulation
en	manipule	manipulate
en	manipulitive	manipulative
en	manipulted	manipulated
en	manisfestations	manifestations
en	maniuplate	manipulate
en	maniuplated	manipulated
en	maniuplating	manipulating
en	maniuplation	manipulation
en	maniuplative	manipulative
en	mannarisms	mannerisms
en	mannerisims	mannerisms
en	mannersims	mannerisms
en	mannorisms	mannerisms
en	manoeuverability	maneuverability
en	manouver	maneuver
en	manouverability	maneuverability
en	manouverable	maneuverable
en	manouvers	maneuvers
en	mansalughter	manslaughter
en	manslaugher	manslaughter
en	manslaugter	manslaughter
en	manslaugther	manslaughter
en	mansluaghter	manslaughter
en	mantained	maintained
en	manuales	manuals
en	manualy	manually
en	manuever	maneuver
en	manuevers	maneuvers
en	manufacter	manufacture
en	manufactered	manufactured
en	manufacterer	manufacturer
en	manufacterers	manufacturers
en	manufacteres	manufactures
en	manufactering	manufacturing
en	manufacters	manufactures
en	manufacterurs	manufactures
en	manufacteur	manufactures
en	manufacteurs	manufactures
en	manufactored	manufactured
en	manufactorer	manufacturer
en	manufactorers	manufacturers
en	manufactores	manufactures
en	manufactoring	manufacturing
en	manufactued	manufactured
en	manufactuer	manufacture
en	manufactuered	manufactured
en	manufactuerer	manufacturer
en	manufactueres	manufactures
en	manufactuers	manufacturers
en	manufactuing	manufacturing
en	manufacturas	manufactures
en	manufacturedd	manufactured
en	manufactureds	manufactures
en	manufactureers	manufactures
en	manufactureras	manufactures
en	manufacturerd	manufactured
en	manufacturered	manufactured
en	manufacturerers	manufacturers
en	manufactureres	manufacturers
en	manufactureros	manufactures
en	manufacturier	manufacturer
en	manufacturor	manufacturer
en	manufacturors	manufacturers
en	manufacturs	manufactures
en	manufactuter	manufacture
en	manufactuters	manufactures
en	manufacure	manufacture
en	manufacuter	manufacture
en	manufacuters	manufactures
en	manufacutre	manufactures
en	manufacutred	manufacture
en	manufacutrers	manufactures
en	manufacutres	manufactures
en	manufature	manufacture
en	manufatured	manufactured
en	manufaturing	manufacturing
en	manufcaturers	manufactures
en	manupilated	manipulated
en	manupilating	manipulating
en	manupulating	manipulating
en	manupulation	manipulation
en	manupulative	manipulative
en	manuver	maneuver
en	maraconi	macaroni
en	maradeur	marauder
en	maraduer	marauder
en	maragret	margaret
en	maraudeur	marauder
en	maraudeurs	marauder
en	marbels	marbles
en	marbleds	marbles
en	marchmallows	marshmallows
en	marevlous	marvelous
en	marganilize	marginalized
en	marganilized	marginalized
en	margarent	margaret
en	margarite	margaret
en	margaritte	margaret
en	margart	margaret
en	margenalized	marginalized
en	margerat	margaret
en	margianlly	marginally
en	marginaal	marginal
en	marginaali	marginal
en	marginable	marginal
en	marginaly	marginally
en	margines	margins
en	margings	margins
en	marginilized	marginalized
en	marginis	margins
en	marhsmallow	marshmallow
en	marhsmallows	marshmallows
en	mariage	marriage
en	mariens	marines
en	marignal	marginal
en	marignally	marginally
en	marijauna	marijuana
en	marijuanna	marijuana
en	marijuannas	marijuana
en	marilyin	marilyn
en	marinens	marines
en	marineras	mariners
en	marineris	mariners
en	marineros	mariners
en	maritan	martian
en	marixsm	marxism
en	mariyln	marilyn
en	marjiuana	marijuana
en	marjority	majority
en	markede	marketed
en	markedet	marketed
en	markeras	markers
en	markerplace	marketplace
en	markerts	markers
en	markes	marks
en	marketpalce	marketplace
en	marketting	marketing
en	marlbes	marbles
en	marliyn	marilyn
en	marmelade	marmalade
en	marniers	mariners
en	marnies	marines
en	marrage	marriage
en	marraige	marriage
en	marrtyred	martyred
en	marryied	married
en	marshamllow	marshmallow
en	marshamllows	marshmallows
en	marshmalllows	marshmallows
en	marshmallons	marshmallows
en	marshmallowiest	marshmallows
en	marshmallowness	marshmallows
en	marshmalow	marshmallow
en	marshmalows	marshmallows
en	marskman	marksman
en	martail	martial
en	martain	martian
en	maruader	marauder
en	marvelos	marvelous
en	marxisim	marxism
en	masacra	mascara
en	mascarra	mascara
en	masculanity	masculinity
en	masculenity	masculinity
en	masculinty	masculinity
en	masoginistic	misogynistic
en	masogynistic	misogynistic
en	masrhmallow	marshmallow
en	massace	massacre
en	massacer	massacre
en	massachsuetts	massachusetts
en	massachucetts	massachusetts
en	massachuestts	massachusetts
en	massachusents	massachusetts
en	massachusets	massachusetts
en	massachusettes	massachusetts
en	massachusettians	massachusetts
en	massachusites	massachusetts
en	massachussets	massachusetts
en	massachussetts	massachusetts
en	massachustts	massachusetts
en	massacrare	massacre
en	massagens	massages
en	massarce	massacre
en	massasge	massages
en	masscare	massacre
en	massechusetts	massachusetts
en	massivelly	massively
en	massivley	massively
en	masteires	masteries
en	masterbation	masturbation
en	mastereis	masteries
en	masteriers	masteries
en	masteris	masteries
en	masterise	masteries
en	mastermid	mastermind
en	mastermined	mastermind
en	masternind	mastermind
en	masterpeace	masterpiece
en	masterpeice	masterpiece
en	masterpeices	masterpiece
en	masterpice	masterpiece
en	mastieres	masteries
en	mastrubate	masturbate
en	mastrubated	masturbated
en	mastrubates	masturbate
en	mastrubating	masturbating
en	mastrubation	masturbation
en	mastubrate	masturbated
en	mastubration	masturbation
en	masturabte	masturbate
en	masturabted	masturbated
en	masturabting	masturbating
en	masturabtion	masturbation
en	masturbacion	masturbation
en	masturbae	masturbated
en	masturbaing	masturbating
en	masturbait	masturbate
en	masturbaited	masturbated
en	masturbare	masturbate
en	masturbarte	masturbate
en	masturbateing	masturbating
en	masturbathe	masturbated
en	masturbathon	masturbation
en	masturbatie	masturbated
en	masturbatin	masturbation
en	masturbaton	masturbation
en	masturbe	masturbate
en	masturbeta	masturbated
en	masturbsted	masturbated
en	masturbsting	masturbating
en	masturdate	masturbate
en	masturdating	masturbating
en	masturpiece	masterpiece
en	mastutbation	masturbation
en	masuclinity	masculinity
en	mataphorical	metaphorical
en	mataphorically	metaphorically
en	mataphysical	metaphysical
en	matchamking	matchmaking
en	matchmakeing	matchmaking
en	materalists	materialist
en	materiaal	material
en	materiales	materials
en	materialisimo	materialism
en	materialsim	materialism
en	materialsm	materialism
en	materias	materials
en	mathamatician	mathematician
en	mathamatics	mathematics
en	mathametician	mathematician
en	mathameticians	mathematicians
en	mathcmaking	matchmaking
en	mathcup	matchup
en	mathcups	matchups
en	mathemagically	mathematically
en	mathemagics	mathematics
en	mathemathics	mathematics
en	mathematicals	mathematics
en	mathematicaly	mathematically
en	mathematican	mathematician
en	mathematicans	mathematics
en	mathematicas	mathematics
en	mathematicion	mathematician
en	mathematicks	mathematics
en	mathematicly	mathematical
en	mathematisch	mathematics
en	mathematitian	mathematician
en	mathematitians	mathematicians
en	mathemetical	mathematical
en	mathemetically	mathematically
en	mathemetician	mathematician
en	mathemeticians	mathematicians
en	mathemetics	mathematics
en	matheticians	mathematicians
en	mathewes	mathews
en	mathimatical	mathematical
en	mathimatically	mathematically
en	mathimatics	mathematics
en	mathmatically	mathematically
en	mathmatician	mathematician
en	mathmaticians	mathematicians
en	mathwes	mathews
en	matieral	material
en	matieralism	materialism
en	matierals	materials
en	matrial	martial
en	matterss	mattress
en	mattreses	mattress
en	mauarder	marauder
en	maunals	manuals
en	maximazing	maximizing
en	maximini	maximizing
en	maximixing	maximizing
en	mayalsia	malaysia
en	mayalsian	malaysian
en	mayballine	maybelline
en	maybelle	maybelline
en	maybelleine	maybelline
en	maybellene	maybelline
en	maybellibe	maybelline
en	maybelliene	maybelline
en	maybellinne	maybelline
en	maybellline	maybelline
en	maybilline	maybelline
en	maylasia	malaysia
en	maylasian	malaysian
en	mcalren	mclaren
en	mccarhty	mccarthy
en	mccarthey	mccarthy
en	mccarthyst	mccarthyist
en	mcgergor	mcgregor
en	mchanics	mechanics
en	mclarean	mclaren
en	mcreggor	mcgregor
en	mdifielder	midfielder
en	mdifielders	midfielders
en	meagthread	megathread
en	meagtron	megatron
en	meancing	menacing
en	meaningess	meanings
en	meaningles	meanings
en	meaninng	meaning
en	meanins	meanings
en	meatballers	meatballs
en	meatballls	meatballs
en	meatbals	meatballs
en	mecahnic	mechanic
en	mecahnical	mechanical
en	mecahnically	mechanically
en	mecahnics	mechanics
en	mecahnisms	mechanisms
en	mecernaries	mercenaries
en	mecernary	mercenary
en	mechancial	mechanical
en	mechancially	mechanically
en	mechancis	mechanics
en	mechandise	merchandise
en	mechanicallly	mechanically
en	mechanicaly	mechanically
en	mechanichal	mechanical
en	mechanichs	mechanics
en	mechanicle	mechanical
en	mechaniclly	mechanically
en	mechanicly	mechanical
en	mechanicsms	mechanisms
en	mechanicus	mechanics
en	mechanim	mechanism
en	mechanims	mechanism
en	mechaninc	mechanic
en	mechanincs	mechanic
en	mechanis	mechanics
en	mechanisim	mechanism
en	mechanisims	mechanism
en	mechanismus	mechanisms
en	mechansim	mechanism
en	mechansims	mechanisms
en	mechinical	mechanical
en	mechinisms	mechanisms
en	medacine	medicine
en	medatite	meditate
en	medeival	medieval
en	medeterranean	mediterranean
en	medevial	medieval
en	mediaction	medications
en	mediavel	medieval
en	medicacion	medication
en	medicad	medicaid
en	medicae	medicare
en	medicaiton	medication
en	medicaitons	medications
en	medicalert	medicare
en	medicallly	medically
en	medicaly	medically
en	medicatons	medications
en	mediciad	medicaid
en	medicince	medicine
en	medicinens	medicines
en	medicineras	medicines
en	mediciney	mediciny
en	medicins	medicines
en	medicinske	medicine
en	medicore	mediocre
en	medicority	mediocrity
en	medidating	meditating
en	medievel	medieval
en	medioce	mediocre
en	mediocer	mediocre
en	mediocirty	mediocrity
en	mediocraty	mediocrity
en	mediocrety	mediocrity
en	mediocricy	mediocrity
en	mediocrily	mediocrity
en	mediocrisy	mediocrity
en	mediocry	mediocrity
en	mediorce	mediocre
en	meditacion	medications
en	meditaciones	medications
en	meditaiton	meditation
en	meditarrenean	mediterranean
en	meditatie	meditate
en	meditatiing	meditating
en	meditatin	meditation
en	meditationg	meditating
en	meditato	meditation
en	mediterainnean	mediterranean
en	mediteranean	mediterranean
en	meditereanean	mediterranean
en	mediterraean	mediterranean
en	mediterranen	mediterranean
en	mediterrannean	mediterranean
en	mediveal	medieval
en	medoicre	mediocre
en	meerkrat	meerkat
en	megathred	megathread
en	megatorn	megatron
en	meidcare	medicare
en	meixcan	mexican
en	meixcans	mexicans
en	melanotin	melatonin
en	melatonian	melatonin
en	melatonion	melatonin
en	melborune	melbourne
en	melbounre	melbourne
en	melboure	melbourne
en	meldoic	melodic
en	melieux	milieux
en	mellinnium	millennium
en	melodieuse	melodies
en	melodis	melodies
en	meltodwn	meltdown
en	membranaphone	membranophone
en	membrance	membrane
en	membrances	membrane
en	memeber	member
en	memerization	memorization
en	memoery	memory
en	memorie	memory
en	memoriez	memorize
en	memorizacion	memorization
en	memorozation	memorization
en	menally	mentally
en	mencaing	menacing
en	menstraul	menstrual
en	menstrul	menstrual
en	menstural	menstrual
en	mensutral	menstrual
en	mentallity	mentally
en	mentaly	mentally
en	mentiones	mentions
en	mentiong	mentioning
en	mentionnes	mentions
en	mentionning	mentioning
en	meoldic	melodic
en	meoldies	melodies
en	meranda	veranda
en	mercanaries	mercenaries
en	mercaneries	mercenaries
en	mercanery	mercenary
en	mercenaire	mercenaries
en	mercenaires	mercenaries
en	mercenares	mercenaries
en	mercenarias	mercenaries
en	mercenarios	mercenaries
en	merceneries	mercenaries
en	mercentile	mercantile
en	merchandice	merchandise
en	merchandies	merchandise
en	merchanidse	merchandise
en	merchanise	merchandise
en	merchans	merchants
en	merchanters	merchants
en	merchantos	merchants
en	merchat	merchant
en	merchendise	merchandise
en	merchindise	merchandise
en	mercinaries	mercenaries
en	mercineries	mercenaries
en	mercurcy	mercury
en	mercurey	mercury
en	merficul	merciful
en	merhcant	merchant
en	merhcants	merchants
en	mericful	merciful
en	merucry	mercury
en	messagd	messaged
en	messagease	messages
en	messagepad	messaged
en	messagers	messages
en	messaih	messiah
en	messanger	messenger
en	messenging	messaging
en	messgaed	messaged
en	messiach	messiah
en	metabalism	metabolism
en	metabilism	metabolism
en	metabloic	metabolic
en	metabloism	metabolism
en	metablosim	metabolism
en	metabolics	metabolism
en	metabolisim	metabolism
en	metabolitic	metabolic
en	metabolizm	metabolism
en	metabolsim	metabolism
en	metagaem	metagame
en	metagem	metagame
en	metahpor	metaphor
en	metalic	metallic
en	metalurgic	metallurgic
en	metalurgical	metallurgical
en	metalurgy	metallurgy
en	metamage	metagame
en	metamorphysis	metamorphosis
en	metaphisical	metaphysical
en	metaphisics	metaphysics
en	metaphoras	metaphors
en	metaphores	metaphors
en	metaphorial	metaphorical
en	metaphoricaly	metaphorically
en	metaphoricial	metaphorical
en	metaphoricly	metaphorical
en	metaphorics	metaphors
en	metaphotically	metaphorically
en	metaphsyical	metaphysical
en	metaphsyics	metaphysics
en	metaphyics	metaphysics
en	metaphyiscal	metaphysical
en	metaphyiscs	metaphysics
en	metaphyscial	metaphysical
en	metaphysicals	metaphysics
en	metaphysicans	metaphysics
en	metaphysisch	metaphysics
en	metephorical	metaphorical
en	metephorically	metaphorically
en	metephysical	metaphysical
en	meterologist	meteorologist
en	meterology	meteorology
en	meterosexual	heterosexual
en	methamatician	mathematician
en	methaphor	metaphor
en	methaphors	metaphors
en	methapor	metaphor
en	methaporical	metaphorical
en	methaporically	metaphorically
en	methapors	metaphors
en	methematical	mathematical
en	methematician	mathematician
en	methodolgy	methodology
en	methodoligy	methodology
en	methodoloy	methodology
en	methodoly	methodology
en	metholodogy	methodology
en	metiphorical	metaphorical
en	metiphorically	metaphorically
en	metldown	meltdown
en	metophorical	metaphorical
en	metophorically	metaphorically
en	metorpolitan	metropolitan
en	metrapolis	metropolis
en	metricas	metrics
en	metrices	metrics
en	metrololitan	metropolitan
en	metrolopis	metropolis
en	metropilis	metropolis
en	metropilitan	metropolitan
en	metroplois	metropolis
en	metroploitan	metropolitan
en	metropolian	metropolitan
en	metropolians	metropolis
en	metropolies	metropolis
en	metropolin	metropolitan
en	metropolitain	metropolitan
en	metropolitaine	metropolitan
en	metropolitcan	metropolitan
en	metropoliten	metropolitan
en	metropolitian	metropolitan
en	metropolitin	metropolitan
en	metropoliton	metropolitan
en	metropollis	metropolis
en	metropolois	metropolis
en	metropolos	metropolis
en	metropols	metropolis
en	metropolys	metropolis
en	metropos	metropolis
en	mexcian	mexican
en	mexcians	mexicans
en	mexicain	mexican
en	mexicanas	mexicans
en	mexicanese	mexicans
en	mexicaness	mexicans
en	mexicants	mexicans
en	mexicanus	mexicans
en	mhytical	mythical
en	michagan	michigan
en	michelline	michelle
en	michellle	michelle
en	michgian	michigan
en	michina	michigan
en	micorcenter	microcenter
en	micorphones	microphones
en	micortransactions	microtransactions
en	micorwave	microwave
en	micorwaves	microwaves
en	micoscopy	microscopy
en	microcender	microcenter
en	microcentre	microcenter
en	microcentres	microcenter
en	microcentro	microcenter
en	microhpone	microphone
en	microhpones	microphones
en	microphen	microphone
en	microphonies	microphones
en	microscoop	microscope
en	microscophic	microscopic
en	microscopice	microscope
en	microscoptic	microscopic
en	microscrope	microscope
en	microstansactions	microtransactions
en	microtax	microatx
en	microtramsactions	microtransactions
en	microtranasctions	microtransactions
en	microtransacations	microtransactions
en	microtransacciones	microtransactions
en	microtransacions	microtransactions
en	microtransacitons	microtransactions
en	microtransacrions	microtransactions
en	microtransacting	microtransactions
en	microtransactioms	microtransactions
en	microtransactional	microtransactions
en	microtransactioned	microtransactions
en	microtransactios	microtransactions
en	microtransactiosn	microtransactions
en	microtransacton	microtransactions
en	microtransactons	microtransactions
en	microtransations	microtransactions
en	microtranscation	microtransactions
en	microtranscations	microtransactions
en	microtrasnactions	microtransactions
en	microvaves	microwaves
en	microvaxes	microwaves
en	microwae	microwaves
en	microwavees	microwaves
en	microwavers	microwaves
en	micrpohone	microphones
en	midfeild	midfield
en	midfeilder	midfielder
en	midfeilders	midfielders
en	midfied	midfield
en	midfiedler	midfielder
en	midfiedlers	midfielders
en	midfieldes	midfielders
en	midfieldiers	midfielders
en	midfielers	midfielders
en	midfiled	midfield
en	midfileder	midfielder
en	midfileders	midfielders
en	midifeld	midfield
en	midifelder	midfielder
en	midifelders	midfielders
en	midnlessly	mindlessly
en	midotwn	midtown
en	midtwon	midtown
en	migitation	mitigation
en	migrainers	migraines
en	migrains	migraines
en	migrans	migrants
en	migrantes	migrants
en	migriane	migraine
en	migrianes	migraines
en	milawukee	milwaukee
en	mileau	milieu
en	milennia	millennia
en	milennium	millennium
en	milestons	milestones
en	miletsones	milestones
en	mileu	milieu
en	miligram	milligram
en	miliitas	militias
en	milion	million
en	miliraty	military
en	milisecond	millisecond
en	militais	militias
en	militat	militant
en	militiades	militias
en	militians	militias
en	militiants	militias
en	militis	militias
en	millenia	millennia
en	millenial	millennial
en	millenialism	millennialism
en	millenian	millennia
en	millenium	millennium
en	millenna	millennia
en	millienaire	millionaire
en	millinnium	millennium
en	millionairre	millionaire
en	millionairres	millionaire
en	millionairs	millionaires
en	millionar	millionaire
en	millionarie	millionaire
en	millionaries	millionaires
en	millioniare	millionaire
en	millioniares	millionaires
en	millitary	military
en	millon	million
en	miltary	military
en	miltiant	militant
en	miluwakee	milwaukee
en	milwakuee	milwaukee
en	milwuakee	milwaukee
en	mimimum	minimum
en	miminalist	minimalist
en	minamilist	minimalist
en	minature	miniature
en	mindcarck	mindcrack
en	mindcrak	mindcrack
en	mindleslly	mindlessly
en	mindlessely	mindlessly
en	mindlessley	mindlessly
en	mindlessy	mindlessly
en	minerales	minerals
en	mineras	minerals
en	minerial	mineral
en	mingiame	minigame
en	minimage	minigame
en	minimalisitc	minimalist
en	minimalisity	minimalist
en	minimals	minimalist
en	minimalstic	minimalist
en	minimalt	minimalist
en	minimazing	minimizing
en	minimilast	minimalist
en	minimilist	minimalist
en	minimini	minimizing
en	minimium	minimum
en	mininalist	minimalist
en	mininos	minions
en	mininterpret	misinterpret
en	mininterpreting	misinterpreting
en	minipulating	manipulating
en	minipulation	manipulation
en	minipulative	manipulative
en	minisclue	miniscule
en	miniscue	miniscule
en	miniscuel	miniscule
en	ministerens	ministers
en	ministeres	ministers
en	ministerios	ministers
en	ministerns	ministers
en	ministery	ministry
en	ministr	minister
en	ministy	ministry
en	minisucle	miniscule
en	minitaure	miniature
en	minituare	miniature
en	minneaoplis	minneapolis
en	minneaplis	minneapolis
en	minneaplois	minneapolis
en	minneapolites	minneapolis
en	minneapols	minneapolis
en	minneosta	minnesota
en	minnesotta	minnesota
en	minnestoa	minnesota
en	minniapolis	minneapolis
en	minoins	minions
en	minoritets	minorities
en	minoroties	minorities
en	minsicule	miniscule
en	minsiter	minister
en	minsiters	ministers
en	minsitry	ministry
en	minstries	ministries
en	minstry	ministry
en	minumum	minimum
en	miracalous	miraculous
en	miracilously	miraculously
en	miracluous	miraculous
en	miracoulus	miraculous
en	miraculaous	miraculous
en	miraculos	miraculous
en	miraculosly	miraculously
en	miraculousy	miraculously
en	miraculu	miraculous
en	miracurously	miraculous
en	miralces	miracles
en	mircales	miracles
en	mircoatx	microatx
en	mircocenter	microcenter
en	mircophone	microphone
en	mircophones	microphones
en	mircoscope	microscope
en	mircoscopic	microscopic
en	mircotransaction	microtransactions
en	mircotransactions	microtransactions
en	mircowave	microwave
en	mircowaves	microwaves
en	mirgaine	migraine
en	mirorred	mirrored
en	mirrord	mirrored
en	mirrorred	mirrored
en	misanderstood	misunderstood
en	misandrony	misandry
en	misandy	misandry
en	miscairrage	miscarriage
en	miscarrage	miscarriage
en	miscarraige	miscarriage
en	miscarraiges	miscarriage
en	miscarridge	miscarriage
en	miscarriege	miscarriage
en	miscarrige	miscarriage
en	miscelaneous	miscellaneous
en	miscellanious	miscellaneous
en	miscellanous	miscellaneous
en	mischeivous	mischievous
en	mischevious	mischievous
en	mischievious	mischievous
en	miscommunciation	miscommunication
en	miscommuniation	miscommunication
en	miscommunicaiton	miscommunication
en	miscommunicatie	miscommunication
en	miscommuniction	miscommunication
en	miscomunnication	miscommunication
en	misconcpetion	misconceptions
en	misconecption	misconceptions
en	misconseptions	misconceptions
en	miscummunication	miscommunication
en	misdameanor	misdemeanor
en	misdameanors	misdemeanors
en	misdeamenor	misdemeanor
en	misdeamenors	misdemeanor
en	misdemeaner	misdemeanor
en	misdemenaor	misdemeanor
en	misdemenor	misdemeanor
en	misdemenors	misdemeanors
en	misdimeanor	misdemeanor
en	misdomeanor	misdemeanor
en	miserabel	miserable
en	miserablely	miserably
en	miserabley	miserably
en	miserablly	miserably
en	misfortunte	misfortune
en	misforture	misfortune
en	misfourtunes	misfortunes
en	misgoynist	misogynist
en	misgoynistic	misogynistic
en	misile	missile
en	misimformed	misinformed
en	misinfomed	misinformed
en	misinterept	misinterpret
en	misinterperet	misinterpret
en	misinterpert	misinterpret
en	misinterperted	misinterpreted
en	misinterperting	misinterpreting
en	misinterpet	misinterpret
en	misinterprate	misinterpret
en	misinterprating	misinterpreting
en	misinterpred	misinterpreted
en	misinterprent	misinterpret
en	misinterprented	misinterpret
en	misinterprested	misinterpret
en	misinterpretated	misinterpreted
en	misinterpretating	misinterpreting
en	misinterpretion	misinterpreting
en	misinterpretions	misinterpreting
en	misinterpretted	misinterpreted
en	misinterpretting	misinterpreting
en	misinterprit	misinterpreting
en	misinterpriting	misinterpreting
en	misinterprted	misinterpret
en	misinterpt	misinterpret
en	misinterpted	misinterpret
en	misintrepret	misinterpret
en	misintrepreted	misinterpreted
en	misintrepreting	misinterpreting
en	misison	mission
en	misisonaries	missionaries
en	misisonary	missionary
en	misnadry	misandry
en	misoganist	misogynist
en	misoganistic	misogynistic
en	misogenist	misogynist
en	misogenistic	misogynistic
en	misoginist	misogynist
en	misoginyst	misogynist
en	misoginystic	misogynistic
en	misoginysts	misogynist
en	misognyist	misogynist
en	misognyistic	misogynistic
en	misognyists	misogynist
en	misogonist	misogynist
en	misogonistic	misogynistic
en	misogonyst	misogynist
en	misogyinst	misogynist
en	misogyinsts	misogynist
en	misogynisic	misogynistic
en	misogynisitc	misogynistic
en	misogynisitic	misogynistic
en	misogynistc	misogynistic
en	misogynsitic	misogynistic
en	misogynstic	misogynist
en	misogynt	misogynist
en	misogynyst	misogynist
en	misogynystic	misogynistic
en	misouri	missouri
en	misoygnist	misogynist
en	mispell	misspell
en	mispelled	misspelled
en	mispelling	misspelling
en	misproportionate	disproportionate
en	misreable	miserable
en	misreably	miserably
en	misrepresantation	misrepresentation
en	misrepresenation	misrepresentation
en	misrepresentaion	misrepresentation
en	misrepresentaiton	misrepresentation
en	misrepresentated	misrepresented
en	misrepresentatie	misrepresentation
en	misrepresentating	misrepresenting
en	misrepresentativ	misrepresentation
en	misrepresention	misrepresenting
en	misrepreseted	misrepresented
en	missen	mizzen
en	missigno	mission
en	missils	missiles
en	missionaire	missionaries
en	missionaires	missionaries
en	missionairy	missionary
en	missionare	missionaries
en	missionares	missionaries
en	missionaris	missionaries
en	missionarry	missionary
en	missionera	missionary
en	missionnary	missionary
en	missiony	missionary
en	missisipi	mississippi
en	missisippi	mississippi
en	mississipi	mississippi
en	mississipis	mississippi
en	mississipppi	mississippi
en	mississppi	mississippi
en	missle	missile
en	misslies	missiles
en	missonary	missionary
en	missorui	missouri
en	missourri	missouri
en	misspeeling	misspelling
en	misspeld	misspelled
en	misspeling	misspelling
en	misspelld	misspelled
en	misspellled	misspelled
en	misspellling	misspelling
en	misspellng	misspelling
en	mistakedly	mistakenly
en	mistakengly	mistakenly
en	mistakently	mistakenly
en	mistakey	mistakenly
en	mistakinly	mistakenly
en	mistankely	mistakenly
en	misterious	mysterious
en	misteriously	mysteriously
en	mistery	mystery
en	misteryous	mysterious
en	mistread	mistreated
en	mistreaded	mistreated
en	misubderstanding	misunderstandings
en	misudnerstanding	misunderstandings
en	misundarstanding	misunderstandings
en	misunderatanding	misunderstandings
en	misunderdtanding	misunderstandings
en	misundersatnding	misunderstandings
en	misundersood	misunderstood
en	misundersranding	misunderstandings
en	misunderstading	misunderstanding
en	misunderstadings	misunderstandings
en	misunderstadning	misunderstandings
en	misunderstamding	misunderstandings
en	misunderstandig	misunderstandings
en	misunderstandigs	misunderstandings
en	misunderstandimg	misunderstandings
en	misunderstandind	misunderstandings
en	misunderstandingly	misunderstandings
en	misunderstandng	misunderstandings
en	misunderstanging	misunderstandings
en	misunderstanidng	misunderstandings
en	misunderstaning	misunderstanding
en	misunderstanings	misunderstandings
en	misunderstansing	misunderstandings
en	misunderstanting	misunderstandings
en	misunderstantings	misunderstandings
en	misunderstending	misunderstandings
en	misunderstnading	misunderstandings
en	misunderstod	misunderstood
en	misunderstsnding	misunderstandings
en	misunderstunding	misunderstandings
en	misundertsanding	misunderstandings
en	misundrestanding	misunderstandings
en	misunterstanding	misunderstandings
en	misunterstood	misunderstood
en	misygonist	misogynist
en	misygonistic	misogynistic
en	mitigaiton	mitigation
en	mkae	make
en	mkaes	makes
en	mkaing	making
en	mkea	make
en	mobilitiy	mobility
en	mobiliy	mobility
en	mobiltiy	mobility
en	mocrotransactions	microtransactions
en	moderacion	moderation
en	moderatedly	moderately
en	moderaters	moderates
en	moderateurs	moderates
en	moderatey	moderately
en	moderatin	moderation
en	moderatley	moderately
en	moderatore	moderate
en	moderatorin	moderation
en	moderatorn	moderation
en	moderats	moderates
en	moderm	modem
en	modificacion	modification
en	modificaiton	modification
en	modificaitons	modifications
en	modificato	modification
en	modificaton	modification
en	modificatons	modifications
en	modifieras	modifiers
en	modifieres	modifiers
en	modifikation	modification
en	modifires	modifiers
en	modivational	motivational
en	modle	model
en	modualr	modular
en	modulair	modular
en	moelcules	molecules
en	moent	moment
en	moeny	money
en	moisterizer	moisturizer
en	moisterizing	moisturizing
en	moistorizing	moisturizing
en	moistruizer	moisturizer
en	moisturier	moisturizer
en	moisturizng	moisturizing
en	moisturizor	moisturizer
en	moistutizer	moisturizer
en	moisutrizer	moisturizer
en	moisutrizing	moisturizing
en	moleclues	molecules
en	moleculair	molecular
en	moleculaire	molecular
en	moleculs	molecules
en	molestaion	molestation
en	molestare	molester
en	molestarle	molester
en	molestarme	molester
en	molestarse	molester
en	molestarte	molester
en	molestating	molestation
en	molestato	molestation
en	molesterd	molested
en	molestered	molested
en	moleststion	molestation
en	momemtarily	momentarily
en	momentairly	momentarily
en	momentaraly	momentarily
en	momentarely	momentarily
en	momentarilly	momentarily
en	momentarly	momentarily
en	momenterily	momentarily
en	momento	memento
en	momentos	moments
en	momentus	moments
en	momment	moment
en	monagomous	monogamous
en	monagomy	monogamy
en	monarcy	monarchy
en	monatge	montage
en	monestaries	monasteries
en	monestary	monastery
en	monetizare	monetize
en	monglos	mongols
en	mongoles	mongols
en	mongolos	mongols
en	monitering	monitoring
en	monitord	monitored
en	monitoreada	monitored
en	monitoreado	monitored
en	monitores	monitors
en	monitos	monitors
en	monogameous	monogamous
en	monogmay	monogamy
en	monogymous	monogamous
en	monolgoue	monologue
en	monolight	moonlight
en	monolistic	monolithic
en	monolite	monolithic
en	monolithisch	monolithic
en	monolitich	monolithic
en	monolitihic	monolithic
en	monologe	monologue
en	monolopies	monopolies
en	monolopy	monopoly
en	monolothic	monolithic
en	monolouge	monologue
en	monolythic	monolithic
en	monopilies	monopolies
en	monoploies	monopolies
en	monoploy	monopoly
en	monopolets	monopolies
en	monopolice	monopolies
en	monopolios	monopolies
en	monopolis	monopolies
en	monopollies	monopolies
en	monopolly	monopoly
en	monopoloy	monopoly
en	monopols	monopolies
en	monothilic	monolithic
en	monrachy	monarchy
en	monserrat	montserrat
en	monsterous	monsters
en	monstorsity	monstrosity
en	monstorus	monstrous
en	monstrasity	monstrosity
en	monstre	monster
en	monstrisity	monstrosity
en	monstrocity	monstrosity
en	monstros	monstrous
en	monstrosoty	monstrosity
en	monstrostiy	monstrosity
en	monstruos	monstrous
en	montaban	montana
en	montaeg	montage
en	montains	mountains
en	montanha	montana
en	montania	montana
en	montanna	montana
en	montanous	mountainous
en	montanta	montana
en	montanya	montana
en	montaran	montana
en	monteize	monetize
en	monteral	montreal
en	montioring	monitoring
en	montiors	monitors
en	montnana	montana
en	montoring	monitoring
en	montrel	montreal
en	monts	months
en	montypic	monotypic
en	monumentaal	monumental
en	monumentais	monuments
en	monumentals	monuments
en	monumentos	monuments
en	monumentous	monuments
en	monumentul	monumental
en	monumentus	monuments
en	monumet	monument
en	monumnet	monument
en	monumnets	monuments
en	moonligt	moonlight
en	moprhine	morphine
en	moratlity	mortality
en	morbidley	morbidly
en	morbidy	morbidly
en	morbildy	morbidly
en	mordibly	morbidly
en	moreso	more
en	morevoer	moreover
en	morgage	mortgage
en	morgatges	mortgages
en	morgtages	mortgages
en	morhpine	morphine
en	moribdly	morbidly
en	morisette	morissette
en	mormones	mormons
en	mormonisim	mormonism
en	mormonsim	mormonism
en	mormonts	mormons
en	moroever	moreover
en	morotola	motorola
en	morphein	morphine
en	morphen	morphine
en	morphie	morphine
en	morphinate	morphine
en	morriosn	morrison
en	morrisette	morissette
en	morrisound	morrison
en	morroccan	moroccan
en	morrocco	morocco
en	morroco	morocco
en	morrsion	morrison
en	mortage	mortgage
en	mortailty	mortality
en	mortards	mortars
en	mortarts	mortars
en	moruning	mourning
en	mositurizer	moisturizer
en	mositurizing	moisturizing
en	mosnter	monster
en	mosnters	monsters
en	mosntrosity	monstrosity
en	mosqueto	mosquitoes
en	mosquite	mosquitoes
en	mosquitero	mosquito
en	mosquiters	mosquitoes
en	mosquitto	mosquito
en	mosqutio	mosquito
en	mosture	moisture
en	motehrboard	motherboard
en	mothebroard	motherboards
en	motherbaord	motherboard
en	motherbaords	motherboards
en	motherbard	motherboard
en	motherboad	motherboard
en	motherboads	motherboards
en	motherboars	motherboards
en	motherborad	motherboard
en	motherborads	motherboards
en	motherbord	motherboard
en	motherbords	motherboards
en	motherobard	motherboards
en	mothreboard	motherboards
en	motivacional	motivational
en	motivaiton	motivations
en	motivatie	motivate
en	motivatin	motivations
en	motivatinal	motivational
en	motivationals	motivations
en	motivationnal	motivational
en	motivet	motivate
en	motiviated	motivated
en	motnage	montage
en	motoral	motorola
en	motorcicle	motorcycle
en	motorcicles	motorcycles
en	motorcyce	motorcycles
en	motorcylce	motorcycle
en	motorcylces	motorcycles
en	motorcyles	motorcycles
en	motoroal	motorola
en	motorolja	motorola
en	motorollas	motorola
en	motoroloa	motorola
en	motovational	motivational
en	mounment	monument
en	mounring	mourning
en	mountan	mountain
en	mounth	month
en	mountian	mountain
en	moustace	moustache
en	moustahce	moustache
en	mousturizing	moisturizing
en	mouthpeace	mouthpiece
en	mouthpeice	mouthpiece
en	mouthpeices	mouthpiece
en	movei	movie
en	movepseed	movespeed
en	movesped	movespeed
en	movespeeed	movespeed
en	movment	movement
en	mozillia	mozilla
en	mozillla	mozilla
en	mozzaralla	mozzarella
en	mozzarela	mozzarella
en	mozzeralla	mozzarella
en	mozzorella	mozzarella
en	mroe	more
en	msytical	mystical
en	mucisians	musicians
en	mucnhies	munchies
en	mucuous	mucous
en	muder	murder
en	mudering	murdering
en	muesums	museums
en	muffings	muffins
en	muffinus	muffins
en	muktitasking	multitasking
en	muliple	multiple
en	mulitated	mutilated
en	mulitation	mutilation
en	mulitnational	multinational
en	mulitnationals	multinational
en	mulitplayer	multiplayer
en	mulitple	multiple
en	mulitples	multiples
en	mulitplication	multiplication
en	mulitplied	multiplied
en	mulitplier	multiplier
en	mulitply	multiply
en	mulitplying	multiplying
en	mulittasking	multitasking
en	mulitverse	multiverse
en	mulsims	muslims
en	multicultralism	multiculturalism
en	multilpier	multiplier
en	multimational	multinational
en	multinatinal	multinational
en	multinationella	multinational
en	multipalyer	multiplayer
en	multipe	multiple
en	multiplaer	multiplier
en	multiplater	multiplayer
en	multiplaye	multiply
en	multiplayr	multiply
en	multiplays	multiply
en	multiplebgs	multiples
en	multipled	multiplied
en	multipleies	multiples
en	multipleye	multiply
en	multiplicacion	multiplication
en	multiplicaiton	multiplication
en	multiplicativo	multiplication
en	multiplicaton	multiplication
en	multiplikation	multiplication
en	multipling	multiplying
en	multiplr	multiplier
en	multipls	multiples
en	multiplyed	multiplied
en	multiplyer	multiple
en	multiplyng	multiplying
en	multipy	multiply
en	multitaksing	multitasking
en	multitaskng	multitasking
en	multitudine	multitude
en	multiverese	multiverse
en	multplies	multiples
en	multyplayer	multiplayer
en	multyplying	multiplying
en	munbers	numbers
en	munchis	munchies
en	muncipalities	municipalities
en	muncipality	municipality
en	mundance	mundane
en	mundande	mundane
en	muniches	munchies
en	munipulative	manipulative
en	munnicipality	municipality
en	murderd	murdered
en	murdererd	murdered
en	murderered	murdered
en	murdereres	murderers
en	murdererous	murderers
en	murderes	murders
en	murderus	murders
en	muscial	musical
en	muscially	musically
en	muscician	musician
en	muscicians	musicians
en	muscluar	muscular
en	muscualr	muscular
en	musculair	muscular
en	musculaire	muscular
en	mushrom	mushroom
en	mushrooom	mushroom
en	mushroooms	mushroom
en	musicains	musicians
en	musicallity	musically
en	musicaly	musically
en	musilms	muslims
en	muslces	muscles
en	musuclar	muscular
en	musuems	museums
en	mutatin	mutation
en	mutatiohn	mutation
en	mutialted	mutilated
en	mutialtion	mutilation
en	mutilatin	mutilation
en	mutiliated	mutilated
en	mutliated	mutilated
en	mutliation	mutilation
en	mutlinational	multinational
en	mutlinationals	multinational
en	mutliplayer	multiplayer
en	mutliple	multiple
en	mutliples	multiples
en	mutliplication	multiplication
en	mutliplied	multiplied
en	mutliplier	multiplier
en	mutliply	multiply
en	mutliplying	multiplying
en	mutlitasking	multitasking
en	mutlitude	multitude
en	mutliverse	multiverse
en	myhtical	mythical
en	mypsace	myspace
en	myraid	myriad
en	mysapce	myspace
en	mysef	myself
en	mysitcal	mystical
en	mysoganistic	misogynistic
en	mysogenistic	misogynistic
en	mysogonistic	misogynistic
en	mysogynist	misogynist
en	mysogyny	misogyny
en	mysterieus	mysteries
en	mysterieuse	mysteries
en	mysteriosly	mysteriously
en	mysterioulsy	mysteriously
en	mysteriouly	mysteriously
en	mysteriousy	mysteriously
en	mysteris	mysteries
en	mysterise	mysteries
en	mysterous	mysterious
en	mythraic	mithraic
en	nacionalistic	nationalistic
en	nacionalists	nationalists
en	nacrotics	narcotics
en	naferious	nefarious
en	nagivate	navigate
en	nagivating	navigating
en	nagivation	navigation
en	nahsville	nashville
en	naieve	naive
en	naopleon	napoleon
en	napcakes	pancakes
en	naploeon	napoleon
en	napoelon	napoleon
en	napolean	napoleon
en	napolen	napoleon
en	napoleonian	napoleonic
en	napoloen	napoleon
en	narcassism	narcissism
en	narcassist	narcissist
en	narcessist	narcissist
en	narciscism	narcissism
en	narciscist	narcissist
en	narcisissim	narcissism
en	narcisissm	narcissism
en	narcisisst	narcissist
en	narcisisstic	narcissistic
en	narcisissts	narcissist
en	narcisists	narcissist
en	narcisscism	narcissism
en	narcisscist	narcissist
en	narcissicm	narcissism
en	narcissict	narcissist
en	narcissictic	narcissistic
en	narcissim	narcissism
en	narcissisim	narcissism
en	narcissisism	narcissism
en	narcissisist	narcissist
en	narcissisitc	narcissist
en	narcissisitic	narcissistic
en	narcississm	narcissism
en	narcississt	narcissist
en	narcississtic	narcissistic
en	narcississts	narcissist
en	narcissistc	narcissistic
en	narcissit	narcissist
en	narcissitc	narcissist
en	narcissitic	narcissistic
en	narcissits	narcissist
en	narcissm	narcissism
en	narcisssism	narcissism
en	narcisssist	narcissist
en	narcissstic	narcissist
en	narcisst	narcissist
en	narcissts	narcissist
en	narcoticos	narcotics
en	narcotis	narcotics
en	narctoics	narcotics
en	narhwal	narwhal
en	narrativas	narratives
en	narrativos	narratives
en	narritives	narratives
en	narssicistic	narcissistic
en	narwharl	narwhal
en	naseuous	nauseous
en	nashvile	nashville
en	nashvillle	nashville
en	nasueous	nauseous
en	nasvhille	nashville
en	natievly	natively
en	natioanlist	nationalist
en	natioanlistic	nationalistic
en	natioanlists	nationalists
en	nationaal	national
en	nationailty	nationality
en	nationales	nationals
en	nationalesl	nationals
en	nationalis	nationals
en	nationalisic	nationalistic
en	nationalisim	nationalism
en	nationalisitc	nationalistic
en	nationalisitic	nationalistic
en	nationalisn	nationals
en	nationalistc	nationalistic
en	nationalistes	nationalists
en	nationalistics	nationalists
en	nationalisties	nationalists
en	nationalistisch	nationalists
en	nationalistische	nationalistic
en	nationalistisen	nationalists
en	nationalistisk	nationalists
en	nationalistiska	nationalists
en	nationalistiske	nationalists
en	nationalistiskt	nationalists
en	nationalistista	nationalists
en	nationalististic	nationalistic
en	nationalit	nationalist
en	nationalite	nationalist
en	nationalites	nationalist
en	nationalitic	nationalistic
en	nationalits	nationalist
en	nationalitys	nationalist
en	nationaliy	nationality
en	nationalizm	nationalism
en	nationallity	nationally
en	nationalsim	nationalism
en	nationalsitic	nationalistic
en	nationalsits	nationalists
en	nationalties	nationalist
en	nationalty	nationality
en	nationaly	nationally
en	nationas	nationals
en	nationella	national
en	nationsl	nationals
en	natique	antique
en	nativelly	natively
en	nativey	natively
en	nativley	natively
en	natrual	natural
en	natrually	naturally
en	natuilus	nautilus
en	naturaly	naturally
en	naturels	natures
en	naturely	naturally
en	naturens	natures
en	naturual	natural
en	naturually	naturally
en	nauesous	nauseous
en	naughtly	naughty
en	naugthy	naughty
en	nauitlus	nautilus
en	nauseos	nauseous
en	nauseuos	nauseous
en	nautils	nautilus
en	nautiuls	nautilus
en	nautlius	nautilus
en	nautral	natural
en	nautres	natures
en	nautulis	nautilus
en	naviagte	navigate
en	naviagting	navigating
en	naviagtion	navigation
en	navigatie	navigate
en	navigatin	navigation
en	navigato	navigation
en	navigatore	navigate
en	nazereth	nazareth
en	nazionalists	nationalists
en	neccesarily	necessarily
en	neccesary	necessary
en	neccessarily	necessarily
en	neccessary	necessary
en	neccessities	necessities
en	necesarily	necessarily
en	necesary	necessary
en	necessairly	necessarily
en	necessairy	necessarily
en	necessarilly	necessarily
en	necessarly	necessary
en	necessarry	necessary
en	necessaties	necessities
en	necesseraly	necessarily
en	necesserily	necessarily
en	necessiate	necessitate
en	necessiates	necessities
en	necessite	necessities
en	necessites	necessities
en	necessitites	necessities
en	necessitive	necessities
en	neckbead	neckbeard
en	neckbearders	neckbeards
en	neckbeardese	neckbeards
en	neckbeardest	neckbeards
en	neckbeardies	neckbeards
en	neckbeardius	neckbeards
en	neckbeardos	neckbeards
en	neckbeardus	neckbeards
en	neckbeared	neckbeard
en	neckbears	neckbeards
en	neckboards	neckbeards
en	neckbread	neckbeard
en	neckbreads	neckbeards
en	neckneards	neckbeards
en	neconstitutional	unconstitutional
en	necormancer	necromancer
en	necromacer	necromancer
en	necromamcer	necromancer
en	necromaner	necromancer
en	necromanser	necromancer
en	necromencer	necromancer
en	nectode	netcode
en	nedlessly	endlessly
en	needels	needles
en	needlees	needles
en	needleslly	needlessly
en	needlessley	needlessly
en	needlessy	needlessly
en	nefarios	nefarious
en	negativaty	negativity
en	negativeity	negativity
en	negativelly	negatively
en	negativitiy	negativity
en	negativley	negatively
en	negativy	negativity
en	negelcting	neglecting
en	negilgence	negligence
en	negiotate	negotiate
en	negiotated	negotiated
en	negiotating	negotiating
en	neglacting	neglecting
en	neglagence	negligence
en	neglectn	neglecting
en	neglegance	negligence
en	neglegible	negligible
en	neglegting	neglecting
en	neglibible	negligible
en	neglible	negligible
en	neglicence	negligence
en	neglicible	negligible
en	neglicting	neglecting
en	negligable	negligible
en	negligance	negligence
en	negligeble	negligible
en	negligente	negligence
en	negligiable	negligible
en	negociate	negotiate
en	negociated	negotiated
en	negociating	negotiating
en	negociation	negotiation
en	negociations	negotiations
en	negogiated	negotiated
en	negoitate	negotiate
en	negoitated	negotiated
en	negoitating	negotiating
en	negoitation	negotiation
en	negoitations	negotiations
en	negotaited	negotiated
en	negotation	negotiation
en	negotiaion	negotiation
en	negotiatians	negotiations
en	negotiatie	negotiated
en	negotiatied	negotiate
en	negotiatiing	negotiating
en	negotiatin	negotiations
en	negotiationg	negotiating
en	negotiatiors	negotiations
en	negotiative	negotiate
en	negotiaton	negotiation
en	negotiatons	negotiations
en	neice	niece
en	neigbhorhood	neighborhoods
en	neigbhour	neighbour
en	neigbhourhood	neighbourhood
en	neigbhours	neighbours
en	neigborhood	neighborhood
en	neigbour	neighbour
en	neigbourhood	neighbourhood
en	neigbouring	neighbouring
en	neigbours	neighbours
en	neighbhors	neighbours
en	neighboor	neighbor
en	neighboorhod	neighbourhood
en	neighboorhoud	neighbourhood
en	neighbords	neighbours
en	neighborehood	neighbourhood
en	neighbores	neighbours
en	neighborhing	neighboring
en	neighborhod	neighborhood
en	neighborhods	neighborhoods
en	neighborhoood	neighborhoods
en	neighbourbood	neighbourhood
en	neighbourghs	neighbours
en	neighbourgood	neighbourhood
en	neighbourgs	neighbours
en	neighbourhod	neighbourhood
en	neighbourhoood	neighbourhood
en	neighbourhoud	neighbourhood
en	neighbourood	neighbourhood
en	neighbrohood	neighborhoods
en	neighourhood	neighborhood
en	neighourhoods	neighborhoods
en	neighouring	neighboring
en	neolitic	neolithic
en	neoroscience	neuroscience
en	nercomancer	necromancer
en	neruological	neurological
en	neruons	neurons
en	neruoscience	neuroscience
en	neslave	enslave
en	nessasarily	necessarily
en	nessecary	necessary
en	nestin	nesting
en	netboook	netbook
en	netocde	netcode
en	netowrk	network
en	netowrking	networking
en	netropolitan	metropolitan
en	netruality	neutrality
en	netural	neutral
en	neturality	neutrality
en	neturon	neutron
en	netwrok	network
en	netwroking	networking
en	neuorscience	neuroscience
en	neuralogical	neurological
en	neuroligical	neurological
en	neurologia	neurological
en	neurologial	neurological
en	neuronas	neurons
en	neurosceince	neuroscience
en	neurosciene	neuroscience
en	neuroscienze	neuroscience
en	neurosicence	neuroscience
en	neurton	neutron
en	neuterd	neutered
en	neutraal	neutral
en	neutrailty	neutrality
en	neutrallity	neutrality
en	neutralt	neutrality
en	neutraly	neutrality
en	neverhteless	nevertheless
en	neverthelss	nevertheless
en	neverthless	nevertheless
en	newcaslte	newcastle
en	newcaste	newcastle
en	newcastel	newcastle
en	newletters	newsletters
en	newlsetter	newsletter
en	newsettler	newsletter
en	newslatter	newsletter
en	newspapaers	newspapers
en	newspappers	newspapers
en	nickanme	nickname
en	nickmane	nickname
en	nieghbor	neighbor
en	nieghborhood	neighborhood
en	nieghborhoods	neighborhoods
en	nieghboring	neighboring
en	nieghbour	neighbour
en	nieghbourhood	neighbourhood
en	nieghbourhoods	neighbourhood
en	nieghbours	neighbours
en	nighlty	nightly
en	nightfa;;	nightfall
en	nightime	nighttime
en	nightlcub	nightclub
en	nightley	nightly
en	nightlie	nightlife
en	nightmarket	nightmare
en	nightmates	nightmares
en	nightmears	nightmares
en	nightmeres	nightmares
en	nigthclub	nightclub
en	nigthlife	nightlife
en	nigthly	nightly
en	nigthmare	nightmare
en	nigthmares	nightmares
en	nihilim	nihilism
en	nihilisim	nihilism
en	nihilsim	nihilism
en	nilihism	nihilism
en	nineth	ninth
en	ninteenth	nineteenth
en	ninty	ninety
en	nipticking	nitpicking
en	nirtogen	nitrogen
en	nirvanna	nirvana
en	nitorgen	nitrogen
en	nitpciking	nitpicking
en	niusance	nuisance
en	niverse	inverse
en	nkow	know
en	nkwo	know
en	nmae	name
en	noctrune	nocturne
en	noctunre	nocturne
en	nocture	nocturne
en	nocturen	nocturne
en	nominacion	nomination
en	nominae	nominate
en	nominatie	nominate
en	nominatin	nomination
en	nominatino	nominations
en	nominativo	nomination
en	nominato	nomination
en	nominatons	nominations
en	nominet	nominate
en	noncombatents	noncombatants
en	noninital	noninitial
en	noninitalized	noninitialized
en	nonsence	nonsense
en	nonsencial	nonsensical
en	nonsencical	nonsensical
en	nonsene	nonsense
en	nonsenscial	nonsensical
en	nonsensicle	nonsensical
en	nonsesne	nonsense
en	nontheless	nonetheless
en	noramlly	normally
en	noramls	normals
en	norhern	northern
en	norhteast	northeast
en	norhtern	northern
en	norhtwest	northwest
en	norhtwestern	northwestern
en	normalis	normals
en	normallized	normalized
en	normalls	normals
en	normalos	normals
en	normaly	normally
en	normanday	normandy
en	normany	normandy
en	northeat	northeast
en	northen	northern
en	northereastern	northeastern
en	northeren	northern
en	northerend	northern
en	northren	northern
en	northwesten	northwestern
en	northwestener	northwestern
en	northwet	northwest
en	norwegain	norwegian
en	norwegin	norwegian
en	norwiegan	norwegian
en	nostaglia	nostalgia
en	nostaglic	nostalgic
en	nostalga	nostalgia
en	nostalgica	nostalgia
en	nostalgija	nostalgia
en	nostalgisch	nostalgic
en	nostaliga	nostalgia
en	nostaligc	nostalgic
en	nostirls	nostrils
en	nostlagia	nostalgia
en	nostlagic	nostalgic
en	nostriles	nostrils
en	nostrills	nostrils
en	nostris	nostrils
en	notabley	notably
en	notablly	notably
en	notacible	noticeable
en	notario	ontario
en	notciable	noticeable
en	noteable	notable
en	noteably	notably
en	notebok	notebook
en	noteboook	notebook
en	noteriety	notoriety
en	noteworhty	noteworthy
en	noteworthly	noteworthy
en	noteworty	noteworthy
en	noth	north
en	nothern	northern
en	nothingess	nothingness
en	nothingsness	nothingness
en	noticabe	noticeable
en	noticabely	noticeably
en	noticable	noticeable
en	noticabley	noticeably
en	noticably	noticeably
en	noticalbe	noticeable
en	noticeablely	noticeably
en	noticeabley	noticeably
en	noticeing	noticing
en	noticiably	noticeably
en	noticible	noticeable
en	notificacion	notification
en	notificaiton	notification
en	notificaitons	notifications
en	notificaton	notification
en	notificatons	notifications
en	notorios	notorious
en	notoriosly	notoriously
en	notoriuosly	notoriously
en	notoroius	notorious
en	notwhithstanding	notwithstanding
en	noveau	nouveau
en	novembeard	november
en	novermber	november
en	novmeber	november
en	nowdays	nowadays
en	nowe	now
en	nrivana	nirvana
en	nromandy	normandy
en	nto	not
en	nuaghty	naughty
en	nuatilus	nautilus
en	nubmers	numbers
en	nucelar	nuclear
en	nucelus	nucleus
en	nuclean	unclean
en	nuclues	nucleus
en	nucular	nuclear
en	nuculear	nuclear
en	nuerological	neurological
en	nuerons	neurons
en	nueroscience	neuroscience
en	nuetered	neutered
en	nuetral	neutral
en	nuetrality	neutrality
en	nuetron	neutron
en	nuisanse	nuisance
en	nulcear	nuclear
en	nullabour	nullarbor
en	nullfiy	nullify
en	nullifiy	nullify
en	numberous	numerous
en	numercial	numerical
en	numericable	numerical
en	numerious	numerous
en	nuremburg	nuremberg
en	nurtient	nutrient
en	nurtients	nutrients
en	nurtitional	nutritional
en	nusaince	nuisance
en	nusance	nuisance
en	nusiance	nuisance
en	nutirent	nutrient
en	nutirents	nutrients
en	nutreints	nutrients
en	nutricional	nutritional
en	nutricious	nutritious
en	nutriens	nutrients
en	nutrientes	nutrients
en	nutriet	nutrient
en	nutritent	nutrient
en	nutritents	nutrients
en	nutritian	nutritional
en	nutritinal	nutritional
en	nutritionnal	nutritional
en	nutritios	nutritious
en	nutritiuos	nutritious
en	nutritivos	nutritious
en	nutrituous	nutritious
en	nutrutional	nutritional
en	nutrutious	nutritious
en	nuturing	nurturing
en	oarcles	oracles
en	obamination	abomination
en	obatinable	obtainable
en	obdisian	obsidian
en	obediance	obedience
en	obediant	obedient
en	obeidence	obedience
en	obejctives	objectives
en	obersvant	observant
en	obersvation	observation
en	obersvations	observations
en	obersvers	observers
en	obession	obsession
en	obesssion	obsession
en	obiedence	obedience
en	obilgatory	obligatory
en	obilterated	obliterated
en	obilvion	oblivion
en	obisdian	obsidian
en	obivous	obvious
en	obivously	obviously
en	objecitves	objectives
en	objectificaiton	objectification
en	objectificaton	objectification
en	objectificiation	objectification
en	objectivas	objectives
en	objectivelly	objectively
en	objectivety	objectivity
en	objectivication	objectification
en	objectivify	objectivity
en	objectivily	objectivity
en	objectiviser	objectives
en	objectivitiy	objectivity
en	objectivley	objectively
en	objectivly	objectively
en	objectivs	objectives
en	objectivst	objectives
en	objectivty	objectivity
en	objectivy	objectivity
en	objektives	objectives
en	obliberated	obliterated
en	obliderated	obliterated
en	obligerated	obliterated
en	obligitary	obligatory
en	obligitory	obligatory
en	oblitarated	obliterated
en	obliteraded	obliterated
en	obliterared	obliterated
en	oblitirated	obliterated
en	oblitorated	obliterated
en	obliverated	obliterated
en	obscruity	obscurity
en	obscuirty	obscurity
en	observabil	observable
en	observacion	observation
en	observaiton	observant
en	observare	observer
en	observarse	observers
en	observasion	observations
en	observating	observation
en	observaton	observation
en	observeras	observers
en	observerats	observers
en	observerd	observed
en	observered	observed
en	observeres	observers
en	observible	observable
en	obsessie	obsessive
en	obsessin	obsession
en	obsessivley	obsessive
en	obsidain	obsidian
en	obssesion	obsession
en	obssesive	obsessive
en	obssessed	obsessed
en	obstacal	obstacle
en	obstancles	obstacles
en	obstruccion	obstruction
en	obstruced	obstructed
en	obstrucion	obstruction
en	obstructin	obstruction
en	obstruktion	obstruction
en	obsturction	obstruction
en	obsucrity	obscurity
en	obtainabe	obtainable
en	obtainabie	obtainable
en	obtaineble	obtainable
en	obtainible	obtainable
en	obtianable	obtainable
en	obversation	observation
en	obversations	observations
en	obvilion	oblivion
en	obviosuly	obviously
en	obvioulsy	obviously
en	obvisouly	obviously
en	obvoius	obvious
en	obvoiusly	obviously
en	ocarnia	ocarina
en	ocasion	occasion
en	ocasional	occasional
en	ocasionally	occasionally
en	ocasionaly	occasionally
en	ocasioned	occasioned
en	ocasions	occasions
en	ocassion	occasion
en	ocassional	occasional
en	ocassionally	occasionally
en	ocassionaly	occasionally
en	ocassioned	occasioned
en	ocassions	occasions
en	occaison	occasion
en	occaisonal	occasional
en	occaisonally	occasionally
en	occaisons	occasions
en	occasioanlly	occasionally
en	occasionals	occasions
en	occasionaly	occasionally
en	occasionly	occasional
en	occasionnal	occasional
en	occassion	occasion
en	occassional	occasional
en	occassionally	occasionally
en	occassionaly	occasionally
en	occassioned	occasioned
en	occassions	occasions
en	occational	occasional
en	occationally	occasionally
en	occour	occur
en	occulation	occupation
en	occupaiton	occupation
en	occupato	occupation
en	occurance	occurrence
en	occurances	occurrences
en	occured	occurred
en	occurence	occurrence
en	occurences	occurrences
en	occuring	occurring
en	occurr	occur
en	occurrance	occurrence
en	occurrances	occurrences
en	occurrencies	occurrences
en	ocotber	october
en	ocotpus	octopus
en	ocraina	ocarina
en	octobear	october
en	octohedra	octahedra
en	octohedral	octahedral
en	octohedron	octahedron
en	octopuns	octopus
en	ocuntries	countries
en	ocuntry	country
en	ocurr	occur
en	ocurrance	occurrence
en	ocurred	occurred
en	ocurrence	occurrence
en	ofcoruse	ofcourse
en	ofcoure	ofcourse
en	ofcoures	ofcourse
en	ofcousre	ofcourse
en	ofcrouse	ofcourse
en	offcers	officers
en	offcially	officially
en	offensivelly	offensively
en	offensivley	offensively
en	offensivly	offensively
en	offereings	offerings
en	offesnively	offensively
en	officailly	officially
en	offical	official
en	offically	officially
en	officals	officials
en	officaly	officially
en	officiallly	officially
en	officialy	officially
en	offisde	offside
en	offpsring	offspring
en	offred	offered
en	offsited	offside
en	offspirng	offspring
en	offsrping	offspring
en	ofocurse	ofcourse
en	oftenly	often
en	oging	going
en	ogliarchy	oligarchy
en	ogranisation	organisation
en	ogrilla	gorilla
en	oilgarchy	oligarchy
en	olbigatory	obligatory
en	olbiterated	obliterated
en	oligarcy	oligarchy
en	oligrachy	oligarchy
en	olmypic	olympic
en	olmypics	olympics
en	olreans	orleans
en	olymipcs	olympics
en	olympis	olympics
en	olypmic	olympic
en	olypmics	olympics
en	ominpotent	omnipotent
en	ominscient	omniscient
en	omision	omission
en	omited	omitted
en	omiting	omitting
en	omlette	omelette
en	ommision	omission
en	ommited	omitted
en	ommiting	omitting
en	ommitted	omitted
en	ommitting	omitting
en	omnipetent	omnipotent
en	omnipitent	omnipotent
en	omnipotant	omnipotent
en	omniscienct	omniscient
en	omnisicent	omniscient
en	omniverous	omnivorous
en	omniverously	omnivorously
en	omnsicient	omniscient
en	omre	more
en	onatrio	ontario
en	onbaord	onboard
en	onborad	onboard
en	ongewild	gonewild
en	onlsaught	onslaught
en	onlu	only
en	onmipotent	omnipotent
en	onmiscient	omniscient
en	onot	note
en	onsalught	onslaught
en	onslaugt	onslaught
en	onslaugth	onslaught
en	onsluaght	onslaught
en	ontairo	ontario
en	ontraio	ontario
en	onwership	ownership
en	onyl	only
en	opartor	operator
en	openess	openness
en	operacional	operational
en	operasional	operational
en	operatie	operative
en	operatings	operations
en	operationable	operational
en	operationel	operational
en	operationnal	operational
en	operativne	operative
en	operativos	operations
en	opiniones	opinions
en	opinoins	opinions
en	opitcal	optical
en	opitmal	optimal
en	oponent	opponent
en	oportunity	opportunity
en	opose	oppose
en	oposite	opposite
en	oposition	opposition
en	oppenly	openly
en	oppertunities	opportunities
en	oppinion	opinion
en	opponant	opponent
en	opponenet	opponent
en	opponenets	opponent
en	opponet	opponent
en	oppononent	opponent
en	opportuniste	opportunities
en	opportunites	opportunities
en	opposiste	opposites
en	oppositition	opposition
en	opposits	opposites
en	oppossed	opposed
en	opposties	opposites
en	oppressin	oppression
en	oppressiun	oppressing
en	oppresso	oppression
en	oppresssing	oppressing
en	oppresssion	oppression
en	opprotunities	opportunities
en	opprotunity	opportunity
en	oppurtunities	opportunities
en	opression	oppression
en	opressive	oppressive
en	oprhans	orphans
en	opthalmic	ophthalmic
en	opthalmologist	ophthalmologist
en	opthalmology	ophthalmology
en	opthamologist	ophthalmologist
en	optimaal	optimal
en	optimim	optimism
en	optimisim	optimism
en	optimisitc	optimistic
en	optimisitic	optimistic
en	optimistc	optimistic
en	optimistisch	optimistic
en	optimizacion	optimization
en	optimizare	optimize
en	optimizate	optimize
en	optimizating	optimization
en	optimizaton	optimization
en	optimizied	optimize
en	optimziation	optimization
en	optinally	optimally
en	optmization	optimization
en	optmizations	optimizations
en	optomism	optimism
en	oracels	oracles
en	oragnered	orangered
en	oragnes	oranges
en	oragnisation	organisation
en	oragnise	organise
en	oragnised	organised
en	oragnizer	organizer
en	oragsms	orgasms
en	oralces	oracles
en	orangerd	orangered
en	orangers	oranges
en	orangism	organism
en	orbtial	orbital
en	orcales	oracles
en	orcehstra	orchestra
en	orchastrated	orchestrated
en	orchesta	orchestra
en	orchestarted	orchestrated
en	orchestraded	orchestrated
en	orchestraed	orchestrated
en	orchestrial	orchestra
en	orchistrated	orchestrated
en	orded	ordered
en	ordianry	ordinary
en	ordinarly	ordinary
en	oreintal	oriental
en	oreintation	orientation
en	orelans	orleans
en	orgainsation	organisation
en	orgainse	organise
en	orgainsed	organised
en	orgainzation	organizations
en	orgainze	organize
en	orgainzer	organizer
en	organered	orangered
en	organes	organise
en	organicaly	organically
en	organices	organise
en	organiclly	organically
en	organie	organise
en	organim	organism
en	organims	organism
en	organisaiton	organisation
en	organisate	organise
en	organisationens	organisations
en	organisationers	organisations
en	organisationnels	organisations
en	organisaton	organisation
en	organisatons	organisations
en	organische	organise
en	organisera	organizers
en	organiserad	organised
en	organisere	organizers
en	organisert	organizers
en	organisier	organise
en	organisim	organism
en	organisims	organism
en	organiske	organise
en	organismed	organise
en	organismen	organise
en	organismer	organise
en	organismes	organisms
en	organismus	organisms
en	organistaion	organisation
en	organistaions	organisations
en	organiste	organise
en	organisten	organise
en	organistion	organisation
en	organiszed	organise
en	organites	organise
en	organizacion	organization
en	organizacional	organizational
en	organizaed	organize
en	organizaiton	organization
en	organizaitonal	organizational
en	organizare	organizer
en	organizarea	organizer
en	organizarem	organizer
en	organizarme	organizer
en	organizarte	organizer
en	organizate	organize
en	organizatinal	organizational
en	organizativo	organization
en	organizativos	organizations
en	organizatons	organizations
en	organizms	organism
en	organizors	organizers
en	organiztion	organization
en	organizuje	organize
en	organsiation	organisation
en	organsiations	organisations
en	organsie	organise
en	organsied	organised
en	organsim	organism
en	organsims	organisms
en	organziation	organization
en	organziational	organizational
en	organziations	organizations
en	organzie	organize
en	organzier	organizer
en	organziers	organizers
en	orgasmes	orgasms
en	orgasmos	orgasms
en	orgasmus	orgasms
en	orgin	origin
en	orginal	original
en	orginally	originally
en	orginasation	organisation
en	orginasations	organisations
en	orginazation	organization
en	orginazational	organizational
en	orginazations	organizations
en	orginize	organise
en	orgnaisation	organisations
en	orgnaised	organised
en	orhcestra	orchestra
en	orhpans	orphans
en	orhtodox	orthodox
en	oribtal	orbital
en	oridinarily	ordinarily
en	oridnary	ordinary
en	orientacion	orientation
en	orientaion	orientation
en	orientarla	oriental
en	orientarlo	oriental
en	orientato	orientation
en	origanaly	originally
en	origianlly	originally
en	originales	originals
en	originalet	originated
en	originalis	originals
en	originall	original
en	originallity	originality
en	originalt	originality
en	originalty	originality
en	originaly	originally
en	originas	origins
en	origines	origins
en	originially	originally
en	originnally	originally
en	originsl	originals
en	origintea	originate
en	origional	original
en	orignally	originally
en	origniality	originality
en	orignially	originally
en	orignials	originals
en	origniated	originated
en	origonally	originally
en	origonated	originated
en	orlenas	orleans
en	orpahns	orphans
en	orphanes	orphans
en	orthodx	orthodox
en	osbidian	obsidian
en	ostencibly	ostensibly
en	ostenisbly	ostensibly
en	ostensably	ostensibly
en	ostensiably	ostensibly
en	ostensibily	ostensibly
en	ostentibly	ostensibly
en	ostrasiced	ostracized
en	ostrasized	ostracized
en	ostraziced	ostracized
en	ostrazised	ostracized
en	ostrecized	ostracized
en	ostricized	ostracized
en	ostrocized	ostracized
en	otehr	other
en	othrodox	orthodox
en	oublisher	publisher
en	ouevre	oeuvre
en	ouput	output
en	ourselvs	ourselves
en	oursleves	ourselves
en	oustanding	outstanding
en	oustider	outsider
en	oustiders	outsiders
en	oustpoken	outspoken
en	outcalssed	outclassed
en	outclasssed	outclassed
en	outfeild	outfield
en	outfidel	outfield
en	outfied	outfield
en	outfiled	outfield
en	outisder	outsider
en	outisders	outsiders
en	outlcassed	outclassed
en	outnumbed	outnumbered
en	outnumberd	outnumbered
en	outnumbred	outnumbered
en	outnunbered	outnumbered
en	outpalyed	outplayed
en	outperfom	outperform
en	outperfoms	outperform
en	outperfrom	outperform
en	outperfroms	outperform
en	outplayd	outplayed
en	outpreform	outperform
en	outpreforms	outperform
en	outpsoken	outspoken
en	outputed	outputted
en	outraegously	outrageously
en	outrageos	outrageous
en	outrageosly	outrageously
en	outrageoulsy	outrageously
en	outrageouly	outrageously
en	outragerous	outrageous
en	outragesouly	outrageously
en	outrageuos	outrageous
en	outrageuosly	outrageously
en	outragious	outrageous
en	outragiously	outrageously
en	outragoues	outrageous
en	outreagous	outrageous
en	outsidr	outsider
en	outskirst	outskirts
en	outskirters	outskirts
en	outskrits	outskirts
en	outsorucing	outsourcing
en	outsourcad	outsourced
en	outsourcade	outsourced
en	outsourceing	outsourcing
en	outsoure	outsourced
en	outsouring	outsourcing
en	outsoursed	outsourced
en	outsoursing	outsourcing
en	outweighes	outweighs
en	outwieghs	outweighs
en	overarcing	overarching
en	overbaord	overboard
en	overbearring	overbearing
en	overblocking	overclocking
en	overboad	overboard
en	overbraking	overbearing
en	overcapping	overlapping
en	overcharing	overarching
en	overclcok	overclock
en	overclcoked	overclocked
en	overclcoking	overclocking
en	overclicked	overclocked
en	overclicking	overclocking
en	overcloaked	overclocked
en	overcloaking	overclocking
en	overclocing	overclocking
en	overclockd	overclocked
en	overclockig	overclocking
en	overclockign	overclocking
en	overclocled	overclocked
en	overclok	overclock
en	overclokcing	overclocking
en	overcloked	overclocked
en	overcoding	overcoming
en	overcomeing	overcoming
en	overcomming	overcoming
en	overdirve	overdrive
en	overdrev	overdrive
en	overeaching	overarching
en	overestemating	overestimating
en	overestimateing	overestimating
en	overextimating	overestimating
en	overfapping	overlapping
en	overhal	overhaul
en	overheading	overheating
en	overheards	overhead
en	overheared	overhead
en	overhearting	overreacting
en	overheathing	overheating
en	overhooked	overlooked
en	overhooking	overlooking
en	overhpyed	overhyped
en	overhtinking	overthinking
en	overhual	overhaul
en	overhwelm	overwhelm
en	overhwelmed	overwhelmed
en	overhwelming	overwhelming
en	overhwelmingly	overwhelmingly
en	overhwlemingly	overwhelmingly
en	overkapping	overlapping
en	overklocked	overclocked
en	overlanded	overloaded
en	overlaod	overload
en	overlaoded	overloaded
en	overlaping	overlapping
en	overlappping	overlapping
en	overlapsing	overlapping
en	overlauded	overloaded
en	overlcock	overclock
en	overlcocked	overclocked
en	overlcocking	overclocking
en	overlcoking	overlooking
en	overloard	overload
en	overloards	overload
en	overlooming	overlooking
en	overloooked	overlooked
en	overlorded	overloaded
en	overlordes	overlords
en	overlordess	overlords
en	overmapping	overlapping
en	overnurfed	overturned
en	overpad	overpaid
en	overpaied	overpaid
en	overpiad	overpaid
en	overpirced	overpriced
en	overpolulation	overpopulation
en	overpooling	overlooking
en	overpopluation	overpopulation
en	overpopulaton	overpopulation
en	overpovered	overpowered
en	overpowed	overpowered
en	overpoweing	overpowering
en	overpowerd	overpowered
en	overpowred	overpowered
en	overprised	overpriced
en	overreacing	overreacting
en	overreactin	overreaction
en	overreactiong	overreacting
en	overreacton	overreaction
en	overreaktion	overreaction
en	overriden	overridden
en	oversemplification	oversimplification
en	oversetimating	overestimating
en	overshaddow	overshadowed
en	overshaddowed	overshadowed
en	overshadowd	overshadowed
en	overshadowered	overshadowed
en	oversimplifacation	oversimplification
en	oversimplifaction	oversimplification
en	oversimplificaiton	oversimplification
en	oversimplificating	oversimplification
en	oversimplificaton	oversimplification
en	oversimplificiation	oversimplification
en	oversimplifiction	oversimplification
en	oversimplyfication	oversimplification
en	oversue	overuse
en	overtapping	overlapping
en	overthining	overthinking
en	overthinkig	overthinking
en	overtun	overturn
en	overtunned	overturned
en	overtunred	overturned
en	overturing	overturn
en	overules	overuse
en	overvlocked	overclocked
en	overwath	overwatch
en	overwealmed	overwhelmed
en	overwealming	overwhelming
en	overweigth	overweight
en	overwelming	overwhelming
en	overwhelemd	overwhelmed
en	overwhelemed	overwhelmed
en	overwhelimg	overwhelm
en	overwheliming	overwhelming
en	overwheling	overwhelming
en	overwhelmigly	overwhelmingly
en	overwhelmingy	overwhelmingly
en	overwhelminly	overwhelmingly
en	overwhem	overwhelm
en	overwhemed	overwhelmed
en	overwhemled	overwhelmed
en	overwhemling	overwhelming
en	overwhemlingly	overwhelmingly
en	overwhlem	overwhelm
en	overwhlemed	overwhelmed
en	overwhleming	overwhelming
en	overwhlemingly	overwhelmingly
en	overwieght	overweight
en	overwirte	overwrite
en	overwritte	overwrite
en	overwritted	overwrite
en	overwtach	overwatch
en	overyhped	overhyped
en	owernship	ownership
en	owerpowering	overpowering
en	ownders	wonders
en	owrk	work
en	owudl	would
en	owuldve	wouldve
en	oxigen	oxygen
en	oximoron	oxymoron
en	oylmpic	olympic
en	oylmpics	olympics
en	pacakge	package
en	pacakged	packaged
en	pacificts	pacifist
en	pacifit	pacifist
en	packade	packaged
en	packadge	packaged
en	packageid	packaged
en	packge	package
en	pacthes	patches
en	pactivity	captivity
en	paficist	pacifist
en	pahntom	phantom
en	pahtfinder	pathfinder
en	paide	paid
en	painfullly	painfully
en	painfuly	painfully
en	painkilers	painkillers
en	painkilllers	painkillers
en	painkills	painkillers
en	pairlament	parliament
en	paitence	patience
en	paitent	patient
en	paitently	patiently
en	paitents	patients
en	paitience	patience
en	pakistain	pakistani
en	pakistanais	pakistani
en	pakistanezi	pakistani
en	pakistanti	pakistani
en	pakistian	pakistani
en	pakistnai	pakistani
en	paksitani	pakistani
en	paladines	paladins
en	paladinlst	paladins
en	paladinos	paladins
en	palastinians	palestinians
en	palce	place
en	palcebo	placebo
en	palceholder	placeholder
en	palcements	placements
en	paleolitic	paleolithic
en	palesitnian	palestinians
en	palesitnians	palestinians
en	palestein	palestine
en	palestenian	palestinian
en	palestenians	palestinians
en	palestina	palestinian
en	palestinain	palestinians
en	palestinains	palestinians
en	palestinan	palestinian
en	palestinans	palestinians
en	palestiniens	palestinians
en	palestinier	palestine
en	palestininan	palestinian
en	palestininans	palestinians
en	palestininas	palestinians
en	paliamentarian	parliamentarian
en	palidans	paladins
en	palistian	palestinian
en	palistinian	palestinian
en	palistinians	palestinians
en	pallete	palette
en	palster	plaster
en	palstics	plastics
en	paltform	platform
en	paltformer	platformer
en	paltforms	platforms
en	paltinum	platinum
en	palyable	playable
en	palyboy	playboy
en	palyerbase	playerbase
en	palyoffs	playoffs
en	palystyle	playstyle
en	palythrough	playthrough
en	palythroughs	playthroughs
en	pamflet	pamphlet
en	pamplet	pamphlet
en	pancaeks	pancakes
en	pancakers	pancakes
en	pancaks	pancakes
en	panckaes	pancakes
en	pandoria	pandora
en	pandorra	pandora
en	pandroa	pandora
en	panedmic	pandemic
en	panethon	pantheon
en	pankaces	pancakes
en	panmedic	pandemic
en	pantehon	pantheon
en	panthen	pantheon
en	panthoen	pantheon
en	pantomine	pantomime
en	papanicalou	papanicolaou
en	parachutage	parachute
en	parachutte	parachute
en	parademics	paramedics
en	paradies	paradise
en	paradiggum	paradigm
en	paradim	paradigm
en	paradimes	paradise
en	paradse	parades
en	paradyse	parades
en	paragraghs	paragraphs
en	paragrah	paragraph
en	paragrahps	paragraphs
en	paragrapgh	paragraphs
en	paragraphes	paragraphs
en	paragraps	paragraphs
en	paragrpah	paragraph
en	paragrpahs	paragraphs
en	parahprase	paraphrase
en	paraiste	parasite
en	paralel	parallel
en	paralell	parallel
en	paralells	parallels
en	paralelly	parallelly
en	paralely	parallelly
en	paralisys	paralysis
en	paralleles	parallels
en	parallells	parallels
en	parallely	parallelly
en	paralles	parallels
en	paralzyed	paralyzed
en	paramadics	paramedics
en	paramaters	parameters
en	paramecias	paramedics
en	paramedicks	paramedics
en	paramedicos	paramedics
en	paramedis	paramedics
en	parameds	paramedics
en	parameteres	parameters
en	parametics	paramedics
en	parametros	parameters
en	paramiters	parameters
en	paramormal	paranormal
en	paramter	parameter
en	paramters	parameters
en	paranioa	paranoia
en	paraniod	paranoid
en	paranoa	paranoia
en	paranoica	paranoia
en	paranoicas	paranoia
en	paranoida	paranoia
en	paranomral	paranormal
en	paranornal	paranormal
en	paranthesis	parenthesis
en	parapharse	paraphrase
en	parapharsed	paraphrase
en	parapharsing	paraphrasing
en	paraphenalia	paraphernalia
en	paraphraseing	paraphrasing
en	paraphrashed	paraphrase
en	paraphrashing	paraphrasing
en	paraphraze	paraphrase
en	paraphrazing	paraphrasing
en	paraprashing	paraphrasing
en	paraprhase	paraphrase
en	paraprhased	paraphrase
en	paraprhasing	paraphrasing
en	paraside	paradise
en	parasitisme	parasites
en	parasits	parasites
en	parasitter	parasite
en	parastie	parasite
en	parasties	parasites
en	paraylsis	paralysis
en	paraylzed	paralyzed
en	parctise	practise
en	parellels	parallels
en	paremsan	parmesan
en	parenthasis	parenthesis
en	parenthesees	parentheses
en	parenthesies	parenthesis
en	parenthesys	parentheses
en	parenthises	parenthesis
en	parenthisis	parenthesis
en	paricular	particular
en	parilament	parliament
en	parilamentary	parliamentary
en	parises	praises
en	parisitic	parasitic
en	paristan	partisan
en	paritally	partially
en	parites	parties
en	parituclar	particular
en	parlaiment	parliament
en	parlaimentary	parliamentary
en	parliamant	parliament
en	parliamantary	parliamentary
en	parliamentery	parliamentary
en	parliamentiary	parliamentary
en	parliamentry	parliamentary
en	parliamenty	parliamentary
en	parliamnetary	parliamentary
en	parliamone	parliament
en	parliement	parliament
en	parliementary	parliamentary
en	parliment	parliament
en	parmasen	parmesan
en	parmenas	parmesan
en	parmesaen	parmesan
en	parmsean	parmesan
en	parntered	partnered
en	parnters	partners
en	parntership	partnership
en	parralel	parallel
en	parrallel	parallel
en	parrallell	parallel
en	parrallelly	parallelly
en	parrallely	parallelly
en	partchett	pratchett
en	partecipant	participant
en	partecipants	participants
en	partecipate	participate
en	partecipated	participated
en	parterned	partnered
en	parterns	partners
en	parternship	partnership
en	parternships	partnership
en	partialy	partially
en	partians	partisan
en	partiarchal	patriarchal
en	partiarchy	patriarchy
en	partical	particular
en	particapate	participate
en	particapated	participated
en	partice	particle
en	particel	particle
en	particiapnts	participant
en	particiapte	participate
en	particiapted	participated
en	particiaption	participation
en	participacion	participation
en	participait	participant
en	participans	participants
en	participante	participate
en	participantes	participants
en	participare	participate
en	participas	participants
en	participaste	participants
en	participat	participants
en	participatd	participant
en	participati	participant
en	participatie	participated
en	participatin	participation
en	participativo	participation
en	participatns	participant
en	participaton	participant
en	participats	participant
en	participe	participate
en	participent	participant
en	participents	participants
en	participte	participate
en	partick	patrick
en	particpiate	participated
en	particually	particularly
en	particualr	particular
en	particualrly	particularly
en	particulalry	particularly
en	particulaly	particularly
en	particularely	particularly
en	particularily	particularly
en	particularlly	particularly
en	particulary	particularly
en	particullary	particularly
en	partiel	particle
en	partiets	parties
en	partiot	patriot
en	partiotic	patriotic
en	partiotism	patriotism
en	partiots	patriots
en	partisain	partisan
en	partizipation	participation
en	partnerd	partnered
en	partnetship	partnership
en	partols	patrols
en	partonizing	patronizing
en	partsian	partisan
en	pased	passed
en	pasengers	passengers
en	passabe	passable
en	passabel	passable
en	passagens	passages
en	passagers	passages
en	passerbys	passersby
en	passionais	passions
en	passionale	passionately
en	passionant	passionate
en	passionatelly	passionately
en	passionatley	passionately
en	passionatly	passionately
en	passione	passionate
en	passiones	passions
en	passionetly	passionately
en	passionite	passionate
en	passionnate	passionate
en	passisve	passives
en	passivedns	passives
en	passivelly	passively
en	passivley	passively
en	passivs	passives
en	passowrds	passwords
en	passporters	passports
en	passpost	passports
en	passvies	passives
en	passwors	passwords
en	pasttime	pastime
en	pastural	pastoral
en	pasuing	pausing
en	pateince	patience
en	pateint	patient
en	pateintly	patiently
en	pateints	patients
en	patenterad	patented
en	patethic	pathetic
en	pathalogical	pathological
en	pathces	patches
en	patheitc	pathetic
en	pathelogical	pathological
en	pathfidner	pathfinder
en	pathfindir	pathfinder
en	pathifnder	pathfinder
en	patholigical	pathological
en	pathologial	pathological
en	paticular	particular
en	patiens	patients
en	patientens	patients
en	patienty	patiently
en	patinetly	patiently
en	patirot	patriot
en	patirots	patriots
en	patrairchy	patriarchy
en	patrcik	patrick
en	patriachry	patriarchy
en	patriarca	patriarchal
en	patriarcal	patriarchal
en	patriarchia	patriarchal
en	patriarcial	patriarchal
en	patriarcy	patriarchy
en	patriarh	patriarchy
en	patriarhal	patriarchal
en	patriarical	patriarchal
en	patriatchy	patriarchy
en	patriatism	patriotism
en	patrionism	patriotism
en	patrios	patriots
en	patriotas	patriots
en	patriotes	patriots
en	patriotics	patriotism
en	patriotisch	patriotic
en	patriotisim	patriotism
en	patriotisk	patriots
en	patriottism	patriotism
en	patroit	patriot
en	patroitic	patriotic
en	patroitism	patriotism
en	patroits	patriots
en	patrolls	patrols
en	patronas	patrons
en	patrones	patrons
en	patronis	patrons
en	patronos	patrons
en	patronozing	patronizing
en	patryarchy	patriarchy
en	pattened	patented
en	pattented	patented
en	patterno	patterson
en	pattersn	patterson
en	pavillion	pavilion
en	paychedelics	psychedelics
en	paychiatrist	psychiatrist
en	paychiatrists	psychiatrists
en	paychologically	psychologically
en	paychologist	psychologist
en	paychologists	psychologists
en	paychopathic	psychopathic
en	payed	paid
en	pblisher	publisher
en	pbulisher	publisher
en	peacefullly	peacefully
en	peacefuly	peacefully
en	peageant	pageant
en	peaple	people
en	peaples	peoples
en	pebbels	pebbles
en	pebbleos	pebbles
en	pebblers	pebbles
en	pebblets	pebbles
en	peciluar	peculiar
en	pecuilar	peculiar
en	peculair	peculiar
en	peculure	peculiar
en	pedantisch	pedantic
en	pedestiran	pedestrian
en	pedestirans	pedestrians
en	pedestrain	pedestrian
en	pedestrains	pedestrians
en	pedictions	depictions
en	pedohpile	pedophile
en	pedohpiles	pedophiles
en	pedohpilia	pedophilia
en	pedophila	pedophilia
en	pedophilac	pedophilia
en	pedophilea	pedophilia
en	pedophilie	pedophile
en	pedophilies	pedophile
en	pedophilla	pedophilia
en	pedophille	pedophile
en	pedophilles	pedophile
en	pedophils	pedophiles
en	pedopholia	pedophilia
en	peformed	performed
en	peice	piece
en	peirced	pierced
en	peircing	piercing
en	peircings	piercings
en	penalites	penalties
en	penaltis	penalties
en	penatgon	pentagon
en	penatlies	penalties
en	penatly	penalty
en	penciles	pencils
en	pendatic	pedantic
en	pendulm	pendulum
en	penduluum	pendulum
en	penerator	penetrator
en	penetracion	penetration
en	penetrading	penetrating
en	penetraion	penetration
en	penetrarion	penetration
en	penetratiing	penetrating
en	penetratin	penetration
en	penetraton	penetration
en	pengiuns	penguins
en	penguines	penguins
en	penguinese	penguins
en	penguiness	penguins
en	penguings	penguins
en	penguinos	penguins
en	penguis	penguins
en	penicls	pencils
en	peninsual	peninsula
en	peninsulla	peninsula
en	peninusla	peninsula
en	penisnula	peninsula
en	penison	pension
en	penisse	penises
en	penisula	peninsula
en	penisular	peninsular
en	penisylvania	pennsylvania
en	penitum	pentium
en	penninsula	peninsula
en	penninsular	peninsular
en	pennisula	peninsula
en	pennsilvania	pennsylvania
en	pennslyvania	pennsylvania
en	pennsylvaina	pennsylvania
en	pennsylvainia	pennsylvania
en	pennsylvanica	pennsylvania
en	pennsylvannia	pennsylvania
en	pennsylvnia	pennsylvania
en	pennsyvlania	pennsylvania
en	pennyslvania	pennsylvania
en	pensies	penises
en	pensino	pension
en	pensinula	peninsula
en	pensioen	pension
en	pensle	pencil
en	penssylvania	pennsylvania
en	pentagoon	pentagon
en	pentsylvania	pennsylvania
en	pentuim	pentium
en	peodphile	pedophile
en	peodphiles	pedophiles
en	peodphilia	pedophilia
en	peom	poem
en	peoms	poems
en	peopel	people
en	peopels	peoples
en	peotry	poetry
en	pepperin	pepperoni
en	pepperino	pepperoni
en	pepperment	peppermint
en	peppermit	peppermint
en	pepperocini	pepperoni
en	pepperonni	pepperoni
en	perade	parade
en	percantage	percentage
en	percantages	percentages
en	percantile	percentile
en	percaution	precaution
en	percautions	precautions
en	perceded	preceded
en	percenatge	percentages
en	percentagens	percentages
en	percente	percentile
en	percential	percentile
en	percentige	percentile
en	percentille	percentile
en	percepted	perceived
en	perceptoin	perceptions
en	percession	percussion
en	percetange	percentages
en	percetnage	percentages
en	percevied	perceived
en	percieve	perceive
en	percieved	perceived
en	percintile	percentile
en	percious	precious
en	percise	precise
en	percisely	precisely
en	percision	precision
en	percission	percussion
en	perclude	preclude
en	percpetion	perceptions
en	percpetions	perceptions
en	percursor	precursor
en	percusions	percussion
en	percusssion	percussion
en	perdators	predators
en	perdicament	predicament
en	perdict	predict
en	perdictable	predictable
en	perdicting	predicting
en	perdiction	prediction
en	perdictions	predictions
en	perdictive	predictive
en	perdominantly	predominantly
en	peremiter	perimeter
en	perenially	perennially
en	perephirals	peripherals
en	pereptually	perpetually
en	perfeccion	perfection
en	perfeclty	perfectly
en	perfecty	perfectly
en	perfecxion	perfection
en	perfektion	perfection
en	perferable	preferable
en	perferably	preferably
en	perference	preference
en	perferences	preferences
en	perferential	preferential
en	perferring	preferring
en	perfers	prefers
en	perfexcion	perfection
en	perfomance	performance
en	perfomers	performers
en	perfomrance	performances
en	perforamnce	performances
en	performace	performance
en	performaces	performances
en	performacne	performances
en	performancepcs	performances
en	performancetest	performances
en	performancewise	performances
en	performane	performances
en	performanes	performances
en	performans	performances
en	performanse	performances
en	performantes	performances
en	performas	performs
en	performence	performance
en	performences	performances
en	performens	performers
en	performnace	performances
en	performous	performs
en	perfromance	performance
en	perfromances	performances
en	perfromer	performer
en	perfromers	performers
en	perfroms	performs
en	perhasp	perhaps
en	perheaps	perhaps
en	perhiperal	peripheral
en	perhiperals	peripherals
en	perhpas	perhaps
en	pericing	piercing
en	pericings	piercings
en	peridinkle	periwinkle
en	peridoic	periodic
en	peridoically	periodically
en	perihperal	peripheral
en	perihperals	peripherals
en	perimetr	perimeter
en	perimetre	perimeter
en	periodes	periods
en	periodicaly	periodically
en	periodisch	periodic
en	periodos	periods
en	peripathetic	peripatetic
en	periperhal	peripheral
en	periperhals	peripherals
en	peripheals	peripherals
en	periphereal	peripheral
en	periphereals	peripherals
en	peripheria	peripheral
en	peripherial	peripheral
en	peripherials	peripherals
en	periphiral	peripheral
en	periphirals	peripherals
en	periphreal	peripheral
en	periphreals	peripherals
en	periphrial	peripheral
en	periphrials	peripherals
en	perisan	persian
en	peristent	persistent
en	peritinkle	periwinkle
en	periwankle	periwinkle
en	periwinke	periwinkle
en	periwinkel	periwinkle
en	periwinkie	periwinkle
en	periwinlke	periwinkle
en	perjery	perjury
en	perjorative	pejorative
en	perliminary	preliminary
en	permade	premade
en	permamently	permanently
en	permanant	permanent
en	permanantely	permanently
en	permanantly	permanently
en	permanentely	permanently
en	permanenty	permanently
en	permanet	permanent
en	permanetly	permanently
en	permature	premature
en	permaturely	prematurely
en	permenant	permanent
en	permenantly	permanently
en	permenently	permanently
en	permier	premier
en	permiere	premiere
en	permieter	perimeter
en	perminantly	permanently
en	perminently	permanently
en	permise	premise
en	permises	premises
en	permisions	permission
en	permisison	permissions
en	permisisons	permissions
en	permissable	permissible
en	permissble	permissible
en	permissiable	permissible
en	permissibe	permissible
en	permissie	permissible
en	permissin	permissions
en	permisson	permission
en	permissons	permissions
en	permisssion	permissions
en	permitas	permits
en	permites	permits
en	permitis	permits
en	permitts	permits
en	permium	premium
en	permiums	premiums
en	pernament	permanent
en	pernamently	permanently
en	perogative	prerogative
en	peroidic	periodic
en	peroidically	periodically
en	peroids	periods
en	peronal	personal
en	perordered	preordered
en	perorders	preorders
en	perosnality	personality
en	perosnas	personas
en	perpaid	prepaid
en	perpandicular	perpendicular
en	perparation	preparation
en	perpatrated	perpetrated
en	perpatrator	perpetrator
en	perpatrators	perpetrators
en	perpatuate	perpetuate
en	perpatuated	perpetuated
en	perpatuates	perpetuates
en	perpatuating	perpetuating
en	perpendicualr	perpendicular
en	perpendiculaire	perpendicular
en	perpendiculaires	perpendicular
en	perpenticular	perpendicular
en	perpertated	perpetuated
en	perpertator	perpetrators
en	perpertators	perpetrators
en	perpertrated	perpetrated
en	perpetraded	perpetrated
en	perpetrador	perpetrator
en	perpetraitor	perpetrator
en	perpetrar	perpetrator
en	perpetraron	perpetrator
en	perpetrater	perpetrator
en	perpetraters	perpetrators
en	perpetuaded	perpetuated
en	perpetuae	perpetuate
en	perpetualy	perpetually
en	perpetuare	perpetuate
en	perpetuas	perpetuates
en	perpetuaters	perpetuates
en	perpetuationg	perpetuating
en	perpetue	perpetuate
en	perpetutate	perpetuate
en	perpetuties	perpetuates
en	perphas	perhaps
en	perpindicular	perpendicular
en	perpitrated	perpetrated
en	perpitrator	perpetrator
en	perpitrators	perpetrators
en	perposefully	purposefully
en	perposterous	preposterous
en	perpretated	perpetrated
en	perpretator	perpetrators
en	perpretators	perpetrators
en	perpsective	perspective
en	perpsectives	perspectives
en	perputrator	perpetrator
en	perputrators	perpetrators
en	perputually	perpetually
en	perputuated	perpetuated
en	perputuates	perpetuates
en	perputuating	perpetuating
en	perrogative	prerogative
en	persain	persian
en	persan	person
en	persaude	persuade
en	persauded	persuaded
en	persausion	persuasion
en	persausive	persuasive
en	persceptive	perspectives
en	perscribe	prescribe
en	persective	respective
en	persectued	persecuted
en	persectuion	persecution
en	persecucion	persecution
en	persecusion	persecution
en	persecutie	persecuted
en	persecutin	persecution
en	persecutted	persecuted
en	persepctive	perspective
en	persepctives	perspectives
en	perservation	preservation
en	perserve	preserve
en	perserved	preserved
en	perserving	preserving
en	persets	presets
en	perseverence	perseverance
en	persicuted	persecuted
en	persicution	persecution
en	persisit	persist
en	persistance	persistence
en	persistant	persistent
en	persistante	persistent
en	persistens	persists
en	persistense	persistence
en	persistente	persistence
en	persistes	persists
en	persits	persist
en	persoanlly	personally
en	persocuted	persecuted
en	personaes	personas
en	personalie	personalized
en	personalis	personas
en	personalites	personalities
en	personalitites	personalities
en	personalitits	personalities
en	personallity	personally
en	personaly	personally
en	personarse	personas
en	personatus	personas
en	personel	personnel
en	personell	personnel
en	persones	persons
en	personhod	personhood
en	personhoood	personhood
en	personilized	personalized
en	personis	persons
en	personnell	personnel
en	personsa	personas
en	perspecitve	perspective
en	perspecitves	perspectives
en	perspecive	perspective
en	perspectie	perspectives
en	perspectief	perspective
en	perspectivas	perspectives
en	perspektive	perspective
en	perstige	prestige
en	persuasian	persuasion
en	persuasing	persuasion
en	persuasivo	persuasion
en	persuaso	persuasion
en	persuassion	persuasion
en	persuassive	persuasive
en	persuated	persuade
en	persuation	persuasion
en	persucuted	persecuted
en	persucution	persecution
en	persuded	persuaded
en	persue	pursue
en	persued	pursued
en	persuing	pursuing
en	persuit	pursuit
en	persuits	pursuits
en	persumably	presumably
en	persumed	presumed
en	persumption	presumption
en	persumptuous	presumptuous
en	persussion	persuasion
en	persvasive	persuasive
en	perswasion	persuasion
en	pertaing	pertaining
en	pertended	pretended
en	pertians	pertains
en	perticularly	particularly
en	pertinante	pertinent
en	pertinet	pertinent
en	pertoleum	petroleum
en	pertubation	perturbation
en	pertubations	perturbations
en	perusaded	persuaded
en	pervail	prevail
en	pervailing	prevailing
en	pervalence	prevalence
en	pervention	prevention
en	pervents	prevents
en	perversley	perverse
en	perverst	pervert
en	pervertes	perverse
en	perview	preview
en	perviews	previews
en	pervious	previous
en	perxoide	peroxide
en	pesitcides	pesticides
en	pessiary	pessary
en	pessimestic	pessimistic
en	pessimisitic	pessimistic
en	pessimisstic	pessimistic
en	pessimistc	pessimistic
en	pessimistisch	pessimistic
en	pessimitic	pessimistic
en	pestacides	pesticides
en	pestecides	pesticides
en	pesticedes	pesticides
en	pesticidas	pesticides
en	pesticids	pesticides
en	pestisides	pesticides
en	pestizides	pesticides
en	petetion	petition
en	petrolem	petroleum
en	petroluem	petroleum
en	phantoom	phantom
en	pharamceutical	pharmaceutical
en	pharamceuticals	pharmaceutical
en	pharamcist	pharmacist
en	pharamcists	pharmacist
en	pharamcy	pharmacy
en	pharmaceudical	pharmaceutical
en	pharmaceutial	pharmaceutical
en	pharmacias	pharmacist
en	pharmacs	pharmacist
en	pharmacuetical	pharmaceutical
en	pharmacueticals	pharmaceutical
en	pharmacyst	pharmacist
en	pharmaseutical	pharmaceutical
en	pharmasist	pharmacist
en	pharmeceutical	pharmaceutical
en	pharmicist	pharmacist
en	pharmsci	pharmacist
en	pharoah	pharaoh
en	phatnom	phantom
en	phemonena	phenomena
en	phemonenon	phenomenon
en	phenemenon	phenomenon
en	phenemona	phenomena
en	phenemonal	phenomenal
en	phenomanal	phenomenal
en	phenomanon	phenomenon
en	phenomemon	phenomenon
en	phenomenen	phenomenon
en	phenomenol	phenomenal
en	phenomenom	phenomenon
en	phenomenona	phenomena
en	phenomenonal	phenomenal
en	phenomenonly	phenomenally
en	phenominon	phenomenon
en	phenomon	phenomenon
en	phenomonal	phenomenal
en	phenomonen	phenomenon
en	phenomonenon	phenomenon
en	phenomonon	phenomenon
en	phenonema	phenomena
en	phenonemal	phenomenal
en	phenonemon	phenomenon
en	phenonmena	phenomena
en	phialdelphia	philadelphia
en	philadalphia	philadelphia
en	philadelhpia	philadelphia
en	philadelpha	philadelphia
en	philadelpia	philadelphia
en	philadeplhia	philadelphia
en	philadlephia	philadelphia
en	philedalphia	philadelphia
en	philedelphia	philadelphia
en	philidalphia	philadelphia
en	philiphines	philippines
en	philipines	philippines
en	philippenes	philippines
en	philippenis	philippines
en	philippides	philippines
en	philippinas	philippines
en	philippinnes	philippines
en	philippinoes	philippines
en	philippinos	philippines
en	philippins	philippines
en	philisopher	philosopher
en	philisophers	philosophers
en	philisophical	philosophical
en	philisophies	philosophies
en	philisophy	philosophy
en	phillipine	philippine
en	phillipines	philippines
en	phillippines	philippines
en	phillipse	phillies
en	phillipses	phillies
en	phillosophically	philosophically
en	philoshopically	philosophically
en	philosipher	philosopher
en	philosiphers	philosophers
en	philosiphical	philosophical
en	philosiphies	philosophies
en	philosiphy	philosophy
en	philosohpers	philosopher
en	philosohpical	philosophical
en	philosohpically	philosophically
en	philosohpies	philosophies
en	philosohpy	philosophy
en	philosoper	philosopher
en	philosopers	philosophers
en	philosophae	philosopher
en	philosophia	philosophical
en	philosophiae	philosophies
en	philosophicaly	philosophically
en	philosophics	philosophies
en	philosophios	philosophies
en	philosophycal	philosophically
en	philosophycally	philosophically
en	philosopies	philosophies
en	philosopy	philosophy
en	philospher	philosopher
en	philosphies	philosophies
en	philosphy	philosophy
en	philospoher	philosopher
en	philospohers	philosophers
en	philospohical	philosophical
en	philospohies	philosophies
en	philospohy	philosophy
en	phisiological	physiological
en	phonecian	phoenecian
en	phonemena	phenomena
en	phongraph	phonograph
en	photagrapher	photographer
en	photagraphers	photographers
en	photochopped	photoshopped
en	photogragh	photograph
en	photograh	photograph
en	photograhed	photographed
en	photograher	photographer
en	photograhic	photographic
en	photograhper	photographer
en	photograhpy	photography
en	photograhs	photographs
en	photograhy	photography
en	photograped	photographed
en	photograper	photographer
en	photograpers	photographers
en	photograpgh	photographs
en	photographes	photographs
en	photographics	photographs
en	photographied	photographed
en	photographier	photographer
en	photographyi	photographic
en	photograpic	photographic
en	photograpphed	photographed
en	photograps	photographs
en	photograpy	photography
en	photogropher	photographer
en	photogrophers	photographers
en	photogrpah	photographs
en	photogrpahed	photographed
en	photogrpaher	photographer
en	photogrpahers	photographers
en	photogrpahs	photographs
en	photogrpahy	photography
en	photoshipped	photoshopped
en	photoshooped	photoshopped
en	photoshopd	photoshopped
en	photoshope	photoshopped
en	photoshoppad	photoshopped
en	photoshoppade	photoshopped
en	photoshoppped	photoshopped
en	phramaceutical	pharmaceutical
en	phramacist	pharmacist
en	phramacy	pharmacy
en	phsycologically	psychologically
en	phsyical	physical
en	phsyically	physically
en	phsyician	physician
en	phsyicians	physicians
en	phsyicist	physicist
en	phsyicists	physicists
en	phsyics	physics
en	phsyiological	physiological
en	phsyiology	physiology
en	phsyique	physique
en	phychedelics	psychedelics
en	phychiatrist	psychiatrist
en	phychiatrists	psychiatrists
en	phychological	psychological
en	phychologically	psychologically
en	phychologist	psychologist
en	phychologists	psychologists
en	phychopathic	psychopathic
en	phycisian	physician
en	phycisians	physicians
en	phycisist	physicist
en	phycisists	physicists
en	phyiscal	physical
en	phyiscally	physically
en	phyiscs	physics
en	phyisology	physiology
en	phyisque	physique
en	phylosophical	philosophical
en	phylosophically	philosophically
en	physcedelic	psychedelic
en	physcedelics	psychedelics
en	physcial	physical
en	physcially	physically
en	physciatric	psychiatric
en	physciatrist	psychiatrist
en	physciatrists	psychiatrists
en	physcis	physics
en	physcological	psychological
en	physcologically	psychologically
en	physcologist	psychologist
en	physcologists	psychologists
en	physcology	psychology
en	physcopath	psychopath
en	physcopathic	psychopathic
en	physcopaths	psychopaths
en	physicallity	physically
en	physicaly	physically
en	physicials	physicians
en	physiciens	physicians
en	physicis	physicians
en	physicits	physicist
en	physicks	physics
en	physicts	physicist
en	physioligical	physiological
en	physioligy	physiology
en	physiologial	physiological
en	physiqe	physique
en	physisict	physicist
en	physqiue	physique
en	piankillers	painkillers
en	piblisher	publisher
en	pich	pitch
en	picthed	pitched
en	picther	pitcher
en	picthers	pitchers
en	picthes	pitches
en	picthfork	pitchfork
en	picthforks	pitchforks
en	piegons	pigeons
en	piglrim	pilgrim
en	pigoens	pigeons
en	pilgirm	pilgrim
en	pilgrimmage	pilgrimage
en	pilgrimmages	pilgrimages
en	pillards	pillars
en	pillaris	pillars
en	pilrgim	pilgrim
en	pinancle	pinnacle
en	pinapple	pineapple
en	pinetrest	pinterest
en	pinnalce	pinnacle
en	pinnaple	pineapple
en	pinncale	pinnacle
en	pinoeer	pioneer
en	pinoneered	pioneered
en	pinpiont	pinpoint
en	pinpoit	pinpoint
en	pinteret	pinterest
en	piolting	piloting
en	pioneeer	pioneer
en	pionere	pioneer
en	pireced	pierced
en	pitchferks	pitchforks
en	pitchfolks	pitchforks
en	pitchforcks	pitchforks
en	pitchfords	pitchforks
en	pitchforkers	pitchforks
en	pitchforkes	pitchforks
en	pitchworks	pitchforks
en	pitckforks	pitchforks
en	pithcers	pitchers
en	pithces	pitches
en	pittaburgh	pittsburgh
en	pittsbrugh	pittsburgh
en	pkaythroughs	playthroughs
en	plabeswalker	planeswalker
en	placebro	placebo
en	placeheld	placeholder
en	placehoder	placeholder
en	placeholdr	placeholder
en	placeholer	placeholder
en	placemenet	placements
en	placemens	placements
en	placemet	placements
en	plaestine	palestine
en	plaestinian	palestinian
en	plaestinians	palestinians
en	plagairism	plagiarism
en	plagarisim	plagiarism
en	plagarism	plagiarism
en	plagiariam	plagiarism
en	plagiariasm	plagiarism
en	plagiarios	plagiarism
en	plagiarius	plagiarism
en	plagiarizm	plagiarism
en	plagierism	plagiarism
en	plaguarism	plagiarism
en	plaigarism	plagiarism
en	planatery	planetary
en	planation	plantation
en	planeswaker	planeswalker
en	planeswaler	planeswalker
en	planeswalkr	planeswalker
en	planeswaller	planeswalker
en	planeswlaker	planeswalker
en	planeswlakers	planeswalker
en	planetas	planets
en	planetos	planets
en	planetwalker	planeswalker
en	plansewalker	planeswalker
en	plansewalkers	planeswalker
en	planteary	planetary
en	plantes	planets
en	plantiff	plaintiff
en	plantium	platinum
en	plasitcs	plastics
en	plasticas	plastics
en	plasticos	plastics
en	plasticosa	plastics
en	plasticus	plastics
en	plastis	plastics
en	plastre	plaster
en	plataeu	plateau
en	plateu	plateau
en	plateua	plateau
en	platfarmer	platformer
en	platformar	platformer
en	platformie	platformer
en	platfotmer	platformer
en	platfrom	platform
en	platfromer	platformer
en	platfromers	platformer
en	platfroms	platforms
en	platimun	platinum
en	platnium	platinum
en	platnuim	platinum
en	platofrmer	platformer
en	platofrms	platforms
en	plausable	plausible
en	plausbile	plausible
en	plausibe	plausible
en	plausibel	plausible
en	plauthroughs	playthroughs
en	playabe	playable
en	playaround	playground
en	playbody	playboy
en	playersare	playerbase
en	playgorund	playground
en	playgroud	playground
en	playhtrough	playthrough
en	playhtroughs	playthroughs
en	playofs	playoffs
en	playright	playwright
en	playstlye	playstyle
en	playstye	playstyle
en	playtgroughs	playthroughs
en	playthorugh	playthrough
en	playthorughs	playthroughs
en	playthourgh	playthrough
en	playthourghs	playthroughs
en	playthrogh	playthrough
en	playthroguh	playthroughs
en	playthroughers	playthroughs
en	playthroughts	playthroughs
en	playthrougs	playthroughs
en	playthrougth	playthroughs
en	playthrouh	playthrough
en	playthrouhg	playthroughs
en	playthrouhgs	playthroughs
en	playthtough	playthrough
en	playthtoughs	playthroughs
en	playtrhough	playthrough
en	playtrhoughs	playthroughs
en	playwrite	playwright
en	playwrites	playwrights
en	pleasent	pleasant
en	plebicite	plebiscite
en	plehtora	plethora
en	pleothra	plethora
en	plesant	pleasant
en	plethoria	plethora
en	plethorian	plethora
en	plethroa	plethora
en	pligrim	pilgrim
en	ploarized	polarized
en	ploretariat	proletariat
en	ploygamy	polygamy
en	ploygon	polygon
en	ploymer	polymer
en	pnatheon	pantheon
en	podemso	podemos
en	podmeos	podemos
en	poenis	penis
en	poeoples	peoples
en	poeples	peoples
en	poety	poetry
en	poignat	poignant
en	poineer	pioneer
en	poingant	poignant
en	pointeres	pointers
en	pointes	pointers
en	pointeur	pointer
en	pointure	pointer
en	poisin	poison
en	poisond	poisoned
en	poisones	poisons
en	poisonis	poisons
en	poisonos	poisons
en	poisonus	poisons
en	polgyamy	polygamy
en	polgyon	polygon
en	polical	political
en	policitally	politically
en	policitian	politician
en	policitians	politicians
en	polietly	politely
en	polinator	pollinator
en	polinators	pollinators
en	polishees	polishes
en	polishs	polishes
en	polishuset	polishes
en	polisse	polishes
en	politelly	politely
en	politessen	politeness
en	politey	politely
en	politicain	politician
en	politicains	politicians
en	politicaly	politically
en	politican	politician
en	politicanti	politician
en	politicas	politics
en	politicien	politician
en	politiciens	politicians
en	politicin	politician
en	politicing	politician
en	politicion	politician
en	politickin	politician
en	politicus	politics
en	politiicans	politician
en	politiikan	politician
en	politiness	politeness
en	politing	piloting
en	polititian	politician
en	polititians	politicians
en	politley	politely
en	poltical	political
en	polute	pollute
en	poluted	polluted
en	polutes	pollutes
en	poluting	polluting
en	polution	pollution
en	polygammy	polygamy
en	polygoon	polygon
en	polymore	polymer
en	polyphonyic	polyphonic
en	polysaccaride	polysaccharide
en	pomegranite	pomegranate
en	pomotion	promotion
en	popluar	popular
en	popluations	populations
en	poportional	proportional
en	popoulation	population
en	popoulus	populous
en	popualtion	populations
en	populair	popular
en	populairty	popularity
en	populaiton	populations
en	popularaty	popularity
en	populare	popular
en	popularest	populate
en	popularily	popularity
en	populary	popularity
en	populaties	populate
en	populatin	populations
en	populationes	populations
en	populatiry	popularity
en	populative	populate
en	populatoin	populations
en	populer	popular
en	populos	populous
en	popultaion	populations
en	poralized	polarized
en	porcelan	porcelain
en	porcelian	porcelain
en	porcelina	porcelain
en	poreclain	porcelain
en	porftolio	portfolio
en	porgramme	programme
en	porjectiles	projectiles
en	porletariat	proletariat
en	pormetheus	prometheus
en	pornagraphy	pornography
en	pornograghy	pornography
en	pornograhpy	pornography
en	pornograhy	pornography
en	pornograpghy	pornography
en	pornograpgy	pornography
en	pornograpy	pornography
en	pornogrophy	pornography
en	pornogrpahy	pornography
en	pornogrphy	pornography
en	porportion	proportion
en	porportional	proportional
en	porportionally	proportionally
en	porportions	proportions
en	porpose	propose
en	porposes	proposes
en	porshan	portion
en	porshon	portion
en	portabel	portable
en	portabillity	portability
en	portabilty	portability
en	portagonists	protagonists
en	portait	portrait
en	portalis	portals
en	portalus	portals
en	portary	portray
en	portarying	portraying
en	portayed	portrayed
en	portestants	protestants
en	portfoilo	portfolio
en	portgual	portugal
en	portoflio	portfolio
en	portoguese	portuguese
en	portraiing	portraying
en	portraing	portraying
en	portrais	portraits
en	portrary	portray
en	portras	portrays
en	portrat	portrait
en	portrating	portraying
en	portrayels	portrays
en	portrayes	portrays
en	portrayl	portrayal
en	portrayls	portrays
en	portriat	portrait
en	portriats	portraits
en	portugese	portuguese
en	portugeuse	portuguese
en	portuguease	portuguese
en	portugues	portuguese
en	portuguesse	portuguese
en	portuguise	portuguese
en	posess	possess
en	posessed	possessed
en	posesses	possesses
en	posessing	possessing
en	posession	possession
en	posessions	possessions
en	posicional	positional
en	posion	poison
en	posioned	poisoned
en	posions	poisons
en	positevely	positively
en	positioing	positioning
en	positiond	positioned
en	positiong	positioning
en	positionial	positional
en	positionl	positional
en	positionly	positional
en	positionnal	positional
en	positionne	positioned
en	positionned	positioned
en	positionning	positioning
en	positiveity	positivity
en	positiviely	positively
en	positivisme	positives
en	positivisty	positivity
en	positivitely	positivity
en	positivitey	positivity
en	positivitiy	positivity
en	positiviy	positivity
en	positivley	positively
en	positivs	positives
en	positivy	positivity
en	positon	position
en	positve	positive
en	possable	possible
en	possably	possibly
en	possbily	possibly
en	posseses	possesses
en	possesess	possesses
en	possesing	possessing
en	possesion	possession
en	possesives	possessive
en	possesse	possessive
en	possessers	possesses
en	possessess	possesses
en	possesseurs	possesses
en	possessin	possessions
en	possessivize	possessive
en	possesss	possesses
en	possesssion	possessions
en	possestions	possessions
en	possibe	possible
en	possibile	possible
en	possibiliy	possibility
en	possibillity	possibility
en	possibilty	possibility
en	possibily	possibility
en	possibley	possibly
en	possiblility	possibility
en	possiblilty	possibility
en	possiblities	possibilities
en	possiblly	possibly
en	possiby	possibly
en	possissive	possessive
en	possition	position
en	postdam	potsdam
en	posthomous	posthumous
en	postion	position
en	postive	positive
en	potatos	potatoes
en	potencially	potentially
en	potentailly	potentially
en	potentialy	potentially
en	potical	optical
en	potrait	portrait
en	potrayed	portrayed
en	poulations	populations
en	poverful	powerful
en	powderade	powdered
en	powderd	powdered
en	poweful	powerful
en	powerded	powdered
en	powerfisting	powerlifting
en	powerfull	powerful
en	powerhorse	powerhouse
en	powerhosue	powerhouse
en	powerhours	powerhouse
en	powerhourse	powerhouse
en	powerhsell	powershell
en	powerlfiting	powerlifting
en	powerlifing	powerlifting
en	powerlifitng	powerlifting
en	powerliftng	powerlifting
en	powerlisting	powerlifting
en	powerpot	powerpoint
en	powerprint	powerpoint
en	powersehll	powershell
en	powetlifting	powerlifting
en	powrrlifting	powerlifting
en	poylgon	polygon
en	poylmer	polymer
en	ppublisher	publisher
en	pracitcal	practical
en	pracitcally	practically
en	pracitse	practise
en	practhett	pratchett
en	practial	practical
en	practially	practically
en	practicallity	practically
en	practicaly	practically
en	practicarlo	practical
en	practicess	practise
en	practicioner	practitioner
en	practicioners	practitioners
en	practiclly	practically
en	practicly	practically
en	practie	practise
en	practies	practise
en	practioner	practitioner
en	practioners	practitioners
en	practisioner	practitioner
en	practisioners	practitioners
en	practitioneer	practitioners
en	practitionner	practitioner
en	practitionners	practitioners
en	practitions	practitioners
en	practives	practise
en	pragamtic	pragmatic
en	pragmatisch	pragmatic
en	prairy	prairie
en	praisse	praises
en	prarie	prairie
en	praries	prairies
en	prasied	praised
en	prasies	praises
en	pratcise	practise
en	pratice	practice
en	praticle	particle
en	pratictioner	practitioners
en	pratictioners	practitioners
en	prceeded	preceded
en	preadtor	predator
en	preadtors	predators
en	preamde	premade
en	preample	preamble
en	precaucion	precaution
en	precausion	precaution
en	precausions	precautions
en	precautios	precautions
en	precedance	precedence
en	precedeed	preceded
en	precedense	precedence
en	precedessor	predecessor
en	precedessors	predecessors
en	preceed	precede
en	preceeded	preceded
en	preceeding	preceding
en	preceeds	precedes
en	preceived	perceived
en	precendece	precedence
en	precendence	precedence
en	precentage	percentage
en	precentages	percentages
en	precentile	percentile
en	precice	precise
en	preciesly	precisely
en	preciselly	precisely
en	precisie	precise
en	precisley	precisely
en	precisly	precisely
en	precisou	precious
en	preconceieved	preconceived
en	preconceved	preconceived
en	preconcieve	preconceived
en	preconveived	preconceived
en	precrastination	procrastination
en	precuation	precautions
en	precuations	precautions
en	preculde	preclude
en	precurors	precursor
en	precurosr	precursor
en	precurser	precursor
en	precussion	percussion
en	predacessor	predecessor
en	predacessors	predecessors
en	predatobr	predator
en	predecated	predicated
en	predeccesors	predecessor
en	predecence	precedence
en	predecesor	predecessor
en	predecesores	predecessor
en	predecesser	predecessor
en	predecessores	predecessors
en	predection	prediction
en	predections	predictions
en	predective	predictive
en	predescesor	predecessors
en	predescesors	predecessors
en	predesessor	predecessors
en	predesposed	predisposed
en	predessecor	predecessor
en	predessecors	predecessors
en	predetermiend	predetermined
en	predetermind	predetermined
en	predeterminded	predetermined
en	predetirmined	predetermined
en	predicat	predict
en	predicatble	predictable
en	prediccion	prediction
en	predicement	predicament
en	predicessor	predecessor
en	predicessors	predecessors
en	prediceted	predicated
en	prediciment	predicament
en	predicited	predicated
en	predicitng	predicting
en	prediciton	prediction
en	predicitons	predictions
en	predicitve	predictive
en	predickted	predicated
en	predictave	predictive
en	predicte	predictive
en	predictible	predictable
en	predictie	predictive
en	predictin	prediction
en	predictious	predictions
en	predictivo	prediction
en	predictment	predicament
en	predictons	predictions
en	predisposte	predisposed
en	preditermined	predetermined
en	predjuice	prejudice
en	predjuiced	prejudiced
en	predjuices	prejudices
en	predocessor	predecessor
en	predocessors	predecessors
en	predomenantly	predominantly
en	predomiantly	predominately
en	predominantely	predominantly
en	predominantley	predominantly
en	predominanty	predominantly
en	predominatly	predominantly
en	predominently	predominantly
en	preduction	prediction
en	preductive	predictive
en	predujice	prejudice
en	predujiced	prejudiced
en	predujices	prejudices
en	preests	presets
en	prefarable	preferable
en	prefarably	preferably
en	prefection	perfection
en	prefectly	perfectly
en	preferabbly	preferably
en	preferabely	preferable
en	preferabley	preferably
en	preferablly	preferably
en	preferance	preference
en	preferances	preferences
en	preferantial	preferential
en	preferas	prefers
en	prefereble	preferable
en	prefered	preferred
en	preferens	preferences
en	preferenser	preferences
en	preferentail	preferential
en	preferental	preferential
en	preferente	preference
en	preferentes	preferences
en	preferenze	preference
en	preferes	prefers
en	preferible	preferable
en	preferibly	preferably
en	prefering	preferring
en	preferis	prefers
en	prefernece	preferences
en	preferrably	preferably
en	preferrring	preferring
en	preferrs	prefers
en	prefessionalism	professionalism
en	preformance	performance
en	preformances	performances
en	preformer	performer
en	preformers	performers
en	pregancies	pregnancies
en	pregnance	pregnancies
en	pregnanices	pregnancies
en	pregnanies	pregnancies
en	pregnencies	pregnancies
en	pregorative	prerogative
en	pregressively	progressively
en	prehaps	perhaps
en	preimer	premier
en	preimere	premiere
en	preimeter	perimeter
en	preimum	premium
en	preimums	premiums
en	preinitalization	preinitialization
en	preinitalize	preinitialize
en	preinitalized	preinitialized
en	preinitalizes	preinitializes
en	preinitalizing	preinitializing
en	preiod	period
en	preiodic	periodic
en	preipheral	peripheral
en	preipherals	peripherals
en	preisdents	presidents
en	preisthood	priesthood
en	preists	priests
en	preivew	preview
en	preivews	previews
en	prejeduced	prejudiced
en	prejeduces	prejudices
en	prejiduce	prejudice
en	prejiduced	prejudiced
en	prejiduces	prejudices
en	prejucide	prejudice
en	prejucided	prejudiced
en	prejucides	prejudices
en	prejudicies	prejudice
en	prejudis	prejudices
en	prejuduced	prejudiced
en	prejuduces	prejudices
en	prelayed	replayed
en	preleminary	preliminary
en	preliferation	proliferation
en	prelimanary	preliminary
en	prelimenary	preliminary
en	prelimiary	preliminary
en	preliminarly	preliminary
en	premanent	permanent
en	premanently	permanently
en	prematuraly	prematurely
en	prematurelly	prematurely
en	prematurily	prematurely
en	prematurley	prematurely
en	prematurly	prematurely
en	premeir	premier
en	premeire	premiere
en	premeired	premiered
en	premesis	premises
en	premiare	premier
en	premiee	premiere
en	premilinary	preliminary
en	premillenial	premillennial
en	preminence	preeminence
en	premines	premise
en	premire	premier
en	premissible	permissible
en	premission	permission
en	premissions	permissions
en	premits	permits
en	premius	premiums
en	premonasterians	premonstratensians
en	premuim	premium
en	premuims	premiums
en	preocupation	preoccupation
en	preorded	preordered
en	preorderd	preordered
en	preorderded	preordered
en	preorderers	preorders
en	preorderes	preorders
en	preordes	preorders
en	preoxide	peroxide
en	prepair	prepare
en	prepaird	prepaid
en	preparacion	preparation
en	preparato	preparation
en	prepartion	preparation
en	prepatory	preparatory
en	prependicular	perpendicular
en	preperation	preparation
en	preperations	preparations
en	prepetrated	perpetrated
en	prepetrator	perpetrator
en	prepetrators	perpetrators
en	prepetually	perpetually
en	prepetuate	perpetuate
en	prepetuated	perpetuated
en	prepetuates	perpetuates
en	prepetuating	perpetuating
en	preporation	preparation
en	preposterious	preposterous
en	preposters	preposterous
en	preposterus	preposterous
en	prepostorous	preposterous
en	preposturous	preposterous
en	preqeuls	prequels
en	prequles	prequels
en	prerequesit	prerequisite
en	prerequisets	prerequisite
en	prerequisities	prerequisite
en	prerequiste	prerequisite
en	prerequisties	prerequisite
en	prerequistite	prerequisite
en	prerequites	prerequisite
en	preriod	period
en	prerogitive	prerogative
en	prerogotive	prerogative
en	prescients	presidents
en	prescirbed	prescribed
en	prescirption	prescriptions
en	prescribtion	prescription
en	prescribtions	prescriptions
en	prescrie	prescribed
en	prescripcion	prescription
en	prescriped	prescribed
en	prescriptionists	prescriptions
en	prescripton	prescription
en	prescriptons	prescriptions
en	prescritpion	prescriptions
en	presearing	preserving
en	presecuted	persecuted
en	presecution	persecution
en	presedency	presidency
en	presedential	presidential
en	presedents	presidents
en	presedintia	presidential
en	presenning	presenting
en	presens	presents
en	presense	presence
en	presenst	presets
en	presentacion	presentation
en	presentaion	presentation
en	presentaiton	presentations
en	presentas	presents
en	presentase	presents
en	presentatin	presentations
en	presentato	presentation
en	presentes	presents
en	presention	presenting
en	presentors	presents
en	preservacion	preservation
en	preservare	preserve
en	preservating	preservation
en	preservativo	preservation
en	preservato	preservation
en	preservaton	preservation
en	preserverd	preserved
en	preservered	preserved
en	presest	presets
en	presicely	precisely
en	presicion	precision
en	presidancy	presidency
en	presidante	presidents
en	presidencey	presidency
en	presidencial	presidential
en	presidenital	presidential
en	presidenta	presidential
en	presidentail	presidential
en	presidental	presidential
en	presidentcy	presidency
en	presidenty	presidency
en	presideny	presidency
en	presidet	presidents
en	presidunce	presidency
en	presist	persist
en	presistence	persistence
en	presistent	persistent
en	presists	persists
en	presitge	prestige
en	presitgious	prestigious
en	presitigous	prestigious
en	presnetation	presentations
en	presomption	presumption
en	presonalized	personalized
en	presonally	personally
en	presonas	personas
en	presonhood	personhood
en	prespective	perspective
en	prespectives	perspectives
en	presrciption	prescriptions
en	pressuming	pressuring
en	pressureing	pressuring
en	prestegious	prestigious
en	prestes	presets
en	prestigeous	prestigious
en	prestigieus	prestigious
en	prestigios	prestigious
en	prestigiosa	prestigious
en	prestigiose	prestigious
en	prestigiosi	prestigious
en	prestigioso	prestigious
en	prestigiu	prestigious
en	prestigous	prestigious
en	prestigue	prestige
en	prestiguous	prestigious
en	presuade	persuade
en	presuaded	persuaded
en	presuambly	presumably
en	presuasion	persuasion
en	presuasive	persuasive
en	presude	presumed
en	presumabely	presumably
en	presumabley	presumably
en	presumebly	presumably
en	presumendo	presumed
en	presumibly	presumably
en	presumpteous	presumptuous
en	presumpton	presumption
en	presumptous	presumptuous
en	presumptuious	presumptuous
en	presumptuos	presumptuous
en	presumputous	presumptuous
en	pretador	predator
en	pretaining	pertaining
en	pretains	pertains
en	pretection	protection
en	pretedermined	predetermined
en	pretencious	pretentious
en	pretendas	pretends
en	pretendendo	pretended
en	pretendias	pretends
en	pretene	pretense
en	pretens	pretends
en	pretensious	pretentious
en	pretensive	pretense
en	pretensje	pretense
en	pretentieus	pretentious
en	pretentios	pretentious
en	pretentous	pretentious
en	pretinent	pertinent
en	prevailaing	prevailing
en	prevailling	prevailing
en	prevalecen	prevalence
en	prevalente	prevalence
en	prevantative	preventative
en	preveiw	preview
en	preveiws	previews
en	prevelant	prevalent
en	prevencion	prevention
en	preventation	presentation
en	preventetive	preventative
en	preventin	prevention
en	preventitive	preventative
en	preventitve	preventative
en	preventivno	prevention
en	preventivo	prevention
en	preventors	prevents
en	preverse	perverse
en	prevert	pervert
en	previal	prevail
en	previaling	prevailing
en	previes	previews
en	previos	previous
en	previosuly	previously
en	previoulsy	previously
en	previvous	previous
en	previwes	previews
en	prevolence	prevalence
en	prezidential	presidential
en	priased	praised
en	priases	praises
en	pricinpals	principals
en	pricipal	principal
en	priciple	principle
en	priemere	premiere
en	priestes	priests
en	priesthod	priesthood
en	priestood	priesthood
en	primaires	primaries
en	primairly	primarily
en	primarilly	primarily
en	primaris	primaries
en	primarliy	primarily
en	primarly	primarily
en	primative	primitive
en	primatively	primitively
en	primatives	primitives
en	primordal	primordial
en	princepals	principals
en	princesas	princess
en	princeses	princess
en	princesess	princesses
en	princesss	princesses
en	princessses	princesses
en	princibles	principles
en	princila	principals
en	principales	principles
en	principalis	principals
en	principaly	principality
en	principas	principals
en	principels	principals
en	principial	principal
en	principias	principals
en	principielt	principle
en	principl	principals
en	principlaity	principality
en	principlas	principals
en	principly	principally
en	prinicipal	principal
en	prinicpals	principals
en	prinicple	principle
en	prinicples	principles
en	printerest	printers
en	printes	printers
en	prioratize	prioritize
en	prioretize	prioritize
en	prioritice	prioritize
en	prioritie	prioritize
en	prioritied	prioritize
en	prioritse	priorities
en	prioroties	priorities
en	priorotize	prioritize
en	priotities	priorities
en	priotitize	prioritize
en	prisitne	pristine
en	pristen	pristine
en	privalege	privilege
en	privaleged	privileged
en	privaleges	privileges
en	privaticed	privatized
en	privatizied	privatized
en	privelaged	privileged
en	privelages	privileges
en	priveldges	privileges
en	priveledges	privileges
en	privelege	privilege
en	priveleged	privileged
en	priveleges	privileges
en	privelidge	privileged
en	privelige	privilege
en	priveliged	privileged
en	priveliges	privileges
en	privelleges	privileges
en	privetized	privatized
en	privilage	privilege
en	privilaged	privileged
en	privilages	privileges
en	priviledge	privilege
en	privilegde	privileges
en	privilegeds	privileges
en	privilegie	privilege
en	privilegied	privileged
en	privilegien	privilege
en	privilegier	privilege
en	privilegies	privilege
en	privilegs	privileges
en	priviliged	privileged
en	priviliges	privileges
en	privitazed	privatized
en	privitized	privatized
en	privledge	privilege
en	privte	private
en	proactivley	proactive
en	probabe	probable
en	probabilaty	probability
en	probabiliste	probabilities
en	probabilite	probabilities
en	probabilites	probabilities
en	probabiliy	probability
en	probabillity	probability
en	probabilty	probability
en	probabily	probability
en	probablies	probable
en	probablistic	probabilistic
en	probablly	probably
en	probablybe	probable
en	probalibity	probability
en	probaly	probably
en	probelm	problem
en	probelmatic	problematic
en	probelms	problems
en	problamatic	problematic
en	probleem	problem
en	problemas	problems
en	problematisch	problematic
en	problemita	problematic
en	problimatic	problematic
en	problomatic	problematic
en	procalim	proclaim
en	procalimed	proclaimed
en	procastrinating	procrastinating
en	procastrination	procrastination
en	procative	proactive
en	procceding	proceeding
en	proccedings	proceedings
en	proccess	process
en	proccessing	processing
en	procedding	proceeding
en	proceddings	proceedings
en	procede	proceed
en	proceded	proceeded
en	proceder	procedure
en	procederal	procedural
en	procedes	proceeds
en	procedger	procedure
en	proceding	proceeding
en	procedings	proceedings
en	procedrual	procedural
en	procedue	procedure
en	procedureal	procedural
en	procedurial	procedural
en	procedurile	procedure
en	proceededs	proceeds
en	proceedes	proceeds
en	proceedure	procedure
en	proceeed	proceed
en	procees	proceeds
en	proceesing	proceeding
en	procelain	porcelain
en	proces	process
en	procesd	proceeds
en	procesed	proceeds
en	procesess	processes
en	processer	processor
en	processesor	processors
en	processeurs	processes
en	processos	processors
en	processs	processes
en	processsor	processors
en	processsors	processors
en	proclaimation	proclamation
en	proclam	proclaim
en	proclamed	proclaimed
en	proclami	proclaim
en	proclamied	proclaimed
en	proclaming	proclaiming
en	procliam	proclaim
en	procliamed	proclaimed
en	proclomation	proclamation
en	proconceived	preconceived
en	procotol	protocol
en	procotols	protocols
en	procrascinating	procrastinating
en	procrastenating	procrastinating
en	procrastiantion	procrastination
en	procrastibating	procrastinating
en	procrastibation	procrastination
en	procrastinarting	procrastinating
en	procrastinatin	procrastination
en	procrastinationg	procrastinating
en	procrastinaton	procrastination
en	procrastinazione	procrastination
en	procrastion	procreation
en	procrastonating	procrastinating
en	procreatin	procreation
en	procrestinating	procrastinating
en	procrestination	procrastination
en	procriation	procreation
en	procudures	procedures
en	prodcution	production
en	prodcutions	productions
en	prodcuts	products
en	prodecural	procedural
en	prodecure	procedure
en	prodecures	procedures
en	prodictions	productions
en	prodominantly	predominantly
en	produccion	production
en	produceras	produces
en	producerats	producers
en	produceres	produces
en	producirse	producers
en	produciton	production
en	producitons	productions
en	productie	productive
en	productin	productions
en	producting	production
en	productino	productions
en	productioin	productions
en	productivo	production
en	productivos	productions
en	productivty	productivity
en	productivy	productivity
en	producto	production
en	productoin	productions
en	productos	products
en	produktion	production
en	produktions	productions
en	produktive	productive
en	produly	proudly
en	produse	produces
en	produtcion	productions
en	profesion	profusion
en	profesions	profession
en	profesisonal	professionals
en	profesor	professor
en	professer	professor
en	professers	professors
en	professiinal	professionalism
en	professin	professions
en	professinal	professional
en	professioanl	professionals
en	professiomal	professionalism
en	professionalisim	professionalism
en	professionalisme	professionals
en	professionallism	professionalism
en	professionalsim	professionalism
en	professionel	professional
en	professionials	professionalism
en	professionl	professionals
en	professionnal	professional
en	professionnalism	professionalism
en	professionnals	professionals
en	professionsl	professionalism
en	professoinal	professionals
en	professonial	professionals
en	professoras	professors
en	professores	professors
en	professorin	profession
en	professorn	profession
en	professsion	professions
en	professsor	professors
en	proffesed	professed
en	proffesion	profession
en	proffesional	professional
en	proffesor	professor
en	proficeint	proficient
en	proficiancy	proficiency
en	proficiant	proficient
en	proficienct	proficient
en	proficientcy	proficiency
en	proficienty	proficiency
en	proficieny	proficiency
en	proficincy	proficiency
en	proficinecy	proficiency
en	proficit	proficient
en	profilic	prolific
en	profissional	professional
en	profitabel	profitable
en	profitabil	profitable
en	profitabile	profitable
en	profitabiliy	profitability
en	profitabillity	profitability
en	profitabilty	profitability
en	profitiablity	profitability
en	profitibality	profitability
en	profitible	profitable
en	profressions	progressions
en	proftiable	profitable
en	progatonists	protagonists
en	progerssion	progressions
en	progerssive	progressives
en	progessed	progressed
en	progidy	prodigy
en	programable	programmable
en	programas	programs
en	programattically	programmatically
en	programem	programme
en	programes	programs
en	programmar	programmer
en	programmare	programmer
en	programmars	programmers
en	programmate	programme
en	programmets	programmers
en	programmeur	programmer
en	programmeurs	programmer
en	programmier	programmer
en	programmme	programme
en	programmmed	programme
en	programmmer	programme
en	programms	programs
en	prograstination	procrastination
en	progresing	progressing
en	progresion	progression
en	progresison	progressions
en	progresive	progressive
en	progressers	progresses
en	progressie	progressives
en	progressief	progressive
en	progressieve	progressive
en	progressin	progression
en	progressino	progressions
en	progressioin	progressions
en	progressiong	progressing
en	progressionists	progressions
en	progressionwise	progressions
en	progressisme	progresses
en	progressiste	progresses
en	progressivas	progressives
en	progressivelly	progressively
en	progressivey	progressively
en	progressivily	progressively
en	progressivisme	progressives
en	progressivley	progressively
en	progressivly	progressively
en	progressivo	progression
en	progressivsm	progressives
en	progresso	progression
en	progressoin	progressions
en	progresson	progression
en	progressos	progresses
en	progresss	progresses
en	progresssing	progressing
en	progresssion	progressions
en	progresssive	progressives
en	progressus	progresses
en	progressvie	progressives
en	progrom	pogrom
en	progroms	pogroms
en	prohabition	prohibition
en	prohibation	prohibition
en	prohibicion	prohibition
en	prohibirte	prohibit
en	prohibis	prohibits
en	prohibiteds	prohibits
en	prohibites	prohibits
en	prohibitied	prohibited
en	prohibitifs	prohibits
en	prohibitivo	prohibition
en	prohibitng	prohibiting
en	prohibiton	prohibition
en	prohibitons	prohibits
en	prohibitted	prohibited
en	prohibitting	prohibiting
en	prohibitus	prohibits
en	prohibitve	prohibited
en	prohibt	prohibit
en	prohobited	prohibited
en	prohpecies	prophecies
en	prohpecy	prophecy
en	prohpet	prophet
en	prohpets	prophets
en	projecitle	projectiles
en	projecte	projectile
en	projecticle	projectile
en	projecticles	projectiles
en	projectie	projectile
en	projectiel	projectiles
en	projecties	projectiles
en	projectils	projectiles
en	projectin	projection
en	projectives	projectiles
en	projectles	projectiles
en	projectlie	projectiles
en	projectlies	projectiles
en	projecto	projection
en	projectyle	projectile
en	projektile	projectile
en	projektion	projection
en	prokrastination	procrastination
en	prolateriat	proletariat
en	proletariaat	proletariat
en	proletariant	proletariat
en	proletaricat	proletariat
en	proletariet	proletariat
en	proletariot	proletariat
en	proletaryat	proletariat
en	proleteriat	proletariat
en	prolitariat	proletariat
en	prologe	prologue
en	prologomena	prolegomena
en	prolouge	prologue
en	promenantly	prominently
en	promenently	prominently
en	prometheas	prometheus
en	prometheius	prometheus
en	prometheous	prometheus
en	promethese	prometheus
en	promethesus	prometheus
en	prometheyus	prometheus
en	promethius	prometheus
en	promethous	prometheus
en	promethues	prometheus
en	promimently	prominently
en	prominance	prominence
en	prominant	prominent
en	prominantely	prominently
en	prominantly	prominently
en	prominately	prominently
en	prominenty	prominently
en	prominetly	prominently
en	promiscious	promiscuous
en	promiscous	promiscuous
en	promiscuious	promiscuous
en	promisculous	promiscuous
en	promiscuos	promiscuous
en	promiscus	promiscuous
en	promocional	promotional
en	promose	promotes
en	promoteurs	promotes
en	promotheus	prometheus
en	promotinal	promotional
en	promotionnal	promotional
en	promots	promotes
en	promotted	promoted
en	promplty	promptly
en	promptes	prompts
en	promptus	prompts
en	prompty	promptly
en	promsicuous	promiscuous
en	promtply	promptly
en	promtps	prompts
en	pronography	pornography
en	pronomial	pronominal
en	prononciation	pronunciation
en	pronouced	pronounced
en	pronouciation	pronunciation
en	pronoucned	pronounced
en	pronoucning	pronouncing
en	pronounceing	pronouncing
en	pronounched	pronounced
en	pronounciation	pronunciation
en	pronounds	pronouns
en	pronoune	pronounced
en	pronounes	pronouns
en	pronouning	pronouncing
en	pronous	pronouns
en	pronunciacion	pronunciation
en	pronunciating	pronunciation
en	pronunciato	pronunciation
en	pronunciaton	pronunciation
en	pronuncuation	pronunciation
en	pronunication	pronunciation
en	pronuntiation	pronunciation
en	proove	prove
en	prooved	proved
en	propabilities	probabilities
en	propagana	propaganda
en	propaganada	propaganda
en	propechies	prophecies
en	propechy	prophecy
en	propehcy	prophecy
en	propeht	prophet
en	propehts	prophets
en	propencity	propensity
en	propenents	proponents
en	properies	properties
en	properitary	proprietary
en	properites	properties
en	propersity	propensity
en	propertiary	proprietary
en	propertion	proportion
en	propertional	proportional
en	propertions	proportions
en	propertius	properties
en	propertly	property
en	propesterous	preposterous
en	propeties	properties
en	prophacies	prophecies
en	prophacy	prophecy
en	prophechies	prophecies
en	prophesie	prophecies
en	prophetes	prophets
en	prophey	prophecy
en	prophocies	prophecies
en	propiertary	proprietary
en	propietary	proprietary
en	proplusion	propulsion
en	propmted	prompted
en	propmtly	promptly
en	propoganda	propaganda
en	propogate	propagate
en	propogates	propagates
en	propogation	propagation
en	propolsion	propulsion
en	proponants	proponents
en	proponenet	proponent
en	proponenets	proponents
en	proponentes	proponents
en	proponet	proponents
en	proporcion	proportion
en	proporition	proposition
en	proportianal	proportional
en	proportianally	proportionally
en	proportians	proportions
en	proporties	properties
en	proportinal	proportional
en	proporting	proportion
en	proportionallity	proportionally
en	proportionallly	proportionally
en	proportionalty	proportionally
en	proportionaly	proportionally
en	proportionel	proportional
en	proportionella	proportionally
en	proportionnal	proportional
en	proposels	proposes
en	proposicion	proposition
en	propositivo	proposition
en	proposito	proposition
en	propositon	proposition
en	proposse	proposes
en	proposte	propose
en	proposterous	preposterous
en	propostions	proportions
en	propotions	proportions
en	propper	proper
en	propperly	properly
en	propreitary	proprietary
en	proprety	property
en	propriatary	proprietary
en	propriatery	proprietary
en	propriatory	proprietary
en	proprietery	proprietary
en	proprietory	proprietary
en	proprietry	proprietary
en	propriotary	proprietary
en	proprotion	proportion
en	proprotional	proportional
en	proprotionally	proportionally
en	proprotions	proportions
en	propsect	prospect
en	propsective	prospective
en	propsects	prospects
en	propserity	prosperity
en	propserous	prosperous
en	propulaios	propulsion
en	propulsing	propulsion
en	propulstion	propulsion
en	propultion	propulsion
en	propuslion	propulsion
en	proscratination	procrastination
en	prosectued	prosecuted
en	prosectuion	prosecution
en	prosectuor	prosecutor
en	prosectuors	prosecutors
en	prosecuter	prosecutor
en	prosecuters	prosecutors
en	prosecutie	prosecuted
en	proseletyzing	proselytizing
en	prosepct	prospect
en	prosicuted	prosecuted
en	prosicution	prosecution
en	prosicutor	prosecutor
en	prosocuted	prosecuted
en	prosocution	prosecution
en	prosparity	prosperity
en	prospectos	prospects
en	prosperety	prosperity
en	prosperious	prosperous
en	prosperos	prosperous
en	prospertity	prosperity
en	prospertiy	prosperity
en	prospettive	prospective
en	prosphetic	prosthetic
en	prosporous	prosperous
en	prostehtic	prosthetic
en	prosterity	prosperity
en	prostethic	prosthetic
en	prostethics	prosthetic
en	prostetution	prostitution
en	prosthethic	prosthetic
en	prostite	prostitute
en	prostitite	prostitute
en	prostitites	prostitutes
en	prostitition	prostitution
en	prostitiute	prostitute
en	prostituate	prostitute
en	prostitucion	prostitution
en	prostitude	prostitute
en	prostitudes	prostitutes
en	prostitue	prostitute
en	prostituee	prostitute
en	prostituees	prostitutes
en	prostituer	prostitute
en	prostitues	prostitutes
en	prostituion	prostitution
en	prostituiton	prostitution
en	prostiture	prostitute
en	prostitures	prostitutes
en	prostitutas	prostitutes
en	prostitutie	prostitute
en	prostitutiei	prostitute
en	prostitutin	prostitution
en	prostitutke	prostitutes
en	prostituto	prostitution
en	prostituton	prostitution
en	prostitutos	prostitutes
en	prostituye	prostitute
en	protability	portability
en	protable	portable
en	protaganist	protagonist
en	protaganists	protagonists
en	protaginist	protagonist
en	protaginists	protagonists
en	protaginst	protagonist
en	protagnoist	protagonist
en	protagnoists	protagonists
en	protagoinst	protagonists
en	protagonistas	protagonists
en	protagonistes	protagonists
en	protagonits	protagonists
en	protagonsit	protagonists
en	protals	portals
en	protastant	protestant
en	proteccion	protection
en	proteciton	protections
en	protecs	protects
en	protecte	protective
en	protectes	protects
en	protectice	protective
en	protectie	protective
en	protectiei	protective
en	protectings	protections
en	protectoin	protections
en	protectons	protectors
en	protectoras	protectors
en	protectores	protectors
en	protectos	protectors
en	protectron	protection
en	protectrons	protections
en	proteinas	proteins
en	proteines	proteins
en	protelariat	proletariat
en	protess	protests
en	protestans	protests
en	protestantes	protestants
en	protestantisk	protestants
en	protestare	protesters
en	protestas	protests
en	protestat	protestant
en	protestato	protestant
en	protestent	protestant
en	protestents	protestants
en	protestes	protests
en	protestina	protestant
en	protestos	protests
en	protfolio	portfolio
en	prothsetic	prosthetic
en	protiens	proteins
en	protines	proteins
en	protistant	protestant
en	protistants	protestants
en	protocal	protocol
en	protocl	protocol
en	protocoles	protocols
en	protocolls	protocols
en	protocolos	protocols
en	protocool	protocol
en	protoganist	protagonist
en	protoganists	protagonists
en	protogonist	protagonist
en	protohypes	prototypes
en	protostant	protestant
en	protostants	protestants
en	prototipes	prototypes
en	protototype	prototype
en	prototpye	prototype
en	prototpyes	prototypes
en	prototye	prototype
en	prototyps	prototypes
en	protrait	portrait
en	protraits	portraits
en	protray	portray
en	protrayal	portrayal
en	protrayed	portrayed
en	protraying	portraying
en	protrays	portrays
en	protruberance	protuberance
en	protruberances	protuberances
en	protugal	portugal
en	protuguese	portuguese
en	prouldy	proudly
en	prouncements	pronouncements
en	provacative	provocative
en	provacotive	provocative
en	provded	provided
en	provencial	provincial
en	proverai	proverbial
en	proveribal	proverbial
en	provervial	proverbial
en	provicative	provocative
en	provicial	provincial
en	providance	providence
en	providee	providence
en	providencie	providence
en	providince	providence
en	provinciaal	provincial
en	provinciae	province
en	provincie	province
en	provincies	province
en	provincija	provincial
en	provine	province
en	provinence	providence
en	provinical	provincial
en	provinicial	provincial
en	provintial	provincial
en	provinvial	provincial
en	provisiones	provisions
en	provisios	provisions
en	provisiosn	provision
en	provisonal	provisional
en	provoactive	provocative
en	provocatie	provocative
en	provocatief	provocative
en	provocativley	provocative
en	provocitive	provocative
en	provocotive	provocative
en	provokative	provocative
en	proximty	proximity
en	pruchase	purchase
en	pruchased	purchased
en	pruchases	purchases
en	prugatory	purgatory
en	pruposefully	purposefully
en	pruposely	purposely
en	prusuit	pursuit
en	pryamid	pyramid
en	pryamids	pyramids
en	pscyhed	psyched
en	pscyhedelic	psychedelic
en	pscyhiatric	psychiatric
en	pscyhiatrists	psychiatrists
en	pscyhological	psychological
en	pscyhologically	psychologically
en	pscyhologist	psychologist
en	pscyhologists	psychologists
en	pscyhology	psychology
en	pscyhopath	psychopath
en	pscyhopathic	psychopathic
en	pscyhopaths	psychopaths
en	pscyhotic	psychotic
en	pseudononymous	pseudonymous
en	pseudonyn	pseudonym
en	pshyciatric	psychiatric
en	pshyciatrist	psychiatrist
en	pshycological	psychological
en	pshycologically	psychologically
en	pshycologist	psychologist
en	pshycologists	psychologists
en	pshycology	psychology
en	pshycopath	psychopath
en	pshycopathic	psychopathic
en	pshycopaths	psychopaths
en	pshycosis	psychosis
en	pshycotic	psychotic
en	psichological	psychological
en	psichologically	psychologically
en	psichologist	psychologist
en	psuedo	pseudo
en	psychaitric	psychiatric
en	psychaitrist	psychiatrist
en	psychaitrists	psychiatrists
en	psychedelicious	psychedelics
en	psychedelicness	psychedelics
en	psychedellic	psychedelic
en	psychedellics	psychedelics
en	psychedilic	psychedelic
en	psychedilics	psychedelics
en	psychedleic	psychedelics
en	psychedlic	psychedelic
en	psychemedics	psychedelics
en	psychiatic	psychiatric
en	psychiatirst	psychiatrists
en	psychiatist	psychiatrist
en	psychiatrics	psychiatrist
en	psychiatrict	psychiatrist
en	psychiatrisch	psychiatric
en	psychiatrits	psychiatrists
en	psychidelic	psychedelic
en	psychistrist	psychiatrist
en	psychodelic	psychedelic
en	psychodelics	psychedelics
en	psycholigical	psychological
en	psycholigically	psychologically
en	psycholigist	psychologist
en	psycholigists	psychologists
en	psychologial	psychological
en	psychologicaly	psychologically
en	psychologits	psychologists
en	psychologycal	psychologically
en	psychologyst	psychologist
en	psychologysts	psychologists
en	psycholoog	psychology
en	psychopaat	psychopath
en	psychopants	psychopaths
en	psychopatch	psychopath
en	psychopathes	psychopaths
en	psychopathische	psychopathic
en	psychopatic	psychopathic
en	psychopats	psychopaths
en	psychotisch	psychotic
en	psychriatic	psychiatric
en	psychyatrist	psychiatrist
en	psychyatrists	psychiatrists
en	psycology	psychology
en	psycothic	psychotic
en	psyhic	psychic
en	psysiological	physiological
en	ptiched	pitched
en	pticher	pitcher
en	ptichers	pitchers
en	ptichfork	pitchfork
en	ptichforks	pitchforks
en	puasing	pausing
en	pubilsher	publisher
en	pubisher	publisher
en	publiaher	publisher
en	publicaly	publicly
en	publicani	publication
en	publicher	publisher
en	publicitan	publication
en	publiclly	publicly
en	publicy	publicly
en	publihser	publisher
en	publikation	publication
en	publisehr	publisher
en	publiser	publisher
en	publisger	publisher
en	publisheed	published
en	publisherr	publisher
en	publishher	publisher
en	publishor	publisher
en	publishre	publisher
en	publissher	publisher
en	publlisher	publisher
en	publsih	publish
en	publsiher	publisher
en	publusher	publisher
en	puchasing	purchasing
en	pucini	puccini
en	puhsups	pushups
en	puinsher	punisher
en	pulisher	publisher
en	pumkin	pumpkin
en	pumkpins	pumpkins
en	pumpinks	pumpkins
en	pumpknis	pumpkins
en	punctiation	punctuation
en	puncutation	punctuation
en	punihsment	punishments
en	punishemnt	punishments
en	punishible	punishable
en	punishmet	punishments
en	punishmnet	punishments
en	punishs	punishes
en	punissable	punishable
en	punisse	punishes
en	punshier	punisher
en	punshiments	punishments
en	punsihable	punishable
en	punsiher	punisher
en	punsihes	punishes
en	punsihments	punishments
en	puplications	publications
en	puplisher	publisher
en	puragtory	purgatory
en	purcahse	purchase
en	purcahsed	purchased
en	purcahses	purchases
en	purchacing	purchasing
en	purchaseing	purchasing
en	purchashing	purchasing
en	purhcased	purchased
en	puritannical	puritanical
en	purpendicular	perpendicular
en	purpetrators	perpetrators
en	purpetuating	perpetuating
en	purpolsion	propulsion
en	purposedly	purposely
en	purposefuly	purposefully
en	purposelly	purposely
en	purposley	purposely
en	purpotedly	purportedly
en	purpusefully	purposefully
en	pursiut	pursuit
en	pursuaded	persuaded
en	pursuades	persuades
en	pursude	pursued
en	purused	pursued
en	pushpus	pushups
en	pususading	persuading
en	puting	putting
en	pwoer	power
en	pyarmid	pyramid
en	pyramidas	pyramids
en	pyramides	pyramids
en	pyramind	pyramid
en	pyramis	pyramids
en	pyrimads	pyramids
en	pyrmaid	pyramid
en	pyrmaids	pyramids
en	pysched	psyched
en	pyschedelic	psychedelic
en	pyschedelics	psychedelics
en	pyschiatric	psychiatric
en	pyschiatrist	psychiatrist
en	pyschiatrists	psychiatrists
en	pyschological	psychological
en	pyschologically	psychologically
en	pyschologist	psychologist
en	pyschologists	psychologists
en	pyschology	psychology
en	pyschopath	psychopath
en	pyschopathic	psychopathic
en	pyschopaths	psychopaths
en	pyschosis	psychosis
en	pyschotic	psychotic
en	pyscic	psychic
en	qaulification	qualification
en	qaulifications	qualification
en	qaulifiers	qualifiers
en	qaulifies	qualifies
en	qaulify	qualify
en	qaulity	quality
en	qauntity	quantity
en	qauntum	quantum
en	qaurterback	quarterback
en	qtuie	quite
en	quailfiers	qualifiers
en	quailfy	qualify
en	quailty	quality
en	qualfiiers	qualifiers
en	qualifiaction	qualification
en	qualifiactions	qualification
en	qualificaiton	qualifications
en	qualificaitons	qualifications
en	qualificato	qualification
en	qualificaton	qualification
en	qualificatons	qualifications
en	qualifieds	qualifies
en	qualifierais	qualifiers
en	qualifieres	qualifiers
en	qualifiies	qualifiers
en	qualifiing	qualifying
en	qualifikation	qualification
en	qualifires	qualifiers
en	qualifiy	qualify
en	qualifyers	qualifiers
en	qualitying	qualifying
en	qualtitative	quantitative
en	quanitfy	quantify
en	quanitites	quantities
en	quantaties	quantities
en	quantatitive	quantitative
en	quantaty	quantity
en	quantifiy	quantify
en	quantitaive	quantitative
en	quantitatve	quantitative
en	quantite	quantities
en	quantitites	quantities
en	quantititive	quantitative
en	quantitiy	quantity
en	quantitize	quantities
en	quantitties	quantities
en	quantitty	quantity
en	quantuum	quantum
en	quarantaine	quarantine
en	quarante	quarantine
en	quarantena	quarantine
en	quarantene	quarantine
en	quarantenni	quarantine
en	quarantied	quarantine
en	quarintine	quarantine
en	quarterbackers	quarterbacks
en	quarterblack	quarterback
en	quartercask	quarterbacks
en	quartery	quarterly
en	quartlery	quarterly
en	quaruntine	quarantine
en	qucikest	quickest
en	queation	equation
en	queations	equations
en	queenland	queensland
en	queires	queries
en	queitly	quietly
en	quention	quentin
en	quereis	queries
en	quesitonable	questionable
en	quesitoned	questioned
en	quesitoning	questioning
en	questional	questionable
en	questionalbe	questionable
en	questionalble	questionable
en	questiond	questioned
en	questiong	questioning
en	questionn	questioning
en	questionne	questioned
en	questionned	questioned
en	questionning	questioning
en	questionsign	questioning
en	questonable	questionable
en	quicket	quickest
en	quickets	quickest
en	quicklyu	quickly
en	quielty	quietly
en	quinessential	quintessential
en	quitely	quietly
en	quizes	quizzes
en	qunatum	quantum
en	qunetin	quentin
en	qutie	quite
en	quuery	query
en	rabbitos	rabbits
en	rabbitts	rabbits
en	rabinnical	rabbinical
en	racaus	raucous
en	racionalization	rationalization
en	racisst	racists
en	racistas	racists
en	racistes	racists
en	racthet	ratchet
en	radaince	radiance
en	radaint	radiant
en	radiactive	radioactive
en	radiane	radiance
en	radiaoctive	radioactive
en	radicalis	radicals
en	radicas	radicals
en	radiers	raiders
en	radify	ratify
en	radioacive	radioactive
en	radioactice	radioactive
en	radioactief	radioactive
en	radioactieve	radioactive
en	radioaktive	radioactive
en	radiocative	radioactive
en	raelism	realism
en	raelly	really
en	rahpsody	rhapsody
en	raidance	radiance
en	raidant	radiant
en	raidoactive	radioactive
en	railraod	railroad
en	railrod	railroad
en	rainbos	rainbows
en	rainbowers	rainbows
en	ramificaitons	ramifications
en	randmoness	randomness
en	randomes	randoms
en	randomez	randomized
en	randomns	randoms
en	randomrs	randoms
en	randomus	randoms
en	randomzied	randomized
en	randonmess	randomness
en	randumness	randomness
en	raoches	roaches
en	raoming	roaming
en	raosting	roasting
en	raphsody	rhapsody
en	rapsberry	raspberry
en	raptores	raptors
en	raptros	raptors
en	raputre	rapture
en	rasbperry	raspberry
en	raspberrry	raspberry
en	raspbery	raspberry
en	rathcet	ratchet
en	rationalizaiton	rationalization
en	rationalizating	rationalization
en	rationalizaton	rationalization
en	rationalle	rationale
en	rationallity	rationally
en	rationaly	rationally
en	rationel	rationale
en	ratpure	rapture
en	reaccurring	recurring
en	reacing	reaching
en	reacll	recall
en	reactionair	reactionary
en	reactionairy	reactionary
en	reactionnary	reactionary
en	reactiony	reactionary
en	readmition	readmission
en	reagrds	regards
en	realibility	reliability
en	realible	reliable
en	realibly	reliably
en	realies	realise
en	realiest	earliest
en	realisim	realism
en	realisitc	realistic
en	realisitcally	realistically
en	realisme	realise
en	realistc	realistic
en	realiste	realise
en	realisticaly	realistically
en	realisticlly	realistically
en	realistisch	realistic
en	realitvely	relatively
en	realoded	reloaded
en	realoding	reloading
en	realsie	realise
en	realsied	realised
en	realsim	realism
en	realsitic	realistic
en	realtable	relatable
en	realtes	relates
en	realtion	relation
en	realtions	relations
en	realtionships	relationships
en	realtive	relative
en	realtively	relatively
en	realtives	relatives
en	realtivity	relativity
en	realy	really
en	realyl	really
en	reamined	remained
en	reamining	remaining
en	reamins	remains
en	reapired	repaired
en	reapirs	repairs
en	reaplugs	earplugs
en	reaplying	replaying
en	reaponsibilities	responsibilities
en	reaponsibility	responsibility
en	reasearch	research
en	reaserch	research
en	reaserched	researched
en	reasercher	researcher
en	reaserchers	researchers
en	reaserching	researching
en	reasonablely	reasonably
en	reasonabley	reasonably
en	reasonablly	reasonably
en	reasonal	reasonably
en	reassureing	reassuring
en	reassurring	reassuring
en	reatiler	retailer
en	reaveled	revealed
en	reaveling	revealing
en	rebellios	rebellious
en	rebellis	rebellious
en	rebiulding	rebuilding
en	rebllions	rebellions
en	reboudning	rebounding
en	reboudns	rebounds
en	rebounce	rebound
en	rebouncing	rebounding
en	rebouns	rebounds
en	rebuidling	rebuilding
en	rebuildling	rebuilding
en	rebuildt	rebuilt
en	rebuliding	rebuilding
en	rebulit	rebuilt
en	rebuplic	republic
en	rebuplican	republican
en	rebuplicans	republicans
en	recalim	reclaim
en	recallection	recollection
en	recations	creations
en	reccomend	recommend
en	reccomendations	recommendations
en	reccomended	recommended
en	reccomending	recommending
en	reccommend	recommend
en	reccommended	recommended
en	reccommending	recommending
en	reccuring	recurring
en	receeded	receded
en	receeding	receding
en	receips	receipts
en	recepcionist	receptionist
en	recepient	recipient
en	recepients	recipients
en	recepits	receipts
en	receptie	receptive
en	receptionest	receptionist
en	receptionnist	receptionist
en	receptionsist	receptionist
en	receptionst	receptionist
en	receptoras	receptors
en	receptores	receptors
en	receptos	receptors
en	receving	receiving
en	recgonise	recognise
en	recgonised	recognised
en	recgonition	recognition
en	recgonizable	recognizable
en	recgonize	recognize
en	recgonized	recognized
en	recgonizes	recognizes
en	recgonizing	recognizing
en	rechargable	rechargeable
en	reched	reached
en	recide	reside
en	recided	resided
en	recident	resident
en	recidents	residents
en	reciding	residing
en	reciepents	recipients
en	reciept	receipt
en	recievd	received
en	recieve	receive
en	recieved	received
en	reciever	receiver
en	recievers	receivers
en	recieves	receives
en	recieving	receiving
en	recipees	recipes
en	recipeints	recipients
en	recipets	recipes
en	recipiant	recipient
en	recipiants	recipients
en	recipientes	recipients
en	reciporcate	reciprocate
en	reciporcated	reciprocate
en	recipricate	reciprocate
en	reciprocant	reciprocate
en	reciproce	reciprocate
en	reciprociate	reciprocate
en	reciprocite	reciprocate
en	reciprocrate	reciprocate
en	recitfy	rectify
en	recived	received
en	recivership	receivership
en	reclami	reclaim
en	recliam	reclaim
en	reclutant	reluctant
en	reclutantly	reluctantly
en	recocnised	recognised
en	recoginse	recognise
en	recoginsed	recognised
en	recoginze	recognize
en	recoginzed	recognized
en	recogise	recognise
en	recogize	recognize
en	recognices	recognizes
en	recognicing	recognizing
en	recognie	recognizes
en	recognision	recognition
en	recogniton	recognition
en	recognizible	recognizable
en	recognzied	recognised
en	recolleciton	recollection
en	recomend	recommend
en	recomended	recommended
en	recomending	recommending
en	recomends	recommends
en	recommandation	recommendation
en	recommandations	recommendations
en	recommande	recommend
en	recommandes	recommends
en	recommanding	recommending
en	recommands	recommends
en	recommed	recommend
en	recommedations	recommendations
en	recommeded	recommended
en	recommendeds	recommends
en	recommendes	recommends
en	recommendors	recommends
en	recommened	recommend
en	recommeneded	recommended
en	recommennd	recommends
en	recommens	recommends
en	recommented	recommended
en	recommenting	recommending
en	recomments	recommends
en	recommondation	recommendation
en	recommondations	recommendations
en	recompence	recompense
en	reconaissance	reconnaissance
en	reconcider	reconsider
en	reconcilation	reconciliation
en	reconcille	reconcile
en	reconcilled	reconcile
en	reconenct	reconnect
en	recongise	recognise
en	recongised	recognised
en	recongition	recognition
en	recongizable	recognizable
en	recongize	recognize
en	recongized	recognized
en	recongizes	recognizes
en	recongizing	recognizing
en	reconicle	reconcile
en	reconisder	reconsider
en	reconized	recognized
en	reconnaisance	reconnaissance
en	reconnaissence	reconnaissance
en	reconnet	reconnect
en	reconsidder	reconsider
en	reconsiled	reconsider
en	reconstruccion	reconstruction
en	reconstrucion	reconstruction
en	reconsturction	reconstruction
en	recontructed	reconstructed
en	recordare	recorder
en	recordarle	recorder
en	recordarme	recorder
en	recordarse	recorder
en	recordarte	recorder
en	recorre	recorder
en	recoveres	recovers
en	recoverys	recovers
en	recoves	recovers
en	recpetionist	receptionist
en	recpetive	receptive
en	recpetors	receptors
en	recpies	recipes
en	recquired	required
en	recrational	recreational
en	recreacion	recreation
en	recreacional	recreational
en	recreatie	recreate
en	recreatief	recreate
en	recreationnal	recreational
en	recreativo	recreation
en	recriational	recreational
en	recrod	record
en	recruitcs	recruits
en	recruites	recruits
en	recrusion	recursion
en	recrutied	recruited
en	recrutier	recruiter
en	recrutiers	recruiters
en	recrutiment	recruitment
en	rectange	rectangle
en	rectangel	rectangle
en	rectanglar	rectangular
en	rectangluar	rectangular
en	rectangual	rectangular
en	rectangualr	rectangular
en	rectanguar	rectangular
en	rectangulaire	rectangular
en	rectanlge	rectangle
en	rectengular	rectangular
en	rectifiy	rectify
en	recuiting	recruiting
en	recuring	recurring
en	recurison	recursion
en	recurited	recruited
en	recuriter	recruiter
en	recuriters	recruiters
en	recuritment	recruitment
en	recurits	recruits
en	recurrance	recurrence
en	recursivly	recursively
en	recusrion	recursion
en	redeemd	redeemed
en	redeemeed	redeemed
en	redefinied	redefine
en	redefinine	redefine
en	redeisgn	redesign
en	redemeed	redeemed
en	redemtpion	redemption
en	redepmtion	redemption
en	redesgin	redesign
en	redesiging	redesign
en	redesing	redesign
en	rediculous	ridiculous
en	redistirbution	redistribution
en	redistribucion	redistribution
en	redistribuito	redistribution
en	redistributin	redistribution
en	redistributivo	redistribution
en	redistrubition	redistribution
en	redmeption	redemption
en	redneckers	rednecks
en	redneckese	rednecks
en	redneckest	rednecks
en	redners	renders
en	reduncancy	redundancy
en	redundantcy	redundancy
en	redundany	redundancy
en	redundency	redundancy
en	redundent	redundant
en	redundnacy	redundancy
en	redunduncy	redundancy
en	reedemed	redeemed
en	reedeming	redeeming
en	reencarnation	reincarnation
en	reenforced	reinforced
en	reevalulate	reevaluate
en	reevalutate	reevaluate
en	reevaulate	reevaluate
en	reevaulated	reevaluate
en	refect	reflect
en	refection	reflection
en	refedendum	referendum
en	refeeres	referees
en	refelct	reflect
en	refelcted	reflected
en	refelcting	reflecting
en	refelction	reflection
en	refelctions	reflections
en	refelctive	reflective
en	refelcts	reflects
en	refelxes	reflexes
en	referal	referral
en	referances	references
en	referancing	referencing
en	referandum	referendum
en	refereces	references
en	refered	referred
en	referede	referee
en	refereees	referees
en	refereers	referees
en	referemce	reference
en	referemces	references
en	referemdum	referendum
en	referenceing	referencing
en	referencs	references
en	referendim	referendum
en	referendom	referendum
en	referene	referee
en	referenece	reference
en	refereneced	referenced
en	refereneces	references
en	referening	referencing
en	referens	references
en	referense	references
en	referenses	referees
en	referentes	references
en	referere	referee
en	referiang	referring
en	referig	referring
en	referign	referring
en	referincing	referencing
en	refering	referring
en	referinng	referring
en	refernce	references
en	refernces	references
en	refernece	reference
en	referneces	references
en	referrence	reference
en	referrences	references
en	referrs	refers
en	refershed	refreshed
en	refersher	refresher
en	referundum	referendum
en	reffered	referred
en	refference	reference
en	reffering	referring
en	refilles	refills
en	refillls	refills
en	refirgerator	refrigerator
en	refleciton	reflections
en	reflecte	reflective
en	reflecters	reflects
en	reflectie	reflective
en	reflectivos	reflections
en	reflecto	reflection
en	reflektion	reflection
en	reflexs	reflexes
en	reflextion	reflection
en	reformerad	reformed
en	reformes	reforms
en	refrehser	refresher
en	refreing	referring
en	refrence	reference
en	refrences	references
en	refrers	refers
en	refreshd	refreshed
en	refreshener	refresher
en	refreshr	refresher
en	refriderator	refrigerator
en	refridgeration	refrigeration
en	refridgerator	refrigerator
en	refrigarator	refrigerator
en	refrigerador	refrigerator
en	refrigerar	refrigerator
en	refrigerater	refrigerator
en	refrigirator	refrigerator
en	refromed	reformed
en	refromist	reformist
en	refroms	reforms
en	refrubished	refurbished
en	refubrished	refurbished
en	refurbised	refurbished
en	refurbushed	refurbished
en	refusla	refusal
en	regardes	regards
en	regenade	renegade
en	regenarate	regenerate
en	regenaration	regeneration
en	regeneracion	regeneration
en	regeneratin	regeneration
en	regeneraton	regeneration
en	regenere	regenerate
en	regerts	regrets
en	regestration	registration
en	regiems	regimes
en	regimet	regiment
en	regionaal	regional
en	regiones	regions
en	regisrty	registry
en	registartion	registration
en	registed	registered
en	registerd	registered
en	registerdns	registers
en	registeres	registers
en	registeries	registers
en	registerred	registered
en	registery	registry
en	registraion	registration
en	registrating	registration
en	registrato	registration
en	registy	registry
en	regluar	regular
en	regocnition	recognition
en	regresas	regress
en	regreses	regress
en	regresives	regressive
en	regresos	regress
en	regresse	regressive
en	regressivo	regression
en	regresso	regression
en	regresssion	regression
en	regresssive	regressive
en	regrest	regrets
en	regrests	regress
en	regretts	regrets
en	regrigerator	refrigerator
en	regsitry	registry
en	regualrly	regularly
en	regualrs	regulars
en	regualte	regulate
en	regualting	regulating
en	regualtion	regulations
en	regualtions	regulations
en	regualtor	regulator
en	regualtors	regulators
en	reguarly	regularly
en	regulacion	regulation
en	regulae	regulate
en	regulaion	regulation
en	regulalry	regularly
en	regulament	regulate
en	regulaotrs	regulators
en	regulares	regulars
en	regularily	regularly
en	regularing	regulating
en	regularis	regulars
en	regularlas	regulars
en	regularlos	regulars
en	regulary	regularly
en	regulas	regulars
en	regulaters	regulators
en	regulatin	regulations
en	regulationg	regulating
en	regulatiors	regulators
en	regulatios	regulators
en	regulatons	regulations
en	regulatorias	regulators
en	regulatories	regulators
en	regulatorios	regulators
en	regulatr	regulator
en	regulats	regulators
en	regulsr	regulars
en	regurally	regularly
en	rehabilitacion	rehabilitation
en	rehabilitaion	rehabilitation
en	rehabilitaiton	rehabilitation
en	rehabilitatin	rehabilitation
en	rehabilitaton	rehabilitation
en	rehersal	rehearsal
en	rehtoric	rhetoric
en	rehtorical	rhetorical
en	reicarnation	reincarnation
en	reiceved	received
en	reigining	reigning
en	reigment	regiment
en	reigmes	regimes
en	reigonal	regional
en	reigons	regions
en	reinassance	renaissance
en	reincarantion	reincarnation
en	reincatnation	reincarnation
en	reinforcemens	reinforcements
en	reinforcemnets	reinforcements
en	reinforcemnt	reinforcement
en	reinforcemnts	reinforcements
en	reinforcemt	reinforcement
en	reinfornced	reinforced
en	reinitalise	reinitialise
en	reinitalised	reinitialised
en	reinitalises	reinitialises
en	reinitalising	reinitialising
en	reinitalization	reinitialization
en	reinitalizations	reinitializations
en	reinitalize	reinitialize
en	reinitalized	reinitialized
en	reinitalizes	reinitializes
en	reinitalizing	reinitializing
en	reinkarnation	reincarnation
en	reinstale	reinstalled
en	reinstaled	reinstalled
en	reinstaling	reinstalling
en	reinstallled	reinstalled
en	reinstallling	reinstalling
en	reinstallng	reinstalling
en	reintarnation	reincarnation
en	reisntall	reinstall
en	reisntalled	reinstalled
en	reisntalling	reinstalling
en	reitrement	retirement
en	reitres	retires
en	reivews	reviews
en	rekenton	renekton
en	reknown	renown
en	reknowned	renowned
en	rekommendation	recommendation
en	rektifications	certifications
en	rela	real
en	relagation	relaxation
en	relaibility	reliability
en	relaible	reliable
en	relaibly	reliably
en	relaise	realise
en	relaised	realised
en	relaitonship	relationships
en	relaly	really
en	relaoded	reloaded
en	relaoding	reloading
en	relapes	relapse
en	relaspe	relapse
en	relasped	relapsed
en	relatabe	relatable
en	relatation	relaxation
en	relateds	relates
en	relatiate	retaliate
en	relatiation	retaliation
en	relatie	relative
en	relatin	relation
en	relatinoship	relationships
en	relationshits	relationships
en	relationshp	relationships
en	relationsship	relationships
en	relatiopnship	relationship
en	relativety	relativity
en	relativily	relativity
en	relativiser	relatives
en	relativisme	relatives
en	relativitiy	relativity
en	relativitly	relativity
en	relativiy	relativity
en	relativley	relatively
en	relativly	relatively
en	relativno	relation
en	relativy	relativity
en	relavation	relaxation
en	relavence	relevance
en	relavent	relevant
en	relaxating	relaxation
en	relazation	relaxation
en	relcaim	reclaim
en	relcutant	reluctant
en	relcutantly	reluctantly
en	releagtion	relegation
en	relected	reelected
en	relegato	relegation
en	relegetion	relegation
en	releive	relieve
en	releived	relieved
en	releiver	reliever
en	relentlesly	relentlessly
en	relentlessely	relentlessly
en	relentlessley	relentlessly
en	relentlessy	relentlessly
en	relentness	relentless
en	releses	releases
en	reletnless	relentless
en	relevation	revelation
en	relevations	revelations
en	relevence	relevance
en	relevent	relevant
en	relexation	relegation
en	relfect	reflect
en	relfected	reflected
en	relfecting	reflecting
en	relfection	reflection
en	relfections	reflections
en	relfective	reflective
en	relfects	reflects
en	relfexes	reflexes
en	reliabe	reliable
en	reliabillity	reliability
en	reliabilty	reliability
en	reliabily	reliability
en	reliablely	reliably
en	reliabley	reliably
en	reliased	realised
en	relient	reliant
en	religeous	religious
en	religeously	religiously
en	religionens	religions
en	religioners	religions
en	religiones	religions
en	religiosly	religiously
en	religiousy	religiously
en	religous	religious
en	religously	religiously
en	relinqushment	relinquishment
en	relitavely	relatively
en	relized	realised
en	relpacement	replacement
en	relpase	relapse
en	relpased	relapsed
en	reluctanct	reluctant
en	reluctanctly	reluctantly
en	reluctanly	reluctantly
en	reluctanty	reluctantly
en	reluctently	reluctantly
en	remaind	remained
en	remainds	remains
en	remaing	remaining
en	remainig	remaining
en	remakrs	remarks
en	remannt	remnant
en	remannts	remnants
en	remarcably	remarkably
en	remarkablely	remarkably
en	remarkabley	remarkably
en	remarkablly	remarkably
en	remarkes	remarks
en	remarkibly	remarkably
en	remasterd	remastered
en	remasterred	remastered
en	remeber	remember
en	remembed	remembered
en	remembee	remembered
en	rememberance	remembrance
en	rememberd	remembered
en	rememberes	remembers
en	remembrence	remembrance
en	rememebr	remember
en	rememebrs	remembers
en	remenant	remnant
en	remenicent	reminiscent
en	remianing	remaining
en	remians	remains
en	remifications	ramifications
en	remignton	remington
en	reminent	remnant
en	reminescent	reminiscent
en	remingotn	remington
en	reminicient	reminiscent
en	reminiscant	reminiscent
en	reminiscient	reminiscent
en	reminiscint	reminiscent
en	reminisent	reminiscent
en	reminscent	reminiscent
en	reminscient	reminiscent
en	reminsicent	reminiscent
en	remmeber	remember
en	remmebered	remembered
en	remmebers	remembers
en	remnans	remnants
en	remotelly	remotely
en	remotley	remotely
en	renaiisance	renaissance
en	renaiscance	renaissance
en	renaissace	renaissance
en	renaissaince	renaissance
en	renaissanse	renaissance
en	renaissence	renaissance
en	renassaince	renaissance
en	renassiance	renaissance
en	renderd	rendered
en	renderered	rendered
en	renderes	renders
en	rendevous	rendezvous
en	rendezous	rendezvous
en	reneagde	renegade
en	renedered	rende
en	renegae	renegade
en	renegated	renegade
en	renegerate	regenerate
en	renegeration	regeneration
en	renetkon	renekton
en	renewabe	renewables
en	renewabels	renewables
en	renewebles	renewables
en	renewl	renewal
en	reniassance	renaissance
en	reniforcements	reinforcements
en	renketon	renekton
en	renmant	remnant
en	renmants	remnants
en	rennovate	renovate
en	rennovated	renovated
en	rennovating	renovating
en	rennovation	renovation
en	renoylds	reynolds
en	renteris	renters
en	rentors	renters
en	rentres	renters
en	renuion	reunion
en	renweables	renewables
en	renyolds	reynolds
en	reorganision	reorganisation
en	reowrked	reworked
en	repaird	repaired
en	repaires	repairs
en	repalcement	replacement
en	repalcements	replacements
en	repalces	replaces
en	repalying	replaying
en	repalys	replays
en	reparied	repaired
en	repatition	repetition
en	repblic	republic
en	repblican	republican
en	repblicans	republicans
en	repblics	republics
en	repbulic	republic
en	repbulican	republican
en	repbulicans	republicans
en	repeadedly	repeatedly
en	repeadetly	repeatedly
en	repearable	repeatable
en	repearedly	repealed
en	repeast	repeats
en	repeatadly	repeatedly
en	repeatae	repeatable
en	repeateadly	repeatedly
en	repeatedlt	repealed
en	repeatedy	repeatedly
en	repeates	repeats
en	repeatetly	repeatedly
en	repeatible	repeatable
en	repeatidly	repeatedly
en	repectable	repeatable
en	repective	receptive
en	repectively	respectively
en	repects	respects
en	repeition	repetition
en	repentable	repeatable
en	repentence	repentance
en	repentent	repentant
en	repersentation	representation
en	repersentations	representations
en	repersented	represented
en	repersenting	representing
en	repersents	represents
en	repetation	repetition
en	repeteadly	repeatedly
en	repetetion	repetition
en	repeticion	repetition
en	repetion	repetition
en	repetitivo	repetition
en	repharse	rephrase
en	rephrasse	rephrase
en	repid	rapid
en	repitle	reptile
en	repitles	reptiles
en	replacated	replicated
en	replaceble	replaceable
en	replacemet	replacements
en	replacemnet	replacements
en	replacemnt	replacement
en	replacemnts	replacements
en	replacemtn	replacements
en	replase	replaces
en	replased	relapsed
en	replayd	replayed
en	replayes	replays
en	repleacable	replaceable
en	replecated	replicated
en	replicae	replicated
en	replubic	republic
en	replusive	repulsive
en	repoistory	repository
en	reponse	response
en	reponsible	responsible
en	reporduction	reproduction
en	reporductive	reproductive
en	reportadly	reportedly
en	reportedy	reportedly
en	reporteros	reporters
en	reportes	reporters
en	reportidly	reportedly
en	repositary	repository
en	repositiory	repository
en	reposity	repository
en	reposotory	repository
en	repostas	reposts
en	repostd	reposted
en	repostes	reposts
en	repostig	reposting
en	repostiory	repository
en	repostus	reposts
en	reprecussion	repercussions
en	reprehenisble	reprehensible
en	reprehensable	reprehensible
en	reprehinsible	reprehensible
en	represantation	representation
en	represantations	representations
en	represantative	representative
en	represantatives	representatives
en	represenation	representation
en	represend	represented
en	represensible	reprehensible
en	representacion	representation
en	representaciones	representations
en	representaion	representation
en	representaiton	representations
en	representas	represents
en	representate	representative
en	representatie	representatives
en	representatief	representative
en	representatieve	representative
en	representatin	representations
en	representating	representation
en	representationen	representations
en	representationer	representations
en	representativas	representatives
en	representativo	representation
en	representerad	represented
en	representes	represents
en	representetive	representative
en	representetives	representatives
en	represention	representing
en	representitive	representative
en	representitives	representatives
en	representitve	representative
en	representive	representative
en	representives	representatives
en	representn	representing
en	representstion	representations
en	representstive	representatives
en	represet	represents
en	represetnation	representations
en	represnetation	representations
en	repressent	represents
en	repressin	repression
en	repressivo	repression
en	represso	repression
en	represssion	repression
en	reprezentative	representative
en	reprhase	rephrase
en	repricussions	repercussions
en	reprihensible	reprehensible
en	reproducable	reproducible
en	reproduccion	reproduction
en	reproducion	reproduction
en	reproduciton	reproduction
en	reproducive	reproductive
en	reproducting	reproduction
en	reproductivo	reproduction
en	reproduktion	reproduction
en	reprtoire	repertoire
en	repsawn	respawn
en	repsectable	respectable
en	repsectful	respectful
en	repsectfully	respectfully
en	repsecting	respecting
en	repsective	respective
en	repsectively	respectively
en	repsects	respects
en	repsond	respond
en	repsonded	responded
en	repsonding	responding
en	repsonds	responds
en	repsonse	response
en	repsonsibilities	responsibilities
en	repsonsibility	responsibility
en	repsonsible	responsible
en	repsonsibly	responsibly
en	repsonsive	responsive
en	repsoted	reposted
en	repsots	reposts
en	reptiel	reptile
en	reptils	reptiles
en	reptition	repetition
en	reptuable	reputable
en	reptuation	reputation
en	repubic	republic
en	repubican	republican
en	repubicans	republicans
en	repubics	republics
en	republcian	republican
en	republcians	republicans
en	republi	republic
en	republian	republican
en	republians	republicans
en	republicanas	republicans
en	republicanos	republicans
en	republicants	republicans
en	republician	republican
en	republicians	republicans
en	republicon	republican
en	republicons	republicans
en	republis	republics
en	repuglican	republican
en	repuglicans	republicans
en	repulic	republic
en	repulican	republican
en	repulicans	republicans
en	repulics	republics
en	repulisve	repulsive
en	repulsie	repulsive
en	repuslive	repulsive
en	reputacion	reputation
en	reqiuem	requiem
en	requeim	requiem
en	requeriment	requirement
en	requerimento	requirement
en	requeriments	requirements
en	requierment	requirements
en	requierments	requirements
en	requiers	requires
en	requieum	requiem
en	requilme	requiem
en	requime	requiem
en	requirment	requirement
en	requred	required
en	requrement	requirement
en	requried	required
en	requriements	requirements
en	requries	requires
en	resapwn	respawn
en	resaurant	restaurant
en	rescuecd	rescued
en	rescuse	rescues
en	researce	researcher
en	researchs	researchers
en	resembe	resemble
en	resembelance	resemblance
en	resembels	resembles
en	resembes	resembles
en	resemblace	resemble
en	resemblence	resemblance
en	resemblense	resembles
en	reseptionist	receptionist
en	reserach	research
en	reserached	researched
en	reseracher	researchers
en	reserachers	researchers
en	reseraching	researching
en	reserrection	resurrection
en	reserverad	reserved
en	reserverd	reserved
en	reservered	reserved
en	resevoir	reservoir
en	resgination	resignation
en	resgined	resigned
en	residencial	residential
en	residentail	residential
en	residental	residential
en	residentual	residential
en	residude	residue
en	residule	residue
en	resignacion	resignation
en	resignating	resignation
en	resignement	resignment
en	resignition	resignation
en	resinged	resigned
en	resintall	reinstall
en	resintalled	reinstalled
en	resintalling	reinstalling
en	resistable	resistible
en	resistancies	resistances
en	resistane	resistances
en	resistanes	resistances
en	resistans	resistances
en	resistanse	resistances
en	resistansen	resistances
en	resistanses	resistances
en	resistas	resists
en	resisten	resistance
en	resistence	resistance
en	resistences	resistances
en	resistencias	resistances
en	resistend	resisted
en	resistendo	resisted
en	resistent	resistant
en	resistered	resisted
en	resistes	resists
en	resistnace	resistances
en	resistnaces	resistances
en	resistribution	redistribution
en	resitsance	resistances
en	reslove	resolve
en	resloved	resolved
en	resloves	resolves
en	resmeble	resemble
en	resmebles	resembles
en	resoltuion	resolutions
en	resoltuions	resolutions
en	resolucion	resolution
en	resolutin	resolutions
en	resolutino	resolutions
en	resolutionary	revolutionary
en	resolutoin	resolutions
en	resolutons	resolutions
en	resolvemos	resolves
en	resolvendo	resolved
en	resolveres	resolves
en	resolverse	resolves
en	resolviste	resolves
en	resolvs	resolves
en	resonabelt	resonate
en	resonet	resonate
en	resoruces	resources
en	resotration	restoration
en	resotred	restored
en	resouce	resource
en	resoultion	resolution
en	resoultions	resolutions
en	resourse	resources
en	resovle	resolve
en	resovled	resolved
en	resovles	resolves
en	respecatble	respectable
en	respecitve	respective
en	respecitvely	respectively
en	respectabil	respectable
en	respectabile	respectable
en	respecte	respective
en	respectes	respects
en	respectfuly	respectfully
en	respectible	respectable
en	respectifs	respects
en	respection	respecting
en	respectivelly	respectively
en	respectivily	respectively
en	respectivley	respectively
en	respectivly	respectively
en	respectons	respects
en	respectos	respects
en	respectuflly	respectfully
en	respectuful	respectful
en	respectuos	respects
en	respektable	respectable
en	respektive	respective
en	resperatory	respiratory
en	resperitory	respiratory
en	respesct	respects
en	respest	respects
en	respiratiory	respiratory
en	respiratoy	respiratory
en	respiritory	respiratory
en	respitatory	respiratory
en	responce	response
en	responces	response
en	responcibilities	responsibilities
en	responcibility	responsibility
en	responcible	responsible
en	responcibly	responsibly
en	responcive	responsive
en	respondas	responds
en	respondendo	responded
en	respondis	responds
en	respondus	responds
en	respone	response
en	responed	respond
en	respones	response
en	responibilities	responsibilities
en	responisbilities	responsibilities
en	responisbility	responsibility
en	responisble	responsible
en	responisbly	responsibly
en	responisve	responsive
en	responnsibilty	responsibility
en	responsabile	responsible
en	responsabilities	responsibilities
en	responsability	responsibility
en	responsable	responsible
en	responsably	responsibly
en	responsaveis	responsive
en	responsbile	responsible
en	responsbilty	responsibly
en	responsbily	responsibly
en	responsd	responds
en	responsebilities	responsibilities
en	responsibe	responsive
en	responsibel	responsibly
en	responsibil	responsibly
en	responsibile	responsible
en	responsibilies	responsibilities
en	responsibilites	responsibilities
en	responsibilitys	responsibilities
en	responsibiliy	responsibility
en	responsibillities	responsibilities
en	responsibillity	responsibility
en	responsibilties	responsibilities
en	responsibilty	responsibility
en	responsibily	responsibility
en	responsibities	responsibilities
en	responsibley	responsibly
en	responsiblities	responsibilities
en	responsiblity	responsibility
en	responsibliy	responsibly
en	responsiblty	responsibly
en	responsiby	responsibly
en	responsile	responsive
en	responsing	responding
en	responsivle	responsive
en	resporatory	respiratory
en	respositories	repositories
en	respository	repository
en	respoted	reposted
en	respoting	reposting
en	respriatory	respiratory
en	respwan	respawn
en	ressemblance	resemblance
en	ressemble	resemble
en	ressembled	resembled
en	ressemblence	resemblance
en	ressembling	resembling
en	ressits	resists
en	resssurecting	resurrecting
en	ressurect	resurrect
en	ressurected	resurrected
en	ressurection	resurrection
en	ressurrection	resurrection
en	restanti	restarting
en	restarant	restaurant
en	restarants	restaurants
en	restaraunt	restaurant
en	restaraunteur	restaurateur
en	restaraunteurs	restaurateurs
en	restaraunts	restaurants
en	restaruant	restaurant
en	restaruants	restaurants
en	restatting	restarting
en	restaurantes	restaurants
en	restauration	restoration
en	restauraunt	restaurant
en	restauraunts	restaurants
en	restaurent	restaurant
en	restaurents	restaurants
en	restauring	restarting
en	resteraunt	restaurant
en	resteraunts	restaurants
en	resticted	restricted
en	restircted	restricted
en	restirction	restriction
en	restirctions	restrictions
en	restircts	restricts
en	restorani	restoration
en	restorarion	restoration
en	restorating	restoration
en	restord	restored
en	restorting	restarting
en	restraind	restrained
en	restraing	restraining
en	restrainig	restraining
en	restrainted	restrained
en	restrainting	restraining
en	restrait	restraint
en	restraunt	restraint
en	restrcited	restricted
en	restrcitions	restriction
en	restrcting	restarting
en	restrective	restrictive
en	restriant	restraint
en	restriccion	restriction
en	restricing	restricting
en	restricion	restriction
en	restricitng	restricting
en	restriciton	restrictions
en	restricitons	restrictions
en	restricitve	restrictive
en	restricive	restrictive
en	restrics	restricts
en	restricte	restrictive
en	restricteds	restricts
en	restricters	restricts
en	restrictes	restricts
en	restrictie	restrictive
en	restrictied	restrictive
en	restrictifs	restricts
en	restrictins	restricts
en	restrictios	restricts
en	restrictivo	restriction
en	restricton	restriction
en	restrictons	restricts
en	restriktion	restriction
en	restriktive	restrictive
en	restrittive	restrictive
en	restructed	restricted
en	restructing	restricting
en	restruction	restriction
en	restuarant	restaurant
en	restuarants	restaurants
en	resturant	restaurant
en	resturants	restaurants
en	resturaunt	restaurant
en	resturaunts	restaurants
en	resuable	reusable
en	resuced	rescued
en	resuces	rescues
en	resurecting	resurrecting
en	resurreccion	resurrection
en	resurrecion	resurrection
en	resurrektion	resurrection
en	retailate	retaliate
en	retailation	retaliation
en	retailes	retailers
en	retalaite	retaliate
en	retaliaton	retaliation
en	retalier	retailer
en	retaliers	retailers
en	retalitated	retaliated
en	retalitation	retaliation
en	retardathon	retardation
en	retardating	retardation
en	retardatron	retardation
en	retartation	retardation
en	reteriver	retriever
en	rethoric	rhetoric
en	rethorical	rhetorical
en	retierment	retirement
en	retirase	retires
en	retirbution	retribution
en	retireds	retires
en	retireus	retires
en	retireve	retrieve
en	retirever	retriever
en	retoractively	retroactively
en	retrebution	retribution
en	retreive	retrieve
en	retrevier	retriever
en	retribucion	retribution
en	retribuito	retribution
en	retribuiton	retribution
en	retributioon	retribution
en	retributivo	retribution
en	retribvtion	retribution
en	retrive	retrieve
en	retrived	retrieved
en	retriving	retrieving
en	retroactivelly	retroactively
en	retroactivily	retroactively
en	retroactivley	retroactively
en	retroactivly	retroactively
en	retrobution	retribution
en	retrocatively	retroactively
en	retrosepct	retrospect
en	retrospekt	retrospect
en	retrubution	retribution
en	retunred	returned
en	retuns	returns
en	returnd	returned
en	reuasble	reusable
en	reuinon	reunion
en	reuptable	reputable
en	revaluated	reevaluated
en	reveald	revealed
en	reveales	reveals
en	revealtion	revelations
en	revealtions	revelations
en	reveiw	review
en	reveiwed	reviewed
en	reveiwer	reviewer
en	reveiwers	reviewers
en	reveiws	reviews
en	revelaed	revealed
en	revelaing	revealing
en	revelaiton	revelations
en	revelaitons	revelations
en	revelance	relevance
en	revelant	relevant
en	revelas	reveals
en	revelatons	revelations
en	revelead	revealed
en	revelution	revelation
en	revelutionary	revolutionary
en	reveral	reversal
en	reverals	reversal
en	reversable	reversible
en	reversably	reversal
en	reviere	reviewer
en	reviewd	reviewed
en	reviewes	reviewers
en	reviewr	reviewer
en	reviewtrue	reviewer
en	revisiones	revisions
en	revisionis	revisions
en	revlover	revolver
en	revloves	revolves
en	revolations	revolutions
en	revoltuion	revolution
en	revoluiton	revolutions
en	revolutin	revolutions
en	revolutionair	revolutionary
en	revolutionairy	revolutionary
en	revolutionay	revolutionary
en	revolutionens	revolutions
en	revolutioners	revolutions
en	revolutionnary	revolutionary
en	revolutionos	revolutions
en	revolutoin	revolutions
en	revolvr	revolver
en	revolvs	revolves
en	revoultion	revolution
en	revoultionary	revolutionary
en	revoultions	revolutions
en	revovler	revolver
en	revovles	revolves
en	rewachted	rewatched
en	rewarching	rewatching
en	rewatchd	rewatched
en	rewatchibg	rewatching
en	rewatchig	rewatching
en	rewatchign	rewatching
en	rewatchimg	rewatching
en	rewirte	rewrite
en	rewitten	rewritten
en	reworkd	reworked
en	rewriet	rewrite
en	rewritte	rewrite
en	rewtched	wretched
en	reynlods	reynolds
en	reynols	reynolds
en	reyonlds	reynolds
en	rezurrection	resurrection
en	rferences	references
en	rhaposdy	rhapsody
en	rhapsodomy	rhapsody
en	rhapsoy	rhapsody
en	rhaspody	rhapsody
en	rheotric	rhetoric
en	rhetorisch	rhetoric
en	rhymme	rhyme
en	rhythem	rhythm
en	rhythim	rhythm
en	rhytmic	rhythmic
en	riaders	raiders
en	rictatorship	dictatorship
en	ridicilous	ridiculous
en	ridicilously	ridiculously
en	ridicilousness	ridiculousness
en	ridicoulus	ridiculous
en	ridicoulusly	ridiculously
en	ridicoulusness	ridiculousness
en	ridiculious	ridiculous
en	ridiculise	ridicule
en	ridiculize	ridicule
en	ridiculled	ridicule
en	ridiculos	ridiculous
en	ridiculose	ridicule
en	ridiculosly	ridiculously
en	ridiculouly	ridiculously
en	ridiculouness	ridiculousness
en	ridiculoussness	ridiculousness
en	ridiculousy	ridiculously
en	ridiculue	ridicule
en	ridiculued	ridicule
en	ridiculus	ridiculous
en	rienforced	reinforced
en	rienforcement	reinforcements
en	rienforcements	reinforcements
en	rigeur	rigueur
en	righetous	righteous
en	righetousness	righteousness
en	righteos	righteous
en	righteouness	righteousness
en	righteoussness	righteousness
en	rightfullly	rightfully
en	rightfuly	rightfully
en	rightiousness	righteousness
en	rightoues	righteous
en	rigntone	ringtone
en	rigourous	rigorous
en	rigtheous	righteous
en	rigtheousness	righteousness
en	rigthfully	rightfully
en	rilvaries	rivalries
en	ringotne	ringtone
en	rininging	ringing
en	rised	raised
en	ritalian	ritalin
en	ritlain	ritalin
en	ritoers	rioters
en	rivalrly	rivalry
en	rivarlies	rivalries
en	rivarly	rivalry
en	rivlaries	rivalries
en	rivlary	rivalry
en	roachers	roaches
en	roahces	roaches
en	roaylties	royalties
en	robberts	robbers
en	robberys	robbers
en	robocoop	robocop
en	robocorp	robocop
en	robocoup	robocop
en	roboticus	robotics
en	robotis	robotics
en	rockerfeller	rockefeller
en	rococco	rococo
en	rocord	record
en	roelplay	roleplay
en	roestta	rosetta
en	roganism	organism
en	roganisms	organisms
en	roiters	rioters
en	rolepaly	roleplay
en	rolepalying	roleplaying
en	roleplaing	roleplaying
en	roleply	roleplay
en	rollarcoaster	rollercoaster
en	rollercaoster	rollercoaster
en	rollercoaser	rollercoaster
en	rollercoater	rollercoaster
en	rollercoaters	rollercoaster
en	rollercoatser	rollercoaster
en	rollerocaster	rollercoaster
en	rollertoaster	rollercoaster
en	rollorcoaster	rollercoaster
en	romaanin	romanian
en	romaina	romania
en	romainan	romanian
en	romaing	roaming
en	romanain	romanian
en	romanica	romania
en	romanin	romanian
en	romanitcally	romantically
en	romanmania	romanian
en	romanna	romanian
en	romanticaly	romantically
en	roomate	roommate
en	rosettta	rosetta
en	rostaing	roasting
en	rotuers	routers
en	rougly	roughly
en	roundabaout	roundabout
en	roundaboot	roundabout
en	roundabount	roundabout
en	roundabounts	roundabout
en	routeros	routers
en	royalites	royalties
en	roylaties	royalties
en	rucuperate	recuperate
en	rudimentatry	rudimentary
en	rudimentery	rudimentary
en	rudimentory	rudimentary
en	rudimentry	rudimentary
en	rugters	rutgers
en	ruidmentary	rudimentary
en	rulebok	rulebook
en	ruleboook	rulebook
en	rulle	rule
en	rumorus	rumours
en	rumuors	rumours
en	runing	running
en	runnung	running
en	ruslted	rustled
en	russina	russian
en	russion	russian
en	rusteld	rustled
en	rutgerus	rutgers
en	rwite	write
en	ryenolds	reynolds
en	rysurrection	resurrection
en	rythem	rhythm
en	rythim	rhythm
en	rythm	rhythm
en	rythmic	rhythmic
en	rythyms	rhythms
en	sacarmento	sacramento
en	sacarstic	sarcastic
en	sacksonville	jacksonville
en	sacntioned	sanctioned
en	sacntuary	sanctuary
en	sacrafice	sacrifice
en	sacraficed	sacrificed
en	sacrafices	sacrifices
en	sacramenno	sacramento
en	sacrasm	sarcasm
en	sacrastic	sarcastic
en	sacrastically	sarcastically
en	sacreficed	sacrificed
en	sacrefices	sacrifices
en	sacreligious	sacrilegious
en	sacremento	sacramento
en	sacrifaced	sacrificed
en	sacrifaces	sacrifices
en	sacrifacing	sacrificing
en	sacrifical	sacrificial
en	sacrificare	sacrifice
en	sacrificas	sacrifices
en	sacrificeing	sacrificing
en	sacrificie	sacrificed
en	sacrificied	sacrifice
en	sacrificies	sacrifice
en	sacrificng	sacrificing
en	sacrifie	sacrifice
en	sacrifieced	sacrificed
en	sacrifise	sacrifices
en	sacrifises	sacrifices
en	sacrifising	sacrificing
en	sacrifized	sacrificed
en	sacrifizes	sacrifices
en	sacrifizing	sacrificing
en	sacromento	sacramento
en	saddends	saddens
en	saddenes	saddens
en	saddnes	saddens
en	sadisitc	sadistic
en	sadistc	sadistic
en	sadistisch	sadistic
en	sadning	sanding
en	saftey	safety
en	safty	safety
en	saksatchewan	saskatchewan
en	salaires	salaries
en	salaris	salaries
en	salavge	salvage
en	salery	salary
en	salughter	slaughter
en	salughtered	slaughtered
en	salughtering	slaughtering
en	salvery	slavery
en	salying	slaying
en	samckdown	smackdown
en	sampels	samples
en	samruai	samurai
en	samuari	samurai
en	samuria	samurai
en	sanctiond	sanctioned
en	sanctionne	sanctioned
en	sanctionned	sanctioned
en	sanctionning	sanctioning
en	sancturay	sanctuary
en	sancutary	sanctuary
en	sandales	sandals
en	sandalls	sandals
en	sandiwches	sandwiches
en	sandlas	sandals
en	sandnig	sanding
en	sandstom	sandstorm
en	sandstrom	sandstorm
en	sandviches	sandwiches
en	sandwhich	sandwich
en	sandwishes	sandwiches
en	sanhedrim	sanhedrin
en	sanitazion	sanitation
en	sanlder	sandler
en	sanotrum	santorum
en	santcuary	sanctuary
en	santiation	sanitation
en	santioned	sanctioned
en	santorm	santorum
en	santourm	santorum
en	santroum	santorum
en	santurom	santorum
en	sapcebar	spacebar
en	sapphie	sapphire
en	sapphirre	sapphire
en	sapphrie	sapphire
en	sarcams	sarcasm
en	sarcasam	sarcasm
en	sarcasim	sarcasm
en	sarcasitcally	sarcastically
en	sarcastc	sarcastic
en	sarcasticaly	sarcastically
en	sarcasticlly	sarcastically
en	sarcastisch	sarcastic
en	sargant	sergeant
en	sargeant	sergeant
en	sasauges	sausages
en	sascatchewan	saskatchewan
en	saskatcehwan	saskatchewan
en	saskatchawan	saskatchewan
en	saskatchewinian	saskatchewan
en	saskatchewn	saskatchewan
en	saskatchwan	saskatchewan
en	saskatechwan	saskatchewan
en	sasketchawan	saskatchewan
en	sasketchewan	saskatchewan
en	sasktachewan	saskatchewan
en	sastified	satisfied
en	sastifies	satisfies
en	sastifying	satisfying
en	sasuage	sausage
en	sasuages	sausages
en	sasy	says
en	satasfaction	satisfaction
en	satasfactory	satisfactory
en	satelite	satellite
en	satelites	satellites
en	satellie	satellites
en	satellitte	satellites
en	saterday	saturday
en	saterdays	saturdays
en	satifies	satisfies
en	satifsy	satisfy
en	satifsying	satisfying
en	satisfaccion	satisfaction
en	satisfacion	satisfaction
en	satisfacory	satisfactory
en	satisfacting	satisfaction
en	satisfactorally	satisfactory
en	satisfactoraly	satisfactory
en	satisfactorilly	satisfactory
en	satisfactority	satisfactorily
en	satisfactorly	satisfactory
en	satisfcation	satisfaction
en	satisfiction	satisfaction
en	satisfiy	satisfy
en	satisifed	satisfied
en	satisifes	satisfies
en	satistactory	satisfactory
en	satisy	satisfy
en	satric	satiric
en	satrical	satirical
en	satrically	satirically
en	satruday	saturday
en	satrudays	saturdays
en	satsifaction	satisfaction
en	satsifactory	satisfactory
en	satsified	satisfied
en	satsifies	satisfies
en	satsify	satisfy
en	satsifying	satisfying
en	satsohi	satoshi
en	sattelite	satellite
en	sattelites	satellites
en	saturacion	saturation
en	saturdsy	saturdays
en	saught	sought
en	savanha	savannah
en	savannh	savannah
en	saveing	saving
en	sawnsea	swansea
en	sawnson	swanson
en	sawstika	swastika
en	saxaphone	saxophone
en	scaepgoat	scapegoat
en	scaleable	scalable
en	scandales	scandals
en	scandalos	scandals
en	scandalosa	scandals
en	scandalose	scandals
en	scandalosi	scandals
en	scandaloso	scandals
en	scandanavia	scandinavia
en	scandaniva	scandinavia
en	scandanivia	scandinavian
en	scandanivian	scandinavian
en	scandas	scandals
en	scandenavia	scandinavia
en	scandenavian	scandinavian
en	scandianvia	scandinavian
en	scandianvian	scandinavian
en	scandianvians	scandinavian
en	scandimania	scandinavia
en	scandinacian	scandinavian
en	scandinaiva	scandinavian
en	scandinaivan	scandinavia
en	scandinava	scandinavian
en	scandinavan	scandinavian
en	scandinavica	scandinavian
en	scandinavien	scandinavian
en	scandinavion	scandinavian
en	scandinvia	scandinavia
en	scandivania	scandinavian
en	scandivanian	scandinavian
en	scandlas	scandals
en	scandonavia	scandinavia
en	scandonavian	scandinavian
en	scannig	scanning
en	scannign	scanning
en	scantuary	sanctuary
en	scaramento	sacramento
en	scaricity	scarcity
en	scarifice	sacrifice
en	scarificed	sacrificed
en	scarifices	sacrifices
en	scarificing	sacrificing
en	scarmble	scramble
en	scarmbled	scrambled
en	scarmbling	scrambling
en	scartch	scratch
en	scartched	scratched
en	scartches	scratches
en	scartching	scratching
en	scateboarding	skateboarding
en	scavanged	scavenged
en	sceintific	scientific
en	sceintifically	scientifically
en	sceintist	scientist
en	sceintists	scientists
en	scenarioes	scenarios
en	scenarions	scenarios
en	scenarious	scenarios
en	scepture	scepter
en	schedual	schedule
en	scheduleing	scheduling
en	schedulling	scheduling
en	scheems	schemes
en	scheudling	scheduling
en	schisophrenic	schizophrenic
en	schiziphrenic	schizophrenic
en	schizophernia	schizophrenia
en	schizophernic	schizophrenic
en	schizophrania	schizophrenia
en	schizophrena	schizophrenia
en	schizophreniiic	schizophrenic
en	schizophrentic	schizophrenic
en	schizoprhenia	schizophrenia
en	schizoprhenic	schizophrenic
en	schoalrs	scholars
en	schoalrship	scholarships
en	scholalry	scholarly
en	scholarhip	scholarship
en	scholarhips	scholarship
en	scholarhsips	scholarships
en	scholarley	scholarly
en	scholarstic	scholastic
en	scholary	scholarly
en	scholership	scholarship
en	scholerships	scholarships
en	scholorship	scholarship
en	scholorships	scholarships
en	schoodle	schooled
en	schoold	schooled
en	schozophrenia	schizophrenia
en	schozophrenic	schizophrenic
en	schyzophrenia	schizophrenia
en	schyzophrenic	schizophrenic
en	schziophrenia	schizophrenia
en	schziophrenic	schizophrenic
en	sciencers	sciences
en	sciencists	scientists
en	sciense	sciences
en	scientests	scientists
en	scientfic	scientific
en	scientic	scientific
en	scientiests	scientists
en	scientifc	scientific
en	scientificaly	scientifically
en	scientificlly	scientifically
en	scientis	scientist
en	scientits	scientist
en	scince	science
en	scinece	science
en	scirpt	script
en	scirptures	scriptures
en	sclupture	sculpture
en	scnadinavia	scandinavia
en	scnadinavian	scandinavian
en	scnearios	scenarios
en	scoll	scroll
en	scooterers	scooters
en	scootes	scooters
en	scoprion	scorpion
en	scorates	socrates
en	scorebaord	scoreboard
en	scoreboad	scoreboard
en	scoreborad	scoreboard
en	scorebored	scoreboard
en	scoripon	scorpion
en	scorpin	scorpion
en	scorpiomon	scorpion
en	scorpoin	scorpion
en	scostman	scotsman
en	scottisch	scottish
en	scpeter	scepter
en	scracth	scratch
en	scracthed	scratched
en	scracthes	scratches
en	scracthing	scratching
en	scrambe	scramble
en	scrambeld	scrambled
en	scrambleing	scrambling
en	scramblies	scramble
en	scratchs	scratches
en	scrathces	scratches
en	screenshat	screenshot
en	screenshit	screenshot
en	screenshoot	screenshot
en	screenshoots	screenshot
en	screenwrighter	screenwriter
en	scriptores	scriptures
en	scriptue	scriptures
en	scripturae	scriptures
en	scriptus	scripts
en	scriputres	scriptures
en	scritped	scripted
en	scritps	scripts
en	scritpures	scriptures
en	scroates	socrates
en	scrollade	scrolled
en	scrolld	scrolled
en	scropion	scorpion
en	scrpited	scripted
en	scrpits	scripts
en	scruitny	scrutiny
en	scrunity	scrutiny
en	scrutiney	scrutiny
en	scrutinity	scrutiny
en	scrutinty	scrutiny
en	sctosman	scotsman
en	sculpter	sculpture
en	sculpteur	sculpture
en	sculputre	sculpture
en	scultpure	sculpture
en	scuplture	sculpture
en	scuptures	sculptures
en	scurtiny	scrutiny
en	scyhter	scyther
en	seach	search
en	seached	searched
en	seaches	searches
en	seahakws	seahawks
en	seahawkers	seahawks
en	seahaws	seahawks
en	seahwaks	seahawks
en	seamlessley	seamlessly
en	seamlessy	seamlessly
en	seantor	senator
en	seantors	senators
en	searchd	searched
en	searchign	searching
en	searchs	searches
en	sebasitan	sebastian
en	sebastain	sebastian
en	sebastiaan	sebastian
en	sebastin	sebastian
en	sebrian	serbian
en	sebsatian	sebastian
en	secceeded	seceded
en	seceed	succeed
en	seceeded	succeeded
en	secertary	secretary
en	secertly	secretly
en	secerts	secrets
en	secpter	scepter
en	secratary	secretary
en	secratery	secretary
en	secrelty	secretly
en	secrest	secrets
en	secretas	secrets
en	secretery	secretary
en	secretley	secretly
en	secretos	secrets
en	secrety	secretly
en	secruity	security
en	secuirty	security
en	sedentarity	sedentary
en	sedereal	sidereal
en	sednetary	sedentary
en	seduciton	seduction
en	seflies	selfies
en	seflishness	selfishness
en	segegrated	segregated
en	segementation	segmentation
en	segergation	segregation
en	segragated	segregated
en	segragation	segregation
en	segregacion	segregation
en	segregaded	segregated
en	segregatie	segregated
en	segretated	segregated
en	segretation	segregation
en	segrigated	segregated
en	segrigation	segregation
en	seguoys	segues
en	seige	siege
en	seing	seeing
en	seinor	senior
en	seinors	seniors
en	seldomly	seldom
en	selectie	selective
en	selectiose	selections
en	selectivley	selectively
en	selectivly	selectively
en	selectivos	selections
en	selfeshness	selfishness
en	selfiers	selfies
en	selfishess	selfishness
en	selifes	selfies
en	semanitcs	semantics
en	semestre	semester
en	semestres	semesters
en	semnatics	semantics
en	semseter	semester
en	semseters	semesters
en	senarios	scenarios
en	senatores	senators
en	sence	sense
en	sendetary	sedentary
en	senerity	serenity
en	seniores	seniors
en	senisble	sensible
en	senitmental	sentimental
en	senitments	sentiments
en	senoirs	seniors
en	sensacional	sensational
en	sensacionalism	sensationalism
en	sensacionalist	sensationalist
en	sensasional	sensational
en	sensasionalism	sensationalism
en	sensasionalist	sensationalist
en	sensationable	sensational
en	sensationail	sensational
en	sensationails	sensationalism
en	sensationaism	sensationalism
en	sensationalim	sensationalism
en	sensationalisim	sensationalism
en	sensationality	sensationalist
en	sensationalizm	sensationalism
en	sensationalsim	sensationalism
en	sensationel	sensational
en	sensationella	sensational
en	sensationilism	sensationalism
en	sensationilist	sensationalist
en	sensationnal	sensational
en	sensationslism	sensationalism
en	sensetional	sensational
en	sensetionalism	sensationalism
en	sensibel	sensible
en	sensibilisiert	sensibilities
en	sensibilites	sensibilities
en	sensitivety	sensitivity
en	sensitivitiy	sensitivity
en	sensitiviy	sensitivity
en	sensitivty	sensitivity
en	sensitivy	sensitivity
en	sensores	sensors
en	senstive	sensitive
en	sensure	censure
en	sentamental	sentimental
en	sentaments	sentiments
en	sentancing	sentencing
en	sentaor	senator
en	sentaors	senators
en	sentationalism	sensationalism
en	sentationalist	sensationalist
en	sentemental	sentimental
en	sentements	sentiments
en	sentenceing	sentencing
en	sentencian	sentencing
en	sentensing	sentencing
en	sentiers	sentries
en	sentimant	sentimental
en	sentimenal	sentimental
en	sentimentals	sentiments
en	sentimentos	sentiments
en	sentimentul	sentimental
en	sentimetal	sentimental
en	sentincing	sentencing
en	sentinents	sentiments
en	sentinet	sentient
en	sentinte	sentient
en	sentires	sentries
en	sentreis	sentries
en	sentris	sentries
en	senzationalism	sensationalism
en	senzationalist	sensationalist
en	separacion	separation
en	separatedly	separately
en	separatelly	separately
en	separaters	separates
en	separatisme	separates
en	separatiste	separates
en	separatley	separately
en	separato	separation
en	separatron	separation
en	separete	separate
en	separetely	separately
en	sepcially	specially
en	sepcifications	specification
en	sepculating	speculating
en	sepearte	separate
en	seperate	separate
en	seperated	separated
en	seperately	separately
en	seperates	separates
en	seperating	separating
en	seperation	separation
en	seperatism	separatism
en	seperatist	separatist
en	seperatley	separate
en	seperator	separator
en	sepina	subpoena
en	seplling	spelling
en	sepreate	separate
en	septmeber	september
en	sepulchure	sepulchre
en	sepulcre	sepulchre
en	serached	searched
en	seraches	searches
en	seraching	searching
en	serbain	serbian
en	serenitary	serenity
en	serentiy	serenity
en	sergaent	sergeant
en	sergeat	sergeant
en	sergent	sergeant
en	seriban	serbian
en	seriosuly	seriously
en	serioulsy	seriously
en	seriuosly	seriously
en	serivceable	serviceable
en	sertificates	certificates
en	servans	servants
en	servantes	servants
en	serveillance	surveillance
en	serviceble	serviceable
en	serviciable	serviceable
en	seskatchewan	saskatchewan
en	sesnors	sensors
en	settelement	settlement
en	settelment	settlement
en	settelments	settlements
en	settigns	settings
en	settins	settings
en	settlemens	settlements
en	settlemetns	settlements
en	settlemets	settlements
en	settlemnts	settlements
en	settlment	settlement
en	settting	setting
en	seuxalized	sexualized
en	seventeeen	seventeen
en	seventen	seventeen
en	severeal	several
en	severeid	severed
en	severide	severed
en	severley	severely
en	severly	severely
en	sevice	service
en	sexaulized	sexualized
en	sexaully	sexually
en	sexualixed	sexualized
en	sexualizd	sexualized
en	sexualizied	sexualized
en	sexuallity	sexually
en	sexuallly	sexually
en	sexualy	sexually
en	sexualzied	sexualized
en	sexulaized	sexualized
en	seziure	seizure
en	seziures	seizures
en	sezuires	seizures
en	shadasloo	shadaloo
en	shaddow	shadow
en	shadoloo	shadaloo
en	shakeapeare	shakespeare
en	shakepseare	shakespeare
en	shakespare	shakespeare
en	shakespeer	shakespeare
en	shakespere	shakespeare
en	shakesperean	shakespeare
en	shakesphere	shakespeare
en	shamelesly	shamelessly
en	shamelessely	shamelessly
en	shamelessley	shamelessly
en	shamelessy	shamelessly
en	shamen	shaman
en	shampionship	championship
en	shanenigans	shenanigans
en	shangahi	shanghai
en	shanghi	shanghai
en	shanghia	shanghai
en	shaprening	sharpening
en	shaprie	sharpie
en	shaprly	sharply
en	shaprness	sharpness
en	shardholders	shareholders
en	shareholdes	shareholders
en	shareholds	shareholders
en	sharipe	sharpie
en	sharkening	sharpening
en	sharpeneing	sharpening
en	sharpenning	sharpening
en	sharpenss	sharpness
en	sharpining	sharpening
en	sharplay	sharply
en	sharpley	sharply
en	shartening	sharpening
en	shatnering	shattering
en	shattening	shattering
en	shatterling	shattering
en	shatterring	shattering
en	shawhsank	shawshank
en	shawshak	shawshank
en	shcemes	schemes
en	shcizophrenic	schizophrenic
en	shcolars	scholars
en	shcooled	schooled
en	sheakspeare	shakespeare
en	sheelpe	sheeple
en	sheepel	sheeple
en	sheild	shield
en	sheilded	shielded
en	sheilding	shielding
en	shelterd	sheltered
en	shelvers	shelves
en	shelveys	shelves
en	shenadigans	shenanigans
en	shenanagans	shenanigans
en	shenanagins	shenanigans
en	shenanegans	shenanigans
en	shenanegins	shenanigans
en	shenangians	shenanigans
en	shenanigains	shenanigans
en	shenanigangs	shenanigans
en	shenaniganns	shenanigans
en	shenanigens	shenanigans
en	shenanighans	shenanigans
en	shenanigins	shenanigans
en	shenenigans	shenanigans
en	sheninigans	shenanigans
en	shennaigans	shenanigans
en	shepharded	shepherd
en	shephed	shepherd
en	shephered	shepherd
en	sherlcok	sherlock
en	sherlok	sherlock
en	shetler	shelter
en	shetlers	shelters
en	shevles	shelves
en	shfiter	shifter
en	shfiting	shifting
en	shieldd	shielded
en	shifitng	shifting
en	shifteer	shifter
en	shileded	shielded
en	shileding	shielding
en	shilouette	silhouette
en	shineing	shining
en	shiped	shipped
en	shiping	shipping
en	shirely	shirley
en	shitfer	shifter
en	shitlasses	shitless
en	shitstom	shitstorm
en	shitstrom	shitstorm
en	shittoon	shitton
en	shittown	shitton
en	shledon	sheldon
en	shleter	shelter
en	shletered	sheltered
en	shleters	shelters
en	shnaghai	shanghai
en	shopkeeepers	shopkeepers
en	shorly	shortly
en	shortend	shortened
en	shortenend	shortened
en	shortenning	shortening
en	shortenting	shortening
en	shortining	shortening
en	shotuout	shoutout
en	shoudl	should
en	shoudlers	shoulders
en	shoudln	should
en	shoudlnt	shouldnt
en	shouldes	shoulders
en	shouldnot	shouldnt
en	shouldt	shouldnt
en	shoulndt	shouldnt
en	shoutot	shoutout
en	showboarding	snowboarding
en	showede	showered
en	showerd	showered
en	shperes	spheres
en	shperical	spherical
en	shrapenl	shrapnel
en	shreak	shriek
en	shrelock	sherlock
en	shriley	shirley
en	shrinked	shrunk
en	shrpanel	shrapnel
en	shtiless	shitless
en	shuoldnt	shouldnt
en	shwashank	shawshank
en	siblins	siblings
en	sicne	since
en	sidebaord	sideboard
en	sideboad	sideboard
en	sidelen	sideline
en	sidelinien	sideline
en	sidelinjen	sideline
en	sidelinked	sideline
en	sideral	sidereal
en	sidleine	sideline
en	siezable	sizeable
en	sieze	seize
en	siezed	seized
en	siezing	seizing
en	siezure	seizure
en	siezures	seizures
en	siganture	signature
en	sigantures	signatures
en	sightstine	sightstone
en	siginificant	significant
en	signapore	singapore
en	signatue	signatures
en	signficant	significant
en	signficiant	significant
en	signfies	signifies
en	signfiy	signify
en	signifantly	significantly
en	signifiant	significant
en	significane	significance
en	significanlty	significantly
en	significanly	significantly
en	significante	significance
en	significanty	significantly
en	significat	significant
en	significatly	significantly
en	significato	significant
en	significently	significantly
en	signifigant	significant
en	signifigantly	significantly
en	signifikant	significant
en	signifiy	signify
en	signigns	signings
en	signins	signings
en	signitories	signatories
en	signitory	signatory
en	signitures	signatures
en	signleplayer	singleplayer
en	signles	singles
en	signular	singular
en	signularity	singularity
en	sigthstone	sightstone
en	sihlouette	silhouette
en	silbings	siblings
en	silders	sliders
en	silenty	silently
en	silhouete	silhouette
en	silicoln	silicon
en	silicoon	silicon
en	silimiar	similar
en	silohuette	silhouette
en	silouhette	silhouette
en	simaltaneous	simultaneous
en	simaltaneously	simultaneously
en	simeltaneous	simultaneous
en	simeltaneously	simultaneously
en	simialir	similar
en	simiilar	similar
en	similair	similar
en	similairty	similarity
en	similaraties	similarities
en	similari	similar
en	similarily	similarly
en	similarites	similarities
en	similarlity	similarity
en	similarlly	similarly
en	similart	similarity
en	similary	similarly
en	similiair	similar
en	similiar	similar
en	similiarites	similarities
en	similiarity	similarity
en	similiarly	similarly
en	similiarties	similarities
en	similiarty	similarity
en	similir	similar
en	similiraties	similarities
en	similtaneous	simultaneous
en	similtaneously	simultaneously
en	simliar	similar
en	simliarities	similarities
en	simliarity	similarity
en	simliarly	similarly
en	simliiar	similar
en	simluate	simulate
en	simluated	simulated
en	simluation	simulation
en	simluations	simulations
en	simluator	simulator
en	simlutaneous	simultaneous
en	simlutaneously	simultaneously
en	simmilar	similar
en	simpathizers	sympathizers
en	simpelst	simplest
en	simplefying	simplifying
en	simplet	simplest
en	simplets	simplest
en	simpley	simply
en	simplfy	simplify
en	simplicitly	simplicity
en	simplictic	simplistic
en	simplicy	simplicity
en	simplier	simpler
en	simplificacion	simplification
en	simplificaiton	simplification
en	simplificating	simplification
en	simplifiing	simplifying
en	simplifing	simplifying
en	simplifiy	simplify
en	simplifyed	simplified
en	simplifyng	simplifying
en	simplisitc	simplistic
en	simplisitic	simplistic
en	simplisity	simplicity
en	simplistes	simplest
en	simplistisch	simplistic
en	simplivity	simplicity
en	simpliy	simplify
en	simplyfied	simplified
en	simplyifing	simplifying
en	simposn	simpson
en	simspon	simpson
en	simualted	simulated
en	simualtion	simulation
en	simualtions	simulations
en	simualtor	simulator
en	simulacion	simulation
en	simulaiton	simulations
en	simulatenous	simultaneous
en	simulatenously	simultaneously
en	simulatie	simulate
en	simulaties	simulate
en	simulatin	simulation
en	simulatious	simulations
en	simulative	simulate
en	simulatneous	simultaneous
en	simulatneously	simultaneously
en	simulato	simulation
en	simulatons	simulations
en	simulatore	simulate
en	simultaenous	simultaneous
en	simultaenously	simultaneously
en	simultainously	simultaneously
en	simultaneos	simultaneous
en	simultaneosly	simultaneously
en	simultaneoulsy	simultaneously
en	simultaneuos	simultaneous
en	simultaneuous	simultaneous
en	simultaneus	simultaneous
en	simultanious	simultaneous
en	simultaniously	simultaneously
en	simultanous	simultaneous
en	simultanously	simultaneously
en	simulteanously	simultaneously
en	simulteneous	simultaneous
en	sinagpore	singapore
en	sincereley	sincerely
en	sincerelly	sincerely
en	sincerley	sincerely
en	singals	signals
en	singature	signature
en	singatures	signatures
en	singelplayer	singleplayer
en	singels	singles
en	singificantly	significantly
en	singify	signify
en	singlepalyer	singleplayer
en	singlers	singles
en	singluar	singular
en	singluarity	singularity
en	singpaore	singapore
en	singsog	singsong
en	singualrity	singularity
en	singulair	singular
en	singulaire	singular
en	singulairty	singularity
en	singularily	singularity
en	singulariy	singularity
en	singularty	singularity
en	singulary	singularity
en	singulator	singular
en	sinistre	sinister
en	sinlgeplayer	singleplayer
en	sinse	sines
en	sinsiter	sinister
en	sistematically	systematically
en	sitautional	situational
en	sitautions	situations
en	sitckers	stickers
en	sitmuli	stimuli
en	sitrring	stirring
en	situacional	situational
en	situatinal	situational
en	situationals	situations
en	situationly	situational
en	situationnal	situational
en	siutational	situational
en	sixtin	sistine
en	sizebale	sizeable
en	skandinavian	scandinavian
en	skatebaord	skateboard
en	skatebaording	skateboarding
en	skatebaords	skateboard
en	skateboad	skateboard
en	skateboader	skateboard
en	skateboaring	skateboarding
en	skateborad	skateboard
en	skateborading	skateboarding
en	skatebored	skateboard
en	skatebrand	skateboard
en	skateing	skating
en	skecthes	sketches
en	skecthy	sketchy
en	skelatel	skeletal
en	skeletaal	skeletal
en	skeletl	skeletal
en	skeletones	skeletons
en	skeletos	skeletons
en	skepitcal	skeptical
en	skeptecism	skepticism
en	skepticals	skeptics
en	skepticim	skepticism
en	skepticisim	skepticism
en	skepticles	skeptics
en	skepticons	skeptics
en	skeptis	skeptics
en	skeptisicm	skepticism
en	skeptisism	skepticism
en	sketchey	sketchy
en	sketchs	sketches
en	sketchysex	sketches
en	sketpic	skeptic
en	sketpical	skeptical
en	sketpicism	skepticism
en	sketpics	skeptics
en	skillhosts	skillshots
en	skillshits	skillshots
en	skillshoot	skillshots
en	skillshoots	skillshots
en	skillshosts	skillshots
en	skillslots	skillshots
en	skillsofts	skillshots
en	skillsshot	skillshots
en	skillsto	skillshots
en	skimrish	skirmish
en	skiped	skipped
en	skirmiches	skirmish
en	skpetic	skeptic
en	skpeticism	skepticism
en	skpetics	skeptics
en	skrawberries	strawberries
en	skrimish	skirmish
en	skteches	sketches
en	sktechy	sketchy
en	skwyard	skyward
en	skywalkr	skywalker
en	slaptoon	splatoon
en	slaughted	slaughtered
en	slaughterd	slaughtered
en	slaugterhouses	slaughterhouses
en	slaugther	slaughter
en	slaugthered	slaughtered
en	slaugthering	slaughtering
en	slavage	salvage
en	slaverly	slavery
en	slayign	slaying
en	sldiers	sliders
en	slefies	selfies
en	slefishness	selfishness
en	slienced	silenced
en	sliently	silently
en	slighlty	slightly
en	slighly	slightly
en	slighty	slightly
en	sligthly	slightly
en	slipperies	slippers
en	slipperly	slippery
en	slippes	slippers
en	slippey	slippery
en	sloughtering	slaughtering
en	slowy	slowly
en	sluaghter	slaughter
en	sluaghtered	slaughtered
en	sluaghtering	slaughtering
en	smackdwon	smackdown
en	smae	same
en	smaples	samples
en	smarpthone	smartphones
en	smartare	smarter
en	smarthpone	smartphone
en	smarthpones	smartphones
en	smartre	smarter
en	smaurai	samurai
en	smealting	smelting
en	smeesters	semesters
en	smoe	some
en	snadler	sandler
en	snadstorm	sandstorm
en	snadwiches	sandwiches
en	sneeks	sneaks
en	snese	sneeze
en	snetries	sentries
en	snigles	singles
en	snippent	snippet
en	snippert	snippet
en	snippes	snippets
en	snippetts	snippets
en	snodwen	snowden
en	snowbaling	snowballing
en	snowballes	snowballs
en	snowballling	snowballing
en	snowballls	snowballs
en	snowbals	snowballs
en	snowbaording	snowboarding
en	snowboaring	snowboarding
en	snowbolling	snowballing
en	snowfalke	snowflake
en	snowfalling	snowballing
en	snowflaek	snowflake
en	snowlfake	snowflake
en	snugglie	snuggle
en	snwoballs	snowballs
en	snwoden	snowden
en	snycing	syncing
en	snydrome	syndrome
en	snyergy	synergy
en	snyopsis	synopsis
en	snythesis	synthesis
en	snythetic	synthetic
en	soberity	sobriety
en	sobreity	sobriety
en	socailism	socialism
en	socailist	socialist
en	socailists	socialists
en	socailize	socialize
en	socailized	socialized
en	socailizing	socializing
en	socailly	socially
en	socalism	socialism
en	socartes	socrates
en	soceities	societies
en	socialicing	socializing
en	socialim	socialism
en	socialini	socializing
en	socialisim	socialism
en	socialiss	socialists
en	socialistes	socialists
en	socialistisk	socialists
en	socialistos	socialists
en	socializare	socialize
en	socializng	socializing
en	socialogical	sociological
en	socialsim	socialism
en	socialsits	socialists
en	socialy	socially
en	sociapathic	sociopathic
en	sociapaths	sociopaths
en	socieites	societies
en	socilaism	socialism
en	socilaist	socialist
en	socilaists	socialists
en	socilaized	socialized
en	socioecenomic	socioeconomic
en	socioecomonic	socioeconomic
en	socioeconimc	socioeconomic
en	socioeconimic	socioeconomic
en	socioeconmic	socioeconomic
en	socioligical	sociological
en	sociologia	sociological
en	sociologial	sociological
en	sociopatas	sociopaths
en	sociopatch	sociopaths
en	sociopathes	sociopaths
en	sociopathis	sociopaths
en	sociopati	sociopathic
en	sociopatic	sociopathic
en	sociopats	sociopaths
en	sociophatic	sociopathic
en	sociopolical	sociological
en	socities	societies
en	socratease	socrates
en	socratees	socrates
en	socrateks	socrates
en	socreboard	scoreboard
en	socttish	scottish
en	soem	some
en	soemthin	somethin
en	soemthing	something
en	soemthings	somethings
en	sofware	software
en	sohpisticated	sophisticated
en	sohpomore	sophomore
en	sohw	show
en	soilders	soldiers
en	soildly	solidly
en	solatary	solitary
en	soldeirs	soldiers
en	soldiarity	solidarity
en	soldies	soldiers
en	soldily	solidly
en	soley	solely
en	solidairty	solidarity
en	solidariety	solidarity
en	soliders	soldiers
en	soliditary	solidarity
en	soliliquy	soliloquy
en	solitudine	solitude
en	soluable	soluble
en	solutide	solitude
en	somaila	somalia
en	somalija	somalia
en	somehtin	somethin
en	somehting	something
en	somehtings	somethings
en	somene	someone
en	someoens	someones
en	someoneis	someones
en	someonelse	someones
en	someons	someones
en	somethibng	somethin
en	somethign	something
en	somethigng	somethin
en	somethigns	somethings
en	somethihng	somethin
en	somethiing	somethin
en	somethijng	somethin
en	somethikng	somethin
en	somethimng	somethin
en	somethinbg	somethings
en	somethines	somethings
en	somethinfg	somethings
en	somethingest	somethings
en	somethingis	somethings
en	somethinhg	somethings
en	somethinig	somethings
en	somethinkg	somethings
en	somethinks	somethings
en	somethinmg	somethings
en	somethinng	somethings
en	somethins	somethings
en	somethintg	somethings
en	somethiong	somethin
en	somethis	somethings
en	somethiung	somethin
en	somethn	somethin
en	sometihn	somethin
en	sometinh	somethin
en	somoenes	someones
en	somtimes	sometimes
en	somwhere	somewhere
en	soparnos	sopranos
en	sophicated	sophisticated
en	sophisitcated	sophisticated
en	sophistacated	sophisticated
en	sophisticaed	sophisticated
en	sophisticted	sophisticated
en	sophistocated	sophisticated
en	sophmore	sophomore
en	sophosticated	sophisticated
en	sopohmore	sophomore
en	sorcercy	sorcery
en	sorcerey	sorcery
en	sorceror	sorcerer
en	sorcerry	sorcery
en	sorpanos	sopranos
en	sorrounding	surrounding
en	soruce	source
en	sotrmfront	stormfront
en	sotry	story
en	sotryline	storyline
en	sotrylines	storylines
en	sotyr	satyr
en	soudn	sound
en	soudns	sounds
en	soudntrack	soundtrack
en	sould	could
en	soundrtack	soundtracks
en	soundtracs	soundtracks
en	soundtrak	soundtrack
en	soundtrakc	soundtracks
en	soundtrakcs	soundtracks
en	soundtrakk	soundtrack
en	soundtraks	soundtracks
en	sountrack	soundtrack
en	sourth	south
en	sourthern	southern
en	southampon	southampton
en	southamption	southampton
en	southamton	southampton
en	southamtpon	southampton
en	southanpton	southampton
en	southapmton	southampton
en	southen	southern
en	southerers	southerners
en	southernerns	southerners
en	southernes	southerners
en	southernese	southerners
en	southerness	southerners
en	southernest	southerners
en	southernors	southerners
en	southerton	southern
en	southmapton	southampton
en	southren	southern
en	southtampon	southampton
en	souvenier	souvenir
en	souveniers	souvenirs
en	soveits	soviets
en	soveregin	sovereign
en	soveregnity	sovereignty
en	sovereighnty	sovereignty
en	sovereighty	sovereignty
en	sovereignety	sovereignty
en	sovereignity	sovereignty
en	sovereigny	sovereignty
en	soverein	sovereign
en	sovereing	sovereign
en	sovereingty	sovereignty
en	sovereinity	sovereignty
en	sovereinty	sovereignty
en	soveriegn	sovereign
en	soveriegnty	sovereignty
en	soveriengty	sovereignty
en	soverign	sovereign
en	soverignity	sovereignty
en	soverignty	sovereignty
en	sovietes	soviets
en	spacebr	spacebar
en	spacegoat	scapegoat
en	spacification	specification
en	spagehtti	spaghetti
en	spagheti	spaghetti
en	spahgetti	spaghetti
en	spainish	spanish
en	spainsh	spanish
en	spaltoon	splatoon
en	spammade	spammed
en	spammare	spammer
en	spammear	spammer
en	spammend	spammed
en	spammeur	spammer
en	spanisch	spanish
en	spansih	spanish
en	spanwed	spawned
en	sparkel	sparkle
en	sparklie	sparkle
en	sparlking	sparkling
en	spartaniis	spartans
en	spartanops	spartans
en	spartants	spartans
en	spartas	spartans
en	spartsn	spartans
en	sparyed	sprayed
en	spawend	spawned
en	spawnig	spawning
en	spawnign	spawning
en	speach	speech
en	specail	special
en	specailist	specialist
en	specailists	specialists
en	specailization	specialization
en	specailize	specializes
en	specailized	specialized
en	specailizes	specializes
en	specailly	specially
en	specailty	specialty
en	specality	specialty
en	specatcular	spectacular
en	specemin	specimen
en	specfic	specific
en	speciaal	special
en	speciales	specials
en	specialication	specialization
en	specialice	specialize
en	specialiced	specialized
en	specialices	specializes
en	specialied	specialized
en	specialies	specializes
en	specialis	specials
en	specialistes	specialists
en	specialites	specializes
en	specialits	specials
en	specializaiton	specialization
en	specializare	specialize
en	specializate	specialize
en	specializaton	specialization
en	specializeds	specializes
en	specializied	specialize
en	speciallist	specialist
en	speciallity	specially
en	speciallize	specialize
en	speciallized	specialised
en	speciallly	specially
en	speciallty	specially
en	specialops	specials
en	specialsts	specialists
en	specialt	specialist
en	specialtys	specials
en	specialy	specially
en	specialz	specialize
en	specialzed	specialized
en	specialzes	specializes
en	specialzied	specialized
en	specias	specials
en	speciatly	specialty
en	specifcally	specifically
en	specifcation	specification
en	specifed	specified
en	specificaiton	specifications
en	specificaitons	specification
en	specificaly	specifically
en	specificato	specification
en	specificatons	specifications
en	specifices	specifics
en	specificies	specifics
en	specifiing	specifying
en	specifikation	specification
en	specifing	specifying
en	specifiy	specify
en	specifiying	specifying
en	specifiyng	specifying
en	specilaized	specialize
en	speciliast	specialists
en	speciliazation	specialization
en	speciliazed	specialize
en	speciman	specimen
en	specimine	specimen
en	specimines	specimen
en	specisl	specials
en	specrtal	spectral
en	spectacuarly	spectacular
en	spectaculair	spectacular
en	spectaculaire	spectacular
en	spectaculalry	spectacularly
en	spectacularely	spectacularly
en	spectacularily	spectacularly
en	spectaculary	spectacularly
en	spectacullar	spectacularly
en	spectarors	spectators
en	spectaters	spectators
en	spectatores	spectators
en	spectatular	spectacular
en	spectatularly	spectacularly
en	spectauclar	spectacular
en	spectaulars	spectaculars
en	spectecular	spectacular
en	spectracal	spectral
en	spectrail	spectral
en	spectraply	spectral
en	spectrolab	spectral
en	spects	aspects
en	spectum	spectrum
en	specualte	speculate
en	specualting	speculating
en	specualtion	speculation
en	specualtions	speculation
en	specualtive	speculative
en	specularite	speculative
en	speculatie	speculative
en	speculaties	speculative
en	speculatin	speculation
en	speecheasy	speeches
en	speechers	speeches
en	speechs	speeches
en	spehres	spheres
en	spehrical	spherical
en	speical	special
en	speicalist	specialist
en	speically	specially
en	speicals	specials
en	speices	species
en	spellig	spelling
en	spellign	spelling
en	spendour	splendour
en	spermatozoan	spermatozoon
en	spesifically	specifically
en	spesification	specification
en	spesifications	specifications
en	spetember	september
en	spezialisation	specialization
en	sphagetti	spaghetti
en	sphereos	spheres
en	spilnter	splinter
en	spiltter	splitter
en	spindel	spindle
en	spindrel	spindle
en	spiritd	spirited
en	spirites	spirits
en	spiritis	spirits
en	spiritualiy	spiritually
en	spirituallity	spiritually
en	spirituallly	spiritually
en	spiritualty	spirituality
en	spiritualy	spiritually
en	spirituella	spiritually
en	spiritus	spirits
en	spirtied	spirited
en	spirtiuality	spirituality
en	spirtiually	spiritually
en	spirutuality	spirituality
en	spirutually	spiritually
en	spitirually	spiritually
en	splaton	splatoon
en	splatooon	splatoon
en	spleling	spelling
en	splitner	splinter
en	splittr	splitter
en	spoace	space
en	spoilerd	spoiled
en	spoiles	spoilers
en	spoitfy	spotify
en	spolied	spoiled
en	spoliers	spoilers
en	sponatenous	spontaneous
en	sponatenously	spontaneously
en	sponatneous	spontaneous
en	sponosred	sponsored
en	sponser	sponsor
en	sponsered	sponsored
en	sponsership	sponsorship
en	sponsord	sponsored
en	sponsorees	sponsors
en	sponsores	sponsors
en	sponsorhip	sponsorship
en	sponsorhips	sponsorship
en	sponsorhsip	sponsorship
en	sponsorise	sponsors
en	sponsorshop	sponsorship
en	spontaenous	spontaneous
en	spontaenously	spontaneously
en	spontainous	spontaneous
en	spontainously	spontaneously
en	spontaneos	spontaneous
en	spontaneosly	spontaneously
en	spontaneoulsy	spontaneously
en	spontaneouly	spontaneously
en	spontanes	spontaneous
en	spontaneuos	spontaneous
en	spontaneuosly	spontaneously
en	spontaneus	spontaneous
en	spontanious	spontaneous
en	spontaniously	spontaneously
en	spontanous	spontaneous
en	spontanuously	spontaneously
en	sponteanous	spontaneous
en	sponteanously	spontaneously
en	sponteneous	spontaneous
en	sponteneously	spontaneously
en	sponzored	sponsored
en	spoonfulls	spoonfuls
en	sporanos	sopranos
en	sporles	sproles
en	sporstmanship	sportsmanship
en	sportmansship	sportsmanship
en	sportsmamship	sportsmanship
en	sportsmansship	sportsmanship
en	sportsmenship	sportsmanship
en	sporuts	sprouts
en	spotfiy	spotify
en	spotifiy	spotify
en	spotifty	spotify
en	sppeches	speeches
en	sprakling	sparkling
en	sprayade	sprayed
en	spreaded	spread
en	spreadhseet	spreadsheet
en	spreadhseets	spreadsheets
en	spreadsheat	spreadsheet
en	spreadsheats	spreadsheets
en	spreadsheeds	spreadsheets
en	spreadsheeet	spreadsheets
en	spreadsheeters	spreadsheets
en	spreadsheeticus	spreadsheets
en	spreadshet	spreadsheet
en	spreadshets	spreadsheets
en	spred	spread
en	spreedsheet	spreadsheet
en	springfeild	springfield
en	springfeld	springfield
en	springfied	springfield
en	springfiled	springfield
en	springst	sprints
en	sprinke	sprinkle
en	sprinkel	sprinkle
en	sprinkeld	sprinkled
en	sprinklered	sprinkled
en	sprintas	sprints
en	spriritual	spiritual
en	spritual	spiritual
en	sproels	sproles
en	sprotsmanship	sportsmanship
en	sproutes	sprouts
en	spwaned	spawned
en	spwaning	spawning
en	sqaudron	squadron
en	sqaure	square
en	sqaurely	squarely
en	sqaures	squares
en	sqeuaky	squeaky
en	sqiurtle	squirtle
en	sqiushy	squishy
en	squadroon	squadron
en	squardon	squadron
en	squareds	squares
en	squarey	squarely
en	squarley	squarely
en	squeakey	squeaky
en	squeakly	squeaky
en	squirel	squirtle
en	squirle	squirrel
en	squirlte	squirtle
en	squirrelies	squirrels
en	squirrelius	squirrels
en	squirrells	squirrels
en	squirrelus	squirrels
en	squirrl	squirrel
en	squirrle	squirrel
en	squirrles	squirrels
en	squirrtle	squirrel
en	squirte	squirtle
en	squirtel	squirtle
en	squishey	squishy
en	squishly	squishy
en	squritle	squirtle
en	squrriel	squirrel
en	squrriels	squirrels
en	squrtile	squirtle
en	squsihy	squishy
en	sriarcha	sriracha
en	sriraca	sriracha
en	srirachia	sriracha
en	srirachra	sriracha
en	srpouts	sprouts
en	srriacha	sriracha
en	sryacuse	syracuse
en	sryians	syrians
en	sryinge	syringe
en	stabelized	stabilized
en	stabilizare	stabilize
en	stabilizied	stabilize
en	stabilizier	stabilize
en	stabilizies	stabilize
en	stabilzied	stabilized
en	stabliize	stabilize
en	stablility	stability
en	stablizied	stabilized
en	stadius	stadiums
en	staduim	stadium
en	staduims	stadiums
en	staggaring	staggering
en	staggerring	staggering
en	staggerwing	staggering
en	stagnat	stagnant
en	staidum	stadium
en	staidums	stadiums
en	stainlees	stainless
en	staion	station
en	stakeboard	skateboard
en	stakeboarding	skateboarding
en	stakler	stalker
en	staklers	stalkers
en	stalekrs	stalkers
en	stalkear	stalker
en	stalkes	stalkers
en	staminia	stamina
en	stamnia	stamina
en	stampade	stamped
en	stampeed	stamped
en	stancels	stances
en	stancers	stances
en	standars	standards
en	standartized	standardized
en	standbay	standby
en	standbuy	standby
en	standerdized	standardized
en	stangant	stagnant
en	stange	strange
en	staoshi	satoshi
en	stardardized	standardized
en	staright	straight
en	starighten	straighten
en	starightened	straightened
en	starightforward	straightforward
en	starined	strained
en	starins	strains
en	starlted	startled
en	starnation	starvation
en	startde	startled
en	startegic	strategic
en	startegically	strategically
en	startegies	strategies
en	startegy	strategy
en	starteld	startled
en	startlxde	startled
en	startsup	startups
en	startupbus	startups
en	startus	startups
en	starwberries	strawberries
en	starwberry	strawberry
en	stateman	statesman
en	statememts	statements
en	statictics	statistics
en	staticts	statist
en	stationair	stationary
en	stationairy	stationary
en	stationd	stationed
en	stationerad	stationed
en	stationnary	stationary
en	stationy	stationary
en	statisitc	statistic
en	statisitcal	statistical
en	statisitcally	statistically
en	statisitcs	statistics
en	statiskt	statist
en	statistacally	statistically
en	statistc	statistic
en	statistcal	statistical
en	statisticaly	statistically
en	statisticly	statistical
en	statistisch	statistics
en	statistisk	statistics
en	statits	statist
en	statment	statement
en	statsit	statist
en	statsitical	statistical
en	stattues	statutes
en	statuer	stature
en	statuets	statutes
en	statuse	statutes
en	statuser	stature
en	statuts	statutes
en	stauration	saturation
en	staurday	saturday
en	staurdays	saturdays
en	stautes	statues
en	steadilly	steadily
en	steadliy	steadily
en	stealhty	stealthy
en	stealthboy	stealthy
en	stealthely	stealthy
en	stealthify	stealthy
en	stealthly	stealthy
en	stealthray	stealthy
en	stealty	stealthy
en	steathly	stealthy
en	steeleries	steelers
en	steeles	steelers
en	stelathy	stealthy
en	steorid	steroid
en	stereotipe	stereotype
en	stereotipical	stereotypical
en	stereotpye	stereotypes
en	stereotpyes	stereotypes
en	stereotpyical	stereotypical
en	stereotpying	stereotyping
en	stereotying	stereotyping
en	stereotypcial	stereotypical
en	stereotypeing	stereotyping
en	stereotypers	stereotypes
en	stereotypian	stereotyping
en	stereotypying	stereotyping
en	steriel	sterile
en	sterilze	sterile
en	steriods	steroids
en	steriotype	stereotype
en	steriotypes	stereotypes
en	steriotypical	stereotypical
en	steriotyping	stereotyping
en	sterlie	sterile
en	steroetype	stereotype
en	steroetypes	stereotypes
en	steroetypical	stereotypical
en	steroetyping	stereotyping
en	sterotypes	stereotypes
en	steryotype	stereotype
en	steryotypes	stereotypes
en	steryotypical	stereotypical
en	steryotyping	stereotyping
en	stichted	stitched
en	stichting	stitching
en	stickes	stickers
en	sticthed	stitched
en	sticthes	stitches
en	sticthing	stitching
en	stilus	stylus
en	stimilants	stimulants
en	stimilated	stimulated
en	stimluating	stimulating
en	stimualted	stimulated
en	stimualting	stimulating
en	stimualtion	stimulation
en	stimulai	stimuli
en	stimulans	stimulants
en	stimulantes	stimulants
en	stimulas	stimulants
en	stimulat	stimulants
en	stimulatie	stimulated
en	stimulatin	stimulation
en	stimulaton	stimulation
en	stimulents	stimulants
en	stimulli	stimuli
en	stingent	stringent
en	stiring	stirring
en	stirker	striker
en	stirkers	strikers
en	stirrig	stirring
en	stirrs	stirs
en	stitchs	stitches
en	stlaker	stalker
en	stlakers	stalkers
en	stlye	style
en	stlyish	stylish
en	stockpilled	stockpile
en	stockplie	stockpile
en	stomache	stomach
en	stomrfront	stormfront
en	stong	strong
en	stopry	story
en	storeis	stories
en	storelines	storylines
en	storise	stories
en	stormade	stormed
en	stormde	stormed
en	stormend	stormed
en	stormfornt	stormfront
en	stormfromt	stormfront
en	stormfrount	stormfront
en	stornegst	strongest
en	stornfront	stormfront
en	stornghold	stronghold
en	storyteling	storytelling
en	storytellling	storytelling
en	stoyr	story
en	stpo	stop
en	stradegies	strategies
en	stradegy	strategy
en	stragegically	strategically
en	stragetic	strategic
en	stragetically	strategically
en	strageties	strategies
en	stragety	strategy
en	straightden	straightened
en	straighted	straightened
en	straightend	straightened
en	straightenend	straightened
en	straightforeward	straightforward
en	straightforwad	straightforward
en	straightie	straighten
en	straightin	straighten
en	straightmen	straighten
en	straightn	straighten
en	straightned	straightened
en	straightner	straighten
en	straignt	straighten
en	straigntened	straightened
en	straigt	straight
en	straigth	straight
en	straigthen	straighten
en	straigthened	straightened
en	straigthforward	straightforward
en	straind	strained
en	straings	strains
en	straitforward	straightforward
en	strangel	strangle
en	strangeshit	strangest
en	stranget	strangest
en	strangets	strangest
en	stranglove	strangle
en	strangreal	strangle
en	strat	start
en	stratagically	strategically
en	stratagies	strategies
en	strategems	strategies
en	strategicaly	strategically
en	strategice	strategies
en	strategiclly	strategically
en	strategis	strategies
en	strategisch	strategic
en	strategisk	strategies
en	strategiske	strategies
en	stratgey	strategy
en	stratigically	strategically
en	stratled	startled
en	stravation	starvation
en	strawbarry	strawberry
en	strawbeary	strawberry
en	strawbeery	strawberry
en	strawberies	strawberries
en	strawberrries	strawberries
en	strawberrry	strawberry
en	strawbery	strawberry
en	strawbrary	strawberry
en	strawbrerry	strawberry
en	strawburries	strawberries
en	strawburry	strawberry
en	streaching	stretching
en	streamade	streamed
en	streamare	streamer
en	streamd	streamed
en	streamear	streamer
en	streames	streams
en	streamos	streams
en	streamtrue	streamer
en	streamus	streams
en	streamys	streams
en	strechted	stretched
en	strechtes	stretches
en	strechting	stretching
en	strecthed	stretched
en	strecthes	stretches
en	strecthing	stretching
en	streemlining	streamlining
en	stregnth	strength
en	stregnthen	strengthen
en	stregnthening	strengthening
en	stregnths	strengths
en	stregth	strength
en	streichung	stretching
en	streightened	straightened
en	stremear	streamer
en	strengh	strength
en	strenghen	strengthen
en	strenghened	strengthened
en	strenghening	strengthening
en	strenght	strength
en	strenghten	strengthen
en	strenghtend	strengthen
en	strenghtened	strengthened
en	strenghtening	strengthening
en	strenghtens	strengthen
en	strengsten	strengthen
en	strengtened	strengthened
en	strengtheing	strengthening
en	strengthes	strengths
en	strengthin	strengthen
en	strengthining	strengthening
en	strengthn	strengthen
en	strengts	strengths
en	strenous	strenuous
en	strentgh	strength
en	strentghs	strengths
en	streoid	steroid
en	stressade	stressed
en	stressende	stressed
en	stressers	stresses
en	stresss	stresses
en	stretchs	stretches
en	stretegically	strategically
en	striaght	straight
en	striaghten	straighten
en	striaghtforward	straightforward
en	strians	strains
en	striclty	strictly
en	strictist	strictest
en	stricty	strictly
en	striekr	striker
en	striekrs	strikers
en	strikely	strikingly
en	stringet	stringent
en	stringnet	stringent
en	strnad	strand
en	stromed	stormed
en	stromfront	stormfront
en	stronkhold	stronghold
en	stroy	story
en	stroyline	storyline
en	stroylines	storylines
en	stroytelling	storytelling
en	structered	structured
en	structrual	structural
en	structual	structural
en	structurel	structural
en	structurels	structures
en	structurs	structures
en	strucutral	structural
en	strucutre	structure
en	strucutred	structured
en	strucutres	structures
en	struggeld	struggled
en	struggels	struggles
en	strugglebus	struggles
en	struggleing	struggling
en	strugglign	struggling
en	strwaberry	strawberry
en	stryofoam	styrofoam
en	sttutering	stuttering
en	stubbon	stubborn
en	stubborness	stubbornness
en	stubbron	stubborn
en	stubmled	stumbled
en	stucture	structure
en	stuctured	structured
en	studdy	study
en	studing	studying
en	studioes	studios
en	stuggling	struggling
en	stuidos	studios
en	stuipder	stupider
en	stumbeld	stumbled
en	stunami	tsunami
en	stupdily	stupidly
en	stupidfree	stupider
en	stupiditiy	stupidity
en	stupidiy	stupidity
en	stupidr	stupider
en	stupidy	stupidly
en	stupire	stupider
en	stupitidy	stupidity
en	sturctural	structural
en	sturcture	structure
en	sturctures	structures
en	sturggled	struggled
en	sturggles	struggles
en	sturggling	struggling
en	stutterring	stuttering
en	stylisch	stylish
en	styrofaom	styrofoam
en	styrofom	styrofoam
en	suasage	sausage
en	suasages	sausages
en	subarmine	submarine
en	subarmines	submarines
en	subcatagories	subcategories
en	subcatagory	subcategory
en	subconcsious	subconscious
en	subconcsiously	subconsciously
en	subconsciosly	subconsciously
en	subconsciouly	subconsciously
en	subconscius	subconscious
en	subconscous	subconscious
en	subconsicous	subconscious
en	subconsicously	subconsciously
en	subconsiously	subconsciously
en	subcouncious	subconscious
en	subcsription	subscriptions
en	subculter	subculture
en	subcultuur	subculture
en	subesquent	subsequent
en	subesquently	subsequently
en	subisdized	subsidized
en	subisdizing	subsidizing
en	subisdy	subsidy
en	subjectief	subjective
en	subjectifs	subjects
en	subjectivelly	subjectively
en	subjectivety	subjectively
en	subjectivily	subjectively
en	subjectivley	subjectively
en	subjectivly	subjectively
en	subjectivy	subjectively
en	subjektive	subjective
en	subjest	subjects
en	subjudgation	subjugation
en	subltety	subtlety
en	submachne	submachine
en	submarie	submarines
en	submariens	submarines
en	submarinas	submarines
en	submergerd	submerged
en	submergered	submerged
en	submerines	submarines
en	submisison	submissions
en	submisisons	submissions
en	submissies	submissive
en	submissons	submissions
en	submittion	submitting
en	subpecies	subspecies
en	subredddits	subreddits
en	subredditors	subreddits
en	subruban	suburban
en	subsadized	subsidized
en	subscirbe	subscribe
en	subscirbed	subscribed
en	subscirber	subscribers
en	subscirbers	subscribers
en	subscirption	subscriptions
en	subsconcious	subconscious
en	subsconciously	subconsciously
en	subscribar	subscriber
en	subscribbed	subscribe
en	subscribber	subscriber
en	subscribbers	subscribers
en	subscribbing	subscribing
en	subscribir	subscriber
en	subscribirse	subscriber
en	subscrible	subscriber
en	subscribtion	subscription
en	subscribtions	subscriptions
en	subscrie	subscriber
en	subscriped	subscribed
en	subscriping	subscribing
en	subscriptin	subscriptions
en	subscripton	subscription
en	subscriptons	subscriptions
en	subscritpion	subscriptions
en	subscrpition	subscriptions
en	subscrubed	subscribed
en	subscryber	subscriber
en	subsedized	subsidized
en	subsequant	subsequent
en	subsequenty	subsequently
en	subsidary	subsidiary
en	subsidezed	subsidized
en	subsidiced	subsidized
en	subsidie	subsidized
en	subsidiezed	subsidized
en	subsidiy	subsidy
en	subsidizied	subsidized
en	subsidizies	subsidize
en	subsidizng	subsidizing
en	subsiduary	subsidiary
en	subsiquent	subsequent
en	subsiquently	subsequently
en	subsittute	substitutes
en	subsizide	subsidize
en	subsizided	subsidized
en	subsiziding	subsidizing
en	subsquent	subsequent
en	subsquently	subsequently
en	subsrcibe	subscribe
en	subsrcibed	subscribed
en	subsrcibers	subscribers
en	subsrciption	subscriptions
en	subsricption	subscriptions
en	substace	substance
en	substancial	substantial
en	substancially	substantially
en	substanial	substantial
en	substanitally	substantially
en	substans	substances
en	substanse	substances
en	substansen	substances
en	substanser	substances
en	substanses	substances
en	substansial	substantial
en	substansially	substantially
en	substansive	substantive
en	substanta	substantial
en	substante	substantive
en	substantiable	substantial
en	substantialy	substantially
en	substantie	substantive
en	substantied	substantive
en	substanties	substantive
en	substantitve	substantive
en	substantually	substantially
en	substarte	substrate
en	substatial	substantial
en	substences	substances
en	substential	substantial
en	substite	substitute
en	substitite	substitute
en	substitition	substitution
en	substitiute	substitute
en	substittue	substitutes
en	substitude	substitute
en	substituded	substituted
en	substitudes	substitutes
en	substitue	substitute
en	substitued	substitute
en	substituer	substitute
en	substitues	substitutes
en	substituion	substitution
en	substiture	substitute
en	substitures	substitutes
en	substitutents	substitutes
en	substituters	substitutes
en	substitutie	substitutes
en	substitutivo	substitution
en	substituto	substitution
en	substitutos	substitutes
en	substituts	substitutes
en	substitutue	substitutes
en	substitutues	substitutes
en	substract	subtract
en	substracted	subtracted
en	substracting	subtracting
en	substraction	subtraction
en	substracts	subtracts
en	substutite	substitutes
en	subsudized	subsidized
en	subtances	substances
en	subtelty	subtlety
en	subterranian	subterranean
en	subtetly	subtlety
en	subtiel	subtitle
en	subtilte	subtitle
en	subtiltes	subtitles
en	subtitel	subtitle
en	subtitels	subtitles
en	subtitls	subtitles
en	subtitltes	subtitle
en	subtletly	subtlety
en	subtltey	subtlety
en	subtlties	subtitles
en	suburburban	suburban
en	succceeded	succeeded
en	succcesses	successes
en	succedded	succeeded
en	succede	succeed
en	succeded	succeeded
en	succedes	succeeds
en	succeds	succeeds
en	succeedes	succeeds
en	succeeed	succeed
en	succees	succeeds
en	succesd	succeeds
en	succesed	succeeds
en	succesful	successful
en	succesfully	successfully
en	succesfuly	successfully
en	succesion	succession
en	succesions	succession
en	succesive	successive
en	successeurs	successes
en	successfull	successful
en	successfullly	successfully
en	successfuly	successfully
en	successing	succession
en	successivo	succession
en	successs	successes
en	successsion	succession
en	successully	successfully
en	succsesfull	successfully
en	succsess	success
en	succsessfull	successful
en	suceed	succeed
en	suceeded	succeeded
en	suceeding	succeeding
en	suceeds	succeeds
en	sucesful	successful
en	sucesfully	successfully
en	sucesfuly	successfully
en	sucesion	succession
en	sucess	success
en	sucesses	successes
en	sucessful	successful
en	sucessfull	successful
en	sucessfully	successfully
en	sucessfuly	successfully
en	sucession	succession
en	sucessive	successive
en	sucessor	successor
en	sucessot	successor
en	sucide	suicide
en	sucidial	suicidal
en	sucseptible	susceptible
en	suddeny	suddenly
en	suddnely	suddenly
en	sudnerland	sunderland
en	suefull	useful
en	sufferage	suffrage
en	sufferd	suffered
en	sufferered	suffered
en	sufferred	suffered
en	sufferring	suffering
en	sufficent	sufficient
en	sufficently	sufficiently
en	sufficiant	sufficient
en	sufficit	sufficient
en	suggesst	suggests
en	suggeste	suggestive
en	suggestes	suggests
en	suggestie	suggestive
en	suggestied	suggestive
en	suggestief	suggestive
en	suggestieve	suggestive
en	suggestons	suggests
en	sumary	summary
en	sumbarine	submarine
en	sumbarines	submarines
en	sumberged	submerged
en	sumbissions	submissions
en	sumbissive	submissive
en	sumbitting	submitting
en	summenor	summoner
en	summenors	summoners
en	summerized	summarized
en	summoenrs	summoners
en	summones	summoners
en	summonr	summoner
en	summore	summoner
en	summorized	summarized
en	summurized	summarized
en	sunconscious	subconscious
en	sunconsciously	subconsciously
en	sunderlad	sunderland
en	sunderlona	sunderland
en	sunderlund	sunderland
en	sunfiber	sunfire
en	sungalsses	sunglasses
en	sunggle	snuggle
en	sunglases	sunglasses
en	sunglassses	sunglasses
en	sunglesses	sunglasses
en	sunglinger	gunslinger
en	sunifre	sunfire
en	sunscreeen	sunscreen
en	sunscren	sunscreen
en	suop	soup
en	superceeded	superseded
en	superfical	superficial
en	superficiel	superficial
en	superfluos	superfluous
en	superfluu	superfluous
en	superfulous	superfluous
en	superham	superhuman
en	superheo	superhero
en	superhereos	superhero
en	superifical	superficial
en	superintendant	superintendent
en	superioara	superior
en	superioare	superior
en	superiorest	superiors
en	superioris	superiors
en	superios	superiors
en	superiour	superior
en	superisor	superiors
en	superivsor	supervisors
en	supermacist	supremacist
en	supermakert	supermarkets
en	supermaket	supermarket
en	supermakret	supermarkets
en	supermakter	supermarkets
en	supermare	supermarket
en	supermarkedet	supermarket
en	supermarkeds	supermarkets
en	supermarkers	supermarkets
en	supermarkert	supermarkets
en	supermarkerts	supermarkets
en	supermarkt	supermarket
en	supermarkten	supermarket
en	supermarktes	supermarkets
en	supermarkts	supermarkets
en	supermaster	supermarkets
en	superme	supreme
en	supernarkets	supermarkets
en	supernatrual	supernatural
en	supernatual	supernatural
en	superouman	superhuman
en	superposer	superpowers
en	superpowereds	superpowers
en	supersition	supervision
en	supersticion	superstition
en	supersticious	superstitious
en	superstision	superstition
en	superstisious	superstitious
en	superstitios	superstitious
en	superstitiosi	superstitious
en	superstitiuos	superstitious
en	superstiton	superstition
en	superstitous	superstitious
en	superstituous	superstitious
en	superviors	supervisors
en	superviosr	supervisors
en	supervisar	supervisor
en	superviser	supervisor
en	supervisers	supervisors
en	supervisin	supervision
en	supervisior	supervisor
en	supervisiors	supervisors
en	superviso	supervision
en	supervison	supervision
en	supervisoras	supervisors
en	supervisores	supervisors
en	supervsior	supervisors
en	suphisticated	sophisticated
en	supirsed	surprised
en	suplimented	supplemented
en	supllemental	supplemental
en	suport	support
en	supose	suppose
en	suposed	supposed
en	suposedly	supposedly
en	suposes	supposes
en	suposing	supposing
en	supperssor	suppressor
en	supplament	supplement
en	supplamental	supplemental
en	supplamented	supplemented
en	supplaments	supplements
en	supplemant	supplemental
en	supplemetal	supplemental
en	supplemets	supplements
en	suppliementing	supplementing
en	supplimental	supplemental
en	suppoed	supposed
en	supporre	supporters
en	supportare	supporters
en	supportes	supports
en	supporteur	supporter
en	supporteurs	supporters
en	supportied	supported
en	supportors	supporters
en	supposdely	supposedly
en	supposebly	supposedly
en	supposedely	supposedly
en	supposidely	supposedly
en	supposidly	supposedly
en	supposingly	supposedly
en	suppost	supports
en	suppoted	supported
en	suppreses	suppress
en	suppresion	suppression
en	suppresions	suppression
en	suppresors	suppressor
en	suppressin	suppression
en	suppressio	suppressor
en	suppresson	suppression
en	suppresssion	suppression
en	suppresssor	suppressor
en	suppy	supply
en	supramacist	supremacist
en	suprass	surpass
en	suprassing	surpassing
en	supremacits	supremacist
en	supremasist	supremacist
en	supremicist	supremacist
en	supress	suppress
en	supressed	suppressed
en	supresses	suppresses
en	supressing	suppressing
en	supression	suppression
en	suprimacist	supremacist
en	suprisd	surprised
en	suprise	surprise
en	suprised	surprised
en	suprising	surprising
en	suprisingly	surprisingly
en	suprize	surprise
en	suprized	surprised
en	suprizing	surprising
en	suprizingly	surprisingly
en	suprsied	surprised
en	supscription	subscription
en	supscriptions	subscriptions
en	supsects	suspects
en	supsend	suspend
en	supsense	suspense
en	supsension	suspension
en	supsicion	suspicion
en	supsicions	suspicions
en	supsicious	suspicious
en	supsiciously	suspiciously
en	surbuban	suburban
en	surfce	surface
en	surley	surly
en	suround	surround
en	surounded	surrounded
en	surounding	surrounding
en	suroundings	surroundings
en	surounds	surrounds
en	surpases	surpass
en	surpemacist	supremacist
en	surpeme	supreme
en	surplanted	supplanted
en	surpress	suppress
en	surpressed	suppressed
en	surprisinly	surprisingly
en	surprize	surprise
en	surprized	surprised
en	surprizing	surprising
en	surprizingly	surprisingly
en	surrenderd	surrendered
en	surrenderred	surrendered
en	surrepetitious	surreptitious
en	surrepetitiously	surreptitiously
en	surreptious	surreptitious
en	surreptiously	surreptitiously
en	surronded	surrounded
en	surroud	surround
en	surrouded	surrounded
en	surrouding	surrounding
en	surroundes	surrounds
en	surroundig	surroundings
en	surroundign	surroundings
en	surroundigs	surrounds
en	surroundins	surrounds
en	surroundngs	surrounds
en	surrouned	surround
en	surrouns	surrounds
en	surrundering	surrendering
en	survaillance	surveillance
en	survaillence	surveillance
en	survallience	surveillance
en	survavibility	survivability
en	surveilence	surveillance
en	surveill	surveil
en	surveillence	surveillance
en	survelliance	surveillance
en	surveyer	surveyor
en	survibability	survivability
en	surviellance	surveillance
en	survivabiity	survivability
en	survivabililty	survivability
en	survivabiliy	survivability
en	survivabillity	survivability
en	survivabiltiy	survivability
en	survivabilty	survivability
en	survivabily	survivability
en	survivalibity	survivability
en	survivavility	survivability
en	survivebility	survivability
en	surviver	survivor
en	survivers	survivors
en	survivied	survived
en	survivour	survivor
en	survivours	survivor
en	susbcribe	subscribe
en	susbtantial	substantial
en	susbtantially	substantially
en	susbtantive	substantive
en	susbtrate	substrate
en	suscepitble	susceptible
en	susceptable	susceptible
en	susceptiable	susceptible
en	susceptibile	susceptible
en	suscpetible	susceptible
en	susecptible	susceptible
en	suseptable	susceptible
en	suseptible	susceptible
en	susncreen	sunscreen
en	suspecions	suspicions
en	suspecious	suspicious
en	suspeciously	suspiciously
en	suspectes	suspects
en	suspectible	susceptible
en	suspencion	suspension
en	suspendeds	suspense
en	suspendes	suspense
en	suspened	suspend
en	suspensie	suspense
en	suspenso	suspension
en	suspention	suspension
en	suspicians	suspicions
en	suspiciois	suspicions
en	suspiciosly	suspiciously
en	suspicioso	suspicions
en	suspicioulsy	suspiciously
en	suspiciouly	suspiciously
en	suspicioun	suspicion
en	suspiciouns	suspicion
en	suspicision	suspicions
en	suspicison	suspicions
en	suspicisons	suspicions
en	suspiciuos	suspicions
en	suspiciuosly	suspiciously
en	suspicsion	suspicions
en	suspisions	suspicions
en	suspisious	suspicious
en	suspisiously	suspiciously
en	suspitions	suspicions
en	sustainabillity	sustainability
en	sustainabiltiy	sustainability
en	sustainabilty	sustainability
en	sustainabily	sustainability
en	sustainble	sustainable
en	sustainible	sustainable
en	swaer	swear
en	swaering	swearing
en	swaers	swears
en	swaetshirt	sweatshirt
en	swansoon	swanson
en	swasitka	swastika
en	swaskita	swastika
en	swastikka	swastika
en	swatiska	swastika
en	swatsika	swastika
en	swearengin	swearing
en	swearshirt	sweatshirt
en	sweathsirt	sweatshirt
en	sweatshit	sweatshirt
en	sweatshits	sweatshirt
en	sweatshort	sweatshirt
en	sweatshrit	sweatshirt
en	swedisch	swedish
en	sweerheart	sweetheart
en	sweetheat	sweetheart
en	sweetshart	sweetheart
en	sweidsh	swedish
en	swepth	swept
en	swiflty	swiftly
en	swiftley	swiftly
en	swiming	swimming
en	switcheasy	switches
en	switchign	switching
en	switchs	switches
en	switerzland	switzerland
en	switfly	swiftly
en	swithced	switched
en	swithces	switches
en	swithcing	switching
en	switserland	switzerland
en	switzerand	switzerland
en	switzlerand	switzerland
en	swizterland	switzerland
en	swnasea	swansea
en	swtiched	switched
en	swtiches	switches
en	swtiching	switching
en	swtizerland	switzerland
en	syarcuse	syracuse
en	syas	says
en	sycning	syncing
en	sycther	scyther
en	sydnicate	syndicate
en	sydnrome	syndrome
en	syirans	syrians
en	sykwalker	skywalker
en	sykward	skyward
en	sylablle	syllable
en	sylablles	syllables
en	syllabe	syllable
en	syllabel	syllable
en	syllabels	syllables
en	symapthetic	sympathetic
en	symapthize	sympathize
en	symapthizers	sympathizers
en	symapthy	sympathy
en	symboles	symbols
en	symbolisch	symbolic
en	symbolisim	symbolism
en	symbolsim	symbolism
en	symetrical	symmetrical
en	symetrically	symmetrically
en	symetry	symmetry
en	symettric	symmetric
en	symhpony	symphony
en	symmertical	symmetrical
en	symmerty	symmetry
en	symmetral	symmetric
en	symmetria	symmetrical
en	symmetricaly	symmetrically
en	symmety	symmetry
en	symmtery	symmetry
en	symoblic	symbolic
en	symoblism	symbolism
en	symobls	symbols
en	sympathatic	sympathetic
en	sympatheic	sympathetic
en	sympathethic	sympathetic
en	sympathie	sympathize
en	sympathiek	sympathize
en	sympathien	sympathize
en	sympathiers	sympathizers
en	sympathsize	sympathize
en	sympathsizer	sympathizers
en	sympathtic	sympathetic
en	sympathyze	sympathize
en	sympathyzers	sympathizers
en	sympaty	sympathy
en	sympethetic	sympathetic
en	sympethize	sympathize
en	sympethizers	sympathizers
en	symphatetic	sympathetic
en	symphatize	sympathize
en	symphatized	sympathize
en	symphatizer	sympathizers
en	symphatizers	sympathizers
en	symphatizes	sympathize
en	symphaty	sympathy
en	symphoney	symphony
en	symphonity	symphony
en	sympithizers	sympathizers
en	sympothetic	sympathetic
en	sympothize	sympathize
en	symptomes	symptoms
en	symptomps	symptoms
en	symptoom	symptom
en	symtpom	symptom
en	symtpoms	symptoms
en	synagouge	synagogue
en	synchornously	synchronously
en	syncronization	synchronization
en	syncronous	synchronous
en	syncronously	synchronously
en	syndacite	syndicate
en	syndiacte	syndicate
en	synegry	synergy
en	synidcate	syndicate
en	synomymous	synonymous
en	synomynous	synonymous
en	synomyns	synonyms
en	synonamous	synonymous
en	synonimous	synonymous
en	synonmyous	synonymous
en	synonmys	synonyms
en	synonomous	synonymous
en	synonomy	synonym
en	synonumous	synonymous
en	synonymes	synonyms
en	synonymis	synonyms
en	synonymns	synonyms
en	synonymos	synonymous
en	synonymus	synonyms
en	synonynous	synonymous
en	synopsies	synopsis
en	synoynm	synonym
en	synoynms	synonyms
en	synphony	symphony
en	synposis	synopsis
en	syntehsis	synthesis
en	syntehtic	synthetic
en	syntethic	synthetic
en	synthesasia	synthesis
en	synthesesia	synthesis
en	syphyllis	syphilis
en	sypmathetic	sympathetic
en	sypmathize	sympathize
en	sypmathy	sympathy
en	sypmtom	symptom
en	sypmtoms	symptoms
en	sypnosis	synopsis
en	syracue	syracuse
en	syracusae	syracuse
en	syrains	syrians
en	syrap	syrup
en	syraucse	syracuse
en	syrcause	syracuse
en	syringae	syringe
en	syringue	syringe
en	sysadmn	sysadmin
en	sysamdin	sysadmin
en	sysdamin	sysadmin
en	sysmatically	systematically
en	systamatic	systematic
en	systematicaly	systematically
en	systematiclly	systematically
en	systematisch	systematic
en	systemc	systemic
en	systemetic	systematic
en	systemetically	systematically
en	systemisch	systemic
en	systimatic	systematic
en	systimatically	systematically
en	sytem	system
en	sytle	style
en	sytlish	stylish
en	sytrofoam	styrofoam
en	tabacco	tobacco
en	tabelspoon	tablespoon
en	tabelspoons	tablespoons
en	tablepsoons	tablespoons
en	tablespon	tablespoon
en	tablespons	tablespoons
en	tablespooon	tablespoon
en	tablespooons	tablespoon
en	tablesppon	tablespoon
en	tablesppons	tablespoons
en	tacitcally	tactically
en	tacticallity	tactically
en	tacticaly	tactically
en	tacticas	tactics
en	tacticts	tactics
en	tacticus	tactics
en	tagliate	tailgate
en	tahn	than
en	tahnkyou	thankyou
en	taht	that
en	tailban	taliban
en	tailgateing	tailgating
en	tailgatting	tailgating
en	tailord	tailored
en	tailsman	talisman
en	taiwanee	taiwanese
en	taiwanesse	taiwanese
en	talbian	taliban
en	talekd	talked
en	taligate	tailgate
en	taligating	tailgating
en	taliored	tailored
en	tallents	tallest
en	tallets	tallest
en	talsiman	talisman
en	tanenhill	tannehill
en	tangeld	tangled
en	tangencially	tangentially
en	tangenitally	tangentially
en	tangentialy	tangentially
en	tangientally	tangentially
en	tanlged	tangled
en	tannheill	tannehill
en	tantrumers	tantrums
en	tanturms	tantrums
en	tapitude	aptitude
en	targetd	targeted
en	targetted	targeted
en	targetting	targeting
en	taryvon	trayvon
en	tasliman	talisman
en	tast	taste
en	tath	that
en	tatoo	tattoo
en	tattooes	tattoos
en	tattooos	tattoos
en	tawainese	taiwanese
en	tawianese	taiwanese
en	taxanomic	taxonomic
en	taxanomy	taxonomy
en	teached	taught
en	teamfighs	teamfights
en	teamfighters	teamfights
en	teamfigt	teamfight
en	teamfigth	teamfight
en	teamfigths	teamfights
en	teamifght	teamfight
en	teamifghts	teamfights
en	teampseak	teamspeak
en	teamspeack	teamspeak
en	teamspek	teamspeak
en	teancity	tenacity
en	teansylvania	transylvania
en	teapsoon	teaspoon
en	teaspon	teaspoon
en	teaspooon	teaspoon
en	techanically	mechanically
en	techeis	techies
en	techician	technician
en	techicians	technicians
en	techincality	technicality
en	techincally	technically
en	techincian	technician
en	techincians	technicians
en	techinican	technician
en	techiniques	techniques
en	techinque	technique
en	techinques	techniques
en	techmological	technological
en	techncially	technically
en	technicain	technician
en	technicallity	technically
en	technicalty	technicality
en	technicaly	technically
en	technicans	technicians
en	technichan	technician
en	technichian	technician
en	technicials	technicians
en	technicien	technician
en	techniciens	technicians
en	technicion	technician
en	techniqe	technique
en	technitian	technician
en	technitians	technicians
en	technnology	technology
en	technolgy	technology
en	technoligical	technological
en	technoligically	technologically
en	technologia	technological
en	technologial	technological
en	technologicaly	technologically
en	technologicially	technologically
en	technologicly	technological
en	technqiues	techniques
en	techonlogical	technological
en	techtician	technician
en	techticians	technicians
en	teeangers	teenagers
en	teenages	teenagers
en	teh	the
en	tehcies	techies
en	tehnically	ethnically
en	tehtering	tethering
en	tehy	they
en	telaportation	teleportation
en	telegrah	telegraph
en	telegrapgh	telegraph
en	telegrpah	telegraph
en	telelevision	television
en	teleporing	teleporting
en	teleportaion	teleportation
en	teleportating	teleportation
en	teleportato	teleportation
en	teleportaton	teleportation
en	teleportion	teleporting
en	teleprotation	teleportation
en	teleproting	teleporting
en	televesion	television
en	televisivo	television
en	televsion	television
en	teliportation	teleportation
en	teloportation	teleportation
en	telphony	telephony
en	temafight	teamfight
en	temafights	teamfights
en	temeprature	temperature
en	temepratures	temperatures
en	temepst	tempest
en	temerature	temperature
en	tempalrs	templars
en	tempalte	template
en	tempaltes	templates
en	temparament	temperament
en	temparate	temperate
en	temparature	temperature
en	temparatures	temperatures
en	temparement	temperament
en	tempearture	temperatures
en	tempels	temples
en	temperamant	temperament
en	temperarily	temporarily
en	temperatue	temperature
en	temperatues	temperatures
en	temperaturas	temperatures
en	temperaturs	temperatures
en	temperatuur	temperature
en	temperement	temperament
en	tempermeant	temperament
en	temperment	temperament
en	tempertaure	temperature
en	temperture	temperature
en	tempets	tempest
en	templaras	templars
en	templares	templars
en	templarios	templars
en	templarius	templars
en	templas	templars
en	templats	templates
en	templeos	temples
en	templers	temples
en	temporaily	temporarily
en	temporairly	temporarily
en	temporali	temporarily
en	temporaraly	temporarily
en	temporarilly	temporarily
en	temporarity	temporarily
en	temporarly	temporary
en	temporay	temporary
en	temprary	temporary
en	tempreature	temperature
en	tempreatures	temperatures
en	temproarily	temporarily
en	tempset	tempest
en	temptating	temptation
en	temptetion	temptation
en	tempurature	temperature
en	tempuratures	temperatures
en	tenacitiy	tenacity
en	tenacle	tentacle
en	tenacles	tentacles
en	tenactiy	tenacity
en	tencaity	tenacity
en	tendacy	tendency
en	tendancies	tendencies
en	tendancy	tendency
en	tendence	tendencies
en	tendencias	tendencies
en	tendencije	tendencies
en	tendensies	tendencies
en	tendincies	tendencies
en	tengentially	tangentially
en	tensiones	tensions
en	tensionors	tensions
en	tentacel	tentacle
en	tentacels	tentacles
en	tentacls	tentacles
en	tentacreul	tentacle
en	tentacuel	tentacle
en	tentalce	tentacle
en	tentalces	tentacles
en	tepmorarily	temporarily
en	tequilia	tequila
en	tequlia	tequila
en	termanator	terminator
en	termanology	terminology
en	termendous	tremendous
en	termendously	tremendously
en	termianls	terminals
en	termiantor	terminator
en	termigator	terminator
en	terminacion	termination
en	terminaison	termination
en	terminales	terminals
en	terminalis	terminals
en	terminalogy	terminology
en	terminarla	terminal
en	terminarlo	terminal
en	terminaron	terminator
en	terminater	terminator
en	terminatior	terminator
en	terminato	termination
en	terminatorn	termination
en	terminilogy	terminology
en	terminolgy	terminology
en	terminoligy	terminology
en	terorrism	terrorism
en	terorrist	terrorist
en	terorrists	terrorists
en	terrabyte	terabyte
en	terratorial	territorial
en	terratories	territories
en	terrerists	terrorists
en	terrestial	terrestrial
en	terretorial	territorial
en	terretories	territories
en	terriblely	terribly
en	terribley	terribly
en	terriblly	terribly
en	terriories	territories
en	terriory	territory
en	terrirorial	territorial
en	terrirories	territories
en	terriroties	territories
en	terriroty	territory
en	terristrial	territorial
en	territoires	territories
en	territoral	territorial
en	territores	territories
en	territoriella	territorial
en	territoris	territories
en	territorist	terrorist
en	territority	territory
en	territorrial	territorial
en	territorries	territories
en	territorry	territory
en	territoy	territory
en	terroist	terrorist
en	terrorisim	terrorism
en	terroristas	terrorists
en	terroristes	terrorists
en	terrorities	territories
en	terrorits	terrorist
en	terrorsim	terrorism
en	terrorsits	terrorists
en	terrotorial	territorial
en	terrotories	territories
en	terrurists	terrorists
en	tesitcle	testicle
en	tesitcles	testicles
en	tesitfy	testify
en	tesitmony	testimony
en	testasterone	testosterone
en	testestorone	testosterone
en	testice	testicle
en	testicel	testicle
en	testicels	testicles
en	testiclees	testicles
en	testiclies	testicle
en	testiclular	testicular
en	testifiy	testify
en	testimoney	testimony
en	testomony	testimony
en	teusday	tuesday
en	teusdays	tuesdays
en	texturers	textures
en	texutres	textures
en	tghe	the
en	thaliand	thailand
en	thankfullly	thankfully
en	thankfuly	thankfully
en	thanksgivng	thanksgiving
en	thankyooou	thankyou
en	thankyoou	thankyou
en	thankyu	thankyou
en	thanskgiving	thanksgiving
en	thast	that
en	thearpy	therapy
en	theather	theater
en	theathre	theater
en	theature	theater
en	theese	these
en	theif	thief
en	theisitc	theistic
en	theistc	theistic
en	theives	thieves
en	themsef	themself
en	themselfes	themselves
en	themselfs	themselves
en	themselvs	themselves
en	themsevles	themselves
en	themslef	themself
en	themsleves	themselves
en	themslves	themselves
en	theocracry	theocracy
en	theoligical	theological
en	theologia	theological
en	theologial	theological
en	theologicial	theological
en	theoratical	theoretical
en	theoratically	theoretically
en	theoreticaly	theoretically
en	theoreticly	theoretical
en	theoritical	theoretical
en	theoritically	theoretically
en	theorits	theorist
en	ther	there
en	therafter	thereafter
en	therapautic	therapeutic
en	therapetic	therapeutic
en	therapeudic	therapeutic
en	therapeutisch	therapeutic
en	therapeutuc	therapeutic
en	theraphy	therapy
en	therapuetic	therapeutic
en	theraupetic	therapeutic
en	therby	thereby
en	thereaputic	therapeutic
en	therefo	thereof
en	therefoer	therefor
en	therefour	therefor
en	thereian	therein
en	thereotical	theoretical
en	thereotically	theoretically
en	therepeutic	therapeutic
en	therepists	therapists
en	theri	their
en	therien	therein
en	theripists	therapists
en	thermastat	thermostat
en	thermistat	thermostat
en	thermodinamics	thermodynamics
en	thermodyanmics	thermodynamics
en	thermodymamics	thermodynamics
en	thermodymanics	thermodynamics
en	thermodynaics	thermodynamics
en	thermodynamcis	thermodynamics
en	thermodynamcs	thermodynamics
en	thermodynanics	thermodynamics
en	thermodynmaics	thermodynamics
en	thermomenter	thermometer
en	thermomether	thermometer
en	thermometor	thermometer
en	thermometre	thermometer
en	thermomiter	thermometer
en	thermomoter	thermometer
en	thermomter	thermometer
en	thermoneter	thermometer
en	thermostaat	thermostat
en	thernodynamics	thermodynamics
en	theroem	theorem
en	theroetical	theoretical
en	theroetically	theoretically
en	theroies	theories
en	theroist	theorist
en	theroists	theorists
en	theromdynamics	thermodynamics
en	theromstat	thermostat
en	thesitic	theistic
en	thesits	theists
en	thetering	tethering
en	thgat	that
en	thge	the
en	thialand	thailand
en	thier	their
en	thiestic	theistic
en	thiests	theists
en	thign	thing
en	thigns	things
en	thigsn	things
en	thikn	think
en	thikning	thinking
en	thikns	thinks
en	thirites	thirties
en	thirldy	thirdly
en	thirlling	thrilling
en	thirstay	thirsty
en	thirteeen	thirteen
en	thirten	thirteen
en	thirtsy	thirsty
en	thiunk	think
en	thn	then
en	thna	than
en	thnakyou	thankyou
en	thne	then
en	thnig	thing
en	thnigs	things
en	thoecracy	theocracy
en	thoerem	theorem
en	thoeretical	theoretical
en	thoeretically	theoretically
en	thoeries	theories
en	thoerist	theorist
en	thoerists	theorists
en	thomspon	thompson
en	thopmson	thompson
en	thorats	throats
en	thornes	thrones
en	thoroughy	thoroughly
en	thorttling	throttling
en	thorughout	throughout
en	thoruim	thorium
en	thoughout	throughout
en	thoughs	thoughts
en	thougths	thoughts
en	thourogh	thorough
en	thouroghly	thoroughly
en	threadd	threaded
en	threadened	threaded
en	threataning	threatening
en	threatend	threatened
en	threatended	threatened
en	threatenes	threatens
en	threates	threatens
en	threatining	threatening
en	threatning	threatening
en	threee	three
en	threefor	therefor
en	threeof	thereof
en	threshhold	threshold
en	thrid	third
en	thridly	thirdly
en	thristy	thirsty
en	thriteen	thirteen
en	thrities	thirties
en	throast	throats
en	throaths	throats
en	throium	thorium
en	throners	thrones
en	throough	thorough
en	throrough	thorough
en	throthling	throttling
en	throtlling	throttling
en	throttleing	throttling
en	throughiut	throughput
en	throughly	thoroughly
en	throughoput	throughput
en	throught	thought
en	throughtout	throughout
en	throughtput	throughput
en	througout	throughout
en	thrusday	thursday
en	thrusdays	thursdays
en	thryoid	thyroid
en	thsi	this
en	thsoe	those
en	thta	that
en	thubmnails	thumbnails
en	thudnerbolt	thunderbolt
en	thumbmails	thumbnails
en	thumbnailers	thumbnails
en	thumbnal	thumbnails
en	thunberbolt	thunderbolt
en	thunderblot	thunderbolt
en	thunderboat	thunderbolt
en	thunderboldt	thunderbolt
en	thunderbot	thunderbolt
en	thunderbots	thunderbolt
en	thunderbowl	thunderbolt
en	thunderjolt	thunderbolt
en	thunderolt	thunderbolt
en	thundervolt	thunderbolt
en	thurdsay	thursday
en	thurdsays	thursdays
en	thursdsay	thursdays
en	thursdsy	thursdays
en	thursters	thrusters
en	thyat	that
en	thyorid	thyroid
en	thyriod	thyroid
en	tiawanese	taiwanese
en	tiem	time
en	tighetning	tightening
en	tightare	tighter
en	tightenting	tightening
en	tightining	tightening
en	tigthening	tightening
en	tigther	tighter
en	tihkn	think
en	tihs	this
en	timestap	timestamp
en	timestmap	timestamp
en	timne	time
en	tindergarten	kindergarten
en	tiolets	toilets
en	tiome	time
en	tirangle	triangle
en	tirangles	triangles
en	tirbunal	tribunal
en	tirdent	trident
en	titainum	titanium
en	titanim	titanium
en	titanuim	titanium
en	tje	the
en	tjhe	the
en	tjpanishad	upanishad
en	tkae	take
en	tkaes	takes
en	tkaing	taking
en	tlaking	talking
en	tobbaco	tobacco
en	tocuhdown	touchdown
en	tocuhpad	touchpad
en	tocuhscreen	touchscreen
en	todya	today
en	togehter	together
en	togheter	together
en	toghether	together
en	toiletts	toilets
en	tolerabe	tolerable
en	tolerence	tolerance
en	toliets	toilets
en	tolkein	tolkien
en	tomatos	tomatoes
en	tommorow	tomorrow
en	tommorrow	tomorrow
en	tongiht	tonight
en	tonguers	tongues
en	tonuges	tongues
en	tood	todo
en	toothbruch	toothbrush
en	toothbruth	toothbrush
en	toothbursh	toothbrush
en	toothrbush	toothbrush
en	toppingest	toppings
en	toppins	toppings
en	torando	tornado
en	torandoes	tornadoes
en	torchilght	torchlight
en	torchlgiht	torchlight
en	torchligt	torchlight
en	torchligth	torchlight
en	torelable	tolerable
en	torhclight	torchlight
en	toriodal	toroidal
en	toritlla	tortilla
en	toritllas	tortillas
en	tornadoe	tornado
en	tornaodes	tornadoes
en	torndao	tornado
en	torotise	tortoise
en	torpdeo	torpedo
en	torpeados	torpedoes
en	torpedeo	torpedo
en	torphies	trophies
en	torrentas	torrents
en	torrentbig	torrenting
en	torrenters	torrents
en	torrentes	torrents
en	torrentking	torrenting
en	torrentors	torrents
en	torrentting	torrenting
en	torrest	torrents
en	tortialls	tortillas
en	tortila	tortilla
en	tortillera	tortilla
en	tortillia	tortilla
en	tortillias	tortilla
en	tortillita	tortilla
en	tortillla	tortilla
en	tortilllas	tortilla
en	tortiose	tortoise
en	torubleshoot	troubleshoot
en	torublesome	troublesome
en	toruisty	touristy
en	torunament	tournament
en	torunaments	tournaments
en	toruney	tourney
en	toruneys	tourneys
en	totalitara	totalitarian
en	totalitaran	totalitarian
en	totalitarion	totalitarian
en	totalitarni	totalitarian
en	totalitatian	totalitarian
en	tottehnam	tottenham
en	tottenahm	tottenham
en	tottneham	tottenham
en	toturials	tutorials
en	toubles	troubles
en	touchapd	touchpad
en	touchda	touchpad
en	touchdwon	touchdown
en	touchsceen	touchscreen
en	touchscreeen	touchscreen
en	touchscren	touchscreen
en	tounge	tongue
en	tounrey	tourney
en	tounreys	tourneys
en	touranment	tournaments
en	touranments	tournaments
en	tourch	torch
en	tourisim	tourism
en	touristas	tourists
en	touristes	tourists
en	touristey	touristy
en	touristly	touristy
en	touristsy	touristy
en	tourisy	touristy
en	tourits	tourist
en	touritsy	touristy
en	tourmanent	tournaments
en	tournamet	tournament
en	tournamets	tournaments
en	tournamnet	tournament
en	tournamnets	tournaments
en	tournemant	tournament
en	tournemants	tournaments
en	tournement	tournament
en	tournements	tournaments
en	tournes	tourneys
en	tournmanets	tournaments
en	tournyes	tourneys
en	toursim	tourism
en	toursit	tourist
en	toursits	tourists
en	toursity	touristy
en	towords	towards
en	towrad	toward
en	toxicitity	toxicity
en	toxicitiy	toxicity
en	toxiticy	toxicity
en	trabajao	trabajo
en	trabajdo	trabajo
en	trackes	trackers
en	trackres	trackers
en	tradicional	traditional
en	tradionally	traditionally
en	tradisional	traditional
en	traditionaly	traditionally
en	traditionel	traditional
en	traditionnal	traditional
en	traditition	tradition
en	tradtionally	traditionally
en	trafficed	trafficked
en	trafficing	trafficking
en	trafic	traffic
en	trageted	targeted
en	tragicallly	tragically
en	tragicaly	tragically
en	traileras	trailers
en	trailes	trailers
en	traines	trainers
en	traingle	triangle
en	traingles	triangles
en	trainig	training
en	trainwreak	trainwreck
en	trainwrek	trainwreck
en	traitoris	traitors
en	traitorise	traitors
en	traitorus	traitors
en	traitour	traitor
en	trakcers	trackers
en	tralier	trailer
en	traliers	trailers
en	tramautic	traumatic
en	tramautized	traumatized
en	tramboline	trampoline
en	tramendously	tremendously
en	tramploine	trampoline
en	trampolene	trampoline
en	tramsformers	transformers
en	tramsforming	transforming
en	tramuatized	traumatized
en	trancendent	transcendent
en	trancending	transcending
en	tranclucent	translucent
en	trandgender	transgender
en	tranditional	transitional
en	tranditions	transitions
en	tranform	transform
en	tranformed	transformed
en	tranistion	transition
en	tranistional	transitional
en	tranistioned	transitioned
en	tranistioning	transitioning
en	tranistions	transitions
en	tranlastion	translations
en	tranlsate	translate
en	tranlsated	translated
en	tranlsating	translating
en	tranlsation	translation
en	tranlsations	translations
en	tranluscent	translucent
en	tranmsission	transmissions
en	trannsexual	transsexual
en	tranpshobic	transphobic
en	transaccion	transaction
en	transaciton	transactions
en	transalte	translate
en	transalted	translated
en	transaltes	translates
en	transalting	translating
en	transaltion	translation
en	transaltions	translations
en	transaltor	translator
en	transaprency	transparency
en	transation	transition
en	transational	transitional
en	transations	transitions
en	transcations	transactions
en	transcendance	transcendence
en	transcendant	transcendent
en	transcendentational	transcendental
en	transciprt	transcripts
en	transcirpt	transcripts
en	transcluent	translucent
en	transcribtion	transcription
en	transcripcion	transcription
en	transcrips	transcripts
en	transcripto	transcription
en	transcripton	transcription
en	transcriptus	transcripts
en	transcris	transcripts
en	transcrit	transcript
en	transcrito	transcript
en	transcrits	transcripts
en	transcrpit	transcript
en	transctions	transitions
en	transculent	translucent
en	transeat	translates
en	transending	transcending
en	transesxuals	transsexuals
en	transfarmers	transformers
en	transfarring	transferring
en	transfender	transgender
en	transferd	transferred
en	transfere	transferred
en	transfered	transferred
en	transferer	transferred
en	transferers	transfers
en	transferes	transfers
en	transfering	transferring
en	transferrred	transferred
en	transferrring	transferring
en	transferrs	transfers
en	transfersom	transforms
en	transferts	transfers
en	transfom	transform
en	transfomed	transformed
en	transfomers	transforms
en	transfored	transformed
en	transformacion	transformation
en	transformare	transformers
en	transformarea	transformer
en	transformarem	transformer
en	transformarse	transformers
en	transformas	transforms
en	transformase	transforms
en	transformaton	transformation
en	transforme	transfer
en	transformees	transforms
en	transformered	transformed
en	transformes	transformers
en	transformis	transforms
en	transformus	transforms
en	transforners	transformers
en	transfors	transforms
en	transforums	transforms
en	transfos	transforms
en	transfrom	transform
en	transfromation	transformation
en	transfromed	transformed
en	transfromer	transformers
en	transfromers	transformers
en	transfroming	transforming
en	transfroms	transforms
en	transgeder	transgender
en	transgemder	transgender
en	transgended	transgendered
en	transgenderd	transgendered
en	transgendred	transgendered
en	transgener	transgender
en	transgenered	transgender
en	transgenger	transgender
en	transgengered	transgendered
en	transgenres	transgender
en	transhpobic	transphobic
en	transicion	transition
en	transicional	transitional
en	transiet	transient
en	transilvania	transylvania
en	transimssion	transmissions
en	transision	transition
en	transisioned	transitioned
en	transisioning	transitioning
en	transisions	transitions
en	transisitor	transistor
en	transister	transistor
en	transistion	transition
en	transistior	transistor
en	transiten	transient
en	transitin	transitions
en	transitionable	transitional
en	transitionals	transitions
en	transitiond	transitioned
en	transitiong	transitioning
en	transitionnal	transitional
en	transitionned	transitioned
en	transitionning	transitioning
en	transito	transition
en	transitons	transitions
en	transitors	transistor
en	transkript	transcript
en	transkription	transcription
en	translastion	translations
en	translateing	translating
en	translater	translator
en	translatin	translations
en	translatio	translator
en	translationg	translating
en	translatron	translation
en	translpant	transplants
en	translucient	translucent
en	transluent	translucent
en	translusent	translucent
en	translyvania	transylvania
en	translyvanian	transylvania
en	transmatter	transmitter
en	transmision	transmission
en	transmisions	transmission
en	transmisison	transmission
en	transmisisons	transmissions
en	transmissable	transmissible
en	transmissin	transmissions
en	transmisson	transmission
en	transmissons	transmissions
en	transmisssion	transmissions
en	transmited	transmitted
en	transmiter	transmitter
en	transmitirte	transmitter
en	transmitor	transistor
en	transmittor	transmitter
en	transmittted	transmitted
en	transmorfers	transformer
en	transmorged	transformed
en	transmorgs	transforms
en	transmutter	transmitter
en	transofrm	transform
en	transofrmation	transformation
en	transofrmed	transformed
en	transofrmers	transformers
en	transofrming	transforming
en	transohobic	transphobic
en	transpalnt	transplants
en	transparancy	transparency
en	transparant	transparent
en	transparantie	transparent
en	transparecy	transparency
en	transparentcy	transparency
en	transparenty	transparency
en	transpareny	transparency
en	transparrent	transparent
en	transperancy	transparency
en	transperant	transparent
en	transperency	transparency
en	transperent	transparent
en	transphoic	transphobic
en	transphonic	transphobic
en	transphopic	transphobic
en	transplain	transplant
en	transplanet	transplant
en	transplantees	transplants
en	transplantes	transplants
en	transplat	transplant
en	transplate	transplant
en	transplats	transplants
en	transpoder	transported
en	transporation	transportation
en	transporder	transporter
en	transporing	transporting
en	transportaion	transportation
en	transportar	transporter
en	transportarme	transporter
en	transportarse	transporter
en	transportarte	transporter
en	transporteur	transporter
en	transporteurs	transporter
en	transportion	transporting
en	transportng	transporting
en	transportor	transporter
en	transportr	transporter
en	transpot	transport
en	transpotting	transporting
en	transseuxal	transsexual
en	transsexal	transsexual
en	transsexaul	transsexual
en	transsexuel	transsexual
en	transsexuella	transsexual
en	transsmision	transmissions
en	transtator	translator
en	transulcent	translucent
en	transylmania	transylvania
en	transylvanai	transylvania
en	transylvannia	transylvania
en	transylvnia	transylvania
en	tranzformer	transformer
en	tranzistor	transistor
en	tranzitions	transitions
en	tranzporter	transporter
en	trasncript	transcript
en	trasncripts	transcripts
en	trasnfer	transfer
en	trasnferred	transferred
en	trasnferring	transferring
en	trasnfers	transfers
en	trasnform	transform
en	trasnformation	transformation
en	trasnformed	transformed
en	trasnformer	transformer
en	trasnformers	transformers
en	trasnforming	transforming
en	trasnforms	transforms
en	trasngender	transgender
en	trasngendered	transgendered
en	trasnlated	translated
en	trasnlator	translator
en	trasnmission	transmissions
en	trasnmitted	transmitted
en	trasnmitter	transmitter
en	trasnparency	transparency
en	trasnparent	transparent
en	trasnphobic	transphobic
en	trasnplant	transplant
en	trasnport	transport
en	trasnportation	transportation
en	trasnported	transported
en	trasnporter	transporter
en	trasnporting	transporting
en	tratior	traitor
en	tratiors	traitors
en	traumatisch	traumatic
en	traumetized	traumatized
en	traumitized	traumatized
en	traveld	traveled
en	traveleres	travelers
en	traveles	travels
en	travellerhd	travelled
en	travellodge	travelled
en	travelodge	traveled
en	travere	traverse
en	traveres	traverse
en	traverlers	traverse
en	traversare	traverse
en	traversie	traverse
en	traversier	traverse
en	travestry	travesty
en	travesy	travesty
en	travles	travels
en	treasue	treasure
en	treasuers	treasures
en	treasurery	treasury
en	treasurey	treasury
en	treasurs	treasures
en	treatis	treaties
en	treatmens	treatments
en	treatmet	treatments
en	treatsie	treaties
en	treausre	treasure
en	treausres	treasures
en	tredning	trending
en	tremelo	tremolo
en	tremelos	tremolos
en	trememdous	tremendous
en	trememdously	tremendously
en	tremendeous	tremendous
en	tremendious	tremendous
en	tremendos	tremendous
en	tremendoulsy	tremendously
en	tremenduous	tremendous
en	tremondous	tremendous
en	tremondously	tremendously
en	trendig	trending
en	trespasing	trespassing
en	trespessing	trespassing
en	tresspasing	trespassing
en	tresuary	treasury
en	trhilling	thrilling
en	trhusters	thrusters
en	trialer	trailer
en	trialers	trailers
en	trianers	trainers
en	triange	triangle
en	triangel	triangle
en	triangels	triangles
en	triangls	triangles
en	trianing	training
en	trianlge	triangle
en	trianlges	triangles
en	trianwreck	trainwreck
en	triator	traitor
en	triators	traitors
en	tribuanl	tribunal
en	tribunaal	tribunal
en	trickey	trickery
en	trickyer	trickery
en	tridnet	trident
en	triggereing	triggering
en	triggern	triggering
en	triggerring	triggering
en	triguered	triggered
en	trilogoy	trilogy
en	trimuph	triumph
en	trinagle	triangle
en	trinagles	triangles
en	trinekts	trinkets
en	tringale	triangle
en	trinitiy	trinity
en	trinkes	trinkets
en	trinkst	trinkets
en	trintiy	trinity
en	triolgy	trilogy
en	triology	trilogy
en	triumpth	triumph
en	trochlight	torchlight
en	trohpies	trophies
en	troleld	trolled
en	troling	trolling
en	trollade	trolled
en	tronado	tornado
en	tropcial	tropical
en	tropedo	torpedo
en	trotilla	tortilla
en	troubelshoot	troubleshoot
en	troubelshooting	troubleshooting
en	troubelsome	troublesome
en	troublehsoot	troubleshoot
en	troublehsooting	troubleshooting
en	troubleshooot	troubleshoot
en	troubleshotting	troubleshooting
en	troups	troupes
en	trpoical	tropical
en	truamatic	traumatic
en	truamatized	traumatized
en	trubinal	tribunal
en	trubines	turbines
en	trudnle	trundle
en	truely	truly
en	truimph	triumph
en	trukish	turkish
en	trumendously	tremendously
en	trundel	trundle
en	trunlde	trundle
en	trushworthy	trustworthy
en	trustowrthy	trustworthy
en	trustwhorty	trustworthy
en	trustworhty	trustworthy
en	trustworhy	trustworthy
en	trustworthly	trustworthy
en	trustworthyness	trustworthiness
en	trustworty	trustworthy
en	trustwothy	trustworthy
en	truthfullly	truthfully
en	truthfuly	truthfully
en	tryahrd	tryhard
en	tryannical	tyrannical
en	tryavon	trayvon
en	tsamina	stamina
en	tsnuami	tsunami
en	tsuanmi	tsunami
en	tsunamai	tsunami
en	tsunmai	tsunami
en	tuesdsay	tuesdays
en	tuesdsy	tuesdays
en	tunnells	tunnels
en	tunnles	tunnels
en	tunraround	turnaround
en	tunrtable	turntable
en	tupparware	tupperware
en	tupperwears	tupperware
en	turbins	turbines
en	turkisch	turkish
en	turksih	turkish
en	turltes	turtles
en	turnapound	turnaround
en	turnaroud	turnaround
en	turntabe	turntable
en	turntabel	turntable
en	turrest	turrets
en	turretts	turrets
en	turstworthy	trustworthy
en	turtels	turtles
en	turthfully	truthfully
en	tuseday	tuesday
en	tusedays	tuesdays
en	tusnami	tsunami
en	tust	trust
en	tutoriales	tutorials
en	tutorual	tutorial
en	tutrles	turtles
en	twelth	twelfth
en	twilgiht	twilight
en	twiligt	twilight
en	twon	town
en	twpo	two
en	tyelnol	tylenol
en	tyhat	that
en	tyhe	they
en	tylenool	tylenol
en	typcial	typical
en	typcially	typically
en	typicaly	typically
en	tyranies	tyrannies
en	tyrannia	tyrannical
en	tyrantical	tyrannical
en	tyrany	tyranny
en	tyrhard	tryhard
en	tyrranies	tyrannies
en	tyrrany	tyranny
en	ubiqituous	ubiquitous
en	ubiquitious	ubiquitous
en	ubiquitos	ubiquitous
en	ubiquituous	ubiquitous
en	ubiquotous	ubiquitous
en	ubiqutious	ubiquitous
en	ublisher	publisher
en	ubsubscribed	unsubscribed
en	ubsubstantiated	unsubstantiated
en	udnercut	undercut
en	udnerdog	underdog
en	udnerestimate	underestimated
en	udnerpowered	underpowered
en	udpated	updated
en	uesfull	useful
en	ugprade	upgrade
en	ugpraded	upgraded
en	ugprades	upgrades
en	ugprading	upgrading
en	uise	use
en	ukarine	ukraine
en	ukrainain	ukrainian
en	ukrainains	ukrainians
en	ukraineans	ukrainians
en	ukrainias	ukrainians
en	ukrainie	ukraine
en	ukrainiens	ukrainians
en	ukrainin	ukrainian
en	ukrainina	ukrainian
en	ukraininans	ukrainians
en	ukraininas	ukrainians
en	ukrainisn	ukrainians
en	ukranian	ukrainian
en	ukranie	ukraine
en	ukriane	ukraine
en	ukrianian	ukrainian
en	ukrianians	ukrainians
en	ulitmate	ultimate
en	ulitmately	ultimately
en	ulitmatum	ultimatum
en	ultamite	ultimate
en	ulterioara	ulterior
en	ulterioare	ulterior
en	ulteriour	ulterior
en	ultiamte	ultimate
en	ultimae	ultimate
en	ultimatelly	ultimately
en	ultimative	ultimate
en	ultimatley	ultimately
en	ultimatuum	ultimatum
en	ultimely	ultimately
en	ultrason	ultrasound
en	umbelievable	unbelievable
en	umberlla	umbrella
en	umbrela	umbrella
en	umbrellla	umbrella
en	umcomfortable	uncomfortable
en	umcomfortably	uncomfortably
en	umemployment	unemployment
en	umpredictable	unpredictable
en	unabel	unable
en	unabnned	unbanned
en	unaccaptable	unacceptable
en	unacceptible	unacceptable
en	unaccpetable	unacceptable
en	unacompanied	unaccompanied
en	unahppy	unhappy
en	unaminous	unanimous
en	unanimoulsy	unanimous
en	unanmious	unanimous
en	unanswerd	unanswered
en	unanwsered	unanswered
en	unanymous	unanimous
en	unappealling	unappealing
en	unappeasing	unappealing
en	unappeeling	unappealing
en	unappropriate	inappropriate
en	unappropriately	inappropriately
en	unasnwered	unanswered
en	unathorised	unauthorised
en	unattanded	unattended
en	unattendend	unattended
en	unatteneded	unattended
en	unattented	unattended
en	unattracive	unattractive
en	unattractice	unattractive
en	unautherized	unauthorized
en	unauthoried	unauthorized
en	unauthroized	unauthorized
en	unavailabe	unavailable
en	unavailble	unavailable
en	unavailible	unavailable
en	unavaliable	unavailable
en	unaviodable	unavoidable
en	unavoidble	unavoidable
en	unawnsered	unanswered
en	unbalanaced	unbalanced
en	unbalenced	unbalanced
en	unballance	unbalance
en	unbalnaced	unbalanced
en	unbanend	unbanned
en	unbannd	unbanned
en	unbannend	unbanned
en	unbareable	unbearable
en	unbeakable	unbeatable
en	unbeareble	unbearable
en	unbeatbale	unbeatable
en	unbeateble	unbeatable
en	unbeerable	unbearable
en	unbeetable	unbeatable
en	unbeknowst	unbeknownst
en	unbeleivable	unbelievable
en	unbeleivably	unbelievably
en	unbeliavable	unbelievable
en	unbeliavably	unbelievably
en	unbeliebable	unbelievable
en	unbelievablely	unbelievably
en	unbelievabley	unbelievably
en	unbelievablly	unbelievably
en	unbelieveble	unbelievable
en	unbelievibly	unbelievably
en	unbeliveable	unbelievable
en	unbeliveably	unbelievably
en	unbelizeable	unbelievable
en	unbolievable	unbelievable
en	unbraikable	unbreakable
en	unbrakeable	unbreakable
en	unbreakabie	unbreakable
en	unbreakabke	unbreakable
en	unbreakbale	unbreakable
en	unbreakble	unbreakable
en	unbreakeble	unbreakable
en	unbrearable	unbreakable
en	uncanney	uncanny
en	uncannny	uncanny
en	uncencored	uncensored
en	uncensered	uncensored
en	uncensord	uncensored
en	uncensorred	uncensored
en	uncersored	uncensored
en	uncertaincy	uncertainty
en	uncertainity	uncertainty
en	uncertaintity	uncertainty
en	uncertaintly	uncertainty
en	uncertainy	uncertainty
en	uncertanity	uncertainty
en	uncertanty	uncertainty
en	uncertianty	uncertainty
en	uncesnored	uncensored
en	unchallengable	unchallengeable
en	unchangable	unchangeable
en	uncomfertable	uncomfortable
en	uncomfertably	uncomfortably
en	uncomfortabel	uncomfortably
en	uncomfortablely	uncomfortably
en	uncomfortabley	uncomfortably
en	uncomfortablity	uncomfortably
en	uncomfortablly	uncomfortably
en	uncomforyable	uncomfortably
en	uncomfrotable	uncomfortable
en	uncomfrotably	uncomfortably
en	uncomftorable	uncomfortable
en	uncomftorably	uncomfortably
en	uncomited	uncommitted
en	uncomitted	uncommitted
en	uncommited	uncommitted
en	uncompatible	incompatible
en	uncompetive	uncompetitive
en	unconcious	unconscious
en	unconciousness	unconsciousness
en	unconcsious	unconscious
en	unconcsiously	unconsciously
en	unconditinal	unconditional
en	unconditionable	unconditional
en	unconditionaly	unconditionally
en	unconditionnal	unconditional
en	unconditionnally	unconditionally
en	unconfortability	discomfort
en	unconfortable	uncomfortable
en	unconfortably	uncomfortably
en	unconsciosly	unconsciously
en	unconscioulsy	unconsciously
en	unconsciouly	unconsciously
en	unconsciouslly	unconsciously
en	unconscous	unconscious
en	unconsicous	unconscious
en	unconsicously	unconsciously
en	unconsiderate	inconsiderate
en	unconsistent	inconsistent
en	unconstititional	unconstitutional
en	unconstituional	unconstitutional
en	unconstitutionnal	unconstitutional
en	uncontitutional	unconstitutional
en	uncontrallable	uncontrollable
en	uncontrallably	uncontrollably
en	uncontrolablly	uncontrollably
en	uncontrollabe	uncontrollable
en	uncontrollablely	uncontrollably
en	uncontrollabley	uncontrollably
en	uncontrollablly	uncontrollably
en	uncontrollaby	uncontrollably
en	unconvectional	unconventional
en	unconvencional	unconventional
en	unconvenient	inconvenient
en	unconvensional	unconventional
en	unconvential	unconventional
en	unconventianal	unconventional
en	unconventinal	unconventional
en	unconventionnal	unconventional
en	uncouncious	unconscious
en	uncounciously	unconsciously
en	uncousciously	unconsciously
en	undebiably	undeniably
en	undecideable	undecidable
en	undefinitely	indefinitely
en	undeinable	undeniable
en	undeinably	undeniably
en	undenaible	undeniable
en	undenaibly	undeniably
en	undeniabely	undeniably
en	undeniablely	undeniably
en	undeniabley	undeniably
en	undeniablly	undeniably
en	undenialbly	undeniably
en	undenyable	undeniable
en	undenyably	undeniably
en	underastimate	underestimate
en	underastimated	underestimated
en	underastimating	underestimating
en	underbaker	undertaker
en	underbog	undergo
en	undercling	underlying
en	undercunt	undercut
en	underdong	underdog
en	underesitmate	underestimated
en	underestamate	underestimate
en	underestamated	underestimated
en	underestemate	underestimate
en	underestemated	underestimated
en	underestemating	underestimating
en	underestiamte	underestimated
en	underestimateing	underestimating
en	underestime	underestimate
en	underestimeted	underestimated
en	underfaker	undertaker
en	undergard	undergrad
en	undergated	underrated
en	undergating	undertaking
en	underglo	undergo
en	undergorund	underground
en	undergradate	undergraduate
en	undergradute	undergraduate
en	undergrand	undergrad
en	undergratuate	undergraduate
en	undergroud	underground
en	undergrund	underground
en	underheight	underweight
en	underhwelming	underwhelming
en	underhwleming	underwhelming
en	undermimes	undermines
en	undermiming	undermining
en	underminde	undermines
en	undermindes	undermines
en	underminding	undermining
en	undermineing	undermining
en	undermineras	undermines
en	undermineres	undermines
en	underming	undermining
en	underminging	undermining
en	underminig	undermining
en	underminining	undermining
en	underminning	undermining
en	undernearth	underneath
en	underneeth	underneath
en	underneight	underweight
en	underneith	underneath
en	undernieth	underneath
en	underog	undergo
en	underpining	undermining
en	underpowed	underpowered
en	underpowerd	underpowered
en	underpowererd	underpowered
en	underpowred	underpowered
en	underraged	underrated
en	underraker	undertaker
en	underrater	undertaker
en	underratted	underrated
en	undersatnd	understands
en	undersetimate	underestimate
en	undersetimated	underestimated
en	undersog	undergo
en	understad	understands
en	understadn	understands
en	understandablely	understandably
en	understandabley	understandably
en	understandble	understandable
en	understandbly	understandably
en	understandebly	understandably
en	understandible	understandable
en	understandibly	understandably
en	understannd	understands
en	understans	understands
en	understnad	understands
en	understoon	understood
en	understsand	understands
en	understsnd	understands
en	undertacker	undertaker
en	undertakeing	undertaking
en	undertoe	undertones
en	undertoker	undertaker
en	undertsand	understands
en	undertunes	undertones
en	underwaer	underwear
en	underwager	underwater
en	underwar	underwater
en	underware	underwear
en	underwares	underwater
en	underwarter	underwater
en	underwealming	underwhelming
en	underwhelimg	underwhelming
en	underwheling	underwhelming
en	underwhemling	underwhelming
en	underwhleming	underwhelming
en	underwieght	underweight
en	underwolrd	underworld
en	underwoord	underworld
en	underwright	underweight
en	underwrold	underworld
en	underyling	underlying
en	undescore	underscore
en	undesireable	undesirable
en	undesireble	undesirable
en	undesriable	undesirable
en	undesrtand	understands
en	undestructible	indestructible
en	undetecable	undetectable
en	undiserable	undesirable
en	undoctrinated	indoctrinated
en	undoubedtly	undoubtedly
en	undoubetdly	undoubtedly
en	undoubtadly	undoubtedly
en	undoubtebly	undoubtedly
en	undoubtedbly	undoubtedly
en	undoubtedy	undoubtedly
en	undoubtely	undoubtedly
en	undoubtetly	undoubtedly
en	undoubtley	undoubtedly
en	undreground	underground
en	uneccesary	unnecessary
en	unecessary	unnecessary
en	unedcuated	uneducated
en	unedicated	uneducated
en	unemployeed	unemployed
en	unemployemnt	unemployment
en	unemployent	unemployment
en	unemploymed	unemployed
en	unemplyoment	unemployment
en	unempolyed	unemployed
en	unempolyment	unemployment
en	unenployment	unemployment
en	unequalities	inequalities
en	unexpectadely	unexpectedly
en	unexpectadly	unexpectedly
en	unexpectdly	unexpectedly
en	unexpectely	unexpectedly
en	unexpectetly	unexpectedly
en	unexpectidly	unexpectedly
en	unexperience	inexperience
en	unexpextedly	unexpectedly
en	unexplaind	unexplained
en	unexplaned	unexplained
en	unexplicably	inexplicably
en	unfailry	unfairly
en	unfairy	unfairly
en	unfamilair	unfamiliar
en	unfamilier	unfamiliar
en	unfamilliar	unfamiliar
en	unfarily	unfairly
en	unfinsihed	unfinished
en	unfirendly	unfriendly
en	unfomfortable	uncomfortable
en	unforetunately	unfortunately
en	unforgetable	unforgettable
en	unforgiveable	unforgivable
en	unforgiveble	unforgivable
en	unforgivible	unforgivable
en	unforseen	unforeseen
en	unfortuante	unfortunate
en	unfortuantely	unfortunately
en	unfortuate	unfortunate
en	unfortunantly	unfortunately
en	unfortunatelly	unfortunately
en	unfortunatley	unfortunately
en	unfortunatly	unfortunately
en	unfortune	unfortunate
en	unfortuneatly	unfortunately
en	unfortunetely	unfortunately
en	unfortunetly	unfortunately
en	unfourtunately	unfortunately
en	unfreindly	unfriendly
en	unfriednly	unfriendly
en	unfriendy	unfriendly
en	unfriently	unfriendly
en	ungodley	ungodly
en	ungoldy	ungodly
en	ungrapeful	ungrateful
en	ungreatful	ungrateful
en	ungreatfull	ungrateful
en	unhapppy	unhappy
en	unhealhty	unhealthy
en	unhealthly	unhealthy
en	unhealty	unhealthy
en	unheathly	unhealthy
en	unhelathy	unhealthy
en	unicornios	unicorns
en	unicornis	unicorns
en	unicornus	unicorns
en	unicors	unicorns
en	unicrons	unicorns
en	unifnished	unfinished
en	uniformes	uniforms
en	unifroms	uniforms
en	unihabited	uninhabited
en	unilaterallly	unilaterally
en	unilateraly	unilaterally
en	unilaterlly	unilaterally
en	unilatreal	unilateral
en	unilatreally	unilaterally
en	uniliterally	unilaterally
en	unimporant	unimportant
en	unimportent	unimportant
en	unimpresed	unimpressed
en	unimpressd	unimpressed
en	unimpresssed	unimpressed
en	uninamous	unanimous
en	uninitalised	uninitialised
en	uninitalizable	uninitializable
en	uninitalized	uninitialized
en	uninsipred	uninspired
en	uninspiried	uninspired
en	uninspried	uninspired
en	uninstaled	uninstalled
en	uninstaling	uninstalling
en	uninstallimg	uninstalling
en	uninstallled	uninstalled
en	uninstallling	uninstalling
en	uninstallng	uninstalling
en	unintellegent	unintelligent
en	unintelligant	unintelligent
en	unintelligient	unintelligent
en	unintensional	unintentional
en	unintensionally	unintentionally
en	unintentinal	unintentional
en	unintentionaly	unintentionally
en	unintentionnal	unintentional
en	unintentionnally	unintentionally
en	uninteresed	uninterested
en	uninteresing	uninteresting
en	uninteristing	uninteresting
en	uninterneted	uninterested
en	uninterruped	uninterrupted
en	uninterupted	uninterrupted
en	unintuive	unintuitive
en	uniquelly	uniquely
en	uniquesness	uniqueness
en	uniquey	uniquely
en	uniquiness	uniqueness
en	uniquley	uniquely
en	unisntall	uninstall
en	unisntalled	uninstalled
en	unisntalling	uninstalling
en	unitesstates	unitedstates
en	univeral	universal
en	univercity	university
en	univerisites	universities
en	univeristies	universities
en	univeristy	university
en	univerity	university
en	universale	universe
en	universaly	universally
en	universella	universally
en	universels	universes
en	universets	universes
en	universite	universities
en	universites	universities
en	universitets	universities
en	universitites	universities
en	universse	universes
en	universtiy	university
en	univesities	universities
en	univesity	university
en	unjustifed	unjustified
en	unjustifyed	unjustified
en	unknowingy	unknowingly
en	unknowinlgy	unknowingly
en	unknowinly	unknowingly
en	unknwon	unknown
en	unkonwn	unknown
en	unkown	unknown
en	unkowningly	unknowingly
en	unlcean	unclean
en	unlcoks	unlocks
en	unlcuky	unlucky
en	unliaterally	unilaterally
en	unlikey	unlikely
en	unlikley	unlikely
en	unlockes	unlocks
en	unluckly	unlucky
en	unmanouverable	unmaneuverable
en	unmont	unmount
en	unmout	unmount
en	unnecassarily	unnecessarily
en	unnecassary	unnecessary
en	unneccesarily	unnecessarily
en	unneccesary	unnecessary
en	unneccessarily	unnecessarily
en	unneccessary	unnecessary
en	unnecesarily	unnecessarily
en	unnecesary	unnecessary
en	unnecessairly	unnecessarily
en	unnecessairy	unnecessarily
en	unnecessarely	unnecessarily
en	unnecessarilly	unnecessarily
en	unnecessarity	unnecessarily
en	unnecessarly	unnecessarily
en	unnecesserily	unnecessarily
en	unnecessery	unnecessary
en	unnecissarily	unnecessarily
en	unnecissary	unnecessary
en	unnessecarily	unnecessarily
en	unnessecary	unnecessary
en	unnistall	uninstall
en	unnistalled	uninstalled
en	unnistalling	uninstalling
en	unofficail	unofficial
en	unoffical	unofficial
en	unoffocial	unofficial
en	unopend	unopened
en	unopenend	unopened
en	unoperational	nonoperational
en	unorginial	unoriginal
en	unoriginial	unoriginal
en	unorigional	unoriginal
en	unorignial	unoriginal
en	unorigonal	unoriginal
en	unoticeable	unnoticeable
en	unplacable	unplayable
en	unplayabe	unplayable
en	unplaybale	unplayable
en	unplayeble	unplayable
en	unpleaseant	unpleasant
en	unpleasent	unpleasant
en	unplesant	unpleasant
en	unpoened	unopened
en	unpopluar	unpopular
en	unpopulair	unpopular
en	unportected	unprotected
en	unprecendented	unprecedented
en	unprecendeted	unprecedented
en	unprecidented	unprecedented
en	unpredecented	unprecedented
en	unpredicatble	unpredictable
en	unpredictabe	unpredictable
en	unpredictible	unpredictable
en	unpreductive	unproductive
en	unprepaired	unprepared
en	unpreparred	unprepared
en	unpresedented	unprecedented
en	unpridictable	unpredictable
en	unproducive	unproductive
en	unproduktive	unproductive
en	unprofessinal	unprofessional
en	unprofessionel	unprofessional
en	unprofessionnal	unprofessional
en	unprone	unproven
en	unproteced	unprotected
en	unprotexted	unprotected
en	unqaulified	unqualified
en	unqiuely	uniquely
en	unqiueness	uniqueness
en	unqualifed	unqualified
en	unrakned	unranked
en	unrankend	unranked
en	unrealesed	unreleased
en	unrealible	unreliable
en	unrealisitc	unrealistic
en	unrealisitic	unrealistic
en	unrealistc	unrealistic
en	unrealistisch	unrealistic
en	unrealitic	unrealistic
en	unrealsitic	unrealistic
en	unreaponsive	unresponsive
en	unreasonablely	unreasonably
en	unreasonabley	unreasonably
en	unreasonablly	unreasonably
en	unreasonal	unreasonably
en	unreasonalby	unreasonably
en	unreasonbly	unreasonably
en	unregluated	unregulated
en	unregualted	unregulated
en	unregulared	unregulated
en	unrelaible	unreliable
en	unreleated	unreleased
en	unreliabe	unreliable
en	unrelyable	unreliable
en	unrepentent	unrepentant
en	unrepetant	unrepentant
en	unrepetent	unrepentant
en	unrepsonsive	unresponsive
en	unresponcive	unresponsive
en	unresponisve	unresponsive
en	unresponive	unresponsive
en	unresponse	unresponsive
en	unresponsibe	unresponsive
en	unresponsivness	unresponsive
en	unrestircted	unrestricted
en	unrestrcited	unrestricted
en	unrestriced	unrestricted
en	unrestrictred	unrestricted
en	unristricted	unrestricted
en	unrnaked	unranked
en	unrpoven	unproven
en	unrwitten	unwritten
en	unseccessful	unsuccessful
en	unsed	used
en	unsencored	uncensored
en	unsespecting	unsuspecting
en	unsetlling	unsettling
en	unsettleing	unsettling
en	unsibscribed	unsubscribed
en	unsibstantiated	unsubstantiated
en	unsintalled	uninstalled
en	unsistainable	unsustainable
en	unsolicated	unsolicited
en	unsoliciated	unsolicited
en	unsolicitied	unsolicited
en	unsolicted	unsolicited
en	unsoliticed	unsolicited
en	unsolocited	unsolicited
en	unsuable	unusable
en	unsubscibe	unsubscribe
en	unsubscirbe	unsubscribe
en	unsubscirbed	unsubscribed
en	unsubscrbe	unsubscribe
en	unsubscrbed	unsubscribed
en	unsubscribade	unsubscribed
en	unsubscribbed	unsubscribe
en	unsubscrible	unsubscribed
en	unsubscrided	unsubscribed
en	unsubscried	unsubscribed
en	unsubscripe	unsubscribe
en	unsubscriped	unsubscribed
en	unsubscrive	unsubscribe
en	unsubscrube	unsubscribe
en	unsubscrubed	unsubscribed
en	unsubsrcibe	unsubscribe
en	unsubsrcibed	unsubscribed
en	unsubstanciated	unsubstantiated
en	unsubstansiated	unsubstantiated
en	unsubstantiaed	unsubstantiated
en	unsubstantianted	unsubstantiated
en	unsubstantiative	unsubstantiated
en	unsuccesful	unsuccessful
en	unsuccesfully	unsuccessfully
en	unsuccessfull	unsuccessful
en	unsuccessul	unsuccessful
en	unsucesful	unsuccessful
en	unsucesfuly	unsuccessfully
en	unsucessful	unsuccessful
en	unsucessfull	unsuccessful
en	unsucessfully	unsuccessfully
en	unsunscribe	unsubscribe
en	unsunscribed	unsubscribed
en	unsuprised	unsurprised
en	unsuprising	unsurprising
en	unsuprisingly	unsurprisingly
en	unsuprized	unsurprised
en	unsuprizing	unsurprising
en	unsuprizingly	unsurprisingly
en	unsurprized	unsurprised
en	unsurprizing	unsurprising
en	unsurprizingly	unsurprisingly
en	unsusbcribe	unsubscribe
en	unsusbcribed	unsubscribed
en	unsusbtantiated	unsubstantiated
en	unsustainble	unsustainable
en	unsustainible	unsustainable
en	unsustianable	unsustainable
en	untill	until
en	untraind	untrained
en	untranslateable	untranslatable
en	untrianed	untrained
en	unusabe	unusable
en	unusaully	unusually
en	unuseable	unusable
en	unusuable	unusable
en	unusualy	unusually
en	unvelievable	unbelievable
en	unvelievably	unbelievably
en	unviersally	universally
en	unvierse	universe
en	unvierses	universes
en	unviersities	universities
en	unviersity	university
en	unvulnerable	invulnerable
en	unwarrented	unwarranted
en	unweildly	unwieldy
en	unwieldly	unwieldy
en	unwirtten	unwritten
en	unworhty	unworthy
en	unworthly	unworthy
en	unworty	unworthy
en	unwrittern	unwritten
en	upcomming	upcoming
en	upgarde	upgrade
en	upgarded	upgraded
en	upgardes	upgrades
en	upgarding	upgrading
en	upgradded	upgraded
en	upgrads	upgrades
en	uplaods	uploads
en	uplfiting	uplifting
en	uplifitng	uplifting
en	uploades	uploads
en	upstaris	upstairs
en	upsteam	upstream
en	upstiars	upstairs
en	urainum	uranium
en	uranuim	uranium
en	urethrea	urethra
en	uretrha	urethra
en	urkaine	ukraine
en	urkainian	ukrainian
en	urkainians	ukrainians
en	urnaium	uranium
en	urugauy	uruguay
en	uruguary	uruguay
en	usally	usually
en	useage	usage
en	usefull	useful
en	usefuly	usefully
en	useing	using
en	usualy	usually
en	ususally	usually
en	utiliatrian	utilitarian
en	utilitatian	utilitarian
en	utiliterian	utilitarian
en	utilitiy	utility
en	utilizacion	utilization
en	utilizaiton	utilization
en	utilizating	utilization
en	utiltiarian	utilitarian
en	utiltiy	utility
en	utlimate	ultimate
en	utlimately	ultimately
en	utlimatum	ultimatum
en	utlrasound	ultrasound
en	utopain	utopian
en	utpoian	utopian
en	vacciante	vaccinate
en	vacciantion	vaccination
en	vaccinae	vaccinated
en	vaccinatie	vaccinated
en	vaccinaties	vaccinate
en	vaccinato	vaccination
en	vaccineras	vaccines
en	vacciners	vaccines
en	vaccinet	vaccinated
en	vaccins	vaccines
en	vaccum	vacuum
en	vaccume	vacuum
en	vacestomy	vasectomy
en	vacinity	vicinity
en	vageuly	vaguely
en	vaguaries	vagaries
en	vaguelly	vaguely
en	vaguley	vaguely
en	vaiation	aviation
en	vaibility	viability
en	vaieties	varieties
en	vaildated	validated
en	vailidty	validity
en	vairable	variable
en	vairables	variables
en	vairant	variant
en	vaklyrie	valkyrie
en	valdiated	validated
en	valenca	valencia
en	valenica	valencia
en	valentein	valentine
en	valentians	valentines
en	valentie	valentines
en	valentien	valentine
en	valentiens	valentines
en	valentimes	valentines
en	valentinas	valentines
en	valentinos	valentines
en	valentins	valentines
en	valentis	valentines
en	valentones	valentines
en	valetta	valletta
en	validade	validated
en	validitity	validity
en	validitiy	validity
en	valkirye	valkyrie
en	valkiyre	valkyrie
en	valkriye	valkyrie
en	valkryie	valkyrie
en	valkyire	valkyrie
en	valkyre	valkyrie
en	valnecia	valencia
en	valnetines	valentines
en	valuabe	valuable
en	valubale	valuable
en	valuble	valuable
en	valueable	valuable
en	valykrie	valkyrie
en	vamipres	vampires
en	vampiers	vampires
en	vampirs	vampires
en	vampries	vampires
en	vanadlism	vandalism
en	vandalisim	vandalism
en	vandalsim	vandalism
en	vanguad	vanguard
en	vangurad	vanguard
en	vanillia	vanilla
en	vanillla	vanilla
en	vanugard	vanguard
en	varaible	variable
en	varaibles	variables
en	varaint	variant
en	varaints	variants
en	varations	variations
en	vareity	variety
en	variabel	variable
en	varians	variants
en	variantes	variants
en	varibale	variable
en	varient	variant
en	variey	variety
en	varification	verification
en	varing	varying
en	varisty	varsity
en	varitey	variety
en	varities	varieties
en	varity	variety
en	varstiy	varsity
en	vasall	vassal
en	vasalls	vassals
en	vascetomy	vasectomy
en	vasectomey	vasectomy
en	vassales	vassals
en	vassalls	vassals
en	vassalos	vassals
en	vasslas	vassals
en	vastecomy	vasectomy
en	vaticaan	vatican
en	vaticina	vatican
en	vaugely	vaguely
en	vaulable	valuable
en	vaylkrie	valkyrie
en	vechiles	vehicles
en	vecotrs	vectors
en	vectores	vectors
en	vectros	vectors
en	veganisim	veganism
en	vegansim	veganism
en	vegatarian	vegetarian
en	vegaterian	vegetarian
en	vegaterians	vegetarians
en	vegeratian	vegetarians
en	vegetairan	vegetarians
en	vegetarain	vegetarians
en	vegetarianas	vegetarians
en	vegetarianos	vegetarians
en	vegetarien	vegetarian
en	vegetariens	vegetarians
en	vegetarin	vegetarians
en	vegetarion	vegetarian
en	vegetatian	vegetarian
en	vegetatians	vegetarians
en	vegeterian	vegetarian
en	vegeterians	vegetarians
en	vegitable	vegetable
en	vegitables	vegetables
en	vegtable	vegetable
en	vehciles	vehicles
en	vehemantly	vehemently
en	vehementely	vehemently
en	vehementy	vehemently
en	vehemontly	vehemently
en	vehicels	vehicles
en	vehicule	vehicle
en	veichles	vehicles
en	veitnam	vietnam
en	veitnamese	vietnamese
en	veiwers	viewers
en	veiwership	viewership
en	veiwpoint	viewpoint
en	veiwpoints	viewpoints
en	velantine	valentine
en	vell	well
en	vendeta	vendetta
en	vendettta	vendetta
en	venegance	vengeance
en	venelope	envelope
en	venemous	venomous
en	veneuzela	venezuela
en	venezeula	venezuela
en	venezuelean	venezuela
en	venezuelian	venezuela
en	venezuella	venezuela
en	venezulea	venezuela
en	vengaence	vengeance
en	vengance	vengeance
en	vengenace	vengeance
en	vengence	vengeance
en	ventalation	ventilation
en	ventelation	ventilation
en	ventialtion	ventilation
en	ventilacion	ventilation
en	ventilato	ventilation
en	verablly	verbally
en	verastility	versatility
en	verbaitm	verbatim
en	verbaly	verbally
en	verbatium	verbatim
en	verfication	verification
en	verficiation	verification
en	verfiying	verifying
en	verical	vertical
en	verificacion	verification
en	verificaiton	verification
en	verificato	verification
en	verifikation	verification
en	verifiyng	verifying
en	verifyable	verifiable
en	verious	various
en	verisions	revisions
en	verison	version
en	verisons	versions
en	veritcally	vertically
en	veritgo	vertigo
en	veritiable	verifiable
en	vernaculaire	vernacular
en	vernecular	vernacular
en	vernicular	vernacular
en	versalite	versatile
en	versatality	versatility
en	versatel	versatile
en	versatiliy	versatility
en	versatille	versatile
en	versatillity	versatility
en	versatilty	versatility
en	versatily	versatility
en	versiones	versions
en	versitale	versatile
en	versitality	versatility
en	versitilaty	versatility
en	versitlity	versatility
en	versoin	version
en	verstaile	versatile
en	vertabim	verbatim
en	vertgio	vertigo
en	verticallity	vertically
en	verticaly	vertically
en	vertification	certification
en	vertigro	vertigo
en	veryifing	verifying
en	vesseles	vessels
en	vessells	vessels
en	vessles	vessels
en	vetween	between
en	vewiership	viewership
en	veyr	very
en	viabiliy	viability
en	viatmin	vitamin
en	viatmins	vitamins
en	vibratie	vibrate
en	vibratin	vibration
en	vibratoare	vibrator
en	vibratr	vibrator
en	vicintiy	vicinity
en	vicitmized	victimized
en	vicitms	victims
en	vicotrian	victorian
en	vicotries	victories
en	vicotrious	victorious
en	vicseral	visceral
en	victemized	victimized
en	victimas	victims
en	victimes	victims
en	victoires	victories
en	victomized	victimized
en	victorain	victorian
en	victorieuse	victories
en	victorin	victorian
en	victorina	victorian
en	victorinos	victorious
en	victorinus	victorious
en	victorios	victorious
en	victoriosa	victorious
en	victorioso	victorious
en	victoris	victories
en	victoriuos	victorious
en	victoriuous	victorious
en	victumized	victimized
en	videogaem	videogame
en	videogaems	videogames
en	videogamemes	videogames
en	videogams	videogames
en	videojames	videogames
en	vidoegame	videogame
en	vidoegames	videogames
en	vientam	vietnam
en	vientamese	vietnamese
en	vietmanese	vietnamese
en	vietnamees	vietnamese
en	vietnameese	vietnamese
en	vietnamesse	vietnamese
en	vietnamiese	vietnamese
en	vietnamise	vietnamese
en	vietnamnese	vietnamese
en	vieweres	viewers
en	viewpiont	viewpoint
en	viewpionts	viewpoints
en	viewpoit	viewpoints
en	vigeur	vigueur
en	vigilane	vigilante
en	vigilantie	vigilante
en	vigilanties	vigilante
en	vigilence	vigilance
en	vigliant	vigilant
en	vigliante	vigilante
en	vigoruosly	vigorously
en	vigourosly	vigorously
en	vigourous	vigorous
en	vigrins	virgins
en	vikigns	vikings
en	vikingos	vikings
en	viligant	vigilant
en	viligante	vigilante
en	villageois	villages
en	villegas	villages
en	villian	villain
en	villification	vilification
en	villify	vilify
en	villin	villain
en	viloently	violently
en	vincinity	vicinity
en	vindicitve	vindictive
en	vindictave	vindictive
en	vindicte	vindictive
en	vinicity	vicinity
en	vioalting	violating
en	violatin	violation
en	violentce	violence
en	violenty	violently
en	violetas	violates
en	virament	vraiment
en	virbate	vibrate
en	virbation	vibration
en	virbator	vibrator
en	virginas	virgins
en	virgines	virgins
en	virgings	virgins
en	virginis	virgins
en	virgintiy	virginity
en	virginus	virgins
en	virignity	virginity
en	virigns	virgins
en	virtiol	vitriol
en	virtualy	virtually
en	virtuels	virtues
en	virtuose	virtues
en	virualization	visualization
en	virutal	virtual
en	virutally	virtually
en	virutes	virtues
en	visable	visible
en	visably	visibly
en	visbily	visibly
en	viscreal	visceral
en	visercal	visceral
en	visibiliy	visibility
en	visibillity	visibility
en	visibiltiy	visibility
en	visibily	visibility
en	visibley	visibly
en	visiblly	visibly
en	visting	visiting
en	vistors	visitors
en	visualizacion	visualization
en	visualizaiton	visualization
en	visualizating	visualization
en	visualizaton	visualization
en	vitailty	vitality
en	vitaliy	vitality
en	vitaminas	vitamins
en	vitamines	vitamins
en	vitamis	vitamins
en	vitenam	vietnam
en	vitenamese	vietnamese
en	vitimans	vitamins
en	vitirol	vitriol
en	vitmain	vitamin
en	vitmains	vitamins
en	vitories	victories
en	vitroil	vitriol
en	vitrual	virtual
en	vitrually	virtually
en	vitrues	virtues
en	vitualization	visualization
en	vizualisations	visualization
en	vizualization	visualization
en	vocabluary	vocabulary
en	vocabularily	vocabulary
en	vocabularity	vocabulary
en	vocabularly	vocabulary
en	vociemail	voicemail
en	voicemal	voicemail
en	voilates	violates
en	voilating	violating
en	voilation	violation
en	voilently	violently
en	volatge	voltage
en	volatiliy	volatility
en	volatillity	volatility
en	volatiltiy	volatility
en	volatily	volatility
en	volativity	volatility
en	volcando	volcano
en	volcanoe	volcano
en	volcaron	volcano
en	voleyball	volleyball
en	volitality	volatility
en	volleyboll	volleyball
en	vollyeball	volleyball
en	volontary	voluntary
en	volonteer	volunteer
en	volonteered	volunteered
en	volonteering	volunteering
en	volonteers	volunteers
en	volounteer	volunteer
en	volounteered	volunteered
en	volounteering	volunteering
en	volounteers	volunteers
en	volumne	volume
en	volunatrily	voluntarily
en	volunatry	voluntary
en	voluntairly	voluntarily
en	voluntairy	voluntarily
en	voluntarilly	voluntarily
en	voluntarly	voluntary
en	voluntears	volunteers
en	volunteed	volunteered
en	volunteeer	volunteers
en	volunteeers	volunteers
en	volunteerd	volunteered
en	volunteraly	voluntarily
en	voluntered	volunteered
en	voluntereed	volunteered
en	volunterily	voluntarily
en	volunterring	volunteering
en	votlage	voltage
en	vreity	variety
en	vrey	very
en	vriament	vraiment
en	vriety	variety
en	vriginity	virginity
en	vrigins	virgins
en	vulberability	vulnerability
en	vulernabilities	vulnerabilities
en	vulernability	vulnerability
en	vulernable	vulnerable
en	vulnarabilities	vulnerabilities
en	vulnarability	vulnerability
en	vulnarable	vulnerable
en	vulnerabil	vulnerable
en	vulnerabile	vulnerable
en	vulnerabilites	vulnerabilities
en	vulnerabillity	vulnerability
en	vulnerabiltiy	vulnerability
en	vulnerabilty	vulnerability
en	vulnerablility	vulnerability
en	vulnurabilities	vulnerabilities
en	vulnurability	vulnerability
en	vulnurable	vulnerable
en	vunlerabilities	vulnerabilities
en	vunlerability	vulnerability
en	vunlerable	vulnerable
en	vurnerabilities	vulnerabilities
en	vurnerability	vulnerability
en	vyer	very
en	vyre	very
en	waclott	walcott
en	wacther	watcher
en	waht	what
en	wahtever	whatever
en	waitres	waiters
en	waktins	watkins
en	wallpapaers	wallpapers
en	wallpapes	wallpapers
en	wallpappers	wallpapers
en	wallpapr	wallpapers
en	warantee	warranty
en	warcarft	warcraft
en	warcrat	warcraft
en	wardobe	wardrobe
en	wariwck	warwick
en	warrandyte	warranty
en	warrante	warranties
en	warrantles	warranties
en	warrantly	warranty
en	warrany	warranty
en	warrent	warrant
en	warrenties	warranties
en	warrios	warriors
en	warriros	warriors
en	warrriors	warriors
en	warwcik	warwick
en	washignton	washington
en	washingtion	washington
en	wass	was
en	watchemn	watchmen
en	watchign	watching
en	waterlemon	watermelon
en	watermalon	watermelon
en	watermeleon	watermelon
en	waterproff	waterproof
en	waterprooof	waterproof
en	wathcer	watcher
en	wathcing	watching
en	wathcmen	watchmen
en	wathever	whatever
en	watiers	waiters
en	watkings	watkins
en	watn	want
en	wavelegnth	wavelength
en	wavelegnths	wavelength
en	wavelengh	wavelength
en	wavelenghs	wavelength
en	wavelenght	wavelength
en	wavelenghth	wavelength
en	wavelenghts	wavelength
en	waviers	waivers
en	wawrick	warwick
en	wayword	wayward
en	weakenend	weakened
en	weakensses	weaknesses
en	weakneses	weakness
en	weaknesess	weaknesses
en	weaknesss	weaknesses
en	weaknessses	weaknesses
en	wealtheir	wealthier
en	wealthly	wealthy
en	weaponary	weaponry
en	weas	was
en	weathliest	wealthiest
en	webapge	webpage
en	webiste	website
en	webistes	websites
en	webstie	website
en	websties	websites
en	wedensday	wednesday
en	wedensdays	wednesdays
en	wednesdsay	wednesdays
en	wednesdsy	wednesdays
en	wednesdy	wednesdays
en	wednessay	wednesdays
en	wednessday	wednesdays
en	wednseday	wednesday
en	wednsedays	wednesdays
en	wehn	when
en	weightened	weighted
en	weightlfiting	weightlifting
en	weightlifing	weightlifting
en	weightlifitng	weightlifting
en	weightligting	weightlifting
en	weigthed	weighted
en	weigthlifting	weightlifting
en	weigths	weights
en	weild	wield
en	weilded	wielded
en	weirldy	weirdly
en	weirods	weirdos
en	welathier	wealthier
en	welathiest	wealthiest
en	welathy	wealthy
en	wellignton	wellington
en	wellingotn	wellington
en	wellingston	wellington
en	wellingtion	wellington
en	wendesday	wednesday
en	wendesdays	wednesdays
en	wendsay	wednesday
en	wensday	wednesday
en	wepbage	webpage
en	wereabouts	whereabouts
en	weridest	weirdest
en	weridly	weirdly
en	weridos	weirdos
en	werstle	wrestle
en	werstler	wrestler
en	wesbite	website
en	wesbites	websites
en	wesbtrook	westbrook
en	westbrok	westbrook
en	westbroook	westbrook
en	westernerns	westerners
en	westernes	westerners
en	westernese	westerners
en	westerness	westerners
en	westerse	westerners
en	westminser	westminster
en	westminter	westminster
en	westmisnter	westminster
en	westmnister	westminster
en	westmonster	westminster
en	westrbook	westbrook
en	whaeton	wheaton
en	whant	want
en	whants	wants
en	whatosever	whatsoever
en	whatseover	whatsoever
en	whcih	which
en	wheras	whereas
en	wherease	whereas
en	whereever	wherever
en	wheter	whether
en	whic	which
en	whietlist	whitelist
en	whihc	which
en	whilrwind	whirlwind
en	whilsting	whistling
en	whipser	whisper
en	whipsered	whispered
en	whipsering	whispering
en	whipsers	whispers
en	whislist	wishlist
en	whislte	whistle
en	whisltes	whistles
en	whislting	whistling
en	whisperd	whispered
en	whisperered	whispered
en	whisperes	whispers
en	whistel	whistle
en	whistels	whistles
en	whitelsit	whitelist
en	whith	with
en	whitholding	withholding
en	whitleist	whitelist
en	whitsle	whistle
en	whitsles	whistles
en	whitsling	whistling
en	whlch	which
en	whn	when
en	wholeheartadly	wholeheartedly
en	wholeheartdly	wholeheartedly
en	wholeheartedy	wholeheartedly
en	wholeheartely	wholeheartedly
en	wholeheartidly	wholeheartedly
en	wholey	wholly
en	wholy	wholly
en	whrilwind	whirlwind
en	whsiper	whisper
en	whsipered	whispered
en	whsipering	whispering
en	whsipers	whispers
en	whta	what
en	whther	whether
en	whtielist	whitelist
en	wiaters	waiters
en	wiavers	waivers
en	wich	which
en	widepsread	widespread
en	widespred	widespread
en	widesread	widespread
en	widgest	widgets
en	widgetas	widgets
en	wief	wife
en	wieghted	weighted
en	wieghtlifting	weightlifting
en	wieghts	weights
en	wierd	weird
en	wiew	view
en	wigdets	widgets
en	wih	with
en	wiht	with
en	wikileakers	wikileaks
en	wikileakes	wikileaks
en	wilderniss	wilderness
en	wildreness	wilderness
en	willaims	williams
en	wille	will
en	willfullly	willfully
en	willfuly	willfully
en	willimas	williams
en	willingless	willingness
en	willk	will
en	wincheseter	winchester
en	winchestor	winchester
en	windhsield	windshield
en	windosr	windsor
en	windsheild	windshield
en	windsheilds	windshield
en	windshied	windshield
en	windshiled	windshield
en	windsoar	windsor
en	wininpeg	winnipeg
en	winnigns	winnings
en	winnins	winnings
en	winnpieg	winnipeg
en	winsdor	windsor
en	wintesses	witnesses
en	wintson	winston
en	wiredest	weirdest
en	wirting	writing
en	wisconisn	wisconsin
en	wisconsion	wisconsin
en	wishlisht	wishlist
en	wishlsit	wishlist
en	wishpered	whispered
en	wishpering	whispering
en	wishpers	whispers
en	wisnton	winston
en	withces	witches
en	withdral	withdrawal
en	withdrawalls	withdrawals
en	withdrawan	withdrawn
en	withdrawel	withdrawal
en	withdrawels	withdrawals
en	withdrawin	withdrawn
en	withdrawl	withdrawal
en	withdrawles	withdrawals
en	withdrawling	withdrawing
en	withdrawning	withdrawing
en	witheld	withheld
en	withelist	whitelist
en	withh	with
en	withhelding	withholding
en	withholdng	withholding
en	withing	within
en	withold	withhold
en	withrdawal	withdrawals
en	withrdawing	withdrawing
en	witht	with
en	witn	with
en	witnesess	witnesses
en	witnesss	witnesses
en	witnesssing	witnessing
en	witnissing	witnessing
en	wiull	will
en	wlacott	walcott
en	wnat	want
en	wnated	wanted
en	wnats	wants
en	wohle	whole
en	wokr	work
en	wokring	working
en	wolrdview	worldview
en	wolrdwide	worldwide
en	wonderes	wonders
en	wonderfull	wonderful
en	wonderfullly	wonderfully
en	wonderfuly	wonderfully
en	wonderlad	wonderland
en	wonderus	wonders
en	wonderwand	wonderland
en	woodowrking	woodworking
en	woodworkign	woodworking
en	wordlview	worldview
en	wordlwide	worldwide
en	worhsiping	worshiping
en	worhsipping	worshipping
en	worhtless	worthless
en	workfore	workforce
en	workfroce	workforce
en	workingest	workings
en	workins	workings
en	workstaion	workstation
en	workstaiton	workstation
en	workstaton	workstation
en	workststion	workstation
en	worldivew	worldview
en	worldveiw	worldview
en	worls	world
en	worshippig	worshipping
en	worshippping	worshipping
en	worshoping	worshiping
en	worshopping	worshipping
en	worstened	worsened
en	worthelss	worthless
en	woudl	would
en	woudlnt	wouldnt
en	woudlve	wouldve
en	wouldnot	wouldnt
en	woulndt	wouldnt
en	wranlger	wrangler
en	wreckign	wrecking
en	wrecthed	wretched
en	wrekcing	wrecking
en	wreslte	wrestle
en	wreslter	wrestler
en	wresters	wrestlers
en	wrestlewar	wrestler
en	wriet	write
en	writen	written
en	writting	writing
en	wrnagler	wrangler
en	wroet	wrote
en	wrok	work
en	wroking	working
en	wrteched	wretched
en	wtiches	witches
en	wtih	with
en	wupport	support
en	xenbolade	xenoblade
en	xenobalde	xenoblade
en	xenohpobic	xenophobic
en	xenophibia	xenophobia
en	xenophibic	xenophobic
en	xenophobical	xenophobia
en	xenophoblic	xenophobic
en	xenophoby	xenophobia
en	xenophonic	xenophobic
en	xenophopia	xenophobia
en	xenophopic	xenophobic
en	xeonblade	xenoblade
en	xeonphobia	xenophobia
en	xeonphobic	xenophobic
en	yaching	yachting
en	yaer	year
en	yaerly	yearly
en	yaers	years
en	yatch	yacht
en	yearm	year
en	yeasr	years
en	yeild	yield
en	yeilding	yielding
en	yementite	yemenite
en	yera	year
en	yeras	years
en	yersa	years
en	yoesmite	yosemite
en	yorksher	yorkshire
en	yorkshie	yorkshire
en	yorkshrie	yorkshire
en	yorskhire	yorkshire
en	yosemeti	yosemite
en	yosemitie	yosemite
en	yosimete	yosemite
en	yotube	youtube
en	youngents	youngest
en	younget	youngest
en	yourselfes	yourselves
en	yourselvs	yourselves
en	yoursleves	yourselves
en	youseff	yousef
en	youself	yourself
en	yrea	year
en	ytou	you
en	yuo	you
en	zaelots	zealots
en	zealotes	zealots
en	zealoths	zealots
en	zealotus	zealots
en	zealouts	zealous
en	zealtos	zealots
en	zeebra	zebra
en	zelaots	zealots
en	zelaous	zealous
en	zepplein	zeppelin
en	zepplien	zeppelin
en	zimbabe	zimbabwe
en	zimbabew	zimbabwe
en	zimbabwae	zimbabwe
en	zimbabwaen	zimbabwe
en	zimbawbe	zimbabwe
en	zinoists	zionists
en	zionisim	zionism
en	zionistas	zionists
en	zionistes	zionists
en	zionistisk	zionists
en	zionistm	zionism
en	zionsim	zionism
en	zionsit	zionist
en	zionsits	zionists
en	zoinism	zionism
en	zoinist	zionist
en	zoinists	zionists
